CASE_ID,ACCIDENT_YEAR,PROC_DATE,JURIS,COLLISION_DATE,COLLISION_TIME,OFFICER_ID,REPORTING_DISTRICT,DAY_OF_WEEK,CHP_SHIFT,POPULATION,CNTY_CITY_LOC,SPECIAL_COND,BEAT_TYPE,CHP_BEAT_TYPE,CITY_DIVISION_LAPD,CHP_BEAT_CLASS,BEAT_NUMBER,PRIMARY_RD,SECONDARY_RD,DISTANCE,DIRECTION,INTERSECTION,WEATHER_1,WEATHER_2,STATE_HWY_IND,CALTRANS_COUNTY,CALTRANS_DISTRICT,STATE_ROUTE,ROUTE_SUFFIX,POSTMILE_PREFIX,POSTMILE,LOCATION_TYPE,RAMP_INTERSECTION,SIDE_OF_HWY,TOW_AWAY,COLLISION_SEVERITY,NUMBER_KILLED,NUMBER_INJURED,PARTY_COUNT,PRIMARY_COLL_FACTOR,PCF_CODE_OF_VIOL,PCF_VIOL_CATEGORY,PCF_VIOLATION,PCF_VIOL_SUBSECTION,HIT_AND_RUN,TYPE_OF_COLLISION,MVIW,PED_ACTION,ROAD_SURFACE,ROAD_COND_1,ROAD_COND_2,LIGHTING,CONTROL_DEVICE,CHP_ROAD_TYPE,PEDESTRIAN_ACCIDENT,BICYCLE_ACCIDENT,MOTORCYCLE_ACCIDENT,TRUCK_ACCIDENT,NOT_PRIVATE_PROPERTY,ALCOHOL_INVOLVED,STWD_VEHTYPE_AT_FAULT,CHP_VEHTYPE_AT_FAULT,COUNT_SEVERE_INJ,COUNT_VISIBLE_INJ,COUNT_COMPLAINT_PAIN,COUNT_PED_KILLED,COUNT_PED_INJURED,COUNT_BICYCLIST_KILLED,COUNT_BICYCLIST_INJURED,COUNT_MC_KILLED,COUNT_MC_INJURED,PRIMARY_RAMP,SECONDARY_RAMP,LATITUDE,LONGITUDE,COUNTY,CITY,POINT_X,POINT_Y
8939701,2023,2024-01-17,3801,2023-12-06,"146 ",262,TRAFF,3,5,7,3801,0,0,0,,0,4BIE,"ELLIS ST","POLK ST",0.00,,Y,A,-,N,,,,,,,,,,N,1,1,0,2,A,-,12,21453,A,F,D,C,A,A,H,-,C,A,0,,,,,Y,,-,99,0,0,0,0,0,0,0,0,0,"- ","- ",,,"SAN FRANCISCO","SAN FRANCISCO",-122.41934967041016,37.784042358398438
8939729,2023,2024-01-23,3801,2023-01-22,"211 ",1766,MISSI,7,5,7,3801,0,0,0,,0,4B103,"16TH ST","POTRERO AV",40.00,W,N,A,-,N,,,,,,,,,,Y,1,1,2,2,A,-,01,23152,A,N,C,C,A,A,H,-,C,A,0,,,,,Y,Y,A,07,0,0,2,0,0,0,0,0,0,"- ","- ",,,"SAN FRANCISCO","SAN FRANCISCO",-122.40769958496094,37.765758514404297
8939731,2023,2025-06-28,3801,2023-10-19,"51  ",1422,TRAFF,4,5,7,3801,0,0,0,,0,04B,"VAN NESS AV","OFARRELL ST",21.00,N,N,A,-,N,,,,,,,,,,Y,1,1,0,2,A,-,11,21954,A,N,G,B,D,A,H,-,C,A,0,Y,,,,Y,Y,N,60,0,0,0,1,0,0,0,0,0,"- ","- ",,,"SAN FRANCISCO","SAN FRANCISCO",-122.42113494873047,37.784816741943359
91379292,2021,2021-01-04,9335,2021-01-01,0850,021222,,5,1,7,3801,0,1,2,,2,015,"US-101 SOUTHBOUND TO I-80 EASTBOUND","DIVISION STREET",160.00,N,N,A,-,Y,,,101,,,,R,,S,N,4,0,1,1,A,-,08,22107,,N,E,J,A,A,H,-,A,D,0,,,,,Y,,A,01,0,0,1,0,0,0,0,0,0,"- ","- ",37.769901275634766,-122.40538024902344,"SAN FRANCISCO","SAN FRANCISCO",-122.40538024902344,37.769901275634766
91383940,2021,2021-01-08,9335,2021-01-02,1835,021886,,6,2,7,3801,0,1,2,,2,014,"US-101 N/B","18TH ST. PED O/C",810.00,S,N,B,-,Y,,,101,,,,,,N,Y,3,0,1,4,C,-,18,,,N,B,C,A,B,H,-,D,D,0,,,,,Y,,-,"- ",0,1,0,0,0,0,0,0,0,"- ","- ",37.760078430175781,-122.40625762939453,"SAN FRANCISCO","SAN FRANCISCO",-122.40625,37.760082244873047
91385748,2021,2021-01-12,9335,2021-01-09,0145,022326,,6,3,7,3801,0,1,2,,2,013,"US-101 N/B","FAITH ST PEDESTRIAN O/C",235.00,N,N,A,-,Y,,,101,,,,,,N,Y,3,0,1,1,A,-,08,22107,,N,E,I,A,A,H,-,D,D,0,,,,,Y,,A,01,0,1,0,0,0,0,0,0,0,"- ","- ",37.744438171386719,-122.4051513671875,"SAN FRANCISCO","SAN FRANCISCO",-122.40524291992188,37.744483947753906
91386471,2021,2021-01-13,9335,2021-01-07,2153,021312,,4,2,7,3801,0,1,1,,2,080,"I-80 W/B","6TH STREET U/C",61.00,W,N,A,-,Y,,,80,,,,,,W,Y,4,0,1,2,A,-,03,22350,,N,C,C,A,A,H,-,D,D,0,,,,,Y,,A,01,0,0,1,0,0,0,0,0,0,"- ","- ",37.776889801025391,-122.40396118164062,"SAN FRANCISCO","SAN FRANCISCO",-122.40392303466797,37.776824951171875
91387487,2021,2021-01-14,9335,2021-01-06,1520,020658,,3,2,7,3801,0,1,1,,1,083,"I-80 E/B","YERBA BUENA ISLAND TUNNEL",8976.00,W,N,A,-,Y,,,80,,,,,,E,Y,4,0,1,2,A,-,01,23152,F,N,C,C,A,A,H,-,A,D,0,,,,,Y,,D,22,0,0,1,0,0,0,0,0,0,"- ","- ",37.790180206298828,-122.38651275634766,"SAN FRANCISCO","SAN FRANCISCO",-122.38632965087891,37.789989471435547
91387958,2021,2021-01-15,9335,2021-01-08,1530,021222,,5,2,7,3801,0,1,2,,2,014,"US-101 SOUTHBOUND","16TH STREET",40.00,S,N,A,-,Y,,,101,,,,,,S,N,3,0,7,3,A,-,03,22350,,N,C,C,A,A,H,-,A,D,0,,,,,Y,,A,08,0,3,4,0,0,0,0,0,0,"- ","- ",37.765739440917969,-122.40524291992188,"SAN FRANCISCO","SAN FRANCISCO",-122.40519714355469,37.765743255615234
91388000,2021,2021-01-15,9335,2021-01-09,1555,021222,,6,2,7,3801,0,1,2,,2,013,"US-101 SOUTHBOUND","BACON STREET",700.00,S,N,A,-,Y,,,101,,,,,,S,N,4,0,1,2,A,-,03,22350,,F,C,C,A,A,H,-,A,D,0,,,,,Y,,-,99,0,0,1,0,0,0,0,0,0,"- ","- ",37.725921630859375,-122.40222930908203,"SAN FRANCISCO","SAN FRANCISCO",-122.40222930908203,37.725921630859375
91388646,2021,2021-01-18,9335,2021-01-09,1732,017672,,6,2,7,3801,0,1,1,,2,080,"I-80 E/B","US-101 N/B CONNECTOR",910.00,E,N,A,-,Y,,,80,,,,,,E,Y,3,0,3,3,A,-,03,22350,,F,C,C,A,A,H,-,D,D,0,,,,,Y,,A,01,0,1,2,0,0,0,0,0,0,"- ","- ",37.768669128417969,-122.40509033203125,"SAN FRANCISCO","SAN FRANCISCO",-122.40511322021484,37.768669128417969
91389529,2021,2021-01-18,9335,2021-01-10,1340,019799,,7,1,7,3801,0,1,1,,1,081,"I-80 W/B","TREASURE ISLAND TUNNEL",360.00,W,N,A,-,Y,,,80,,,,,,W,Y,3,0,2,5,A,-,12,22450,A,N,H,C,A,A,H,-,A,A,0,,,,,Y,,A,01,0,1,1,0,0,0,0,0,0,"- ","- ",37.798469543457031,-122.37766265869141,"SAN FRANCISCO","SAN FRANCISCO",-122.37764739990234,37.798454284667969
91389732,2021,2021-01-18,9335,2021-01-08,1407,021736,,5,2,7,3801,0,1,2,,2,013,"US-101 N/B","PAUL AVE",1164.00,S,N,A,-,Y,,,101,,,,,,N,Y,3,0,1,2,C,-,18,,,N,C,C,A,A,H,-,A,D,0,,,,,Y,,-,"- ",0,1,0,0,0,0,0,0,0,"- ","- ",37.720588684082031,-122.39987945556641,"SAN FRANCISCO","SAN FRANCISCO",-122.39987945556641,37.720588684082031
91389825,2021,2021-01-18,9335,2021-01-16,1200,021436,,6,1,7,3801,0,1,2,,2,014,"US-101 S/B","25TH ST PEDRESTRIAN O/C",451.00,N,N,A,-,Y,,,101,,,,,,S,Y,3,0,2,2,A,-,03,22350,,N,C,C,A,A,H,-,A,D,0,,,,,Y,,A,08,0,1,1,0,0,0,0,0,0,"- ","- ",37.753608703613281,-122.40309906005859,"SAN FRANCISCO","SAN FRANCISCO",-122.40306091308594,37.753612518310547
91390680,2021,2021-01-19,9335,2021-01-18,1501,021916,,1,2,7,3801,0,1,1,,1,083,"I-80 E/B","TREASURE ISLAND ROAD",896.00,W,N,A,-,Y,,,80,,,,,,E,Y,4,0,1,2,A,-,03,22350,,N,C,C,A,A,H,-,A,D,0,,,,,Y,,A,07,0,0,1,0,0,0,0,0,0,"- ","- ",37.807140350341797,-122.36833190917969,"SAN FRANCISCO","SAN FRANCISCO",-122.36825561523438,37.807056427001953
91390831,2021,2021-01-19,9335,2021-01-15,0816,022186,,5,1,7,3801,0,1,2,,2,014,"US-101 S/B","22ND STREET PEDESTRIAN O/C",107.00,N,N,A,-,Y,,,101,,,,,,S,Y,4,0,1,2,A,-,03,22350,,N,C,C,A,A,H,-,A,D,0,,,,,Y,,A,07,0,0,1,0,0,0,0,0,0,"- ","- ",37.757099151611328,-122.40380859375,"SAN FRANCISCO","SAN FRANCISCO",-122.40377044677734,37.757125854492188
91390833,2021,2021-01-19,9335,2021-01-16,1618,020658,,6,2,7,3801,0,1,1,,1,083,"I-80 E/B","YERBA BUENA ISLAND TUNNEL",4752.00,E,N,A,-,Y,,,80,,,,,,E,Y,3,0,1,1,A,-,03,22350,,N,F,I,A,A,H,-,A,D,0,,,Y,,Y,,C,02,0,1,0,0,0,0,0,0,1,"- ","- ",37.818698883056641,-122.35122680664062,"SAN FRANCISCO","SAN FRANCISCO",-122.3511962890625,37.818561553955078
91391444,2021,2021-01-20,9335,2021-01-19,1555,021916,,2,2,7,3801,0,1,2,,2,014,"US-101 N/B","23RD STREET OVERCROSSING",280.00,N,N,A,-,Y,,,101,,,,,,N,N,4,0,1,2,A,-,03,22350,,N,C,C,A,A,H,-,A,D,0,,,,,Y,,A,01,0,0,1,0,0,0,0,0,0,"- ","- ",37.755340576171875,-122.40299224853516,"SAN FRANCISCO","SAN FRANCISCO",-122.40300750732422,37.755336761474609
91391942,2021,2021-01-21,9335,2021-01-14,1800,021886,,4,2,7,3801,0,1,2,,2,013,"US-101 S/B TO PAUL AVENUE","SAN BRUNO AVE.",58.00,N,N,A,-,Y,,,101,,,,R,,S,N,4,0,1,2,A,-,07,21658,A,N,B,C,A,A,H,-,C,D,0,,,,,Y,,A,01,0,0,1,0,0,0,0,0,0,"- ","- ",37.721790313720703,-122.40088653564453,"SAN FRANCISCO","SAN FRANCISCO",-122.40088653564453,37.721790313720703
91392503,2021,2021-01-22,9335,2021-01-15,2355,022486,,5,3,7,3801,0,1,1,,1,083,"I-80 E/B","BEALE ST",1320.00,E,N,A,-,Y,,,80,,,,,,E,Y,3,0,2,2,A,-,01,23152,F,N,C,C,A,A,H,-,D,D,0,,,,,Y,,A,01,0,1,1,0,0,0,0,0,0,"- ","- ",37.789501190185547,-122.38726043701172,"SAN FRANCISCO","SAN FRANCISCO",-122.3870849609375,37.789299011230469
91392599,2021,2021-01-22,9335,2021-01-17,0410,022179,,7,3,7,3801,0,1,1,,2,022,"I-280 S/B","SICKLES AVENUE UNDERCROSSING",404.00,N,N,A,-,Y,,,280,,,,,,S,Y,3,0,1,1,A,-,01,23152,A,N,E,I,A,A,H,-,C,D,0,,,,,Y,Y,A,01,0,1,0,0,0,0,0,0,0,"- ","- ",37.711799621582031,-122.45449066162109,"SAN FRANCISCO","SAN FRANCISCO",-122.45440673828125,37.711681365966797
91393007,2021,2021-01-25,9335,2021-01-11,1710,022596,,1,2,7,3801,0,1,2,,2,014,"US-101 N/B","23RD ST. OVERCROSSING",227.00,N,N,A,-,Y,,,101,,,,,,N,Y,4,0,1,2,A,-,08,22107,,N,E,I,A,A,H,-,D,D,0,,,,,Y,,A,01,0,0,1,0,0,0,0,0,0,"- ","- ",37.755199432373047,-122.40309143066406,"SAN FRANCISCO","SAN FRANCISCO",-122.40299224853516,37.755207061767578
91393009,2021,2021-01-25,9335,2021-01-20,1404,022040,,3,2,7,3801,0,1,1,,1,081,"I-80 W/B","THE EMBARCADERO",2142.00,E,N,A,G,Y,,,80,,,,,,W,Y,3,0,1,2,A,-,01,23152,F,N,C,C,A,A,H,-,A,D,0,,,,Y,Y,,A,01,0,1,0,0,0,0,0,0,0,"- ","- ",37.793548583984375,-122.38301849365234,"SAN FRANCISCO","SAN FRANCISCO",-122.38289642333984,37.793426513671875
91393010,2021,2021-01-25,9335,2021-01-21,1800,021222,,4,2,7,3801,0,1,1,,2,022,"I-280 NORTHBOUND","SAN JOSE AVENUE",60.00,S,N,A,-,Y,,,280,,,,,,N,N,4,0,1,3,A,-,03,22350,,N,C,C,A,A,H,-,C,D,0,,,,,Y,,A,01,0,0,1,0,0,0,0,0,0,"- ","- ",37.718288421630859,-122.44834136962891,"SAN FRANCISCO","SAN FRANCISCO",-122.44842529296875,37.718299865722656
91393081,2021,2021-01-25,9335,2021-01-16,0011,022096,,6,3,7,3801,0,1,1,,1,081,"I-80 W/B","THE EMBARCADERO",226.00,W,N,A,-,Y,,,80,,,,,,W,Y,3,0,1,1,A,-,01,23152,G,M,E,J,A,A,H,-,C,D,0,,,Y,,Y,Y,C,02,0,1,0,0,0,0,0,0,1,"- ","- ",37.788200378417969,-122.38877105712891,"SAN FRANCISCO","SAN FRANCISCO",-122.38856506347656,37.787975311279297
91393083,2021,2021-01-25,9335,2021-01-16,0016,022179,,6,3,7,3801,0,1,1,,1,081,"I-80 W/B","MAIN STREET UNDERCROSING",160.00,E,N,A,-,Y,,,80,,,,,,W,Y,4,0,1,2,A,-,03,22350,,N,D,C,A,A,H,-,C,D,0,,,Y,,Y,,A,01,0,0,1,0,0,0,0,0,0,"- ","- ",37.787940979003906,-122.38880157470703,"SAN FRANCISCO","SAN FRANCISCO",-122.38871002197266,37.787841796875
91393086,2021,2021-05-26,9335,2021-01-22,0626,022032,,5,1,7,3801,0,1,1,,1,081,"I-80 W/B","BEALE ST",130.00,W,N,B,-,Y,,,80,,,,,,W,Y,3,0,3,3,A,-,03,22350,,N,C,C,A,B,H,-,C,D,0,,,,,Y,,A,01,0,1,2,0,0,0,0,0,0,"- ","- ",37.786380767822266,-122.39051055908203,"SAN FRANCISCO","SAN FRANCISCO",-122.39043426513672,37.786289215087891
91393913,2021,2021-01-26,9335,2021-01-14,0710,014455,,4,1,7,3801,0,1,1,,1,083,"I-80 E/B","TREASURE ISLAND TUNNEL",2640.00,W,N,E,-,Y,,,80,,,,,,E,Y,3,0,3,3,A,-,03,22350,,N,C,C,A,A,H,-,A,D,0,,,,,Y,,A,01,0,1,2,0,0,0,0,0,0,"- ","- ",37.8060302734375,-122.36918640136719,"SAN FRANCISCO","SAN FRANCISCO",-122.36927795410156,37.806125640869141
91394815,2021,2021-01-27,9335,2021-01-20,1745,021424,,3,2,7,3801,0,1,2,,2,013,"US-101 S/B","FAITH ST PEDESTRIAN OVERCROSSING",500.00,N,N,A,-,Y,,,101,,,,,,S,Y,3,0,1,4,A,-,03,22350,,N,C,C,A,A,H,-,B,D,0,,,,,Y,,A,01,0,1,0,0,0,0,0,0,0,"- ","- ",37.745269775390625,-122.40518951416016,"SAN FRANCISCO","SAN FRANCISCO",-122.40512084960938,37.7452392578125
91394842,2021,2021-01-27,9335,2021-01-22,1450,021222,,5,2,7,3801,0,1,2,,2,014,"US-101 NORTHBOUND","FAITH ST PED O/C",280.00,N,N,C,-,Y,,,101,,,,,,N,N,4,0,1,2,A,-,03,22350,,F,C,C,A,B,H,-,A,D,0,,,,,Y,,-,99,0,0,1,0,0,0,0,0,0,"- ","- ",37.74468994140625,-122.40525054931641,"SAN FRANCISCO","SAN FRANCISCO",-122.40516662597656,37.744651794433594
91395088,2021,2021-01-27,9335,2021-01-16,1515,021099,,6,2,7,3801,0,1,1,,2,022,"I-280 N/B","GENEVA AVE",1300.00,S,N,A,-,Y,,,280,,,,,,N,Y,3,0,1,3,A,-,07,21658,A,N,B,C,A,A,H,-,A,D,0,,,,,Y,,A,01,0,1,0,0,0,0,0,0,0,"- ","- ",37.717571258544922,-122.44844818115234,"SAN FRANCISCO","SAN FRANCISCO",-122.44852447509766,37.717586517333984
91398344,2021,2021-01-29,9335,2021-01-23,1815,019799,,6,2,7,3801,0,1,1,,2,080,"I-80 W/B","4TH ST.",930.00,W,N,A,-,Y,,,80,,,,,,W,Y,4,0,2,3,A,-,03,22350,,N,C,C,A,A,H,-,C,D,0,,,,,Y,,A,07,0,0,2,0,0,0,0,0,0,"- ","- ",37.777538299560547,-122.40287017822266,"SAN FRANCISCO","SAN FRANCISCO",-122.40283966064453,37.777492523193359
91398538,2021,2021-01-29,9335,2021-01-26,1135,021916,,2,1,7,3801,0,1,2,,2,013,"US-101 S/B","FAITH STREET PEDESTRIAN OVERCROSSING",360.00,N,N,A,-,Y,,,101,,,,,,S,Y,4,0,1,2,A,-,07,21658,A,N,B,C,A,A,H,-,A,D,0,,,,,Y,,A,01,0,0,1,0,0,0,0,0,0,"- ","- ",37.744911193847656,-122.40534210205078,"SAN FRANCISCO","SAN FRANCISCO",-122.40528869628906,37.744884490966797
91398581,2021,2021-01-29,9335,2021-01-28,0945,021916,,4,1,7,3801,0,1,1,,2,022,"I-280 N/B","FARALLONES ST PEDESTRIAN OVERCROSSING",270.00,N,N,C,-,Y,,,280,,,,,,N,Y,4,0,1,1,A,-,08,22107,,N,E,I,A,B,H,-,A,D,0,,,,,Y,,A,01,0,0,1,0,0,0,0,0,0,"- ","- ",37.714218139648438,-122.45120239257812,"SAN FRANCISCO","SAN FRANCISCO",-122.45114135742188,37.714145660400391
91399235,2021,2021-02-01,9335,2021-01-21,2040,017672,,4,2,7,3801,0,1,1,,2,080,"I-80 E/B","US-101 CONNECTOR",150.00,E,N,A,-,Y,,,80,,,,,,E,Y,4,0,5,2,A,-,01,23152,A,N,C,C,A,A,H,-,D,D,0,,,,,Y,Y,A,01,0,0,5,0,0,0,0,0,0,"- ","- ",37.766559600830078,-122.40489959716797,"SAN FRANCISCO","SAN FRANCISCO",-122.40494537353516,37.766559600830078
91401451,2021,2021-02-03,9335,2021-01-18,1930,021886,,1,2,7,3801,0,1,2,,2,013,"US-101 N/B TO I-280","BACON ST. U/C",353.00,N,N,A,-,Y,,,101,,,,R,,N,Y,3,0,2,1,A,-,08,22107,,N,E,I,A,A,H,-,C,D,0,,,,,Y,,A,01,0,1,1,0,0,0,0,0,0,"- ","- ",37.728870391845703,-122.40294647216797,"SAN FRANCISCO","SAN FRANCISCO",-122.40294647216797,37.728870391845703
91401516,2021,2021-02-03,9335,2021-01-23,1555,017672,,6,2,7,3801,0,1,1,,2,080,"I-80 E/B","7TH STREET OFF-RAMP",100.00,W,N,A,-,Y,,,80,,,,,,E,N,4,0,1,2,A,-,03,22350,,F,C,C,A,A,H,-,A,D,0,,,,,Y,,A,01,0,0,1,0,0,0,0,0,0,"- ","- ",37.773269653320312,-122.40650939941406,"SAN FRANCISCO","SAN FRANCISCO",-122.40657043457031,37.773281097412109
91401555,2021,2021-02-03,9335,2021-01-28,1049,022040,,4,1,7,3801,0,1,2,,2,013,"US-101 N/B","ALANA WAY",909.00,N,N,C,-,Y,,,101,,,,,,N,Y,4,0,1,2,A,-,08,22107,,N,D,C,A,B,H,-,A,D,0,,,,,Y,,A,01,0,0,1,0,0,0,0,0,0,"- ","- ",37.711349487304688,-122.39556121826172,"SAN FRANCISCO","SAN FRANCISCO",-122.39554595947266,37.711353302001953
91402485,2021,2021-02-04,9350,2021-02-02,0830,017729,,2,1,7,3801,0,1,3,,2,011,"SR-1 N/B TO US-101 N/B","LINCOLN BLVD. UNDER CROSSING",1584.00,S,N,B,C,Y,,,1,,,,R,,N,Y,3,0,1,1,A,-,03,22350,,N,E,I,A,B,H,-,B,D,0,,,,,Y,,A,01,0,1,0,0,0,0,0,0,0,"- ","- ",37.803928375244141,-122.46993255615234,"SAN FRANCISCO","SAN FRANCISCO",-122.46993255615234,37.803928375244141
91403737,2021,2021-02-15,9335,2021-01-30,2321,022596,,6,3,7,3801,0,1,1,,2,023,"I-280 N/B","MISSION ST. O/C",790.00,S,N,B,-,Y,,,280,,,,,,N,Y,1,1,0,1,A,-,01,23152,G,N,E,I,A,A,H,-,C,D,0,,,,,Y,Y,A,01,0,0,0,0,0,0,0,0,0,"- ","- ",37.732261657714844,-122.43105316162109,"SAN FRANCISCO","SAN FRANCISCO",-122.43104553222656,37.732170104980469
91403742,2021,2021-02-08,9335,2021-01-23,1454,017672,,6,2,7,3801,0,1,1,,1,081,"I-80 W/B","BEALE STREET",50.00,E,N,A,-,Y,,,80,,,,,,W,N,4,0,1,2,A,-,03,22350,,F,C,C,A,A,H,-,A,D,0,,,,,Y,,A,01,0,0,1,0,0,0,0,0,0,"- ","- ",37.786911010742188,-122.39010620117188,"SAN FRANCISCO","SAN FRANCISCO",-122.38993835449219,37.786724090576172
91403844,2021,2021-02-08,9335,2021-02-01,2337,022348,,1,3,7,3801,0,1,2,,2,013,"US-101 N/B","3RD STREET O/C",500.00,S,N,C,-,Y,,,101,,,,,,N,Y,3,0,1,1,A,-,08,22107,,N,E,I,A,B,H,-,C,D,0,,,,,Y,,A,01,0,1,0,0,0,0,0,0,0,"- ","- ",37.714851379394531,-122.39759063720703,"SAN FRANCISCO","SAN FRANCISCO",-122.39768218994141,37.714786529541016
91403851,2021,2021-02-08,9335,2021-02-06,1240,019631,,6,1,7,3801,0,1,1,,1,081,"I-80 W/B","THE EMBARCADERO",30.00,E,N,A,-,Y,,,80,,,,,,W,N,4,0,1,2,A,-,03,22350,,M,C,C,A,A,H,-,A,D,0,,,,,Y,,A,01,0,0,1,0,0,0,0,0,0,"- ","- ",37.78900146484375,-122.38784790039062,"SAN FRANCISCO","SAN FRANCISCO",-122.38767242431641,37.788791656494141
91406021,2021,2021-02-10,9335,2021-02-01,2101,018688,,1,2,7,3801,0,1,1,,1,083,"I-80 E/B","THE EMBARCADERO",395.00,E,N,C,-,Y,,,80,,,,,,E,Y,4,0,1,3,A,-,03,22350,,N,C,C,A,B,H,-,C,D,0,,,,,Y,,A,01,0,0,1,0,0,0,0,0,0,"- ","- ",37.789791107177734,-122.38699340820312,"SAN FRANCISCO","SAN FRANCISCO",-122.38678741455078,37.789558410644531
91406563,2021,2021-02-11,9335,2021-02-04,2025,021886,,4,2,7,3801,0,1,2,,2,013,"US-101 N/B","SILVER AVE. O/C",104.00,S,N,A,-,Y,,,101,,,,,,N,N,3,0,1,1,A,-,08,22107,,N,E,I,A,A,H,-,C,D,0,,,Y,,Y,,C,02,0,1,0,0,0,0,0,0,1,"- ","- ",37.732330322265625,-122.40502166748047,"SAN FRANCISCO","SAN FRANCISCO",-122.40494537353516,37.732372283935547
91406576,2021,2021-02-11,9335,2021-01-26,2144,022188,,2,2,7,3801,0,1,1,,1,083,"I-80 E/B","YERBA BUENA ISLAND TUNNEL",401.00,W,N,C,G,Y,,,80,,,,,,E,Y,4,0,1,1,A,-,03,22350,,N,E,I,A,B,H,-,C,D,0,,,,Y,Y,,G,27,0,0,1,0,0,0,0,0,0,"- ","- ",37.807281494140625,-122.36836242675781,"SAN FRANCISCO","SAN FRANCISCO",-122.36820220947266,37.807106018066406
91406580,2021,2021-02-11,9335,2021-01-18,1920,021436,,1,2,7,3801,0,1,2,,2,015,"US-101 N/B TO MISSION ST","MISSION ST",80.00,S,N,A,-,Y,,,101,,,,R,,N,N,4,0,1,2,A,-,03,22350,,M,C,C,A,A,H,-,D,D,0,,,,,Y,,-,99,0,0,1,0,0,0,0,0,0,"- ","- ",37.770229339599609,-122.41956329345703,"SAN FRANCISCO","SAN FRANCISCO",-122.41956329345703,37.770229339599609
91406794,2021,2021-02-11,9335,2021-01-28,1315,022032,,4,1,7,3801,0,1,2,,2,014,"US-101 S/B","18TH ST PEDESTRIAN OVERCROSS",310.00,S,N,B,C,Y,,,101,,,,,,S,Y,4,0,1,2,A,-,03,22350,,N,C,C,A,B,H,-,A,D,0,,,,,Y,,A,07,0,0,1,0,0,0,0,0,0,"- ","- ",37.761390686035156,-122.40624237060547,"SAN FRANCISCO","SAN FRANCISCO",-122.40628814697266,37.761417388916016
91406809,2021,2021-02-11,9335,2021-01-29,1115,022032,,5,1,7,3801,0,1,1,,1,081,"I-80 W/B","YERBA BUENA ISLAND TUNNEL WEST EDGE",430.00,W,N,A,-,Y,,,80,,,,,,W,Y,4,0,1,2,A,-,03,22350,,N,C,C,A,A,H,-,A,D,0,,,,,Y,,A,01,0,0,1,0,0,0,0,0,0,"- ","- ",37.808139801025391,-122.36734771728516,"SAN FRANCISCO","SAN FRANCISCO",-122.36723327636719,37.808017730712891
91407241,2021,2021-02-11,9335,2021-01-30,1800,017672,,6,2,7,3801,0,1,1,,2,080,"I-80 E/B","4TH STREET OFF-RAMP",465.00,E,N,A,-,Y,,,80,,,,,,E,N,4,0,1,2,A,-,03,22350,,F,C,C,A,A,H,-,C,D,0,,,,,Y,,-,99,0,0,1,0,0,0,0,0,0,"- ","- ",37.779998779296875,-122.39877319335938,"SAN FRANCISCO","SAN FRANCISCO",-122.39878082275391,37.780010223388672
91407244,2021,2021-02-11,9335,2021-02-01,1015,014455,,1,1,7,3801,0,1,1,,1,083,"I-80 E/B  TO TREASURE ISLAND ROAD","TREASURE ISLAND TUNNEL EDGE",59.00,W,N,A,-,Y,,,80,,,,R,,E,Y,4,0,1,1,A,-,01,23152,G,N,E,J,A,A,D,-,A,A,0,,,,,Y,Y,A,07,0,0,1,0,0,0,0,0,0,"- ","- ",37.808418273925781,-122.36695098876953,"SAN FRANCISCO","SAN FRANCISCO",-122.36695098876953,37.808418273925781
91407508,2021,2021-02-12,9335,2021-02-02,0618,014455,,2,1,7,3801,0,1,1,,1,083,"I-80 E/B","WEST EDGE OF TREASURE ISLAND TUNNEL",100.00,E,N,C,-,Y,,,80,,,,,,E,Y,4,0,1,3,A,-,03,22350,,N,C,C,A,B,H,-,B,D,0,,,,,Y,,A,01,0,0,1,0,0,0,0,0,0,"- ","- ",37.808441162109375,-122.36681365966797,"SAN FRANCISCO","SAN FRANCISCO",-122.36680603027344,37.808437347412109