CASE_ID,ACCIDENT_YEAR,PROC_DATE,JURIS,COLLISION_DATE,COLLISION_TIME,OFFICER_ID,REPORTING_DISTRICT,DAY_OF_WEEK,CHP_SHIFT,POPULATION,CNTY_CITY_LOC,SPECIAL_COND,BEAT_TYPE,CHP_BEAT_TYPE,CITY_DIVISION_LAPD,CHP_BEAT_CLASS,BEAT_NUMBER,PRIMARY_RD,SECONDARY_RD,DISTANCE,DIRECTION,INTERSECTION,WEATHER_1,WEATHER_2,STATE_HWY_IND,CALTRANS_COUNTY,CALTRANS_DISTRICT,STATE_ROUTE,ROUTE_SUFFIX,POSTMILE_PREFIX,POSTMILE,LOCATION_TYPE,RAMP_INTERSECTION,SIDE_OF_HWY,TOW_AWAY,COLLISION_SEVERITY,NUMBER_KILLED,NUMBER_INJURED,PARTY_COUNT,PRIMARY_COLL_FACTOR,PCF_CODE_OF_VIOL,PCF_VIOL_CATEGORY,PCF_VIOLATION,PCF_VIOL_SUBSECTION,HIT_AND_RUN,TYPE_OF_COLLISION,MVIW,PED_ACTION,ROAD_SURFACE,ROAD_COND_1,ROAD_COND_2,LIGHTING,CONTROL_DEVICE,CHP_ROAD_TYPE,PEDESTRIAN_ACCIDENT,BICYCLE_ACCIDENT,MOTORCYCLE_ACCIDENT,TRUCK_ACCIDENT,NOT_PRIVATE_PROPERTY,ALCOHOL_INVOLVED,STWD_VEHTYPE_AT_FAULT,CHP_VEHTYPE_AT_FAULT,COUNT_SEVERE_INJ,COUNT_VISIBLE_INJ,COUNT_COMPLAINT_PAIN,COUNT_PED_KILLED,COUNT_PED_INJURED,COUNT_BICYCLIST_KILLED,COUNT_BICYCLIST_INJURED,COUNT_MC_KILLED,COUNT_MC_INJURED,PRIMARY_RAMP,SECONDARY_RAMP,LATITUDE,LONGITUDE,COUNTY,CITY,POINT_X,POINT_Y
91462979,2021,2021-04-30,9335,2021-04-24,1150,022517,,6,1,7,3801,0,1,1,,2,021,"I-280 S/B FROM 19TH AVENUE","JOHN DALY BLVD. OVER CROSSING",1060.00,N,N,A,B,Y,,,280,,,,R,,S,Y,4,0,1,2,A,-,07,21658,A,F,B,C,A,A,H,-,A,D,0,,,,,Y,,A,07,0,0,1,0,0,0,0,0,0,"- ","- ",37.708221435546875,-122.47149658203125,"SAN FRANCISCO","SAN FRANCISCO",-122.47149658203125,37.708221435546875
91463802,2021,2021-05-03,9335,2021-04-25,0215,022525,,7,3,7,3801,0,1,1,,2,080,"I-80 W/B","15TH ST UNDERCROSSING",25.00,W,N,B,-,Y,,,80,,,,,,W,Y,3,0,4,3,A,-,03,22350,,N,C,C,A,A,H,-,C,D,0,,,,,Y,,D,22,0,1,3,0,0,0,0,0,0,"- ","- ",37.767131805419922,-122.40540313720703,"SAN FRANCISCO","SAN FRANCISCO",-122.40532684326172,37.767135620117188
91466362,2021,2021-05-05,9335,2021-04-28,1930,020658,,3,2,7,3801,0,1,1,,1,083,"I-80 E/B","YERBA BUENA ISLAND TUNNEL",5280.00,W,N,A,-,Y,,,80,,,,,,E,Y,4,0,2,2,A,-,07,21658,A,F,B,C,A,A,H,-,A,D,0,,,,,Y,,-,"- ",0,0,2,0,0,0,0,0,0,"- ","- ",37.797519683837891,-122.37860107421875,"SAN FRANCISCO","SAN FRANCISCO",-122.37862396240234,37.797550201416016
91466793,2021,2021-05-06,9335,2021-04-29,1510,022007,,4,2,7,3801,0,1,1,,2,080,"I-80 W/B","BRANNAN STREET",89.00,E,N,A,-,Y,,,80,,,,,,W,Y,4,0,1,2,A,-,07,21658,A,N,B,C,A,A,H,-,A,D,0,,,Y,,Y,,C,02,0,0,1,0,0,0,0,0,1,"- ","- ",37.771091461181641,-122.40624237060547,"SAN FRANCISCO","SAN FRANCISCO",-122.40616607666016,37.771125793457031
91467697,2021,2021-05-07,9335,2021-05-05,1700,022007,,3,2,7,3801,0,1,1,,1,081,"I-80 W/B","2ND STREET UNDER-CROSSING",638.00,E,N,A,-,Y,,,80,,,,,,W,Y,4,0,1,4,A,-,07,21658,A,N,B,C,A,A,H,-,A,D,0,,,,,Y,,A,01,0,0,1,0,0,0,0,0,0,"- ","- ",37.784938812255859,-122.39277648925781,"SAN FRANCISCO","SAN FRANCISCO",-122.39276123046875,37.784900665283203
91468552,2021,2021-05-10,9335,2021-05-01,2240,022024,,6,3,7,3801,0,1,1,,1,083,"I-80 E/B","TREASURE ISLAND RD.",5544.00,W,N,A,-,Y,,,80,,,,,,E,Y,3,0,2,1,A,-,01,23152,A,N,E,I,A,A,H,-,D,D,0,,,,,Y,Y,A,01,0,1,1,0,0,0,0,0,0,"- ","- ",37.797218322753906,-122.37841796875,"SAN FRANCISCO","SAN FRANCISCO",-122.37868499755859,37.797500610351562
91468559,2021,2021-05-10,9335,2021-05-02,2100,017672,,7,2,7,3801,0,1,1,,1,083,"I-80 E/B","YERBA BUENA ISLAND TUNNEL",1320.00,W,N,A,-,Y,,,80,,,,,,E,N,4,0,1,3,A,-,03,22350,,N,C,C,A,A,H,-,C,D,0,,,,,Y,,A,01,0,0,1,0,0,0,0,0,0,"- ","- ",37.806278228759766,-122.36932373046875,"SAN FRANCISCO","SAN FRANCISCO",-122.36922454833984,37.806171417236328
91468695,2021,2021-05-10,9335,2021-05-02,1730,021736,,7,2,7,3801,0,1,1,,2,023,"I-280 S/B","MISSION ST",235.00,N,N,A,-,Y,,,280,,,,,,S,Y,2,0,1,1,A,-,08,22107,,N,E,I,A,A,H,-,A,D,0,,,Y,,Y,,C,02,1,0,0,0,0,0,0,0,1,"- ","- ",37.73175048828125,-122.42722320556641,"SAN FRANCISCO","SAN FRANCISCO",-122.42720031738281,37.731830596923828
91469101,2021,2021-05-10,9335,2021-05-08,1610,022266,,6,2,7,3801,0,1,1,,2,023,"I-280 SB","THE MISSION STREET OVER-CROSSING",360.00,S,N,A,-,Y,,,280,,,,,,S,N,4,0,2,2,A,-,03,22350,,N,C,C,A,A,H,-,A,D,0,,,,,Y,,A,08,0,0,2,0,0,0,0,0,0,"- ","- ",37.7322998046875,-122.42983245849609,"SAN FRANCISCO","SAN FRANCISCO",-122.42983245849609,37.732295989990234
91469853,2021,2021-05-11,9335,2021-05-04,1235,021390,,2,1,7,3801,0,1,1,,2,080,"I-80 E/B","THE 16TH ST. UNDERCROSSING",25.00,E,N,A,-,Y,,,80,,,,,,E,Y,4,0,2,2,A,-,08,22107,,N,E,I,A,A,H,-,A,D,0,,,,,Y,,A,01,0,0,2,0,0,0,0,0,0,"- ","- ",37.766109466552734,-122.40496063232422,"SAN FRANCISCO","SAN FRANCISCO",-122.40492248535156,37.766109466552734
91469907,2021,2021-05-11,9335,2021-05-05,1635,022175,,3,2,7,3801,0,1,1,,2,023,"I-280 N/B","MISSION ST.",115.00,S,N,B,-,Y,,,280,,,,,,N,Y,4,0,1,1,A,-,08,22107,,N,E,J,A,A,H,-,A,D,0,,,,,Y,,A,01,0,0,1,0,0,0,0,0,0,"- ","- ",37.731998443603516,-122.42867279052734,"SAN FRANCISCO","SAN FRANCISCO",-122.42868041992188,37.731964111328125
91472735,2021,2021-05-13,9335,2021-03-21,0530,022186,,7,3,7,3801,0,1,1,,1,081,"I-80 W/B","BEALE STREET U/C",935.00,W,N,A,-,Y,,,80,,,,,,W,Y,4,0,1,2,A,-,08,22107,,F,B,C,A,A,H,-,C,D,0,,,,,Y,,A,07,0,0,1,0,0,0,0,0,0,"- ","- ",37.784988403320312,-122.39267730712891,"SAN FRANCISCO","SAN FRANCISCO",-122.39266204833984,37.784954071044922
91473336,2021,2021-05-14,9335,2021-05-05,2318,021672,,3,3,7,3801,0,1,1,,2,080,"I-80 E/B","7TH ST. UNDERCROSSING",695.00,W,N,A,-,Y,,,80,,,,,,E,Y,3,0,1,3,A,-,07,21658,A,N,B,C,A,A,H,-,C,D,0,,,,,Y,Y,A,01,0,1,0,0,0,0,0,0,0,"- ","- ",37.773120880126953,-122.40651702880859,"SAN FRANCISCO","SAN FRANCISCO",-122.40659332275391,37.773120880126953
91473689,2021,2021-05-27,9350,2021-05-08,1750,022411,,6,2,7,3801,0,1,3,,2,011,"SR-1 S/B","MACARTHUR TUNNEL",320.00,N,N,A,-,Y,,,1,,,,,,S,Y,4,0,4,2,A,-,03,22350,,N,C,C,A,A,H,-,A,D,0,,,,,Y,,A,01,0,0,4,0,0,0,0,0,0,"- ","- ",37.796958923339844,-122.46958923339844,"SAN FRANCISCO","SAN FRANCISCO",-122.46958923339844,37.796958923339844
91476643,2021,2021-05-27,9335,2021-05-10,0630,021390,,1,1,7,3801,0,1,2,,2,013,"US-101 N/B","THE CORTLAND AVE. U/C",585.00,N,N,A,-,Y,,,101,,,,,,N,Y,3,0,1,1,A,-,08,22107,,N,E,J,A,A,H,-,A,D,0,,,,,Y,,A,01,0,1,0,0,0,0,0,0,0,"- ","- ",37.741241455078125,-122.40743255615234,"SAN FRANCISCO","SAN FRANCISCO",-122.40751647949219,37.741268157958984
91478393,2021,2021-05-27,9335,2021-05-10,1933,020991,,1,2,7,3801,0,1,1,,2,023,"I-280 N/B","MISSION ST. OVER CROSSING",883.00,S,N,A,-,Y,,,280,,,,,,N,Y,4,0,4,2,A,-,03,22350,,N,C,C,A,A,H,-,B,D,0,,,,,Y,,A,07,0,0,4,0,0,0,0,0,0,"- ","- ",37.731971740722656,-122.43215179443359,"SAN FRANCISCO","SAN FRANCISCO",-122.43215942382812,37.732044219970703
91478945,2021,2021-05-27,9335,2021-05-11,2210,021012,,2,3,7,3801,0,1,2,,2,013,"US-101 SOUTHBOUND","SILVER AVENUE",782.00,N,N,A,-,Y,,,101,,,,,,S,Y,4,0,2,3,A,-,01,23152,A,N,C,C,A,A,H,-,C,D,0,,,,,Y,Y,A,01,0,0,2,0,0,0,0,0,0,"- ","- ",37.735111236572266,-122.40680694580078,"SAN FRANCISCO","SAN FRANCISCO",-122.40680694580078,37.735111236572266
91479006,2021,2021-05-27,9335,2021-05-12,1730,018688,,3,2,7,3801,0,1,1,,1,083,"I-80 E/B","EASTERN SPAN TOWER",135.00,E,N,A,-,Y,,,80,,,,,,E,Y,4,0,1,3,A,-,03,22350,,F,C,C,A,A,H,-,A,D,0,,,,,Y,,-,99,0,0,1,0,0,0,0,0,0,"- ","- ",37.815391540527344,-122.35823059082031,"SAN FRANCISCO","SAN FRANCISCO",-122.35822296142578,37.815376281738281
91479347,2021,2021-05-27,9335,2021-05-13,1115,019631,,4,1,7,3801,0,1,2,,2,015,"US-101 S/B TO US-101 S/B","15TH ST",130.00,N,N,B,-,Y,,,101,,,,R,,S,Y,4,0,1,3,A,-,03,22350,,N,C,C,A,A,H,-,A,D,0,,,,,Y,,A,08,0,0,1,0,0,0,0,0,0,"- ","- ",37.767620086669922,-122.40563201904297,"SAN FRANCISCO","SAN FRANCISCO",-122.40563201904297,37.767620086669922
91479408,2021,2021-05-27,9335,2021-05-10,2350,022596,,1,3,7,3801,0,1,1,,2,080,"I-80 W/B TO HARRISON STREET","2ND STREET",331.00,E,N,A,-,Y,,,80,,,,R,,W,N,4,0,1,1,A,-,08,22107,,N,E,I,A,A,H,-,C,D,0,,,,,Y,,A,01,0,0,1,0,0,0,0,0,0,"- ","- ",37.784111022949219,-122.39320373535156,"SAN FRANCISCO","SAN FRANCISCO",-122.39320373535156,37.784111022949219
91479410,2021,2021-05-27,9335,2021-05-14,2150,022486,,5,2,7,3801,0,1,2,,2,014,"US 101 S/B TO I-80 E/B","DIVISION STREET UNDERCROSSING",160.00,N,N,A,-,Y,,,,,,,,,,Y,4,0,2,1,A,-,08,22107,,N,E,I,A,A,H,-,C,D,0,,,,,Y,,A,01,0,0,2,0,0,0,0,0,0,"- ","- ",37.769229888916016,-122.40560150146484,"SAN FRANCISCO","SAN FRANCISCO",-122.41340637207031,37.769451141357422
91481810,2021,2021-05-27,9350,2021-05-16,1535,022578,,7,2,7,3801,0,1,3,,2,011,"SR-1 S/B","LAKE STREET",2300.00,N,N,A,-,Y,,,1,,,,,,S,Y,4,0,2,2,A,-,03,22350,,N,C,C,A,A,H,-,A,D,0,,,,,Y,,A,07,0,0,2,0,0,0,0,0,0,"- ","- ",37.793918609619141,-122.46958160400391,"SAN FRANCISCO","SAN FRANCISCO",-122.46962738037109,37.793922424316406
91481823,2021,2021-05-26,9335,2021-05-05,1550,021886,,3,2,7,3801,1,1,2,,2,014,"US-101 N/B","FAITH ST. O/C",803.00,N,N,A,-,Y,,,101,,,,,,N,Y,4,0,1,3,A,-,03,22350,,N,C,C,A,A,H,-,A,D,0,,,,,Y,,A,01,0,0,1,0,0,0,0,0,0,"- ","- ",37.746051788330078,-122.40495300292969,"SAN FRANCISCO","SAN FRANCISCO",-122.40470886230469,37.7459716796875
91483018,2021,2021-05-27,9335,2021-05-15,1642,020991,,6,2,7,3801,0,1,1,,2,023,"I-280 S/B","MISSION ST. OVERCROSSING",93.00,N,N,B,-,Y,,,280,,,,,,S,Y,4,0,2,2,A,-,03,22350,,N,C,C,A,A,H,-,A,D,0,,,,,Y,,A,01,0,0,2,0,0,0,0,0,0,"- ","- ",37.731960296630859,-122.42751312255859,"SAN FRANCISCO","SAN FRANCISCO",-122.42752075195312,37.731899261474609
91483202,2021,2021-05-27,9335,2021-05-17,1400,022175,,1,2,7,3801,0,1,1,,1,083,"I-80 E/B","YERBA BUENA ISLAND TUNNEL",1400.00,E,N,B,-,Y,,,80,,,,,,E,N,4,0,1,2,A,-,03,22350,,N,C,C,A,A,H,-,A,D,0,,,,,Y,,A,07,0,0,1,0,0,0,0,0,0,"- ","- ",37.813041687011719,-122.36181640625,"SAN FRANCISCO","SAN FRANCISCO",-122.36190032958984,37.813152313232422
91483290,2021,2021-05-27,9335,2021-04-09,0730,022186,,5,1,7,3801,0,1,2,,2,014,"US-101 N/B","18TH STREET PEDESTRIAN O/C",800.00,S,N,A,-,Y,,,101,,,,,,N,Y,4,0,2,3,A,-,08,22107,,F,B,C,A,A,H,-,A,D,0,,,,,Y,,A,07,0,0,2,0,0,0,0,0,0,"- ","- ",37.759979248046875,-122.40627288818359,"SAN FRANCISCO","SAN FRANCISCO",-122.40622711181641,37.759990692138672
91484857,2021,2021-11-05,9335,2021-05-15,1238,019631,,6,1,7,3801,0,1,1,,1,083,"I-80 E/B","TREASURE ISLAND TUNNEL (WEST EDGE)",80.00,W,N,B,-,Y,,,80,,,,,,E,Y,2,0,2,4,A,-,03,22350,,M,C,C,A,A,H,-,A,D,0,,,Y,,Y,,C,02,1,1,0,0,0,0,0,0,1,"- ","- ",37.808578491210938,-122.36686706542969,"SAN FRANCISCO","SAN FRANCISCO",-122.36676788330078,37.808479309082031
91484862,2021,2021-05-28,9335,2021-05-16,0622,021222,,7,1,7,3801,0,1,1,,1,081,"I-80 W/B","TREASURE ISLAND RD",1760.00,W,N,A,-,Y,,,80,,,,,,W,Y,4,0,1,2,A,-,03,22350,,N,C,C,A,A,H,-,A,D,0,,,,,Y,,A,01,0,0,1,0,0,0,0,0,0,"- ","- ",37.805198669433594,-122.37008666992188,"SAN FRANCISCO","SAN FRANCISCO",-122.37017822265625,37.8052978515625
91484880,2021,2021-05-28,9335,2021-05-18,1205,020509,,2,1,7,3801,0,1,1,,1,081,"I-80 WESTBOUND","YERBA BUENA ISLAND TUNNEL",2904.00,E,N,A,-,Y,,,80,,,,,,W,N,4,0,1,2,A,-,08,22107,,N,B,C,A,A,H,-,A,D,0,,,,,Y,,A,07,0,0,1,0,0,0,0,0,0,"- ","- ",37.815898895263672,-122.35798645019531,"SAN FRANCISCO","SAN FRANCISCO",-122.35803985595703,37.815982818603516
91484941,2021,2021-05-28,9335,2021-05-18,1045,021390,,2,1,7,3801,0,1,2,,2,015,"US-101 N/B","FOLSOM ST. UNDERCROSSING",280.00,S,N,A,-,Y,,,101,,,,,,N,N,4,0,1,2,A,-,03,22350,,N,C,C,A,A,H,-,A,D,0,,,,,Y,,A,01,0,0,1,0,0,0,0,0,0,"- ","- ",37.769588470458984,-122.41455078125,"SAN FRANCISCO","SAN FRANCISCO",-122.41455078125,37.769634246826172
91485005,2021,2021-05-28,9335,2021-05-18,1400,020658,,2,2,7,3801,0,1,1,,1,083,"I-80 E/B","YERBA BUENA ISLAND TUNNEL",5280.00,W,N,A,-,Y,,,80,,,,,,E,N,4,0,1,3,A,-,03,22350,,N,C,C,A,A,H,-,A,D,0,,,,,Y,,A,01,0,0,1,0,0,0,0,0,0,"- ","- ",37.798728942871094,-122.37702941894531,"SAN FRANCISCO","SAN FRANCISCO",-122.37716674804688,37.798881530761719
91485024,2021,2021-05-28,9335,2021-05-18,2120,021474,,2,2,7,3801,0,1,2,,2,013,"US-101 S/B","PAUL AVE U/C",1426.00,S,N,A,-,Y,,,101,,,,,,S,Y,3,0,2,2,A,-,01,23152,F,N,C,C,A,A,D,-,D,D,0,,,,,Y,,A,07,0,1,1,0,0,0,0,0,0,"- ","- ",37.720088958740234,-122.39991760253906,"SAN FRANCISCO","SAN FRANCISCO",-122.40000915527344,37.720062255859375
91485548,2021,2021-05-31,9335,2021-05-17,0920,021390,,1,1,7,3801,0,1,2,,2,014,"US-101 S/B","THE 23RD ST. OVERCROSSING",240.00,N,N,B,-,Y,,,101,,,,,,S,Y,4,0,4,2,A,-,03,22350,,N,C,C,A,B,H,-,A,D,0,,,,,Y,,A,07,0,0,4,0,0,0,0,0,0,"- ","- ",37.755218505859375,-122.40328979492188,"SAN FRANCISCO","SAN FRANCISCO",-122.40320587158203,37.755226135253906
91485550,2021,2021-05-31,9335,2021-05-19,1830,020658,,3,2,7,3801,0,1,1,,1,083,"I-80 E/B","YERBA BUENA ISLAND TUNNEL",1584.00,W,N,A,-,Y,,,80,,,,,,E,N,4,0,1,3,A,-,03,22350,,N,C,C,A,A,H,-,A,D,0,,,,,Y,,A,07,0,0,1,0,0,0,0,0,0,"- ","- ",37.805938720703125,-122.3692626953125,"SAN FRANCISCO","SAN FRANCISCO",-122.36936187744141,37.806049346923828
91485551,2021,2021-05-31,9335,2021-05-20,1649,017672,,4,2,7,3801,0,1,1,,1,081,"I-80 W/B","SFOBB CENTER ANCHORAGE",150.00,E,N,A,-,Y,,,80,,,,,,W,N,3,0,1,1,A,-,03,22350,,N,F,A,A,A,H,-,A,D,0,,,Y,,Y,,C,02,0,1,0,0,0,0,0,0,1,"- ","- ",37.798381805419922,-122.37727355957031,"SAN FRANCISCO","SAN FRANCISCO",-122.37747192382812,37.798606872558594
91485629,2021,2021-05-31,9335,2021-05-22,0600,022032,,6,1,7,3801,0,1,1,,1,083,"I-80 E/B TO TREASURE ISLAND ROAD","TREASURE ISLAND RD",100.00,W,N,A,-,Y,,,80,,,,R,,E,Y,3,0,1,1,A,-,03,22350,,N,E,I,A,A,H,-,A,D,0,,,,,Y,,A,01,0,1,0,0,0,0,0,0,0,"- ","- ",37.808891296386719,-122.36673736572266,"SAN FRANCISCO","SAN FRANCISCO",-122.36673736572266,37.808891296386719
91485632,2021,2021-05-31,9335,2021-05-22,2208,021672,,6,3,7,3801,0,1,1,,1,083,"I-80 E/B","YERBA BUENA ISLAND TUNNEL",214.00,W,N,A,-,Y,,,80,,,,,,E,Y,3,0,1,1,A,-,01,23152,A,N,E,J,A,A,H,-,C,D,0,,,,,Y,Y,A,01,0,1,0,0,0,0,0,0,0,"- ","- ",37.808528900146484,-122.36688995361328,"SAN FRANCISCO","SAN FRANCISCO",-122.36679840087891,37.808444976806641
91486094,2021,2021-06-01,9335,2021-05-20,0450,021301,,4,3,7,3801,0,1,1,,2,023,"I-280 N/B","JUSTIN DR. O/C",333.00,N,N,A,-,Y,,,280,,,,,,N,N,3,0,1,2,A,-,11,21954,A,N,G,B,E,A,H,-,D,D,0,Y,,,,Y,,N,60,0,1,0,0,1,0,0,0,0,"- ","- ",37.731300354003906,-122.42489624023438,"SAN FRANCISCO","SAN FRANCISCO",-122.42489624023438,37.731369018554688
91488428,2021,2021-06-03,9335,2021-05-23,1305,022032,,7,1,7,3801,0,1,2,,2,013,"US-101 NORTHBOUND TO SILVER AVENUE","BAYSHORE BLVD",80.00,S,N,A,-,Y,,,101,,,,R,,N,Y,3,0,1,1,A,-,03,22350,,N,E,I,A,A,H,-,A,A,0,,,,,Y,,A,01,0,1,0,0,0,0,0,0,0,"- ","- ",37.731700897216797,-122.40447235107422,"SAN FRANCISCO","SAN FRANCISCO",-122.40447235107422,37.731700897216797
91488513,2021,2021-06-03,9335,2021-05-27,1235,021328,,4,1,7,3801,0,1,1,,2,023,"I-280 N/B","ST. MARY'S PARK PEDESTRIAN O/C",200.00,S,N,A,-,Y,,,280,,,,,,N,Y,4,0,1,3,A,-,03,22350,,N,C,C,A,A,C,-,A,D,0,,,,Y,Y,,F,26,0,0,1,0,0,0,0,0,0,"- ","- ",37.731719970703125,-122.42140197753906,"SAN FRANCISCO","SAN FRANCISCO",-122.42138671875,37.731647491455078
91488713,2021,2021-06-03,9335,2021-05-25,0835,021390,,2,1,7,3801,0,1,2,,2,014,"US-101 S/B","THE 16TH ST. UNDERCROSSING",145.00,S,N,A,-,Y,,,101,,,,,,S,Y,4,0,1,2,A,-,03,22350,,N,C,C,A,A,H,-,A,D,0,,,,,Y,,D,22,0,0,1,0,0,0,0,0,0,"- ","- ",37.76544189453125,-122.40522003173828,"SAN FRANCISCO","SAN FRANCISCO",-122.40517425537109,37.765445709228516
91488833,2021,2021-06-03,9335,2021-05-26,1340,022348,,3,1,7,3801,0,1,2,,2,013,"US-101 N/B","FAITH STREET PEDESTRIAN O/C",75.00,N,N,A,-,Y,,,101,,,,,,N,Y,3,0,1,2,A,-,03,22350,,N,C,C,A,A,H,-,A,D,0,,,,,Y,,A,07,0,1,0,0,0,0,0,0,0,"- ","- ",37.744098663330078,-122.40554046630859,"SAN FRANCISCO","SAN FRANCISCO",-122.40549468994141,37.744068145751953
91489377,2021,2021-06-04,9335,2021-05-18,2329,021012,,2,3,7,3801,0,1,1,,2,080,"I-80 WESTBOUND TO 5TH STREET","5TH STREET",215.00,E,N,A,-,Y,,,80,,,,R,,W,Y,3,0,1,1,A,-,01,23152,G,N,E,I,A,A,H,-,C,D,0,,,,,Y,Y,A,01,0,1,0,0,0,0,0,0,0,"- ","- ",37.77899169921875,-122.40072631835938,"SAN FRANCISCO","SAN FRANCISCO",-122.40072631835938,37.77899169921875
91489380,2021,2021-06-04,9335,2021-05-19,0005,021754,,3,3,7,3801,0,1,1,,1,081,"I-80 W/B","YERBA BUENA ISLAND TUNNEL",3696.00,E,N,A,-,Y,,,80,,,,,,W,Y,4,0,1,1,A,-,01,23152,A,N,E,J,A,A,H,-,C,D,0,,,,,Y,Y,A,01,0,0,1,0,0,0,0,0,0,"- ","- ",37.817070007324219,-122.35562133789062,"SAN FRANCISCO","SAN FRANCISCO",-122.35569000244141,37.81719970703125
91489553,2021,2021-06-04,9335,2021-05-28,1255,022032,,5,1,7,3801,0,1,1,,2,022,"I-280 S/B","GENEVA AVE",1180.00,S,N,A,-,Y,,,280,,,,,,S,Y,4,0,2,2,A,-,03,22350,,N,C,C,A,A,H,-,A,D,0,,,,,Y,,A,01,0,0,2,0,0,0,0,0,0,"- ","- ",37.718040466308594,-122.44870758056641,"SAN FRANCISCO","SAN FRANCISCO",-122.44863128662109,37.718029022216797
91490081,2021,2021-06-07,9335,2021-05-27,1125,022517,,4,1,7,3801,0,1,1,,2,080,"I-80 E/B","16TH STREET UNDER CROSSING",30.00,E,N,A,-,Y,,,80,,,,,,E,Y,4,0,2,1,A,-,08,22107,,N,E,I,A,A,H,-,A,D,0,,,,,Y,,A,01,0,0,2,0,0,0,0,0,0,"- ","- ",37.766109466552734,-122.40496826171875,"SAN FRANCISCO","SAN FRANCISCO",-122.40492248535156,37.76611328125
91490082,2021,2021-06-07,9335,2021-05-29,0735,021222,,6,1,7,3801,0,1,1,,1,083,"I-80 EASTBOUND","TREASURE ISLAND ROAD",700.00,W,N,A,-,Y,,,80,,,,,,E,N,4,0,1,1,A,-,08,22107,,N,E,I,A,A,H,-,A,D,0,,,,,Y,,A,01,0,0,1,0,0,0,0,0,0,"- ","- ",37.807670593261719,-122.36788940429688,"SAN FRANCISCO","SAN FRANCISCO",-122.36775207519531,37.807521820068359
91490101,2021,2021-06-07,9335,2021-06-01,0800,021390,,2,1,7,3801,0,1,2,,2,014,"US-101 N/B","THE 16TH ST. UNDERCROSSING",150.00,S,N,A,-,Y,,,101,,,,,,N,Y,4,0,1,2,D,-,00,,,N,B,2,A,A,H,-,A,D,0,,,,Y,Y,,-,"- ",0,0,1,0,0,0,0,0,0,"- ","- ",37.765460968017578,-122.40482330322266,"SAN FRANCISCO","SAN FRANCISCO",-122.40488433837891,37.765449523925781
91490154,2021,2021-06-07,9335,2021-05-28,2030,022326,,5,2,7,3801,0,1,2,,2,015,"US-101 N/B","BRYANT STREET UNDERCROSSING",30.00,N,N,A,-,Y,,,101,,,,,,N,N,3,0,1,2,A,-,07,21658,A,N,B,C,A,A,H,-,B,D,0,,,,,Y,,A,01,0,1,0,0,0,0,0,0,0,"- ","- ",37.769458770751953,-122.41107177734375,"SAN FRANCISCO","SAN FRANCISCO",-122.41106414794922,37.769500732421875
91490157,2021,2021-06-07,9335,2021-06-01,1520,018688,,2,2,7,3801,0,1,1,,1,081,"I-80 W/B","MAIN ST.",295.00,W,N,A,-,Y,,,80,,,,,,W,N,4,0,2,2,A,-,03,22350,,N,C,C,A,A,H,-,A,D,0,,,,,Y,,A,07,0,0,2,0,0,0,0,0,0,"- ","- ",37.786800384521484,-122.39021301269531,"SAN FRANCISCO","SAN FRANCISCO",-122.39004516601562,37.78662109375
91490580,2021,2021-06-07,9335,2021-05-26,1610,022175,,3,2,7,3801,0,1,2,,2,014,"US-101 NB","25TH ST. PEDESTRIAN OVERCROSSING",100.00,S,N,A,-,Y,,,101,,,,,,N,Y,4,0,1,3,A,-,03,22350,,N,C,C,A,A,H,-,A,D,0,,,,,Y,,A,01,0,0,1,0,0,0,0,0,0,"- ","- ",37.752071380615234,-122.40290069580078,"SAN FRANCISCO","SAN FRANCISCO",-122.40285491943359,37.752067565917969
91493812,2021,2021-06-10,9335,2021-05-04,1000,014455,,2,1,7,3801,0,1,1,,2,080,"I-80 E/B","3RD ST.",300.00,W,N,A,-,Y,,,80,,,,,,E,N,4,0,1,2,A,-,07,21658,A,M,B,C,A,A,H,-,A,D,0,,,,,Y,,-,99,0,0,1,0,0,0,0,0,0,"- ","- ",37.781261444091797,-122.39730072021484,"SAN FRANCISCO","SAN FRANCISCO",-122.39729309082031,37.781253814697266