CASE_ID,ACCIDENT_YEAR,PROC_DATE,JURIS,COLLISION_DATE,COLLISION_TIME,OFFICER_ID,REPORTING_DISTRICT,DAY_OF_WEEK,CHP_SHIFT,POPULATION,CNTY_CITY_LOC,SPECIAL_COND,BEAT_TYPE,CHP_BEAT_TYPE,CITY_DIVISION_LAPD,CHP_BEAT_CLASS,BEAT_NUMBER,PRIMARY_RD,SECONDARY_RD,DISTANCE,DIRECTION,INTERSECTION,WEATHER_1,WEATHER_2,STATE_HWY_IND,CALTRANS_COUNTY,CALTRANS_DISTRICT,STATE_ROUTE,ROUTE_SUFFIX,POSTMILE_PREFIX,POSTMILE,LOCATION_TYPE,RAMP_INTERSECTION,SIDE_OF_HWY,TOW_AWAY,COLLISION_SEVERITY,NUMBER_KILLED,NUMBER_INJURED,PARTY_COUNT,PRIMARY_COLL_FACTOR,PCF_CODE_OF_VIOL,PCF_VIOL_CATEGORY,PCF_VIOLATION,PCF_VIOL_SUBSECTION,HIT_AND_RUN,TYPE_OF_COLLISION,MVIW,PED_ACTION,ROAD_SURFACE,ROAD_COND_1,ROAD_COND_2,LIGHTING,CONTROL_DEVICE,CHP_ROAD_TYPE,PEDESTRIAN_ACCIDENT,BICYCLE_ACCIDENT,MOTORCYCLE_ACCIDENT,TRUCK_ACCIDENT,NOT_PRIVATE_PROPERTY,ALCOHOL_INVOLVED,STWD_VEHTYPE_AT_FAULT,CHP_VEHTYPE_AT_FAULT,COUNT_SEVERE_INJ,COUNT_VISIBLE_INJ,COUNT_COMPLAINT_PAIN,COUNT_PED_KILLED,COUNT_PED_INJURED,COUNT_BICYCLIST_KILLED,COUNT_BICYCLIST_INJURED,COUNT_MC_KILLED,COUNT_MC_INJURED,PRIMARY_RAMP,SECONDARY_RAMP,LATITUDE,LONGITUDE,COUNTY,CITY,POINT_X,POINT_Y
91603226,2021,2021-10-21,9335,2021-10-17,1355,019799,,7,1,7,3801,0,1,1,,1,081,"I-80 W/B","TREASURE ISLAND TUNNEL",90.00,W,N,B,-,Y,,,80,,,,,,W,Y,3,0,1,4,A,-,07,21658,A,N,B,C,A,A,H,-,A,D,0,,,,,Y,,D,22,0,1,0,0,0,0,0,0,0,"- ","- ",37.808780670166016,-122.36647796630859,"SAN FRANCISCO","SAN FRANCISCO",-122.36647796630859,37.80877685546875
91603269,2021,2021-10-22,9335,2021-10-17,2005,017672,,7,2,7,3801,0,1,1,,1,083,"I-80 E/B","EASTBOUND I-80 FROM STERLING ST.",40.00,E,N,B,C,Y,,,80,,,,,,E,N,4,0,1,2,A,-,03,22350,,N,C,C,A,B,H,-,C,D,0,,,,,Y,,A,01,0,0,1,0,0,0,0,0,0,"- ","- ",37.785419464111328,-122.39187622070312,"SAN FRANCISCO","SAN FRANCISCO",-122.39185333251953,37.785369873046875
91603272,2021,2021-10-22,9335,2021-10-21,1340,021222,,4,1,7,3801,0,1,1,,1,081,"I-80 WESTBOUND","2ND STREET",550.00,E,N,B,-,Y,,,80,,,,,,W,N,4,0,1,1,A,-,08,22107,,N,E,I,A,B,H,-,A,D,0,,,,,Y,,A,01,0,0,1,0,0,0,0,0,0,"- ","- ",37.784801483154297,-122.39292907714844,"SAN FRANCISCO","SAN FRANCISCO",-122.39293670654297,37.784816741943359
91604417,2021,2021-10-25,9335,2021-10-09,1255,022032,,6,1,7,3801,0,1,1,,2,023,"I-280 N/B","THERESA ST PEDESTRIAN OVERCROSS",300.00,S,N,A,-,Y,,,280,,,,,,N,Y,2,0,2,3,A,-,07,21658,A,N,B,2,A,A,H,-,A,D,0,,,Y,,Y,,A,01,1,1,0,0,0,0,0,0,2,"- ","- ",37.730491638183594,-122.43775939941406,"SAN FRANCISCO","SAN FRANCISCO",-122.43776702880859,37.730506896972656
91604419,2021,2021-10-25,9335,2021-10-16,2115,022416,,6,2,7,3801,0,1,1,,2,080,"I-80 E/B","MORRIS STREET",164.00,E,N,A,-,Y,,,80,,,,,,E,N,3,0,2,2,A,-,03,22350,,N,C,C,A,A,H,-,C,D,0,,,Y,,Y,,C,02,0,1,1,0,0,0,0,0,1,"- ","- ",37.777469635009766,-122.40238952636719,"SAN FRANCISCO","SAN FRANCISCO",-122.40236663818359,37.777431488037109
91604447,2021,2021-10-25,9335,2021-10-14,0727,022032,,4,1,7,3801,0,1,1,,2,023,"I-280 N/B","ST. MARYS PARK FOOTBRIDGE",770.00,S,N,A,-,Y,,,280,,,,,,N,Y,4,0,1,2,A,-,07,21658,A,N,B,2,A,A,H,-,A,D,0,,,,,Y,,A,07,0,0,1,0,0,0,0,0,0,"- ","- ",37.731361389160156,-122.42333221435547,"SAN FRANCISCO","SAN FRANCISCO",-122.42333221435547,37.731391906738281
91604612,2021,2021-10-25,9335,2021-09-20,1805,021886,,1,2,7,3801,0,1,1,,2,023,"I-280 N/B","LYELL ST. U/C",504.00,S,N,A,-,Y,,,280,,,,,,N,Y,4,0,2,2,A,-,03,22350,,N,C,C,A,A,H,-,A,D,0,,,,,Y,,A,07,0,0,2,0,0,0,0,0,0,"- ","- ",37.731651306152344,-122.43359375,"SAN FRANCISCO","SAN FRANCISCO",-122.43360137939453,37.731685638427734
91608626,2021,2021-10-28,9335,2021-09-06,1650,020658,,1,2,7,3801,0,1,1,,2,080,"I-80 E/B","YERBA BUENA ISLAND TUNNEL",600.00,W,N,A,-,Y,,,80,,,,,,E,Y,3,0,2,2,A,-,07,21658,A,N,B,C,A,A,H,-,A,D,0,,,,,Y,,A,01,0,2,0,0,0,0,0,0,0,"- ","- ",37.807491302490234,-122.36757659912109,"SAN FRANCISCO","SAN FRANCISCO",-122.36767578125,37.807590484619141
91609299,2021,2021-10-28,9335,2021-10-22,0716,021328,,5,1,7,3801,0,1,1,,2,022,"I-280 N/B","FARALLONES ST. PEDESTRIAN OVERCROSSING",100.00,N,N,C,-,Y,,,280,,,,,,N,Y,4,0,1,1,A,-,08,22107,,N,E,8,A,B,H,-,A,D,0,,,,,Y,,A,01,0,0,1,0,0,0,0,0,0,"- ","- ",37.713878631591797,-122.45159149169922,"SAN FRANCISCO","SAN FRANCISCO",-122.4515380859375,37.713817596435547
91610333,2021,2021-10-29,9335,2021-10-24,0747,021328,,7,1,7,3801,0,1,1,,2,024,"I-280 N/B","22ND ST. UNDERCROSSING",370.00,N,N,C,-,Y,,,280,,,,,,N,Y,4,0,2,2,A,-,08,22107,,N,B,2,A,B,H,-,A,D,0,,,,Y,Y,,A,01,0,0,2,0,0,0,0,0,0,"- ","- ",37.758800506591797,-122.39225006103516,"SAN FRANCISCO","SAN FRANCISCO",-122.39223480224609,37.758800506591797
91611357,2021,2021-11-01,9335,2021-10-21,0531,020972,,4,3,7,3801,0,1,1,,2,022,"I-280 NB","OCEAN AVE",800.00,S,N,B,C,Y,,,280,,,,,,N,Y,4,0,1,1,A,-,08,22107,,N,E,J,A,B,H,-,C,D,0,,,,,Y,,A,01,0,0,1,0,0,0,0,0,0,"- ","- ",37.720680236816406,-122.44808197021484,"SAN FRANCISCO","SAN FRANCISCO",-122.44814300537109,37.720687866210938
91611534,2021,2021-11-01,9335,2021-09-17,0316,022271,,5,3,7,3801,0,1,2,,2,013,"US-101 S/B","SILVER AVENUE OVERCROSSING",330.00,S,N,A,-,Y,,,101,,,,,,S,Y,4,0,1,3,A,-,03,22350,,F,C,C,A,A,H,-,C,D,0,,,,,Y,Y,-,99,0,0,1,0,0,0,0,0,0,"- ","- ",37.731700897216797,-122.40483856201172,"SAN FRANCISCO","SAN FRANCISCO",-122.40479278564453,37.731727600097656
91611559,2021,2021-11-01,9335,2021-10-22,2215,022525,,5,3,7,3801,0,1,1,,1,083,"I-80 EB","TREASURE ISLAND RD",550.00,W,N,B,-,Y,,,80,,,,,,E,Y,4,0,1,2,A,-,07,21658,A,N,C,2,A,A,H,-,C,D,0,,,,,Y,,A,01,0,0,1,0,0,0,0,0,0,"- ","- ",37.807861328125,-122.36737060546875,"SAN FRANCISCO","SAN FRANCISCO",-122.36738586425781,37.807872772216797
91612083,2021,2021-11-01,9335,2021-09-04,2333,022271,,6,3,7,3801,0,1,1,,2,022,"I-280 N/B","GENEVA AVENUE",980.00,S,N,B,-,Y,,,280,,,,,,N,Y,2,0,2,2,A,-,01,23152,A,N,A,C,A,A,H,-,C,A,0,,,,,Y,Y,A,01,2,0,0,0,0,0,0,0,0,"- ","- ",37.718498229980469,-122.44837951660156,"SAN FRANCISCO","SAN FRANCISCO",-122.44840240478516,37.718502044677734
91614624,2021,2021-11-03,9335,2021-09-16,1220,014455,,4,1,7,3801,0,1,1,,2,084,"I-80 E/B","ALAMEDA COUNTY LINE",528.00,E,N,A,-,Y,,,,,,,,,,Y,3,0,1,2,A,-,03,22350,,M,B,C,A,A,H,-,A,D,0,,,Y,,Y,,C,02,0,1,0,0,0,0,0,0,1,"- ","- ",37.820339202880859,-122.34232330322266,"SAN FRANCISCO","SAN FRANCISCO",,
91614688,2021,2021-11-03,9335,2021-10-23,2300,022326,,6,3,7,3801,0,1,1,,2,022,"I-280 N/B","OCEAN AVENUE",115.00,N,N,C,-,Y,,,280,,,,,,N,N,4,0,1,1,A,-,08,22107,,N,E,I,A,B,H,-,D,D,0,,,,,Y,,A,01,0,0,1,0,0,0,0,0,0,"- ","- ",37.723419189453125,-122.44737243652344,"SAN FRANCISCO","SAN FRANCISCO",-122.44755554199219,37.723495483398438
91614816,2021,2021-11-03,9335,2021-10-23,2315,022271,,6,3,7,3801,0,1,2,,2,013,"US-101 N/B","FAITH STREET PEDESTRIAN OVERCROSSING",585.00,S,N,B,C,Y,,,101,,,,,,N,Y,3,0,1,1,A,-,01,23152,A,N,E,I,A,B,H,-,C,D,0,,,,,Y,Y,A,01,0,1,0,0,0,0,0,0,0,"- ","- ",37.742580413818359,-122.40685272216797,"SAN FRANCISCO","SAN FRANCISCO",-122.40676116943359,37.742511749267578
91615909,2021,2021-11-04,9335,2021-10-24,0803,019581,,7,1,7,3801,0,1,1,,1,083,"I-80 E/B","BEALE ST.",300.00,W,N,B,C,Y,,,80,,,,,,E,Y,3,0,1,2,A,-,03,22350,,N,C,C,A,B,H,-,A,D,0,,,,,Y,,A,01,0,1,0,0,0,0,0,0,0,"- ","- ",37.785961151123047,-122.39102172851562,"SAN FRANCISCO","SAN FRANCISCO",-122.39097595214844,37.785892486572266
91615924,2021,2021-11-04,9335,2021-10-24,0820,022032,,7,1,7,3801,0,1,1,,2,023,"I-280 N/B","JUSTIN DR",290.00,N,N,C,-,Y,,,280,,,,,,N,Y,4,0,2,2,A,-,08,22107,,N,E,I,A,B,H,-,A,D,0,,,,,Y,,A,01,0,0,2,0,0,0,0,0,0,"- ","- ",37.731380462646484,-122.42510986328125,"SAN FRANCISCO","SAN FRANCISCO",-122.42510986328125,37.731376647949219
91616047,2021,2021-11-04,9335,2021-10-24,1012,019631,,7,1,7,3801,0,1,1,,2,022,"I-280 N/B","OCEAN AVE",1584.00,N,N,C,-,Y,,,280,,,,,,N,Y,4,0,1,1,A,-,03,22350,,N,E,I,A,B,F,-,A,D,0,,,,,Y,,A,01,0,0,1,0,0,0,0,0,0,"- ","- ",37.725090026855469,-122.44680786132812,"SAN FRANCISCO","SAN FRANCISCO",-122.44675445556641,37.725055694580078
91616114,2021,2021-11-04,9335,2021-10-24,1235,019631,,7,1,7,3801,0,1,2,,2,013,"US-101 N/B","PAUL AVE",200.00,N,N,C,-,Y,,,101,,,,,,N,Y,3,0,2,1,A,-,08,22107,,N,E,I,A,B,H,-,A,D,0,,,,,Y,,A,07,0,2,0,0,0,0,0,0,0,"- ","- ",37.724449157714844,-122.40154266357422,"SAN FRANCISCO","SAN FRANCISCO",-122.40140533447266,37.724506378173828
91616685,2021,2021-11-05,9335,2021-10-24,2350,022667,,7,3,7,3801,0,1,1,,1,083,"I-80 E/B","TREASURE ISLAND ROAD OVERCROSSING",710.00,W,N,C,-,Y,,,80,,,,,,E,Y,3,0,1,1,A,-,01,23152,A,N,E,I,A,B,H,-,D,D,0,,,,,Y,Y,A,01,0,1,0,0,0,0,0,0,0,"- ","- ",37.807361602783203,-122.36760711669922,"SAN FRANCISCO","SAN FRANCISCO",-122.36775970458984,37.807514190673828
91617108,2021,2021-11-05,9335,2021-10-26,1650,021886,,2,2,7,3801,0,1,2,,2,013,"US-101 S/B","SILVER AVE O/C",325.00,N,N,B,-,Y,,,101,,,,,,S,Y,3,0,1,2,A,-,03,22350,,N,C,C,A,A,H,-,A,D,0,,,,,Y,,A,01,0,1,0,0,0,0,0,0,0,"- ","- ",37.733470916748047,-122.40593719482422,"SAN FRANCISCO","SAN FRANCISCO",-122.40584564208984,37.733531951904297
91617166,2021,2021-11-05,9335,2021-10-26,2000,021886,,2,2,7,3801,0,1,2,,2,014,"US-101 S/B","16TH ST. U/C",30.00,S,N,A,-,Y,,,101,,,,,,S,Y,3,0,3,3,A,-,03,22350,,N,C,C,A,A,H,-,A,D,0,,,,,Y,,A,01,0,1,2,0,0,0,0,0,0,"- ","- ",37.765819549560547,-122.40525817871094,"SAN FRANCISCO","SAN FRANCISCO",-122.40520477294922,37.765823364257812
91617875,2021,2021-11-08,9335,2021-10-27,0005,022024,,3,3,7,3801,0,1,1,,1,083,"I-80 EASTBOUND FROM 1ST ST.","2ND ST. UNDER-CROSSING",868.00,E,N,A,-,Y,,,80,,,,R,,E,Y,4,0,1,1,A,-,03,22350,,N,E,I,A,A,H,-,D,D,0,,,,,Y,,A,01,0,0,1,0,0,0,0,0,0,"- ","- ",37.785381317138672,-122.39202117919922,"SAN FRANCISCO","SAN FRANCISCO",-122.39202117919922,37.785381317138672
91617877,2021,2021-11-08,9335,2021-10-27,0120,021474,,3,3,7,3801,0,1,1,,1,083,"I-80 E/B","TREASURE ISLAND RD. O/C",900.00,W,N,A,-,Y,,,80,,,,,,E,Y,3,0,1,2,A,-,01,23152,A,N,C,C,A,A,H,-,D,D,0,,,,Y,Y,Y,A,07,0,1,0,0,0,0,0,0,0,"- ","- ",37.806900024414062,-122.36827087402344,"SAN FRANCISCO","SAN FRANCISCO",-122.36833953857422,37.806976318359375
91617881,2021,2021-11-08,9335,2021-10-27,1155,020509,,3,1,7,3801,0,1,2,,2,014,"US-101 N/B","22ND STREET OVERCROSSING",634.00,N,N,A,-,Y,,,101,,,,,,N,N,4,0,4,2,D,-,00,,,N,C,C,A,A,H,-,A,D,0,,,,,Y,,-,"- ",0,0,4,0,0,0,0,0,0,"- ","- ",37.758201599121094,-122.40480804443359,"SAN FRANCISCO","SAN FRANCISCO",-122.40479278564453,37.758220672607422
91617906,2021,2021-11-08,9335,2021-09-25,1010,020972,,6,1,7,3801,0,1,1,,1,081,"I-80 W/B","BEALE ST",1000.00,E,N,B,-,Y,,,80,,,,,,W,Y,4,0,1,3,A,-,03,22350,,F,C,C,A,A,H,-,A,D,0,,,Y,,Y,,C,02,0,0,1,0,0,0,0,0,1,"- ","- ",37.789249420166016,-122.38730621337891,"SAN FRANCISCO","SAN FRANCISCO",-122.38723754882812,37.789169311523438
91622109,2021,2021-11-11,9335,2021-10-29,2320,022416,,5,3,7,3801,0,1,2,,2,013,"US-101 S/B","FAITH STREET PEDESTRIAN OVERCROSSING",649.00,N,N,A,-,Y,,,101,,,,,,S,Y,3,0,1,3,A,-,03,22350,,N,C,C,A,A,H,-,D,D,0,,,,,Y,,A,01,0,1,0,0,0,0,0,0,0,"- ","- ",37.745628356933594,-122.40495300292969,"SAN FRANCISCO","SAN FRANCISCO",-122.40498352050781,37.745639801025391
91622118,2021,2021-11-11,9335,2021-11-02,1626,018688,,2,2,7,3801,1,4,S,,2,901,"WEBSTER ST., 400 BLOCK","OAK ST.",0.00,,Y,A,-,N,,,,,,,,,,N,4,0,1,2,A,-,10,21950,A,N,G,B,B,A,H,-,A,A,0,Y,,,,Y,,H,17,0,0,1,0,1,0,0,0,0,"- ","- ",37.774200439453125,-122.42910766601562,"SAN FRANCISCO","SAN FRANCISCO",-122.42913055419922,37.774169921875
91623211,2021,2021-11-12,9335,2021-10-30,1315,022326,,6,1,7,3801,0,1,1,,2,022,"I-280 N/B","GENEVA AVENUE",435.00,S,N,B,-,Y,,,280,,,,,,N,N,4,0,1,2,A,-,03,22350,,N,C,C,A,A,H,-,A,D,0,,,,,Y,,A,01,0,0,1,0,0,0,0,0,0,"- ","- ",37.719928741455078,-122.44811248779297,"SAN FRANCISCO","SAN FRANCISCO",-122.44822692871094,37.719944000244141
91623244,2021,2021-11-12,9335,2021-10-30,2350,022667,,6,3,7,3801,0,1,2,,2,013,"US-101 N/B","CORTLAND AVE. UNDERCROSSING",370.00,N,N,A,-,Y,,,101,,,,,,N,Y,4,0,1,3,A,-,01,23152,A,N,B,C,A,A,H,-,D,D,0,,,,Y,Y,Y,A,01,0,0,1,0,0,0,0,0,0,"- ","- ",37.740680694580078,-122.40773773193359,"SAN FRANCISCO","SAN FRANCISCO",-122.40773010253906,37.740676879882812
91623339,2021,2021-11-12,9335,2021-11-01,0045,022416,,1,3,7,3801,0,1,1,,2,080,"I-80 W/B TO 5TH ST","5TH STREET",201.00,E,N,A,-,Y,,,80,,,,R,,W,Y,4,0,1,1,A,-,03,22350,,N,E,8,A,A,H,-,C,D,0,,,,,Y,,D,22,0,0,1,0,0,0,0,0,0,"- ","- ",37.778968811035156,-122.40068817138672,"SAN FRANCISCO","SAN FRANCISCO",-122.40068817138672,37.778968811035156
91623341,2021,2021-11-12,9335,2021-11-01,0245,022667,,1,3,7,3801,0,1,1,,1,081,"I-80 W/B","TREASURE ISLAND RD OVERCROSSING",2010.00,W,N,A,-,Y,,,80,,,,,,W,Y,3,0,1,1,A,-,01,23152,A,N,E,I,A,A,H,-,C,D,0,,,,,Y,Y,D,22,0,1,0,0,0,0,0,0,0,"- ","- ",37.804660797119141,-122.37050628662109,"SAN FRANCISCO","SAN FRANCISCO",-122.37067413330078,37.804843902587891
91623775,2021,2021-11-15,9335,2021-10-30,0020,022271,,6,3,7,3801,0,1,2,,2,013,"US-101 S/B","FAITH STREET PEDESTRIAN OVERCROSSING",720.00,N,N,B,-,Y,,,101,,,,,,S,Y,4,0,1,2,A,-,07,21658,A,N,B,C,A,B,H,-,C,D,0,,,,Y,Y,,-,"- ",0,0,1,0,0,0,0,0,0,"- ","- ",37.745830535888672,-122.40493011474609,"SAN FRANCISCO","SAN FRANCISCO",-122.40492248535156,37.745826721191406
91623783,2021,2021-11-15,9335,2021-11-02,0140,022667,,2,3,7,3801,0,1,1,,1,081,"I-80 W/B","SFOBB EAST TOWER",1035.00,E,N,A,-,Y,,,80,,,,,,W,Y,3,0,3,2,A,-,03,22350,,N,C,C,A,A,H,-,C,D,0,,,,,Y,Y,A,07,0,2,1,0,0,0,0,0,0,"- ","- ",37.816970825195312,-122.35590362548828,"SAN FRANCISCO","SAN FRANCISCO",-122.35594940185547,37.817066192626953
91623949,2021,2021-11-15,9335,2021-10-30,0225,022416,,6,3,7,3801,0,1,2,,2,013,"US-101 S/B","CORTLAND AVE",711.50,N,N,B,-,Y,,,101,,,,,,S,Y,2,0,2,2,A,-,08,22107,,N,E,I,A,B,H,-,C,D,0,,,,,Y,Y,A,01,1,1,0,0,0,0,0,0,0,"- ","- ",37.741619110107422,-122.40779113769531,"SAN FRANCISCO","SAN FRANCISCO",-122.40763854980469,37.741539001464844
91624010,2021,2021-11-15,9335,2021-09-29,1603,018688,,3,2,7,3801,0,1,1,,1,081,"I-80 W/B","YERBA BUENA ISLAND TUNNEL EAST EDGE",164.00,W,N,A,-,Y,,,80,,,,,,W,N,4,0,1,3,A,-,04,21703,,F,C,C,A,A,H,-,A,D,0,,,,,Y,,A,01,0,0,1,0,0,0,0,0,0,"- ","- ",37.809848785400391,-122.36546325683594,"SAN FRANCISCO","SAN FRANCISCO",-122.36550903320312,37.809894561767578
91624398,2021,2021-11-15,9335,2021-11-03,1650,021886,,3,2,7,3801,0,1,2,,2,013,"US-101 N/B","PAUL AVE U/C",118.00,S,N,A,-,Y,,,101,,,,,,N,Y,3,0,2,2,A,-,03,22350,,N,C,C,A,A,H,-,A,D,0,,,,,Y,,A,07,0,1,1,0,0,0,0,0,0,"- ","- ",37.723339080810547,-122.40087890625,"SAN FRANCISCO","SAN FRANCISCO",-122.40091705322266,37.723323822021484
91624765,2021,2021-11-15,9335,2021-09-30,1035,022096,,4,1,7,3801,0,1,1,,1,081,"I-80 W/B","BEALE STREET",571.00,W,N,A,-,Y,,,80,,,,,,W,Y,2,0,1,3,A,-,07,21658,A,F,B,C,A,A,H,-,A,D,0,,,Y,,Y,,A,01,1,0,0,0,0,0,0,0,1,"- ","- ",37.785560607910156,-122.39173889160156,"SAN FRANCISCO","SAN FRANCISCO",-122.39168548583984,37.785457611083984
91628135,2021,2021-11-18,9350,2021-11-09,0740,021629,,2,1,7,3801,0,1,3,,2,011,"SR-1 N/B TO US-101 NB","US-101 N/B",350.00,S,N,C,-,Y,,,1,,,,R,,N,N,4,0,1,1,A,-,03,22350,,N,E,I,A,B,H,-,A,D,0,,,,,Y,,A,01,0,0,1,0,0,0,0,0,0,"- ","- ",37.8037109375,-122.46968841552734,"SAN FRANCISCO","SAN FRANCISCO",-122.46968841552734,37.8037109375
91628287,2021,2021-11-18,9335,2021-11-05,1435,022032,,5,2,7,3801,0,1,1,,2,023,"I-280 S/B","MISSION ST",140.00,N,N,A,-,Y,,,280,,,,,,S,Y,3,0,1,1,A,-,08,22107,,N,E,I,A,A,H,-,A,D,0,,,,,Y,,A,07,0,1,0,0,0,0,0,0,0,"- ","- ",37.7318115234375,-122.42754364013672,"SAN FRANCISCO","SAN FRANCISCO",-122.42752075195312,37.731899261474609
91628329,2021,2021-11-18,9335,2021-11-05,1835,022032,,5,2,7,3801,0,1,2,,2,013,"US-101 S/B","SILVER AVE",320.00,S,N,A,-,Y,,,101,,,,,,S,Y,4,0,1,2,A,-,08,22107,,N,E,I,A,A,H,-,C,D,0,,,,,Y,,A,01,0,0,1,0,0,0,0,0,0,"- ","- ",37.731739044189453,-122.40476989746094,"SAN FRANCISCO","SAN FRANCISCO",-122.40479278564453,37.731723785400391
91628426,2021,2021-11-18,9335,2021-11-05,2055,022032,,5,2,7,3801,0,1,1,,2,023,"I-280 N/B","SAN BRUNO AVE",1490.00,S,N,A,-,Y,,,280,,,,,,N,Y,3,0,1,1,A,-,08,22107,,N,E,I,A,A,H,-,D,D,0,,,,,Y,,A,01,0,1,0,0,0,0,0,0,0,"- ","- ",37.733200073242188,-122.41184997558594,"SAN FRANCISCO","SAN FRANCISCO",-122.41188812255859,37.733299255371094
91628436,2021,2021-11-18,9335,2021-11-05,2130,022596,,5,2,7,3801,0,1,2,,2,013,"US-101 N/B","23RD STREET OVERCROSSING",183.00,S,N,A,-,Y,,,101,,,,,,N,Y,3,0,2,2,A,-,01,23152,A,N,C,C,A,A,H,-,D,D,0,,,,,Y,Y,A,07,0,2,0,0,0,0,0,0,0,"- ","- ",37.753940582275391,-122.40283966064453,"SAN FRANCISCO","SAN FRANCISCO",-122.40287780761719,37.753936767578125
91630618,2021,2021-11-19,9335,2021-11-06,2210,022596,,6,3,7,3801,0,1,2,,2,013,"US-101 N/B","3RD STREET OVERCROSSING",335.00,S,N,A,-,Y,,,101,,,,,,N,Y,4,0,2,3,A,-,03,22350,,N,C,C,A,A,H,-,C,D,0,,,,,Y,,A,07,0,0,2,0,0,0,0,0,0,"- ","- ",37.714931488037109,-122.39791107177734,"SAN FRANCISCO","SAN FRANCISCO",-122.39784240722656,37.714984893798828
91630648,2021,2021-11-19,9335,2021-11-07,1120,020509,,7,1,7,3801,0,1,2,,2,013,"US-101 N/B","FAITH STREET PEDESTRIAN OVERCROSSING",144.00,S,N,A,-,Y,,,101,,,,,,N,N,4,0,1,2,A,-,03,22350,,N,C,C,A,A,H,-,A,D,0,,,,,Y,,A,01,0,0,1,0,0,0,0,0,0,"- ","- ",37.743568420410156,-122.40592956542969,"SAN FRANCISCO","SAN FRANCISCO",-122.40589904785156,37.743545532226562
91630679,2021,2021-11-19,9335,2021-11-07,1150,020509,,7,1,7,3801,0,1,2,,2,013,"US-101 N/B","FAITH STREET PEDESTRIAN OVERCROSSING",950.00,N,N,A,-,Y,,,101,,,,,,N,N,4,0,3,2,A,-,03,22350,,N,C,C,A,A,H,-,A,D,0,,,,,Y,,A,01,0,0,3,0,0,0,0,0,0,"- ","- ",37.746440887451172,-122.40458679199219,"SAN FRANCISCO","SAN FRANCISCO",-122.40455627441406,37.746429443359375
91631069,2021,2021-11-22,9335,2021-11-05,0525,022525,,5,3,7,3801,0,1,2,,2,014,"US-101 S/B","THE 17TH STREET UNDERCROSSING",160.00,S,N,A,-,Y,,,101,,,,,,S,Y,4,0,4,2,A,-,03,22350,,N,C,C,A,A,H,-,C,D,0,,,,Y,Y,,F,26,0,0,4,0,0,0,0,0,0,"- ","- ",37.764141082763672,-122.40514373779297,"SAN FRANCISCO","SAN FRANCISCO",-122.40509033203125,37.764133453369141
91631072,2021,2021-11-22,9335,2021-09-28,2212,022326,,2,3,7,3801,0,1,1,,1,083,"I-80 E/B","TREASURE ISLAND ROAD",200.00,E,N,A,-,Y,,,80,,,,,,E,Y,3,0,2,2,A,-,01,23152,A,N,B,C,A,A,H,-,C,D,0,,,,,Y,Y,A,01,0,1,1,0,0,0,0,0,0,"- ","- ",37.809490203857422,-122.36579132080078,"SAN FRANCISCO","SAN FRANCISCO",-122.36583709716797,37.809528350830078
91631088,2021,2021-11-22,9335,2021-11-09,0733,019581,,2,1,7,3801,0,1,1,,2,022,"I-280 N/B FROM OCEAN BLVD.","OCEAN AVE.",450.00,N,N,B,C,Y,,,280,,,,R,,N,Y,4,0,1,2,A,-,03,22350,,N,C,C,A,D,H,-,A,D,0,,,,,Y,,A,01,0,0,1,0,0,0,0,0,0,"- ","- ",37.724281311035156,-122.44692993164062,"SAN FRANCISCO","SAN FRANCISCO",-122.44692993164062,37.724281311035156
91631291,2021,2021-11-22,9335,2021-11-09,1552,018688,,2,2,7,3801,0,1,1,,2,080,"I-80 W/B","6TH ST. (WEST ROAD EDGE)",38.00,E,N,B,-,Y,,,80,,,,,,W,Y,4,0,2,3,A,-,03,22350,,N,C,C,A,A,H,-,A,D,0,,,,,Y,,A,01,0,0,2,0,0,0,0,0,0,"- ","- ",37.776939392089844,-122.40361785888672,"SAN FRANCISCO","SAN FRANCISCO",-122.40364837646484,37.776985168457031