CASE_ID,ACCIDENT_YEAR,PROC_DATE,JURIS,COLLISION_DATE,COLLISION_TIME,OFFICER_ID,REPORTING_DISTRICT,DAY_OF_WEEK,CHP_SHIFT,POPULATION,CNTY_CITY_LOC,SPECIAL_COND,BEAT_TYPE,CHP_BEAT_TYPE,CITY_DIVISION_LAPD,CHP_BEAT_CLASS,BEAT_NUMBER,PRIMARY_RD,SECONDARY_RD,DISTANCE,DIRECTION,INTERSECTION,WEATHER_1,WEATHER_2,STATE_HWY_IND,CALTRANS_COUNTY,CALTRANS_DISTRICT,STATE_ROUTE,ROUTE_SUFFIX,POSTMILE_PREFIX,POSTMILE,LOCATION_TYPE,RAMP_INTERSECTION,SIDE_OF_HWY,TOW_AWAY,COLLISION_SEVERITY,NUMBER_KILLED,NUMBER_INJURED,PARTY_COUNT,PRIMARY_COLL_FACTOR,PCF_CODE_OF_VIOL,PCF_VIOL_CATEGORY,PCF_VIOLATION,PCF_VIOL_SUBSECTION,HIT_AND_RUN,TYPE_OF_COLLISION,MVIW,PED_ACTION,ROAD_SURFACE,ROAD_COND_1,ROAD_COND_2,LIGHTING,CONTROL_DEVICE,CHP_ROAD_TYPE,PEDESTRIAN_ACCIDENT,BICYCLE_ACCIDENT,MOTORCYCLE_ACCIDENT,TRUCK_ACCIDENT,NOT_PRIVATE_PROPERTY,ALCOHOL_INVOLVED,STWD_VEHTYPE_AT_FAULT,CHP_VEHTYPE_AT_FAULT,COUNT_SEVERE_INJ,COUNT_VISIBLE_INJ,COUNT_COMPLAINT_PAIN,COUNT_PED_KILLED,COUNT_PED_INJURED,COUNT_BICYCLIST_KILLED,COUNT_BICYCLIST_INJURED,COUNT_MC_KILLED,COUNT_MC_INJURED,PRIMARY_RAMP,SECONDARY_RAMP,LATITUDE,LONGITUDE,COUNTY,CITY,POINT_X,POINT_Y
91631388,2021,2021-11-22,9335,2021-10-28,1450,022326,,4,2,7,3801,1,4,S,,2,901,"FULTON STREET","PARSONS STREET",45.00,W,N,A,-,N,,,,,,,,,,Y,3,0,1,2,A,-,07,21658,A,N,B,C,A,A,H,-,A,D,0,,,,,Y,,A,01,0,1,0,0,0,0,0,0,0,"- ","- ",37.774639129638672,-122.45549774169922,"SAN FRANCISCO","SAN FRANCISCO",-122.45542144775391,37.774650573730469
91631678,2021,2021-11-22,9335,2021-11-06,0310,022326,,6,3,7,3801,0,1,2,,2,014,"US-101 N/B","23RD ST",165.00,N,N,A,-,Y,,,101,,,,,,N,Y,3,0,4,3,A,-,03,22350,,N,C,C,A,A,D,-,D,D,0,,,,,Y,Y,A,01,0,2,2,0,0,0,0,0,0,"- ","- ",37.755039215087891,-122.40300750732422,"SAN FRANCISCO","SAN FRANCISCO",-122.40297698974609,37.755043029785156
91632198,2021,2021-11-22,9335,2021-11-09,1730,020991,,2,2,7,3801,0,1,1,,2,024,"I-280 S/B","16TH ST. UNDERCROSSING",222.00,N,N,A,-,Y,,,280,,,,,,S,Y,3,0,1,2,A,-,03,22350,,N,C,C,A,A,H,-,D,D,0,,,Y,,Y,,C,02,0,1,0,0,0,0,0,0,1,"- ","- ",37.767051696777344,-122.39555358886719,"SAN FRANCISCO","SAN FRANCISCO",-122.39553070068359,37.767074584960938
91632543,2021,2021-11-22,9335,2021-11-09,1120,020610,,2,1,7,3801,0,2,S,,2,901,"BARNEVELD AVENUE","JERROLD AVENUE",290.00,S,N,B,-,N,,,,,,,,,,N,4,0,1,2,A,-,09,21804,A,N,D,C,A,B,H,-,A,D,0,,,,,Y,,A,07,0,0,1,0,0,0,0,0,0,"- ","- ",37.745468139648438,-122.40293121337891,"SAN FRANCISCO","SAN FRANCISCO",-122.40281677246094,37.745559692382812
91635370,2021,2021-11-26,9335,2021-10-16,2125,022271,,6,2,7,3801,0,1,1,,2,023,"I-280 N/B TO US-101 N/B","ST MARY'S PARK FOOTBRIDGE",3420.00,N,N,A,-,Y,,,280,,,,R,,N,Y,4,0,1,1,A,-,01,23152,A,N,E,I,A,A,H,-,C,D,0,,,,,Y,Y,A,01,0,0,1,0,0,0,0,0,0,"- ","- ",37.731800079345703,-122.42063903808594,"SAN FRANCISCO","SAN FRANCISCO",-122.42063903808594,37.731800079345703
91635407,2021,2021-11-26,9335,2021-10-08,1715,022326,,5,2,7,3801,0,1,2,,2,013,"US-101 S/B FROM CESAR CHAVEZ STREET","CESAR CHAVEZ STREET",225.00,S,N,A,-,Y,,,101,,,,R,,S,N,4,0,1,2,A,-,03,22350,,M,C,C,A,A,H,-,A,D,0,,,,,Y,,A,01,0,0,1,0,0,0,0,0,0,"- ","- ",37.748531341552734,-122.4046630859375,"SAN FRANCISCO","SAN FRANCISCO",-122.4046630859375,37.748531341552734
91635428,2021,2021-11-26,9335,2021-10-21,0250,022468,,4,3,7,3801,0,1,1,,2,080,"I-80 E/B FROM 5TH STREET","5TH STREET",425.00,E,N,C,-,Y,,,80,,,,R,,E,Y,4,0,1,1,A,-,01,23152,A,N,E,I,A,B,H,-,C,D,0,,,,,Y,Y,A,08,0,0,1,0,0,0,0,0,0,"- ","- ",37.779129028320312,-122.40019989013672,"SAN FRANCISCO","SAN FRANCISCO",-122.40019989013672,37.779129028320312
91635505,2021,2021-11-26,9335,2021-11-13,1845,022007,,6,2,7,3801,0,1,1,,1,081,"I-80 W/B","THE EMBARCADERO",1954.00,E,N,A,-,Y,,,80,,,,,,W,N,4,0,1,2,A,-,07,21658,A,N,B,C,A,A,H,-,C,D,0,,,Y,,Y,,A,01,0,0,1,0,0,0,0,0,1,"- ","- ",37.792881011962891,-122.38329315185547,"SAN FRANCISCO","SAN FRANCISCO",-122.38335418701172,37.792945861816406
91635723,2021,2021-11-29,9335,2021-10-17,0415,022416,,7,3,7,3801,0,1,1,,1,083,"I-80 E/B TO TREASURE ISLAND ROAD","TREASURE ISLAND ROAD",151.00,W,N,A,-,Y,,,80,,,,R,,E,Y,3,0,1,2,A,-,01,23152,A,M,A,C,A,A,H,-,C,A,0,,,,,Y,Y,A,01,0,1,0,0,0,0,0,0,0,"- ","- ",37.809211730957031,-122.36936187744141,"SAN FRANCISCO","SAN FRANCISCO",-122.36936187744141,37.809211730957031
91635727,2021,2021-12-10,9335,2021-10-10,0740,022667,,7,1,7,3801,0,1,1,,1,081,"I-80 W/B","THE EMBARCADERO UNDERCROSSING",2200.00,E,N,A,-,Y,,,80,,,,,,W,Y,3,0,3,2,A,-,08,22107,,N,B,2,A,A,H,-,A,D,0,,,,,Y,,A,01,0,1,2,0,0,0,0,0,0,"- ","- ",37.793418884277344,-122.38275146484375,"SAN FRANCISCO","SAN FRANCISCO",-122.38282775878906,37.793495178222656
91635878,2021,2021-11-29,9335,2021-07-14,2335,021957,,3,3,7,3801,0,1,1,,2,023,"280 SOUTHBOUND EXIT RAMP","GENEVA AVE.",0.00,,Y,C,-,N,,,,,,,,,,N,4,0,3,3,A,-,03,22350,,N,C,C,A,B,H,-,C,A,0,,,,,Y,,A,07,0,0,3,0,0,0,0,0,0,"- ","- ",37.721698760986328,-122.44841766357422,"SAN FRANCISCO","SAN FRANCISCO",-122.448425,37.721404
91635899,2021,2021-11-29,9335,2021-11-15,1625,021886,,1,2,7,3801,0,1,2,,2,013,"US-101 S/B","SILVER AVE. O/C",558.00,N,N,B,-,Y,,,101,,,,,,S,Y,3,0,1,2,A,-,01,23152,A,N,B,C,A,A,H,-,A,D,0,,,,,Y,Y,A,01,0,1,0,0,0,0,0,0,0,"- ","- ",37.734111785888672,-122.40617370605469,"SAN FRANCISCO","SAN FRANCISCO",-122.40619659423828,37.734092712402344
91636316,2021,2021-11-29,9335,2021-11-22,0320,022416,,1,3,7,3801,0,1,2,,2,014,"US-101 N/B","17TH STREET",215.00,S,N,A,-,Y,,,101,,,,,,N,Y,3,0,1,1,A,-,01,23152,F,N,E,8,A,A,H,-,C,D,0,,,,,Y,,A,01,0,1,0,0,0,0,0,0,0,"- ","- ",37.764030456542969,-122.405029296875,"SAN FRANCISCO","SAN FRANCISCO",-122.40489959716797,37.764019012451172
91637935,2021,2021-11-30,9350,2021-11-20,0211,022514,,6,3,7,3801,0,1,3,,2,011,"SR-1 N/B","LAKE STREET",69.00,N,N,A,-,Y,,,1,,,,,,N,Y,4,0,1,1,A,-,01,23152,G,N,E,I,A,A,H,-,C,D,0,,,,,Y,Y,A,01,0,0,1,0,0,0,0,0,0,"- ","- ",37.786609649658203,-122.47260284423828,"SAN FRANCISCO","SAN FRANCISCO",-122.47252655029297,37.786598205566406
91637975,2021,2021-11-30,9335,2021-11-12,0825,020509,,5,1,7,3801,0,1,2,,2,013,"US-101 NORTHBOUND","BAYSHORE BOULEVARD O/C",845.00,N,N,A,-,Y,,,101,,,,,,N,N,4,0,1,3,A,-,01,23153,G,N,C,C,A,A,H,-,A,D,0,,,,,Y,Y,A,01,0,0,1,0,0,0,0,0,0,"- ","- ",37.718669891357422,-122.39923858642578,"SAN FRANCISCO","SAN FRANCISCO",-122.39934539794922,37.718643188476562
91638029,2021,2021-11-30,9335,2021-11-16,1810,020991,,2,2,7,3801,0,1,2,,2,013,"US-101 N/B","BAYSHORE BLVD. OVERCROSSING",2022.00,N,N,A,-,Y,,,101,,,,,,N,N,4,0,1,2,A,-,03,22350,,N,C,C,A,A,H,-,D,D,0,,,,,Y,,A,01,0,0,1,0,0,0,0,0,0,"- ","- ",37.721660614013672,-122.40025329589844,"SAN FRANCISCO","SAN FRANCISCO",-122.40026092529297,37.721656799316406
91638122,2021,2021-11-30,9335,2021-11-17,1250,014455,,3,1,7,3801,0,1,1,,1,083,"I-80 E/B","WEST EDGE OF TREASURE ISLAND TUNNEL ENTRANCE",150.00,E,N,A,-,Y,,,80,,,,,,E,Y,4,0,1,1,A,-,08,22107,,N,E,I,A,A,H,-,A,D,0,,,,,Y,,A,01,0,0,1,0,0,0,0,0,0,"- ","- ",37.809291839599609,-122.36598968505859,"SAN FRANCISCO","SAN FRANCISCO",-122.36601257324219,37.809310913085938
91638505,2021,2021-11-30,9335,2021-11-17,1750,020991,,3,2,7,3801,0,1,1,,2,022,"I-280 S/B FROM BOSWORTH STREET","BADEN ST. OVERCROSSING",242.00,N,N,A,-,Y,,,280,,,,R,,S,N,4,0,1,2,A,-,03,22350,,N,C,C,A,A,H,-,D,D,0,,,,,Y,,A,01,0,0,1,0,0,0,0,0,0,"- ","- ",37.730510711669922,-122.43872833251953,"SAN FRANCISCO","SAN FRANCISCO",-122.43872833251953,37.730510711669922
91640736,2021,2021-12-02,9335,2021-11-17,2115,021672,,3,2,7,3801,0,1,1,,2,022,"I-280 S/B","OCEAN AVE. OVERCROSSING",1320.00,N,N,A,-,Y,,,280,,,,,,S,Y,3,0,3,1,A,-,08,22107,,N,E,J,A,A,H,-,C,D,0,,,,,Y,,A,01,0,2,1,0,0,0,0,0,0,"- ","- ",37.726459503173828,-122.4461669921875,"SAN FRANCISCO","SAN FRANCISCO",-122.44599914550781,37.726303100585938
91642227,2021,2021-12-03,9350,2021-11-26,1530,022441,,5,2,7,3801,0,3,5,,2,005,SR-1,"MAC ARTHUR TUNNEL",340.00,S,N,A,-,Y,,,1,,,,,,,Y,3,0,1,2,A,-,08,22107,,N,E,I,A,A,H,-,A,D,0,,,,,Y,,A,01,0,1,0,0,0,0,0,0,0,"- ","- ",37.791690826416016,-122.46981811523438,"SAN FRANCISCO","SAN FRANCISCO",-122.46977996826172,37.791679382324219
91642976,2021,2021-12-06,9335,2021-11-20,1719,022032,,6,2,7,3801,0,1,2,,2,013,"US-101 S/B","BLANKEN AVE",1390.00,N,N,A,-,Y,,,101,,,,,,S,Y,4,0,1,2,A,-,03,22350,,N,C,2,A,A,H,-,D,D,0,,,Y,,Y,,C,02,0,0,1,0,0,0,0,0,1,"- ","- ",37.714439392089844,-122.39762878417969,"SAN FRANCISCO","SAN FRANCISCO",-122.39765930175781,37.71441650390625
91642983,2021,2021-12-06,9335,2021-11-20,1855,022667,,6,2,7,3801,0,1,1,,1,083,"I-80 E/B","TREASURE ISLAND RD",440.00,W,N,A,-,Y,,,80,,,,,,E,N,4,0,1,2,A,-,03,22350,,N,C,C,A,A,H,-,C,D,0,,,,,Y,,A,01,0,0,1,0,0,0,0,0,0,"- ","- ",37.808010101318359,-122.36714172363281,"SAN FRANCISCO","SAN FRANCISCO",-122.3671875,37.808063507080078
91643046,2021,2021-12-06,9335,2021-11-19,2315,022468,,5,3,7,3801,0,1,2,,2,013,"US-101 S/B","CORTLAND AVE.",1214.00,N,N,A,-,Y,,,101,,,,,,S,Y,4,0,1,1,A,-,01,23152,A,N,E,J,A,A,H,-,D,D,0,,,,,Y,Y,A,07,0,0,1,0,0,0,0,0,0,"- ","- ",37.74285888671875,-122.40692901611328,"SAN FRANCISCO","SAN FRANCISCO",-122.40681457519531,37.742763519287109
91643178,2021,2021-12-06,9335,2021-10-20,2010,021222,,3,2,7,3801,0,1,1,,2,080,"I-80 EASTBOUND","HARRIET STREET",50.00,W,N,B,C,Y,,,80,,,,,,E,N,3,0,1,3,A,-,03,22350,,M,C,C,A,B,H,-,C,D,0,,,,,Y,,-,99,0,1,0,0,0,0,0,0,0,"- ","- ",37.776309967041016,-122.40434265136719,"SAN FRANCISCO","SAN FRANCISCO",-122.40438079833984,37.7763671875
91644820,2021,2021-12-07,9335,2021-11-25,1115,022667,,4,1,7,3801,0,1,2,,2,014,"US-101 N/B","22ND ST PED. OVERCROSSING",25.00,S,N,A,-,Y,,,101,,,,,,N,N,4,0,1,2,A,-,03,22350,,N,C,C,A,A,H,-,A,D,0,,,,,Y,,A,01,0,0,1,0,0,0,0,0,0,"- ","- ",37.756809234619141,-122.40341186523438,"SAN FRANCISCO","SAN FRANCISCO",-122.40335083007812,37.7568359375
91646053,2021,2021-12-08,9335,2021-11-23,2148,021301,,2,2,7,3801,0,1,1,,2,023,"US-101 S/B TO I-280 S/B","ALEMANY BLVD",67.00,N,N,A,-,Y,,,,,,,,,,N,3,0,4,4,A,-,08,22107,,N,C,D,A,A,H,-,C,D,0,,,,,Y,,A,01,0,1,3,0,0,0,0,0,0,"- ","- ",37.734600067138672,-122.41030120849609,"SAN FRANCISCO","SAN FRANCISCO",-122.4080810546875,37.737998962402344
91646065,2021,2021-12-08,9335,2021-11-24,1140,020658,,3,1,7,3801,0,1,1,,1,081,"I-80 W/B","EAST EDGE OF YERBA BUENA ISLAND TUNNEL",800.00,E,N,A,-,Y,,,80,,,,,,W,N,3,0,2,3,A,-,03,22350,,N,C,C,A,A,H,-,A,D,0,,,,,Y,,A,01,0,2,0,0,0,0,0,0,0,"- ","- ",37.811969757080078,-122.36325836181641,"SAN FRANCISCO","SAN FRANCISCO",-122.36335754394531,37.812068939208984
91646139,2021,2021-12-08,9335,2021-11-23,0800,014455,,2,1,7,3801,0,1,1,,1,083,"I-80 E/B","TREASURE ISLAND TUNNEL W/EDGE",100.00,E,N,A,-,Y,,,80,,,,,,E,N,4,0,1,3,A,-,07,21658,A,M,B,C,A,A,H,-,A,D,0,,,,Y,Y,,F,26,0,0,1,0,0,0,0,0,0,"- ","- ",37.810329437255859,-122.36476135253906,"SAN FRANCISCO","SAN FRANCISCO",-122.36492919921875,37.810501098632812
91646159,2021,2021-12-08,9350,2021-11-28,1510,017978,,7,2,7,3801,0,1,3,,2,011,"SR1 S/B","MACARTHUR TUNNEL",484.00,N,N,A,-,Y,,,1,,,,,,S,Y,2,0,1,2,A,-,07,21658,A,F,F,A,A,A,H,-,A,D,0,,,Y,,Y,,A,01,1,0,0,0,0,0,0,0,1,"- ","- ",37.797599792480469,-122.46954345703125,"SAN FRANCISCO","SAN FRANCISCO",-122.46958160400391,37.797599792480469
91646190,2021,2021-12-08,9335,2021-11-25,1340,022703,,4,1,7,3801,0,1,2,,2,014,"US-101 NORTHBOUND","THE 22ND STREET PEDESTRIAN OVERCROSSING",870.00,N,N,A,-,Y,,,101,,,,,,N,N,4,0,1,3,A,-,07,21658,A,N,B,C,A,A,H,-,A,D,0,,,,,Y,,A,01,0,0,1,0,0,0,0,0,0,"- ","- ",37.758731842041016,-122.40540313720703,"SAN FRANCISCO","SAN FRANCISCO",-122.40544128417969,37.758693695068359
91647314,2021,2021-12-09,9335,2021-11-25,0736,018804,,4,1,7,3801,0,1,2,,2,014,"US 101 N/B","SOUTH OF BRANNAN ST.",450.00,S,N,A,-,Y,,,,,,,,,,N,2,0,1,2,A,-,03,22350,,N,C,C,A,A,H,-,A,D,0,,,Y,,Y,,C,02,1,0,0,0,0,0,0,0,1,"- ","- ",37.768608093261719,-122.40631103515625,"SAN FRANCISCO","SAN FRANCISCO",-122.406494140625,37.768722534179688
91647796,2021,2021-12-09,9335,2021-10-26,1300,020658,,2,1,7,3801,0,1,1,,1,081,"I-80 W/B","SAN FRANCISCO/ALAMEDA COUNTY LINE",300.00,W,N,A,-,Y,,,80,,,,,,W,Y,2,0,1,2,A,-,01,23152,A,F,B,C,A,A,H,-,A,D,0,,,,,Y,Y,D,22,1,0,0,0,0,0,0,0,0,"- ","- ",37.818321228027344,-122.35215759277344,"SAN FRANCISCO","SAN FRANCISCO",-122.35225677490234,37.818702697753906
91647914,2021,2021-12-09,9335,2021-11-25,1110,018804,,4,1,7,3801,0,1,2,,2,015,"US 101 N/B","22ND ST.",150.00,S,N,A,-,Y,,,,,,,,,,N,4,0,2,3,A,-,07,21658,A,N,B,C,A,A,H,-,A,D,0,,,,,Y,,A,07,0,0,2,0,0,0,0,0,0,"- ","- ",37.756481170654297,-122.40328216552734,"SAN FRANCISCO","SAN FRANCISCO",-122.40316772460938,37.754650115966797
91648254,2021,2021-12-09,9335,2021-11-27,1740,021754,,6,2,7,3801,0,1,2,,2,013,"US-101 SB","SILVER AVENUE",190.00,S,N,A,-,Y,,,101,,,,,,S,Y,3,0,1,1,A,-,03,22350,,N,F,A,A,A,H,-,C,D,0,,,Y,,Y,,C,02,0,1,0,0,0,0,0,0,1,"- ","- ",37.732059478759766,-122.40499877929688,"SAN FRANCISCO","SAN FRANCISCO",-122.40500640869141,37.7320556640625
91648356,2021,2022-01-07,9335,2021-11-29,1330,022703,,1,1,7,3801,0,1,1,,2,023,"I-280 NORTHBOUND","THE NORTH ALEMANY BOULEVARD OVERCROSSING",405.00,N,N,A,-,Y,,,280,,,,,,N,N,4,0,1,2,A,-,07,21658,A,N,B,C,A,A,H,-,A,D,0,,,,,Y,,A,01,0,0,1,0,0,0,0,0,0,"- ","- ",37.732650756835938,-122.41133117675781,"SAN FRANCISCO","SAN FRANCISCO",-122.41165161132812,37.733402252197266
91648357,2021,2021-12-10,9335,2021-11-29,0830,018804,,1,1,7,3801,0,1,3,,2,040,"I-280 N/B","ALEMANY BLVD.",200.00,S,N,A,-,Y,,,280,,,,,,N,N,4,0,1,2,A,-,07,21658,A,N,B,C,A,A,H,-,A,D,0,,,Y,,Y,,A,01,0,0,1,0,0,0,0,0,1,"- ","- ",37.732421875,-122.41661071777344,"SAN FRANCISCO","SAN FRANCISCO",-122.41659545898438,37.731864929199219
91648359,2021,2021-12-10,9335,2021-11-24,2012,021886,,3,2,7,3801,0,1,2,,2,014,"US-101 N/B TO VERMONT ST.","VERMONT ST.",128.00,S,N,A,-,Y,,,101,,,,R,,N,Y,3,0,1,1,A,-,01,23152,A,N,E,I,A,A,H,-,C,D,0,,,,,Y,Y,A,07,0,1,0,0,0,0,0,0,0,"- ","- ",37.763328552246094,-122.40493011474609,"SAN FRANCISCO","SAN FRANCISCO",-122.40493011474609,37.763328552246094
91648724,2021,2021-12-10,9335,2021-11-19,0720,022667,,5,1,7,3801,0,1,2,,2,014,"US-101 N/B","CESAR CHAVEZ ST UNDERCROSSING",60.00,N,N,B,-,Y,,,101,,,,,,N,Y,4,0,3,3,A,-,03,22350,,N,C,C,A,B,H,-,A,D,0,,,,,Y,,A,08,0,0,3,0,0,0,0,0,0,"- ","- ",37.749481201171875,-122.40367126464844,"SAN FRANCISCO","SAN FRANCISCO",-122.40358734130859,37.749454498291016
91648736,2021,2021-12-10,9335,2021-11-17,1815,021886,,3,2,7,3801,0,1,2,,2,014,"US-101 N/B","23RD ST. O/C",420.00,N,N,A,-,Y,,,101,,,,,,N,Y,4,0,2,5,A,-,03,22350,,N,C,C,A,A,H,-,D,D,0,,,,,Y,,A,01,0,0,2,0,0,0,0,0,0,"- ","- ",37.755718231201172,-122.40325164794922,"SAN FRANCISCO","SAN FRANCISCO",-122.40304565429688,37.7557373046875
91648808,2021,2021-12-10,9335,2021-11-30,0748,018804,,2,1,7,3801,0,1,1,,2,023,"I-280 S/B","MISSION ST.",200.00,N,N,B,-,Y,,,280,,,,,,S,Y,3,0,2,3,A,-,07,21658,A,N,B,C,A,A,H,-,A,D,0,,,,,Y,,A,01,0,1,1,0,0,0,0,0,0,"- ","- ",37.731861114501953,-122.42726135253906,"SAN FRANCISCO","SAN FRANCISCO",-122.42726135253906,37.731842041015625
91649332,2021,2021-12-13,9335,2021-11-27,1843,022486,,6,2,7,3801,0,1,2,,2,014,"US-101 S/B","23RD STREET OVERCROSSING",450.00,N,N,A,-,Y,,,101,,,,,,S,N,3,0,1,3,A,-,07,21658,A,M,B,C,A,A,H,-,C,D,0,,,,,Y,,-,99,0,1,0,0,0,0,0,0,0,"- ","- ",37.75579833984375,-122.40326690673828,"SAN FRANCISCO","SAN FRANCISCO",-122.40325927734375,37.755802154541016
91649538,2021,2021-12-13,9335,2021-12-02,1750,020991,,4,2,7,3801,0,1,2,,2,013,"US-101 S/B","CEASAR CHAVEZ ST. UNDER CROSSING",2685.00,S,N,A,-,Y,,,101,,,,,,S,Y,4,0,1,3,A,-,07,21658,A,N,B,C,A,A,H,-,D,D,0,,,,,Y,,A,07,0,0,1,0,0,0,0,0,0,"- ","- ",37.742431640625,-122.40714263916016,"SAN FRANCISCO","SAN FRANCISCO",-122.40709686279297,37.742401123046875
91649698,2021,2021-12-13,9335,2021-12-03,1040,022596,,5,1,7,3801,0,1,2,,2,014,"US-101 N/B","22ND STREET PEDESTRIAN OVERCROSSING",95.00,S,N,A,-,Y,,,101,,,,,,N,Y,4,0,1,3,A,-,03,22350,,N,C,C,A,A,H,-,A,D,0,,,,,Y,,A,01,0,0,1,0,0,0,0,0,0,"- ","- ",37.756629943847656,-122.40332794189453,"SAN FRANCISCO","SAN FRANCISCO",-122.40326690673828,37.756656646728516
91650342,2021,2021-12-13,9335,2021-12-05,0448,022271,,7,3,7,3801,0,1,2,,2,013,"US-101 S/B","CORTLAND AVE",870.00,S,N,A,-,Y,,,101,,,,,,S,Y,3,0,1,2,A,-,01,23152,G,N,B,C,A,A,H,-,D,D,0,,,,,Y,Y,A,01,0,1,0,0,0,0,0,0,0,"- ","- ",37.737209320068359,-122.40785217285156,"SAN FRANCISCO","SAN FRANCISCO",-122.40786743164062,37.737205505371094
91651305,2021,2021-12-14,9335,2021-12-05,0420,022416,,7,3,7,3801,0,1,1,,2,023,"I-280 S/B","MISSION ST",136.00,S,N,A,-,Y,,,280,,,,,,S,Y,4,0,1,1,A,-,08,22107,,N,E,I,A,A,H,-,D,D,0,,,,,Y,,A,01,0,0,1,0,0,0,0,0,0,"- ","- ",37.732059478759766,-122.42877960205078,"SAN FRANCISCO","SAN FRANCISCO",-122.42876434326172,37.732143402099609
91653185,2021,2021-12-15,9335,2021-12-07,1525,022703,,2,2,7,3801,0,1,2,,2,013,"US-101 NORTHBOUND","THE FAITH STREET PEDESTRIAN OVERCROSSING",430.00,N,N,A,-,Y,,,101,,,,,,N,Y,4,0,1,2,A,-,07,21658,A,N,B,2,A,A,H,-,A,D,0,,,,,Y,,-,"- ",0,0,1,0,0,0,0,0,0,"- ","- ",37.744949340820312,-122.40502166748047,"SAN FRANCISCO","SAN FRANCISCO",-122.40503692626953,37.744956970214844
91654355,2021,2021-12-16,9335,2021-12-06,1700,022703,,1,2,7,3801,0,1,2,,2,015,"US-101 NORTHBOUND","THE FOLSOM STREET UNDERCROSSING",175.00,S,N,B,-,Y,,,101,,,,,,N,Y,3,0,3,3,A,-,03,22350,,N,C,C,A,A,H,-,D,D,0,,,,,Y,,A,01,0,3,0,0,0,0,0,0,0,"- ","- ",37.769611358642578,-122.4149169921875,"SAN FRANCISCO","SAN FRANCISCO",-122.4149169921875,37.769641876220703
91654851,2021,2022-02-25,9335,2021-12-14,1130,020658,,2,1,7,3801,0,1,2,,2,015,"US-101 N/B","HARRISON STREET",100.00,S,N,A,-,Y,,,101,,,,,,N,N,4,0,1,2,A,-,03,22350,,N,C,C,A,A,H,-,A,D,0,,,,,Y,,A,07,0,0,1,0,0,0,0,0,0,"- ","- ",37.769588470458984,-122.41291809082031,"SAN FRANCISCO","SAN FRANCISCO",-122.41291809082031,37.769584655761719
91654870,2021,2021-12-17,9335,2021-12-13,1015,021099,,1,1,7,3801,0,1,1,,2,022,"I-280 N/B","FARALLONES ST OVER-CROSSING",75.00,N,N,B,-,Y,,,280,,,,,,N,Y,3,0,1,1,A,-,08,22107,,N,E,I,A,B,H,-,A,D,0,,,,,Y,,A,07,0,1,0,0,0,0,0,0,0,"- ","- ",37.713729858398438,-122.45146942138672,"SAN FRANCISCO","SAN FRANCISCO",-122.4515380859375,37.713817596435547
91654878,2021,2021-12-17,9335,2021-12-10,1230,020509,,5,1,7,3801,0,1,1,,1,081,"I-80 WESTBOUND","YERBA BUENA ISLAND TUNNEL",2270.00,E,N,A,-,Y,,,80,,,,,,W,N,4,0,3,2,A,-,07,21658,A,M,B,C,A,A,H,-,A,D,0,,,,,Y,,-,99,0,0,3,0,0,0,0,0,0,"- ","- ",37.814891815185547,-122.35951995849609,"SAN FRANCISCO","SAN FRANCISCO",-122.359619140625,37.815059661865234
91655627,2021,2021-12-20,9335,2021-12-09,1600,020991,,4,2,7,3801,0,1,2,,2,013,"US-101 N/B","FAITH ST. PEDESTRIAN OVER CROSSING",147.00,S,N,A,-,Y,,,101,,,,,,N,Y,4,0,1,2,A,-,03,22350,,N,C,C,A,A,H,-,A,D,0,,,,,Y,,A,01,0,0,1,0,0,0,0,0,0,"- ","- ",37.743518829345703,-122.40583801269531,"SAN FRANCISCO","SAN FRANCISCO",-122.40589141845703,37.743560791015625