CASE_ID,ACCIDENT_YEAR,PROC_DATE,JURIS,COLLISION_DATE,COLLISION_TIME,OFFICER_ID,REPORTING_DISTRICT,DAY_OF_WEEK,CHP_SHIFT,POPULATION,CNTY_CITY_LOC,SPECIAL_COND,BEAT_TYPE,CHP_BEAT_TYPE,CITY_DIVISION_LAPD,CHP_BEAT_CLASS,BEAT_NUMBER,PRIMARY_RD,SECONDARY_RD,DISTANCE,DIRECTION,INTERSECTION,WEATHER_1,WEATHER_2,STATE_HWY_IND,CALTRANS_COUNTY,CALTRANS_DISTRICT,STATE_ROUTE,ROUTE_SUFFIX,POSTMILE_PREFIX,POSTMILE,LOCATION_TYPE,RAMP_INTERSECTION,SIDE_OF_HWY,TOW_AWAY,COLLISION_SEVERITY,NUMBER_KILLED,NUMBER_INJURED,PARTY_COUNT,PRIMARY_COLL_FACTOR,PCF_CODE_OF_VIOL,PCF_VIOL_CATEGORY,PCF_VIOLATION,PCF_VIOL_SUBSECTION,HIT_AND_RUN,TYPE_OF_COLLISION,MVIW,PED_ACTION,ROAD_SURFACE,ROAD_COND_1,ROAD_COND_2,LIGHTING,CONTROL_DEVICE,CHP_ROAD_TYPE,PEDESTRIAN_ACCIDENT,BICYCLE_ACCIDENT,MOTORCYCLE_ACCIDENT,TRUCK_ACCIDENT,NOT_PRIVATE_PROPERTY,ALCOHOL_INVOLVED,STWD_VEHTYPE_AT_FAULT,CHP_VEHTYPE_AT_FAULT,COUNT_SEVERE_INJ,COUNT_VISIBLE_INJ,COUNT_COMPLAINT_PAIN,COUNT_PED_KILLED,COUNT_PED_INJURED,COUNT_BICYCLIST_KILLED,COUNT_BICYCLIST_INJURED,COUNT_MC_KILLED,COUNT_MC_INJURED,PRIMARY_RAMP,SECONDARY_RAMP,LATITUDE,LONGITUDE,COUNTY,CITY,POINT_X,POINT_Y
91704723,2022,2022-02-21,9335,2022-02-11,1120,022703,,5,1,7,3801,0,1,2,,2,013,"US-101 NORTHBOUND","THE PAUL AVENUE UNDERCROSSING.",785.00,N,N,A,-,Y,SF,,101,,,1.269,H,,R,Y,3,0,1,1,A,-,03,22350,,N,F,A,A,A,H,-,A,D,0,,,Y,,Y,,C,02,0,1,0,0,0,0,0,0,1,"- ","- ",37.725811004638672,-122.40177154541016,"SAN FRANCISCO","SAN FRANCISCO",-122.40187072753906,37.725784301757812
91704725,2022,2022-02-21,9335,2022-02-11,1120,019631,,5,1,7,3801,0,1,2,,2,013,"US-101 N/B","BAYSHORE BLBD S/B UNDERCROSSING",280.00,N,N,A,-,Y,SF,,101,,,0.872,H,,R,N,3,0,1,2,A,-,03,22350,,N,C,C,A,A,H,-,A,D,0,,,Y,,Y,,C,02,0,1,0,0,0,0,0,0,1,"- ","- ",37.720359802246094,-122.39978790283203,"SAN FRANCISCO","SAN FRANCISCO",-122.39981079101562,37.720355987548828
91704869,2022,2022-02-21,9335,2022-02-11,1906,021222,,5,2,7,3801,0,1,2,,2,014,"US-101 SOUTHBOUND","23RD STREET",175.00,N,N,A,-,Y,SF,,101,,,3.399,H,,L,Y,4,0,1,3,A,-,03,22350,,N,C,C,A,A,H,-,C,D,0,,,,,Y,,A,08,0,0,1,0,0,0,0,0,0,"- ","- ",37.755020141601562,-122.40326690673828,"SAN FRANCISCO","SAN FRANCISCO",-122.40319061279297,37.755023956298828
91706630,2022,2022-02-23,9335,2022-02-10,1952,021222,,4,2,7,3801,0,1,2,,2,015,"I-80 WESTBOUND TO US-101 NORTHBOUND","SAN BRUNO AVENUE",120.00,W,N,A,-,Y,SF,,80,,L,4.037,H,,L,N,4,0,1,2,A,-,03,22350,,N,C,C,A,A,H,-,C,D,0,,,,,Y,,A,01,0,0,1,0,0,0,0,0,0,"- ","- ",37.769020080566406,-122.40647125244141,"SAN FRANCISCO","SAN FRANCISCO",-122.406494140625,37.769069671630859
91710386,2022,2022-02-28,9335,2022-02-12,0240,022096,,6,3,7,3801,0,1,1,,2,023,"I-280 N/B FROM ALEMANY BLVD","JUSTIN DRIVE",2421.00,N,N,A,-,Y,SF,,280,,R,3.687,H,,R,Y,2,0,5,1,A,-,01,23152,A,N,E,I,A,A,H,-,C,D,0,,,,,Y,Y,A,01,2,2,1,0,0,0,0,0,0,"- ","- ",37.731651306152344,-122.41779327392578,"SAN FRANCISCO","SAN FRANCISCO",-122.41778564453125,37.731857299804688
91710405,2022,2022-02-28,9335,2022-02-17,1000,019084,,4,1,7,3801,0,1,2,,2,015,"US-101 N/B TO OCTAVIA STREET","MARKET STREET",50.00,S,N,A,-,Y,SF,,101,,M,5.437,H,,R,N,4,0,1,2,A,-,03,22350,,N,C,C,A,A,H,-,A,A,0,,,,,Y,,A,01,0,0,1,0,0,0,0,0,0,"- ","- ",37.771621704101562,-122.42318725585938,"SAN FRANCISCO","SAN FRANCISCO",-122.42315673828125,37.771633148193359
91710410,2022,2022-02-28,9335,2022-02-17,1435,021916,,4,2,7,3801,0,1,1,,2,080,"I-80 W/B","HARRIET STREEET UNDERCROSSING",85.00,W,N,A,-,Y,SF,,80,,,4.605,H,,L,N,4,0,2,3,A,-,03,22350,,N,C,C,A,A,H,-,A,D,0,,,,Y,Y,,F,26,0,0,2,0,0,0,0,0,0,"- ","- ",37.776420593261719,-122.40458679199219,"SAN FRANCISCO","SAN FRANCISCO",-122.40460205078125,37.776432037353516
91710508,2022,2022-02-28,9350,2022-02-21,2100,022107,,1,2,7,3801,0,1,2,,2,020,"US-101 S/B","GOLDEN GATE BRIDGE TOLL PLAZA",85.00,N,N,C,-,Y,,,,,,,,,,N,4,0,1,1,A,-,03,22350,,N,F,A,A,B,H,-,C,D,0,,,Y,,Y,,C,02,0,0,1,0,0,0,0,0,1,"- ","- ",37.807289123535156,-122.47605133056641,"SAN FRANCISCO","SAN FRANCISCO",-122.47595977783203,37.807384490966797
91710660,2022,2022-02-28,9335,2022-02-15,1430,018053,,2,2,7,3801,0,1,2,,2,013,"US-101 S/B","CESAR CHAVEZ STREET U/C",778.00,S,N,A,-,Y,SF,,101,,,2.844,H,,L,Y,4,0,1,2,A,-,08,22107,,N,B,C,A,A,H,-,A,D,0,,,,,Y,,A,01,0,0,1,0,0,0,0,0,0,"- ","- ",37.747161865234375,-122.40460968017578,"SAN FRANCISCO","SAN FRANCISCO",-122.40453338623047,37.747142791748047
91711848,2022,2022-03-01,9335,2022-02-16,1850,021886,,3,2,7,3801,0,1,2,,2,014,"US-101 N/B","18TH ST PED O/C",1131.00,S,N,A,-,Y,SF,,101,,,3.735,H,,R,Y,4,0,3,3,A,-,07,21658,A,N,B,C,A,A,H,-,D,D,0,,,,Y,Y,,A,01,0,0,3,0,0,0,0,0,0,"- ","- ",37.759159088134766,-122.40586090087891,"SAN FRANCISCO","SAN FRANCISCO",-122.40585327148438,37.759162902832031
91713136,2022,2022-03-02,9335,2022-02-23,1810,021886,,3,2,7,3801,0,1,2,,2,013,"US-101 S/B","SILVER AVE O/C",301.00,N,N,A,-,Y,SF,,101,,,1.835,H,,L,Y,4,0,1,2,A,-,04,21703,,N,C,C,A,A,H,-,A,D,0,,,,,Y,,A,01,0,0,1,0,0,0,0,0,0,"- ","- ",37.733409881591797,-122.40589904785156,"SAN FRANCISCO","SAN FRANCISCO",-122.40579223632812,37.733451843261719
91713154,2022,2022-03-02,9335,2022-02-23,1740,022860,,3,2,7,3801,0,1,1,,2,024,"I-280 N\B","20TH STREET OVERCROSSING",120.00,N,N,A,-,Y,SF,,280,,R,6.423,H,,R,N,4,0,1,2,A,-,03,22350,,N,C,C,A,A,H,-,A,D,0,,,,,Y,,A,07,0,0,1,0,0,0,0,0,0,"- ","- ",37.760669708251953,-122.39227294921875,"SAN FRANCISCO","SAN FRANCISCO",-122.39234161376953,37.760665893554688
91713201,2022,2022-03-02,9335,2022-02-19,1540,021222,,6,2,7,3801,0,1,1,,1,083,"I-80 EASTBOUND","SPEAR STREET",130.00,W,N,A,-,Y,SF,,80,,,5.829,H,,R,Y,2,0,2,2,A,-,08,22107,,N,E,I,A,A,H,-,A,D,0,,,,,Y,,A,01,1,1,0,0,0,0,0,0,0,"- ","- ",37.787811279296875,-122.38886260986328,"SAN FRANCISCO","SAN FRANCISCO",-122.38893890380859,37.787864685058594
91713267,2022,2022-03-02,9335,2022-02-21,1710,022860,,1,2,7,3801,0,1,1,,2,080,"I-80 W\B","HARRIET ST",213.00,W,N,A,-,Y,SF,,80,,,4.575,H,,R,N,4,0,2,3,A,-,03,22350,,N,C,C,A,A,H,-,A,D,0,,,,,Y,,D,22,0,0,2,0,0,0,0,0,0,"- ","- ",37.776218414306641,-122.4049072265625,"SAN FRANCISCO","SAN FRANCISCO",-122.40472412109375,37.776088714599609
91713330,2022,2022-03-02,9335,2022-02-21,2130,021754,,1,2,7,3801,0,1,2,,2,015,"US-101 N/B","BERNICE STREET",20.00,N,N,A,-,Y,SF,,101,,R,4.915,H,,R,Y,4,0,1,1,A,-,01,23152,A,N,E,I,A,A,H,-,C,D,0,,,,,Y,Y,A,01,0,0,1,0,0,0,0,0,0,"- ","- ",37.769580841064453,-122.41426086425781,"SAN FRANCISCO","SAN FRANCISCO",-122.41426086425781,37.769626617431641
91713451,2022,2022-03-02,9335,2022-01-18,2150,020991,,2,2,7,3801,0,1,1,,2,022,"I-280 N/B","BADEN ST. OVER CROSSING",679.00,S,N,A,-,Y,SF,,280,,R,2.327,H,,R,N,4,0,1,2,A,-,07,21658,A,M,C,C,A,A,H,-,C,D,0,,,,,Y,Y,-,99,0,0,1,0,0,0,0,0,0,"- ","- ",37.729129791259766,-122.44158172607422,"SAN FRANCISCO","SAN FRANCISCO",-122.44157409667969,37.729122161865234
91714607,2022,2022-03-03,9335,2022-02-24,1710,022326,,4,2,7,3801,0,1,2,,2,013,"US-101 N/B","FAITH STREET PEDESTRIAN OVERCORSSING",60.00,N,N,A,-,Y,SF,,101,,,2.628,H,,R,Y,4,0,5,3,A,-,03,22350,,N,C,C,A,A,H,-,A,D,0,,,,,Y,,A,07,0,0,5,0,0,0,0,0,0,"- ","- ",37.7440185546875,-122.40544128417969,"SAN FRANCISCO","SAN FRANCISCO",-122.40550994873047,37.744052886962891
91715135,2022,2022-03-04,9335,2022-02-22,2207,021672,,2,3,7,3801,0,1,1,,1,083,"I-80 E/B FROM STERLING STREET","2ND ST. UNDERCROSSING",836.00,E,N,A,-,Y,SF,,80,,,5.570,H,,R,N,4,0,1,2,A,-,03,22350,,N,C,C,A,A,H,-,C,D,0,,,,,Y,,A,01,0,0,1,0,0,0,0,0,0,"- ","- ",37.784999847412109,-122.39211273193359,"SAN FRANCISCO","SAN FRANCISCO",-122.39225006103516,37.785167694091797
91715141,2022,2022-03-04,9335,2022-02-23,1115,019084,,3,1,7,3801,0,1,2,,2,014,"US-101 SOUTHBOUND","23RD STREET OVERCROSSING",230.00,N,N,A,-,Y,SF,,101,,,3.407,H,,L,Y,3,0,1,1,A,-,08,22107,,N,E,I,A,A,H,-,A,D,0,,,,,Y,,D,22,0,1,0,0,0,0,0,0,0,"- ","- ",37.755138397216797,-122.40326690673828,"SAN FRANCISCO","SAN FRANCISCO",-122.4031982421875,37.755142211914062
91715446,2022,2022-03-04,9335,2022-02-25,1300,022667,,5,1,7,3801,0,1,1,,1,081,"I-80 W/B","SPEAR ST U/C",3115.00,E,N,A,-,Y,SF,,80,,,6.442,H,,L,Y,3,0,1,1,A,-,01,23152,A,N,E,I,A,A,H,-,A,D,0,,,,,Y,Y,A,07,0,1,0,0,0,0,0,0,0,"- ","- ",37.794559478759766,-122.38134002685547,"SAN FRANCISCO","SAN FRANCISCO",-122.38151550292969,37.794677734375
91715927,2022,2022-03-07,9335,2022-02-25,2310,022271,,5,3,7,3801,0,1,2,,2,015,"US-101 SB TO I-80 EB","BRANNAN STREET",660.00,N,N,A,-,Y,SF,,80,,L,4.034,H,,R,Y,3,0,1,1,A,-,08,22107,,N,F,A,A,A,H,-,A,D,0,,,Y,,Y,,C,02,0,1,0,0,0,0,0,0,1,"- ","- ",37.769161224365234,-122.40566253662109,"SAN FRANCISCO","SAN FRANCISCO",-122.40570831298828,37.769195556640625
91716069,2022,2022-03-07,9335,2022-02-25,0525,022703,,5,3,7,3801,0,1,2,,2,013,"US-101 NORTHBOUND","THE FAITH STREET PEDESTRIAN OVERCROSSING",380.00,S,N,B,-,Y,SF,,101,,,2.538,H,,R,Y,4,0,1,3,A,-,03,22350,,N,C,C,A,A,H,-,D,D,0,,,,,Y,,A,01,0,0,1,0,0,0,0,0,0,"- ","- ",37.743030548095703,-122.40641784667969,"SAN FRANCISCO","SAN FRANCISCO",-122.40634918212891,37.742992401123047
91716072,2022,2022-03-07,9335,2022-02-26,0620,022703,,6,1,7,3801,0,1,1,,2,024,"I-280 SOUTHBOUND OT US-101 SOUTHBOUND","THE BACON STREET UNDERCROSSING",175.00,N,N,A,-,Y,SF,,101,,,1.450,H,,L,N,4,0,1,1,C,-,18,,,N,E,J,A,A,H,-,A,D,0,,,,,Y,,-,"- ",0,0,1,0,0,0,0,0,0,"- ","- ",37.728321075439453,-122.40303039550781,"SAN FRANCISCO","SAN FRANCISCO",-122.40318298339844,37.728279113769531
91716076,2022,2022-03-09,9335,2022-02-26,1300,020972,,6,1,7,3801,0,1,2,,2,013,"US-101 NB","CESAR CHAVEZ STREET",1800.00,S,N,A,-,Y,SF,,101,,,2.671,H,,R,Y,3,0,2,2,A,-,07,21658,A,N,C,C,A,A,H,-,A,D,0,,,,,Y,,A,01,0,1,1,0,0,0,0,0,0,"- ","- ",37.74462890625,-122.40518951416016,"SAN FRANCISCO","SAN FRANCISCO",-122.40518188476562,37.74462890625
91718689,2022,2022-03-09,9335,2022-02-14,1545,020991,,1,2,7,3801,0,1,1,,2,023,"I-280 S/B","MISSION ST.",258.00,N,N,A,-,Y,SF,,280,,R,3.172,H,,L,Y,4,0,2,3,A,-,03,22350,,N,C,C,A,A,H,-,A,D,0,,,,,Y,,A,01,0,0,2,0,0,0,0,0,0,"- ","- ",37.731849670410156,-122.42703247070312,"SAN FRANCISCO","SAN FRANCISCO",-122.42704772949219,37.731796264648438
91718974,2022,2022-03-09,9335,2022-03-01,1830,022860,,2,2,7,3801,0,1,2,,2,013,"US 101 SOUTHBOUND","CORTLAND AVE",100.00,S,N,A,-,Y,SF,,101,,,2.253,H,,L,Y,4,0,1,2,A,-,07,21658,A,N,B,C,A,A,H,-,C,D,0,,,,,Y,,A,01,0,0,1,0,0,0,0,0,0,"- ","- ",37.739330291748047,-122.40828704833984,"SAN FRANCISCO","SAN FRANCISCO",-122.40817260742188,37.739326477050781
91722798,2022,2022-03-15,9335,2022-03-03,2250,021301,,4,3,7,3801,0,1,3,,2,041,"I-280 S/B","ALEMANY BLVD OVER-CROSSING",308.00,N,N,C,-,Y,SF,,280,,R,3.952,H,,L,N,3,0,1,1,A,-,08,22107,,N,F,A,A,B,H,-,C,D,0,,,,,Y,,A,01,0,1,0,0,0,0,0,0,0,"- ","- ",37.733100891113281,-122.41329956054688,"SAN FRANCISCO","SAN FRANCISCO",-122.41319274902344,37.732963562011719
91724250,2021,2022-03-16,9335,2021-12-26,0010,022271,,7,3,7,3801,0,1,2,,2,013,"US-101 S/B","BACON STREET",383.00,S,N,B,-,Y,,,101,,,,,,S,Y,2,0,1,2,A,-,03,22350,,F,C,C,A,B,H,-,C,D,0,,,,,Y,,A,01,1,0,0,0,0,0,0,0,0,"- ","- ",37.726779937744141,-122.402587890625,"SAN FRANCISCO","SAN FRANCISCO",-122.40256500244141,37.726791381835938
91724326,2022,2022-03-16,9335,2022-03-08,1346,022860,,2,1,7,3801,0,1,1,,2,080,"I-80 EASTBOUND","8TH STREET",50.00,E,N,A,-,Y,SF,,80,,,4.284,H,,R,N,4,0,1,2,A,-,03,22350,,N,C,C,A,A,H,-,A,D,0,,,,,Y,,A,07,0,0,1,0,0,0,0,0,0,"- ","- ",37.772239685058594,-122.40640258789062,"SAN FRANCISCO","SAN FRANCISCO",-122.40645599365234,37.772224426269531
91725192,2022,2022-03-17,9335,2022-01-31,1815,018688,,1,2,7,3801,0,1,1,,2,080,"I-80 W/B","7TH ST.",155.00,E,N,B,-,Y,SF,,80,,,4.530,H,,L,N,4,0,2,2,A,-,03,22350,,F,C,C,A,A,H,-,C,D,0,,,,,Y,,-,99,0,0,2,0,0,0,0,0,0,"- ","- ",37.775730133056641,-122.40566253662109,"SAN FRANCISCO","SAN FRANCISCO",-122.40565490722656,37.775726318359375
91725314,2022,2022-03-17,9335,2022-03-07,2245,021754,,1,3,7,3801,0,1,2,,2,013,"US-101 S/B","CORTLAND AVENUE",700.00,S,N,A,-,Y,SF,,101,,,2.137,H,,L,Y,4,0,1,1,A,-,08,22107,,N,B,I,A,A,H,-,C,D,0,,,,,Y,,A,01,0,0,1,0,0,0,0,0,0,"- ","- ",37.737579345703125,-122.40805816650391,"SAN FRANCISCO","SAN FRANCISCO",-122.40797424316406,37.737594604492188
91725564,2022,2022-03-17,9350,2022-03-12,1518,022432,,6,2,7,3801,0,1,3,,2,011,"SR-1 N/B","LAKE STREET",2112.00,N,N,A,-,Y,SF,,1,,,6.214,H,,R,N,4,0,2,2,A,-,08,22107,,N,E,I,A,A,H,-,A,D,0,,,,,Y,,A,07,0,0,2,0,0,0,0,0,0,"- ","- ",37.790851593017578,-122.469970703125,"SAN FRANCISCO","SAN FRANCISCO",-122.46997833251953,37.790851593017578
91726593,2022,2022-03-18,9335,2022-03-08,1228,018053,,2,1,7,3801,0,1,1,,2,080,"I-80 E/B TO 5TH STREET","OF THE I-80 W/B O/C",70.00,E,N,A,-,Y,SF,,80,,,4.877,H,,L,Y,3,0,2,4,A,-,03,22350,,N,E,I,A,A,H,-,A,A,0,,,,,Y,,A,07,0,2,0,0,0,0,0,0,0,"- ","- ",37.778980255126953,-122.40074920654297,"SAN FRANCISCO","SAN FRANCISCO",-122.40079498291016,37.779014587402344
91726600,2022,2022-03-18,9335,2022-03-04,2248,022271,,5,3,7,3801,0,1,1,,2,080,"I-80 EASTBOUND","2ND STREET",405.00,E,N,B,-,Y,SF,,80,,,5.492,H,,R,Y,3,0,1,2,A,-,01,23152,A,N,C,C,A,A,H,-,C,D,0,,,,,Y,Y,A,01,0,1,0,0,0,0,0,0,0,"- ","- ",37.784488677978516,-122.39334869384766,"SAN FRANCISCO","SAN FRANCISCO",-122.39336395263672,37.784500122070312
91726646,2022,2022-03-18,9335,2022-03-09,0800,020658,,3,1,7,3801,0,1,1,,1,081,"I-80 W/B","YERBA BUENA ISLAND TUNNEL",1056.00,W,N,A,-,Y,SF,,80,,,7.523,H,,L,N,4,0,1,2,A,-,07,21658,A,N,B,C,A,A,H,-,A,D,0,,,Y,,Y,,A,01,0,0,1,0,0,0,0,0,1,"- ","- ",37.806659698486328,-122.368408203125,"SAN FRANCISCO","SAN FRANCISCO",-122.36850738525391,37.806724548339844
91727254,2022,2022-03-21,9335,2022-03-09,1715,022823,,3,2,7,3801,0,1,1,,2,022,"I-280 NB","SAN JOSE AVE OVERCROSSING",654.00,S,N,A,-,Y,SF,,280,,R,1.335,H,,R,Y,4,0,4,3,A,-,03,22350,,N,C,C,A,A,H,-,A,D,0,,,,,Y,,A,01,0,0,4,0,0,0,0,0,0,"- ","- ",37.716758728027344,-122.44870758056641,"SAN FRANCISCO","SAN FRANCISCO",-122.44878387451172,37.716781616210938
91727391,2022,2022-03-21,9335,2022-03-10,0915,022032,,4,1,7,3801,0,1,1,,2,024,"I-280 N/B","20TH ST",20.00,N,N,A,-,Y,SF,,280,,R,6.400,H,,R,Y,4,0,1,2,A,-,07,21658,A,N,B,2,A,A,H,-,A,D,0,,,Y,,Y,,A,07,0,0,1,0,0,0,0,0,1,"- ","- ",37.760379791259766,-122.39234161376953,"SAN FRANCISCO","SAN FRANCISCO",-122.39231109619141,37.760383605957031
91727426,2022,2022-03-21,9335,2022-03-11,0907,018399,,5,1,7,3801,0,1,1,,1,083,"I-80 E/B","SFOBB CENTER ANCHORAGE EAST EDGE",152.00,E,N,A,-,Y,SF,,80,,,6.808,H,,R,Y,4,0,1,2,A,-,03,22350,,N,C,C,A,A,H,-,A,D,0,,,Y,,Y,,-,"- ",0,0,1,0,0,0,0,0,1,"- ","- ",37.798629760742188,-122.37693786621094,"SAN FRANCISCO","SAN FRANCISCO",-122.37709045410156,37.798732757568359
91728838,2022,2022-03-22,9350,2022-03-13,0045,022643,,7,3,7,3801,0,1,2,,2,010,"US-101 S/B","NORTH BATTERY TUNNEL",110.00,S,N,B,C,Y,SF,,101,,R,8.843,H,,L,N,3,0,1,1,A,-,03,22350,,N,E,I,A,B,H,-,C,D,0,,,,,Y,Y,A,01,0,1,0,0,0,0,0,0,0,"- ","- ",37.801441192626953,-122.46112823486328,"SAN FRANCISCO","SAN FRANCISCO",-122.46115112304688,37.801540374755859
91729904,2022,2022-03-23,9335,2022-03-12,2035,017672,,6,2,7,3801,0,1,1,,2,080,"I-80 E/B","4TH STREET OFF-RAMP",300.00,W,N,A,-,Y,SF,,80,,,4.857,H,,R,N,3,0,1,1,A,-,03,22350,,N,F,A,A,A,H,-,A,D,0,,,Y,,Y,,C,02,0,1,0,0,0,0,0,0,1,"- ","- ",37.778461456298828,-122.40057373046875,"SAN FRANCISCO","SAN FRANCISCO",-122.40059661865234,37.778480529785156
91729953,2022,2022-03-23,9335,2022-03-11,2150,022486,,5,2,7,3801,0,1,1,,2,080,"I-80 W/B","6TH STREET",50.00,E,N,A,-,Y,SF,,80,,,4.671,H,,L,Y,4,0,2,2,A,-,07,21658,A,N,C,C,A,A,H,-,C,D,0,,,,,Y,,A,01,0,0,2,0,0,0,0,0,0,"- ","- ",37.77703857421875,-122.40364837646484,"SAN FRANCISCO","SAN FRANCISCO",-122.40361785888672,37.777004241943359
91730082,2022,2022-03-23,9335,2022-03-11,1630,022795,,5,2,7,3801,0,1,1,,2,022,"I-280 N/B","SAN JOSE AVENUE OVERCROSSING",245.00,S,N,A,-,Y,SF,,280,,R,1.407,H,,R,Y,4,0,1,2,A,-,03,22350,,N,C,C,A,A,H,-,A,D,0,,,,,Y,,D,22,0,0,1,0,0,0,0,0,0,"- ","- ",37.717800140380859,-122.44837951660156,"SAN FRANCISCO","SAN FRANCISCO",-122.448486328125,37.717807769775391
91730667,2022,2022-03-24,9335,2022-03-10,1430,022860,,4,2,7,3801,1,4,S,,2,901,"POWELL STREET","PACIFIC AVENUE",8.00,S,N,A,-,N,,,,,,,,,,N,2,0,1,2,A,-,10,21950,A,N,G,B,B,A,H,-,A,A,0,Y,,,,Y,,H,17,1,0,0,0,1,0,0,0,0,"- ","- ",37.796428680419922,-122.41011810302734,"SAN FRANCISCO","SAN FRANCISCO",-122.41005706787109,37.796489715576172
91730670,2022,2022-03-24,9335,2022-03-12,0750,022703,,6,1,7,3801,0,1,2,,2,014,"US-101 NORTHBOUND","THE 16TH STREET UNDERCROSSING.",4.00,S,N,A,-,Y,SF,,101,,,4.224,H,,R,Y,4,0,1,2,A,-,03,22350,,N,B,C,A,A,H,-,A,D,0,,,,,Y,,A,01,0,0,1,0,0,0,0,0,0,"- ","- ",37.765941619873047,-122.40493774414062,"SAN FRANCISCO","SAN FRANCISCO",-122.40502166748047,37.765933990478516
91730889,2022,2022-03-24,9335,2022-03-14,0540,018053,,1,3,7,3801,0,1,1,,2,080,"I-80 W/B","2ND STREET U/C",164.00,E,N,A,-,Y,SF,,80,,,5.446,H,,L,Y,4,0,2,2,A,-,03,22350,,N,C,C,A,A,H,-,D,D,0,,,,,Y,,D,22,0,0,2,0,0,0,0,0,0,"- ","- ",37.784191131591797,-122.39411163330078,"SAN FRANCISCO","SAN FRANCISCO",-122.39409637451172,37.784175872802734
91730899,2022,2022-03-24,9335,2022-03-14,1127,019949,,1,1,7,3801,0,1,1,,2,023,"I-280 S/B","ALEMANY BLVD OC",300.00,S,N,A,-,Y,SF,,280,,R,3.817,H,,L,Y,4,0,1,2,A,-,07,21658,A,N,C,C,A,A,H,-,A,D,0,,,,,Y,,A,01,0,0,1,0,0,0,0,0,0,"- ","- ",37.732250213623047,-122.41544342041016,"SAN FRANCISCO","SAN FRANCISCO",-122.4154052734375,37.732158660888672
91730957,2022,2022-03-24,9335,2022-03-14,1612,018688,,1,2,7,3801,0,1,1,,1,083,"I-80 E/B","SFOBB CENTER ANCHORAGE",300.00,W,N,A,-,Y,SF,,80,,,6.690,H,,R,Y,4,0,1,4,A,-,03,22350,,N,C,C,A,A,H,-,A,D,0,,,,,Y,,A,07,0,0,1,0,0,0,0,0,0,"- ","- ",37.797389984130859,-122.37846374511719,"SAN FRANCISCO","SAN FRANCISCO",-122.37851715087891,37.797428131103516
91733692,2022,2022-03-25,9335,2022-03-15,0312,021672,,2,3,7,3801,0,1,1,,1,081,"I-80 W/B","YERBA BUENA ISLAND TUNNEL",4594.00,W,N,C,-,Y,SF,,80,,,6.861,H,,L,N,3,0,1,2,A,-,08,22107,,N,E,I,A,B,H,-,C,D,0,,,,,Y,,A,01,0,1,0,0,0,0,0,0,0,"- ","- ",37.799449920654297,-122.37661743164062,"SAN FRANCISCO","SAN FRANCISCO",-122.37644195556641,37.799327850341797
91733728,2022,2022-03-25,9335,2022-03-15,0702,019949,,2,1,7,3801,0,1,1,,2,022,"I-280 N/B","BADEN STREET OVER CROSSING",900.00,S,N,C,-,Y,,,,,,,,,,Y,4,0,1,1,A,-,08,22107,,N,E,I,A,B,H,-,D,D,0,,,,,Y,,A,01,0,0,1,0,0,0,0,0,0,"- ","- ",,,"SAN FRANCISCO","SAN FRANCISCO",-122.44216156005859,37.728870391845703
91733763,2022,2022-03-25,9335,2022-02-11,1545,019799,,5,2,7,3801,0,1,1,,1,081,"I-80 W/B","SFOBB CENTER ANCHORAGE",800.00,W,N,A,-,Y,SF,,80,,,6.596,H,,L,N,3,0,1,3,A,-,03,22350,,F,C,C,A,A,H,-,A,D,0,,,,,Y,,A,01,0,1,0,0,0,0,0,0,0,"- ","- ",37.796539306640625,-122.37989044189453,"SAN FRANCISCO","SAN FRANCISCO",-122.37966156005859,37.796382904052734