CASE_ID,ACCIDENT_YEAR,PROC_DATE,JURIS,COLLISION_DATE,COLLISION_TIME,OFFICER_ID,REPORTING_DISTRICT,DAY_OF_WEEK,CHP_SHIFT,POPULATION,CNTY_CITY_LOC,SPECIAL_COND,BEAT_TYPE,CHP_BEAT_TYPE,CITY_DIVISION_LAPD,CHP_BEAT_CLASS,BEAT_NUMBER,PRIMARY_RD,SECONDARY_RD,DISTANCE,DIRECTION,INTERSECTION,WEATHER_1,WEATHER_2,STATE_HWY_IND,CALTRANS_COUNTY,CALTRANS_DISTRICT,STATE_ROUTE,ROUTE_SUFFIX,POSTMILE_PREFIX,POSTMILE,LOCATION_TYPE,RAMP_INTERSECTION,SIDE_OF_HWY,TOW_AWAY,COLLISION_SEVERITY,NUMBER_KILLED,NUMBER_INJURED,PARTY_COUNT,PRIMARY_COLL_FACTOR,PCF_CODE_OF_VIOL,PCF_VIOL_CATEGORY,PCF_VIOLATION,PCF_VIOL_SUBSECTION,HIT_AND_RUN,TYPE_OF_COLLISION,MVIW,PED_ACTION,ROAD_SURFACE,ROAD_COND_1,ROAD_COND_2,LIGHTING,CONTROL_DEVICE,CHP_ROAD_TYPE,PEDESTRIAN_ACCIDENT,BICYCLE_ACCIDENT,MOTORCYCLE_ACCIDENT,TRUCK_ACCIDENT,NOT_PRIVATE_PROPERTY,ALCOHOL_INVOLVED,STWD_VEHTYPE_AT_FAULT,CHP_VEHTYPE_AT_FAULT,COUNT_SEVERE_INJ,COUNT_VISIBLE_INJ,COUNT_COMPLAINT_PAIN,COUNT_PED_KILLED,COUNT_PED_INJURED,COUNT_BICYCLIST_KILLED,COUNT_BICYCLIST_INJURED,COUNT_MC_KILLED,COUNT_MC_INJURED,PRIMARY_RAMP,SECONDARY_RAMP,LATITUDE,LONGITUDE,COUNTY,CITY,POINT_X,POINT_Y
91733834,2022,2022-03-25,9335,2022-03-15,0830,019949,,2,1,7,3801,0,1,1,,2,024,"I-280 N/B","18TH STREET OC",50.00,N,N,B,-,Y,,,,,,,,,,Y,4,0,1,3,A,-,03,22350,,N,C,C,A,A,H,-,A,D,0,,,,,Y,,D,22,0,0,1,0,0,0,0,0,0,"- ","- ",,,"SAN FRANCISCO","SAN FRANCISCO",-122.39261627197266,37.763339996337891
91734268,2022,2022-03-28,9335,2022-03-12,0010,022271,,6,3,7,3801,0,1,2,,2,013,"US-101 S/B","SILVER AVE",805.00,N,N,A,-,Y,SF,,101,,,1.929,H,,L,N,4,0,1,2,A,-,08,22107,,N,E,I,A,A,H,-,C,D,0,,,,,Y,,A,01,0,0,1,0,0,0,0,0,0,"- ","- ",37.734668731689453,-122.40664672851562,"SAN FRANCISCO","SAN FRANCISCO",-122.40657806396484,37.734699249267578
91734420,2022,2022-03-28,9335,2022-02-19,1720,022326,,6,2,7,3801,0,1,2,,2,014,"US-101 N/B","17TH ST",60.00,S,N,A,-,Y,SF,,101,,,4.122,H,,R,N,4,0,3,4,A,-,03,22350,,M,C,C,A,A,H,-,A,D,0,,,,,Y,,-,99,0,0,3,0,0,0,0,0,0,"- ","- ",37.764469146728516,-122.40495300292969,"SAN FRANCISCO","SAN FRANCISCO",-122.40489196777344,37.764472961425781
91734434,2022,2022-03-28,9335,2022-03-17,2004,022823,,4,2,7,3801,0,1,1,,1,083,"I-80 EB","YERBA BUENA ISLAND EAST TUNNEL EDGE",3274.00,E,N,A,-,Y,SF,,80,,R,8.442,H,,R,Y,4,0,1,2,A,-,03,22350,,N,C,C,A,A,H,-,C,D,0,,,,,Y,,A,07,0,0,1,0,0,0,0,0,0,"- ","- ",37.816219329833984,-122.35662841796875,"SAN FRANCISCO","SAN FRANCISCO",-122.35663604736328,37.816230773925781
91734435,2022,2022-06-02,9335,2022-03-18,0905,022703,,5,1,7,3801,0,1,2,,2,014,"US-101 NORTHBOUND","THE FAITH STREET PEDESTRIAN OVERCROSSING.",625.00,S,N,A,-,Y,SF,,101,,,2.489,H,,R,Y,4,0,1,2,A,-,07,21658,A,N,B,C,A,A,H,-,A,D,0,,,,,Y,,A,07,0,0,1,0,0,0,0,0,0,"- ","- ",37.742420196533203,-122.40679931640625,"SAN FRANCISCO","SAN FRANCISCO",-122.40682983398438,37.742431640625
91734451,2022,2022-03-28,9335,2022-03-16,1720,020991,,3,2,7,3801,0,1,2,,2,014,"US-101 S/B","23RD ST",119.00,S,N,A,-,Y,SF,,101,,,3.338,H,,L,N,4,0,1,4,A,-,03,22350,,N,C,C,A,A,H,-,A,D,0,,,,,Y,,A,07,0,0,1,0,0,0,0,0,0,"- ","- ",37.754100799560547,-122.40306091308594,"SAN FRANCISCO","SAN FRANCISCO",-122.40310668945312,37.754096984863281
91738404,2022,2022-03-31,9335,2022-03-22,0719,019949,,2,1,7,3801,0,1,1,,2,023,"I-280 N/B","ALEMANY BLVD",168.00,N,N,A,F,Y,SF,,280,,R,0.537,H,,R,Y,4,0,1,2,A,-,03,22350,,N,C,C,A,A,H,-,A,D,0,,,Y,,Y,,C,02,0,0,1,0,0,0,0,0,1,"- ","- ",37.71044921875,-122.46000671386719,"SAN FRANCISCO","SAN FRANCISCO",-122.46000671386719,37.710418701171875
91738410,2022,2022-03-31,9335,2022-03-22,1630,022823,,2,2,7,3801,0,1,2,,2,014,"US-101 NB","23RD ST OVERCROSSING",50.00,N,N,A,-,Y,SF,,101,,,3.379,H,,R,Y,2,0,1,2,A,-,07,21658,A,N,B,C,A,A,H,-,A,D,0,,,Y,,Y,,A,07,1,0,0,0,0,0,0,0,1,"- ","- ",37.75469970703125,-122.40305328369141,"SAN FRANCISCO","SAN FRANCISCO",-122.4029541015625,37.754707336425781
91738415,2022,2022-08-16,9335,2022-03-16,1535,021756,,3,2,7,3801,0,1,2,,2,013,"US-101 N/B","FAITH ST PEDESTRIAN OVERCROSSING",576.00,N,N,A,-,Y,SF,,101,,,2.724,H,,R,N,4,0,1,2,A,-,07,21658,A,N,D,C,A,A,H,-,A,D,0,,,,,Y,,A,01,0,0,1,0,0,0,0,0,0,"- ","- ",37.745338439941406,-122.40482330322266,"SAN FRANCISCO","SAN FRANCISCO",-122.40491485595703,37.745357513427734
91739228,2022,2022-04-01,9335,2022-03-23,1816,018688,,3,2,7,3801,0,1,1,,1,081,"I-80 W/B","YERBA BUENA ISLAND TUNNEL (WEST EDGE)",355.00,W,N,A,-,Y,SF,,80,,,7.647,H,,L,N,4,0,2,2,A,-,03,22350,,N,C,C,A,A,H,-,A,D,0,,,,,Y,,A,01,0,0,2,0,0,0,0,0,0,"- ","- ",37.808139801025391,-122.36705780029297,"SAN FRANCISCO","SAN FRANCISCO",-122.36707305908203,37.808147430419922
91739237,2022,2022-04-01,9335,2022-03-24,0656,022032,,4,1,7,3801,0,1,2,,2,014,"US-101 S/B","23RD ST",90.00,N,N,A,-,Y,SF,,101,,,3.385,H,,L,Y,4,0,1,4,A,-,03,22350,,N,C,C,A,A,H,-,A,D,0,,,,,Y,,-,"- ",0,0,1,0,0,0,0,0,0,"- ","- ",37.754810333251953,-122.40312957763672,"SAN FRANCISCO","SAN FRANCISCO",-122.40316772460938,37.754806518554688
91739243,2022,2022-04-04,9335,2022-04-01,1510,021222,,5,2,7,3801,0,1,2,,2,014,"US-101 SOUTHBOUND","23RD STREET",320.00,S,N,A,-,Y,SF,,101,,,3.299,H,,L,Y,4,0,1,3,A,-,03,22350,,N,C,C,A,A,H,-,A,D,0,,,,,Y,,A,01,0,0,1,0,0,0,0,0,0,"- ","- ",37.7535400390625,-122.40308380126953,"SAN FRANCISCO","SAN FRANCISCO",-122.40305328369141,37.7535400390625
91739473,2022,2022-04-04,9335,2022-03-24,1150,018399,,4,1,7,3801,0,1,1,,1,081,"I-80 W/B","TREASURE ISLAND RD",2534.00,W,N,A,-,Y,SF,,80,,,7.260,H,,L,N,3,0,2,2,A,-,03,22350,,N,C,C,A,A,H,-,A,D,0,,,,,Y,,A,01,0,2,0,0,0,0,0,0,0,"- ","- ",37.803798675537109,-122.37167358398438,"SAN FRANCISCO","SAN FRANCISCO",-122.37165069580078,37.803787231445312
91739482,2022,2022-04-04,9335,2022-03-26,1512,018399,,6,2,7,3801,0,1,1,,1,083,"I-80 E/B","TREASURE ISLAND RD",1584.00,W,N,A,-,Y,SF,,80,,,7.426,H,,R,N,4,0,2,2,A,-,03,22350,,N,C,C,A,A,H,-,A,D,0,,,,,Y,,A,07,0,0,2,0,0,0,0,0,0,"- ","- ",37.805629730224609,-122.36963653564453,"SAN FRANCISCO","SAN FRANCISCO",-122.36966705322266,37.805644989013672
91739500,2022,2022-04-04,9335,2022-03-10,1410,021474,,4,2,7,3801,0,1,2,,2,014,"US-101 N/B","CESAR CHAVEZ ST. U/C",140.00,N,N,A,-,Y,SF,,101,,,3.046,H,,R,Y,4,0,2,4,A,-,03,22350,,N,C,C,A,A,H,-,A,D,0,,,,,Y,,D,22,0,0,2,0,0,0,0,0,0,"- ","- ",37.749931335449219,-122.40351867675781,"SAN FRANCISCO","SAN FRANCISCO",-122.40345001220703,37.749916076660156
91739510,2022,2022-04-04,9335,2022-03-24,2232,021672,,4,3,7,3801,0,1,1,,2,023,"I-280 S/B TO I-280 S/B","SAN BRUNO AVE",180.00,N,N,A,-,Y,SF,,280,,R,4.359,H,,L,N,3,0,1,1,A,-,01,23152,A,N,E,I,A,A,H,-,C,D,0,,,,,Y,Y,A,07,0,1,0,0,0,0,0,0,0,"- ","- ",37.7353515625,-122.40650177001953,"SAN FRANCISCO","SAN FRANCISCO",-122.40652465820312,37.735408782958984
91740543,2022,2022-08-16,9335,2022-03-20,1320,018399,,7,1,7,3801,0,1,1,,1,083,"I-80 E/B","8TH ST.",50.00,E,N,A,-,Y,SF,,80,,,4.292,H,,R,N,4,0,1,2,D,-,00,,,N,B,C,A,A,H,-,A,D,0,,,Y,,Y,,-,"- ",0,0,1,0,0,0,0,0,1,"- ","- ",37.772331237792969,-122.40648651123047,"SAN FRANCISCO","SAN FRANCISCO",-122.406494140625,37.772327423095703
91740633,2022,2022-04-04,9335,2022-03-24,1615,021390,,4,2,7,3801,0,1,1,,1,083,"I-80 E/B","THE EMBARCADERO UNDERCROSSING",975.00,E,N,B,-,Y,SF,,80,,,6.102,H,,R,N,4,0,1,2,A,-,03,22350,,N,B,C,A,A,H,-,A,D,0,,,Y,,Y,,C,02,0,0,1,0,0,0,0,0,1,"- ","- ",37.790809631347656,-122.385498046875,"SAN FRANCISCO","SAN FRANCISCO",-122.38563537597656,37.790901184082031
91740653,2022,2022-04-04,9335,2022-03-29,1126,018804,,2,1,7,3801,0,1,2,,2,013,"US 101 S/B01880","17TH STREET",110.00,N,N,A,-,Y,SF,,101,,,4.160,H,,L,N,4,0,2,2,A,-,03,22350,,N,C,C,A,A,H,-,A,D,0,,,,,Y,,A,01,0,0,2,0,0,0,0,0,0,"- ","- ",37.765010833740234,-122.40509033203125,"SAN FRANCISCO","SAN FRANCISCO",-122.40518188476562,37.765003204345703
91740670,2022,2022-04-05,9335,2022-03-22,0717,019949,,2,1,7,3801,0,1,1,,2,023,"I-280 N/B","ALEMANY BLVD",280.00,N,N,A,F,Y,SF,,280,,R,0.553,H,,R,N,3,0,1,2,A,-,07,21658,A,F,C,C,A,A,H,-,A,D,0,,,,,Y,,A,07,0,1,0,0,0,0,0,0,0,"- ","- ",37.710460662841797,-122.45973968505859,"SAN FRANCISCO","SAN FRANCISCO",-122.45973968505859,37.710422515869141
91740688,2022,2022-04-05,9335,2022-03-27,1940,021390,,7,2,7,3801,0,1,1,,2,024,"I-280 S/B","THE 20TH ST. OVERCROSSING",125.00,S,N,C,-,Y,SF,,280,,R,6.354,H,,L,N,3,0,1,2,A,-,08,22107,,N,C,C,A,B,H,-,D,D,0,,,,,Y,,A,01,0,1,0,0,0,0,0,0,0,"- ","- ",37.759860992431641,-122.39254760742188,"SAN FRANCISCO","SAN FRANCISCO",-122.39244079589844,37.759860992431641
91741386,2022,2022-04-05,9335,2022-03-23,1730,022860,,3,2,7,3801,0,1,2,,2,013,"US-101 N/B","PAUL AVE",200.00,N,N,A,-,Y,SF,,101,,,1.161,H,,R,Y,3,0,2,3,A,-,03,22350,,N,C,C,A,A,H,-,A,D,0,,,,,Y,,A,01,0,1,1,0,0,0,0,0,0,"- ","- ",37.724239349365234,-122.40129089355469,"SAN FRANCISCO","SAN FRANCISCO",-122.40129852294922,37.724239349365234
91741487,2022,2022-04-05,9335,2022-03-20,2000,021390,,7,2,7,3801,0,1,1,,2,080,"I-80 E/B","THE 16TH ST. UNDERCROSSING",10.00,E,N,B,-,Y,SF,,80,,,3.836,H,,R,N,4,0,1,2,A,-,07,21658,A,F,B,C,A,A,H,-,C,D,0,,,,,Y,,-,99,0,0,1,0,0,0,0,0,0,"- ","- ",37.766059875488281,-122.40492248535156,"SAN FRANCISCO","SAN FRANCISCO",-122.40492248535156,37.766075134277344
91741592,2022,2022-04-05,9335,2022-03-24,2030,022860,,4,2,7,3801,0,1,2,,2,014,"US-101 NB","22ND STREET PEDESTRIAN OVERCROSSING",380.00,N,N,B,-,Y,SF,,101,,,3.600,H,,R,N,3,0,2,2,A,-,03,22350,,N,B,C,A,A,H,-,C,D,0,,,,,Y,,A,01,0,1,1,0,0,0,0,0,0,"- ","- ",37.75775146484375,-122.40428161621094,"SAN FRANCISCO","SAN FRANCISCO",-122.40422058105469,37.757793426513672
91741625,2022,2022-04-05,9335,2022-03-25,2115,022271,,5,2,7,3801,0,1,1,,2,080,"I-80 WESTBOUND","4TH STREET",300.00,W,N,A,-,Y,SF,,80,,,4.944,H,,L,N,4,0,1,2,A,-,03,22350,,M,C,C,A,A,H,-,C,A,0,,,,,Y,,-,99,0,0,1,0,0,0,0,0,0,"- ","- ",37.779689788818359,-122.39988708496094,"SAN FRANCISCO","SAN FRANCISCO",-122.39992523193359,37.779712677001953
91741701,2022,2022-04-06,9335,2022-03-16,1545,022860,,3,2,7,3801,0,1,2,,2,015,"US-101 S/B","BRYANT STREET",200.00,S,N,A,-,Y,SF,,101,,R,4.633,H,,L,N,4,0,1,2,A,-,03,22350,,F,C,C,A,A,H,-,A,D,0,,,,,Y,,A,01,0,0,1,0,0,0,0,0,0,"- ","- ",37.769229888916016,-122.41020202636719,"SAN FRANCISCO","SAN FRANCISCO",-122.41020202636719,37.769218444824219
91742632,2022,2022-04-06,9335,2022-02-14,1425,022007,,1,2,7,3801,0,1,1,,2,080,"I-80 E/B","DIVISION STREET",171.00,W,N,A,-,Y,SF,,80,,,4.058,H,,R,N,4,0,1,3,A,-,03,22350,,M,C,C,A,A,H,-,A,D,0,,,,,Y,,-,99,0,0,1,0,0,0,0,0,0,"- ","- ",37.769229888916016,-122.40516662597656,"SAN FRANCISCO","SAN FRANCISCO",-122.40516662597656,37.769229888916016
91742652,2022,2022-04-06,9335,2022-03-25,1315,022802,,5,1,7,3801,0,1,1,,2,023,"I-280 N/B TO I-280 N/B","ALEMANY BLVD O/C",823.00,N,N,A,-,Y,SF,,280,,R,4.027,H,,R,Y,3,0,1,2,A,-,08,22107,,F,B,2,A,A,H,-,A,D,0,,,,,Y,,-,99,0,1,0,0,0,0,0,0,0,"- ","- ",37.733211517333984,-122.41197204589844,"SAN FRANCISCO","SAN FRANCISCO",-122.41199493408203,37.733253479003906
91742658,2022,2022-04-06,9335,2022-03-25,1635,022802,,5,2,7,3801,0,1,1,,2,023,"I-280 S/B","ALEMANY BLVD O/C",525.00,N,N,A,-,Y,SF,,280,,R,3.982,H,,L,N,2,0,1,2,A,-,01,23152,A,N,C,C,A,A,H,-,A,D,0,,,Y,,Y,Y,C,02,1,0,0,0,0,0,0,0,1,"- ","- ",37.733180999755859,-122.41272735595703,"SAN FRANCISCO","SAN FRANCISCO",-122.41273498535156,37.733188629150391
91743609,2022,2022-04-07,9335,2022-03-29,1440,022823,,2,2,7,3801,0,1,2,,2,014,"US-101 NB","17TH ST",70.00,N,N,A,-,Y,SF,,101,,,4.150,H,,R,Y,4,0,1,3,A,-,03,22350,,N,C,C,A,A,H,-,A,D,0,,,,,Y,,D,22,0,0,1,0,0,0,0,0,0,"- ","- ",37.764881134033203,-122.40489959716797,"SAN FRANCISCO","SAN FRANCISCO",-122.4049072265625,37.764881134033203
91744492,2022,2022-04-08,9335,2022-04-05,1038,018053,,2,1,7,3801,0,1,1,,1,081,"I-80 W/B","WEST OF YERBA BUENA ISLAND TUNNEL",31.00,W,N,A,-,Y,SF,,80,,,7.713,H,,L,Y,4,0,2,2,A,-,03,22350,,N,C,C,A,A,H,-,A,D,0,,,,,Y,,A,01,0,0,2,0,0,0,0,0,0,"- ","- ",37.808979034423828,-122.36643218994141,"SAN FRANCISCO","SAN FRANCISCO",-122.36637878417969,37.808944702148438
91744530,2022,2022-04-08,9335,2022-03-02,2100,022860,,3,2,7,3801,0,1,1,,1,083,"I-80 EASTBOUND","BEALE STREET",85.00,W,N,A,-,Y,SF,,80,,,5.702,H,,R,N,4,0,1,3,A,-,07,21658,A,M,B,C,A,A,H,-,C,D,0,,,,,Y,,-,99,0,0,1,0,0,0,0,0,0,"- ","- ",37.786411285400391,-122.39038848876953,"SAN FRANCISCO","SAN FRANCISCO",-122.39047241210938,37.786464691162109
91745706,2022,2022-04-11,9335,2022-04-01,2030,017672,,5,2,7,3801,0,1,1,,2,080,"I-80 E/B","NORTHBOUND US-101",1243.00,E,N,A,-,Y,SF,,80,,,4.031,H,,R,N,3,0,3,3,A,-,01,23152,A,F,C,C,A,A,H,-,C,D,0,,,,Y,Y,Y,F,27,0,3,0,0,0,0,0,0,0,"- ","- ",37.768848419189453,-122.40511322021484,"SAN FRANCISCO","SAN FRANCISCO",-122.40512847900391,37.768848419189453
91746449,2022,2022-06-30,9335,2022-03-30,1435,022823,,3,2,7,3801,0,1,1,,2,080,"I-80 EB","2ND ST",200.00,W,N,A,-,Y,SF,,80,,,5.348,H,,R,N,3,0,1,2,A,-,03,22350,,N,B,C,A,A,H,-,A,D,0,,,Y,,Y,,C,02,0,1,0,0,0,0,0,0,1,"- ","- ",37.783031463623047,-122.39517211914062,"SAN FRANCISCO","SAN FRANCISCO",-122.39521026611328,37.783058166503906
91747389,2022,2022-04-13,9335,2022-04-06,1845,022007,,3,2,7,3801,0,1,1,,1,083,"I-80 E/B","EAST EDGE OF YERBA BUENA ISLAND TUNNEL",269.00,E,N,A,-,Y,SF,,80,,,7.869,H,,R,N,4,0,2,3,A,-,03,22350,,N,C,C,A,A,H,-,A,D,0,,,,,Y,,A,01,0,0,2,0,0,0,0,0,0,"- ","- ",37.810691833496094,-122.36443328857422,"SAN FRANCISCO","SAN FRANCISCO",-122.36446380615234,37.810710906982422
91747528,2022,2022-04-13,9335,2022-04-03,0215,022795,,7,3,7,3801,0,1,2,,2,013,"US-101 SOUTHBOUND","CORTLAND AVENUE UNDERCROSSING",460.00,S,N,A,-,Y,SF,,101,,,2.188,H,,L,Y,3,0,2,2,A,-,01,23152,A,N,C,2,A,A,H,-,C,D,0,,,,,Y,Y,A,01,0,1,1,0,0,0,0,0,0,"- ","- ",37.738338470458984,-122.40818023681641,"SAN FRANCISCO","SAN FRANCISCO",-122.40811157226562,37.738346099853516
91748025,2022,2022-04-14,9335,2022-04-12,0825,020610,,2,1,7,3801,0,1,1,,2,023,"I-280 S/B","MISSION STREET O/C",155.00,S,N,A,-,Y,SF,,280,,R,3.076,H,,L,Y,4,0,3,3,A,-,03,22350,,N,C,C,A,A,H,-,A,D,0,,,,,Y,,A,01,0,0,3,0,0,0,0,0,0,"- ","- ",37.732189178466797,-122.4287109375,"SAN FRANCISCO","SAN FRANCISCO",-122.42871856689453,37.732162475585938
91748480,2022,2022-04-14,9335,2022-04-03,0226,022795,,7,3,7,3801,0,1,2,,2,013,"US 101 SOUTHBOUND","CORTLAND AVENUE UNDERCROSSING",470.00,S,N,A,-,Y,SF,,101,,,2.185,H,,L,Y,3,0,1,2,A,-,03,22350,,N,D,2,A,A,C,-,C,D,0,,,,Y,Y,Y,G,25,0,1,0,0,0,0,0,0,0,"- ","- ",37.738300323486328,-122.40817260742188,"SAN FRANCISCO","SAN FRANCISCO",-122.40811157226562,37.738304138183594
91748484,2022,2022-04-14,9335,2022-04-04,1802,022823,,1,2,7,3801,0,1,2,,2,015,"US-101 SB FROM 10TH ST","DIVISION ST",64.00,S,N,A,-,Y,SF,,80,,L,3.996,H,,L,Y,4,0,4,6,A,-,08,22107,,N,B,C,A,A,H,-,A,D,0,,,,,Y,Y,A,01,0,0,4,0,0,0,0,0,0,"- ","- ",37.769050598144531,-122.40711975097656,"SAN FRANCISCO","SAN FRANCISCO",-122.40711975097656,37.768989562988281
91748485,2022,2022-04-14,9335,2022-04-07,1450,021328,,4,2,7,3801,0,1,1,,2,022,"I-280 N/B","OCEAN AVE. OVERCROSSING",1030.00,N,N,A,-,Y,SF,,280,,R,1.977,H,,R,Y,4,0,2,2,A,-,08,22107,,N,B,C,A,A,H,-,A,D,0,,,,,Y,,A,01,0,0,2,0,0,0,0,0,0,"- ","- ",37.725730895996094,-122.44624328613281,"SAN FRANCISCO","SAN FRANCISCO",-122.44627380371094,37.725746154785156
91748884,2022,2022-04-15,9350,2022-04-07,0520,022574,,4,3,7,3801,0,1,2,,2,010,"US-101 N/B TO SR-1 S/B","LINCOLN BLVD. UNDERCROSSING",590.00,N,N,A,-,Y,SF,,101,,R,9.390,H,,R,N,2,0,1,1,A,-,03,22350,,N,E,I,A,A,H,-,C,D,0,,,Y,,Y,,C,02,1,0,0,0,0,0,0,0,1,"- ","- ",37.803730010986328,-122.47080230712891,"SAN FRANCISCO","SAN FRANCISCO",-122.47081756591797,37.803703308105469
91749275,2022,2022-04-15,9350,2022-03-18,1342,022373,,5,1,7,3801,0,1,2,,2,010,"US 101 SB FROM MERCHANT RD","US 101 SB",10.00,W,N,A,-,Y,,,,,,,,,,N,3,0,1,2,A,-,03,22350,,F,C,C,A,A,H,-,A,D,0,,,,,Y,,-,"- ",0,1,0,0,0,0,0,0,0,"- ","- ",37.806400299072266,-122.47509002685547,"SAN FRANCISCO","SAN FRANCISCO",-122.47483062744141,37.806461334228516
91750200,2021,2022-04-18,9335,2021-09-10,2300,022596,,5,3,7,3801,0,1,2,,2,014,"US-101 N/B","CESAR CHAVEZ OVERCROSSING",480.00,N,N,A,-,Y,,,101,,,,,,N,N,1,1,0,2,A,-,08,22107,,F,G,B,E,A,H,-,D,D,0,Y,,,,Y,Y,-,99,0,0,0,1,0,0,0,0,0,"- ","- ",37.750839233398438,-122.40309143066406,"SAN FRANCISCO","SAN FRANCISCO",-122.40313720703125,37.7508544921875
91750351,2022,2022-04-18,9335,2022-04-09,2045,017672,,6,2,7,3801,0,1,1,,2,080,"I-80 E/B","8TH STREET ON-RAMP",575.00,E,N,A,-,Y,SF,,80,,,4.607,H,,R,N,4,0,1,2,A,-,07,21658,A,N,C,C,A,A,H,-,D,D,0,,,,,Y,,A,01,0,0,1,0,0,0,0,0,0,"- ","- ",37.776378631591797,-122.40428161621094,"SAN FRANCISCO","SAN FRANCISCO",-122.40431213378906,37.776412963867188
91750376,2022,2022-04-18,9335,2022-04-10,1805,017672,,7,2,7,3801,0,1,1,,1,083,"I-80 E/B","THE NEW TOWER",1426.00,E,N,A,-,Y,SF,,80,,R,8.590,H,,R,N,3,0,1,3,A,-,03,22350,,N,C,C,A,A,H,-,A,D,0,,,,,Y,,A,01,0,1,0,0,0,0,0,0,0,"- ","- ",37.817409515380859,-122.35433959960938,"SAN FRANCISCO","SAN FRANCISCO",-122.35437774658203,37.817451477050781
91750564,2022,2022-04-18,9335,2022-04-11,0810,018053,,1,1,7,3801,0,1,1,,1,083,"I-80 E/B","WEST OF YERBA BUENA ISLAND TUNNEL",8078.00,W,N,C,-,Y,SF,,80,,,6.109,H,,R,Y,4,0,2,2,A,-,03,22350,,N,E,I,A,B,H,-,A,A,0,,,,,Y,,A,01,0,0,2,0,0,0,0,0,0,"- ","- ",37.790969848632812,-122.38553619384766,"SAN FRANCISCO","SAN FRANCISCO",-122.38555145263672,37.790977478027344
91750629,2022,2022-04-18,9335,2022-04-13,1605,021756,,3,2,7,3801,0,1,1,,2,022,"I-280 S/B","SAN JOSE AVENUE OVERCROSSING",73.00,N,N,A,-,Y,SF,,280,,R,1.477,H,,L,N,4,0,2,2,A,-,03,22350,,N,C,C,A,A,H,-,A,D,0,,,,,Y,,A,07,0,0,2,0,0,0,0,0,0,"- ","- ",37.718738555908203,-122.44863128662109,"SAN FRANCISCO","SAN FRANCISCO",-122.44853973388672,37.718734741210938
91751661,2022,2022-04-19,9335,2022-04-10,0405,022667,,7,3,7,3801,0,1,2,,2,015,"US-101 SB TO I-80 EB","DIVISION ST",320.00,N,N,A,-,Y,SF,,80,,L,3.988,H,,R,Y,3,0,1,1,A,-,08,22107,,N,E,I,A,A,H,-,C,D,0,,,,,Y,,A,01,0,1,0,0,0,0,0,0,0,"- ","- ",37.768978118896484,-122.40622711181641,"SAN FRANCISCO","SAN FRANCISCO",-122.40621948242188,37.768955230712891
91752664,2022,2022-04-20,9335,2022-04-17,0010,022271,,7,3,7,3801,0,1,2,,2,015,"US-101 S/B","BRYANT STREET",230.00,S,N,A,-,Y,SF,,101,,R,4.623,H,,L,Y,4,0,1,4,A,-,03,22350,,N,C,C,A,A,H,-,C,D,0,,,,,Y,,A,07,0,0,1,0,0,0,0,0,0,"- ","- ",37.769168853759766,-122.41002655029297,"SAN FRANCISCO","SAN FRANCISCO",-122.41002655029297,37.769187927246094
91752768,2022,2022-04-28,9335,2022-04-18,0600,020658,,1,1,7,3801,0,1,2,,2,013,"US-101 N/B","BLANKEN AVENUE",200.00,S,N,A,-,Y,SF,,101,,,0.142,H,,R,Y,1,1,1,2,A,-,08,22107,,N,E,9,A,A,H,-,B,D,0,,,,,Y,,D,22,0,0,1,0,0,0,0,0,0,"- ","- ",37.710411071777344,-122.39543914794922,"SAN FRANCISCO","SAN FRANCISCO",-122.39533996582031,37.710426330566406
91753001,2022,2022-04-21,9335,2022-04-19,0745,018053,,2,1,7,3801,0,1,1,,2,080,"I-80 W/B","6TH STREET UNDERCROSSING",303.00,E,N,A,-,Y,SF,,80,,,4.727,H,,L,Y,4,0,1,2,A,-,03,22350,,N,C,C,A,A,H,-,A,D,0,,,,,Y,,A,07,0,0,1,0,0,0,0,0,0,"- ","- ",37.777500152587891,-122.40280914306641,"SAN FRANCISCO","SAN FRANCISCO",-122.40281677246094,37.777507781982422