CASE_ID,ACCIDENT_YEAR,PROC_DATE,JURIS,COLLISION_DATE,COLLISION_TIME,OFFICER_ID,REPORTING_DISTRICT,DAY_OF_WEEK,CHP_SHIFT,POPULATION,CNTY_CITY_LOC,SPECIAL_COND,BEAT_TYPE,CHP_BEAT_TYPE,CITY_DIVISION_LAPD,CHP_BEAT_CLASS,BEAT_NUMBER,PRIMARY_RD,SECONDARY_RD,DISTANCE,DIRECTION,INTERSECTION,WEATHER_1,WEATHER_2,STATE_HWY_IND,CALTRANS_COUNTY,CALTRANS_DISTRICT,STATE_ROUTE,ROUTE_SUFFIX,POSTMILE_PREFIX,POSTMILE,LOCATION_TYPE,RAMP_INTERSECTION,SIDE_OF_HWY,TOW_AWAY,COLLISION_SEVERITY,NUMBER_KILLED,NUMBER_INJURED,PARTY_COUNT,PRIMARY_COLL_FACTOR,PCF_CODE_OF_VIOL,PCF_VIOL_CATEGORY,PCF_VIOLATION,PCF_VIOL_SUBSECTION,HIT_AND_RUN,TYPE_OF_COLLISION,MVIW,PED_ACTION,ROAD_SURFACE,ROAD_COND_1,ROAD_COND_2,LIGHTING,CONTROL_DEVICE,CHP_ROAD_TYPE,PEDESTRIAN_ACCIDENT,BICYCLE_ACCIDENT,MOTORCYCLE_ACCIDENT,TRUCK_ACCIDENT,NOT_PRIVATE_PROPERTY,ALCOHOL_INVOLVED,STWD_VEHTYPE_AT_FAULT,CHP_VEHTYPE_AT_FAULT,COUNT_SEVERE_INJ,COUNT_VISIBLE_INJ,COUNT_COMPLAINT_PAIN,COUNT_PED_KILLED,COUNT_PED_INJURED,COUNT_BICYCLIST_KILLED,COUNT_BICYCLIST_INJURED,COUNT_MC_KILLED,COUNT_MC_INJURED,PRIMARY_RAMP,SECONDARY_RAMP,LATITUDE,LONGITUDE,COUNTY,CITY,POINT_X,POINT_Y
91799101,2022,2022-06-20,9335,2022-06-13,0120,022703,,1,3,7,3801,0,1,2,,2,013,"US-101 NORTHBOUND","THE PAUL AVENUE UNDERCROSSING",720.00,N,N,A,-,Y,SF,,101,,,1.271,H,,R,Y,3,0,2,2,A,-,03,22350,,N,C,C,A,A,H,-,C,D,0,,,,,Y,,A,07,0,1,1,0,0,0,0,0,0,"- ","- ",37.725799560546875,-122.40190124511719,"SAN FRANCISCO","SAN FRANCISCO",-122.40187835693359,37.725807189941406
91799150,2022,2022-06-20,9335,2022-06-06,1620,022795,,1,2,7,3801,0,1,2,,2,013,"US-101 SOUTHBOUND","SILVER AVENUE",850.00,N,N,A,-,Y,SF,,101,,,1.937,H,,L,Y,4,0,3,2,A,-,03,22350,,N,C,C,A,A,H,-,A,D,0,,,,,Y,,A,07,0,0,3,0,0,0,0,0,0,"- ","- ",37.734779357910156,-122.40670776367188,"SAN FRANCISCO","SAN FRANCISCO",-122.40664672851562,37.734806060791016
91799179,2022,2022-06-20,9335,2022-06-05,0349,022468,,7,3,7,3801,0,1,1,,1,083,"I-80 E/B","CECTER ANCHORAGE",155.00,E,N,C,-,Y,SF,,80,,,6.807,H,,R,Y,4,0,2,2,A,-,01,23152,F,N,E,J,A,B,H,-,D,D,0,,,,,Y,Y,A,01,0,0,2,0,0,0,0,0,0,"- ","- ",37.798610687255859,-122.37693023681641,"SAN FRANCISCO","SAN FRANCISCO",-122.37709808349609,37.798725128173828
91799256,2022,2022-06-20,9335,2022-06-12,0110,022703,,7,3,7,3801,0,1,2,,2,013,"US-101 NORTHBOUND","THE PAUL AVENUE UNDERCROSSING",685.00,N,N,A,-,Y,SF,,101,,,1.261,H,,R,Y,4,0,2,3,A,-,03,22350,,F,C,C,A,A,H,-,C,D,0,,,,,Y,,A,01,0,0,2,0,0,0,0,0,0,"- ","- ",37.725669860839844,-122.40181732177734,"SAN FRANCISCO","SAN FRANCISCO",-122.40182495117188,37.725669860839844
91801011,2022,2022-06-22,9335,2022-06-21,0605,022032,,2,1,7,3801,0,1,1,,1,083,"I-80 E/B","YERBA BUENA TUNNEL WEST EDGE",1300.00,W,N,A,-,Y,SF,,80,,,7.397,H,,R,Y,4,0,2,3,A,-,07,21658,A,N,B,2,A,A,H,-,A,D,0,,,,Y,Y,,A,01,0,0,2,0,0,0,0,0,0,"- ","- ",37.805259704589844,-122.36994171142578,"SAN FRANCISCO","SAN FRANCISCO",-122.37001800537109,37.805313110351562
91801102,2022,2022-06-22,9335,2022-06-18,2030,021222,,6,2,7,3801,0,1,1,,2,023,"I-280 NORTHBOUND","MISSION STREET",230.00,S,N,A,-,Y,SF,,280,,R,3.047,H,,R,Y,4,0,1,1,A,-,08,22107,,N,E,8,A,A,H,-,C,D,0,,,,,Y,,A,07,0,0,1,0,0,0,0,0,0,"- ","- ",37.732009887695312,-122.42936706542969,"SAN FRANCISCO","SAN FRANCISCO",-122.42935180664062,37.732078552246094
91801297,2022,2022-06-22,9335,2022-04-27,0633,014455,,3,1,7,3801,0,1,1,,1,083,"E/B I-80","TREASURE ISLAND TUNNEL ENTRANCE",3696.00,W,N,A,-,Y,SF,,80,,,7.442,H,,R,N,3,0,4,2,A,-,03,22350,,F,C,C,A,A,H,-,A,D,0,,,,,Y,,A,01,0,2,2,0,0,0,0,0,0,"- ","- ",37.805858612060547,-122.36953735351562,"SAN FRANCISCO","SAN FRANCISCO",-122.36947631835938,37.805820465087891
91802290,2022,2022-06-23,9335,2022-03-04,0150,022241,,5,3,7,3801,0,1,2,,2,014,"US-101 S/B","16TH STREET UNDERCROSSING",211.00,N,N,A,-,Y,SF,,101,,R,4.273,H,,L,Y,3,0,1,2,A,-,07,21658,A,F,B,C,A,A,H,-,D,D,0,,,,,Y,,A,01,0,1,0,0,0,0,0,0,0,"- ","- ",37.766620635986328,-122.40531158447266,"SAN FRANCISCO","SAN FRANCISCO",-122.40538787841797,37.766613006591797
91804199,2022,2022-06-27,9335,2022-06-05,0511,022241,,7,3,7,3801,0,1,1,,1,083,"I-80 E/B","TREASURE ISLAND ROAD",3606.00,W,N,C,-,Y,SF,,80,,,7.044,H,,R,Y,3,0,2,3,A,-,01,23152,F,N,C,C,E,B,H,-,C,D,0,Y,,,Y,Y,,A,01,0,1,1,0,0,0,0,0,0,"- ","- ",37.80126953125,-122.37409973144531,"SAN FRANCISCO","SAN FRANCISCO",-122.37423706054688,37.801364898681641
91804318,2022,2022-06-27,9335,2022-06-26,2345,022468,,7,3,7,3801,0,1,1,,1,083,"I-80 E/B","NORTHGATE RD",2059.00,E,N,A,-,Y,SF,,80,,R,8.355,H,,R,N,4,0,2,2,A,-,03,22350,,N,C,C,A,A,H,-,C,D,0,,,,,Y,,A,07,0,0,2,0,0,0,0,0,0,"- ","- ",37.81536865234375,-122.35784912109375,"SAN FRANCISCO","SAN FRANCISCO",-122.35797119140625,37.815513610839844
91804421,2022,2022-06-27,9335,2022-06-18,1400,017672,,6,2,7,3801,0,1,1,,1,083,"I-80 E/B","SFOBB CENTER ANCHORAGE",816.00,W,N,A,-,Y,SF,,80,,,6.595,H,,R,N,4,0,1,2,A,-,03,22350,,F,C,C,A,A,H,-,A,D,0,,,,,Y,,-,99,0,0,1,0,0,0,0,0,0,"- ","- ",37.7965087890625,-122.37985992431641,"SAN FRANCISCO","SAN FRANCISCO",-122.37966156005859,37.796375274658203
91805099,2022,2022-06-28,9350,2022-06-18,1131,022432,,6,1,7,3801,0,1,3,,2,011,"SR-1 S/B","LAKE STREET",2640.00,N,N,A,-,Y,SF,,1,,,6.404,H,,L,Y,3,0,3,4,A,-,03,22350,,M,C,C,A,A,H,-,A,D,0,,,,,Y,,A,01,0,1,2,0,0,0,0,0,0,"- ","- ",37.793830871582031,-122.46962738037109,"SAN FRANCISCO","SAN FRANCISCO",-122.46962738037109,37.793830871582031
91805202,2022,2022-06-28,9335,2022-06-17,2135,022667,,5,2,7,3801,0,1,2,,2,014,"US-101 S/B","25TH ST. PEDESTRIAN O/C",145.00,N,N,A,-,Y,SF,,101,,,3.244,H,,L,Y,4,0,1,3,A,-,07,21658,A,F,B,2,A,A,H,-,C,D,0,,,,,Y,,A,01,0,0,1,0,0,0,0,0,0,"- ","- ",37.752761840820312,-122.40297698974609,"SAN FRANCISCO","SAN FRANCISCO",-122.40299224853516,37.752758026123047
91805218,2022,2022-06-28,9335,2022-06-20,2230,022096,,1,3,7,3801,0,1,1,,1,083,"I-80 E/B","THE EMBARCADERO",764.00,E,N,A,-,Y,SF,,80,,,6.066,H,,R,Y,4,0,2,1,A,-,08,22107,,N,E,I,A,A,H,-,C,D,0,,,,,Y,,A,08,0,0,2,0,0,0,0,0,0,"- ","- ",37.790409088134766,-122.38593292236328,"SAN FRANCISCO","SAN FRANCISCO",-122.38607025146484,37.790504455566406
91805267,2022,2022-06-28,9335,2022-06-24,1154,020384,,5,1,7,3801,0,1,1,,2,080,"I-80 W/B","7TH STREET",400.00,W,N,A,-,Y,SF,,80,,,4.416,H,,L,Y,4,0,1,2,A,-,03,22350,,N,C,C,A,A,H,-,A,D,0,,,,,Y,,A,01,0,0,1,0,0,0,0,0,0,"- ","- ",37.774280548095703,-122.40664672851562,"SAN FRANCISCO","SAN FRANCISCO",-122.40670013427734,37.7742919921875
91805346,2022,2022-06-28,9335,2022-06-20,1020,022860,,1,1,7,3801,0,1,1,,2,024,"I-280 N/B","BAYSHORE BLVD UNDERCROSSING",145.00,N,N,A,-,Y,SF,,280,,R,4.394,H,,R,N,4,0,2,2,A,-,03,22350,,N,C,C,A,A,D,E,A,D,0,,,,,Y,,A,07,0,0,2,0,0,0,0,0,0,"- ","- ",37.735519409179688,-122.40582275390625,"SAN FRANCISCO","SAN FRANCISCO",-122.40581512451172,37.735511779785156
91806022,2022,2022-06-29,9335,2022-06-20,0703,022860,,1,1,7,3801,0,1,2,,2,015,"US-101 S/B","15TH STREET UNDERCROSSING (NORTH ROAD EDGE)",2.00,S,N,A,-,Y,SF,,101,,R,4.319,H,,L,N,4,0,1,3,A,-,03,22350,,N,C,C,A,A,H,-,A,D,0,,,,,Y,,A,01,0,0,1,0,0,0,0,0,0,"- ","- ",37.767269134521484,-122.40544891357422,"SAN FRANCISCO","SAN FRANCISCO",-122.40547943115234,37.767269134521484
91807171,2022,2022-06-30,9335,2022-06-19,1150,022823,,7,1,7,3801,0,1,1,,2,024,"I-280 N/B TO 6TH ST.","BRANNAN ST.",578.00,S,N,A,-,Y,SF,,280,,T,7.427,H,,R,Y,4,0,3,2,A,-,03,22350,,N,C,C,A,A,H,-,A,D,0,,,,,Y,,A,08,0,0,3,0,0,0,0,0,0,"- ","- ",37.773578643798828,-122.39958953857422,"SAN FRANCISCO","SAN FRANCISCO",-122.39961242675781,37.773563385009766
91808926,2022,2022-07-01,9335,2022-05-14,0618,019434,,6,1,7,3801,0,1,1,,2,080,"I-80 W/B TO 8TH STREET","8TH STREET",340.00,E,N,A,-,Y,,,,,,,,,,Y,2,0,3,2,A,-,01,23152,A,N,B,C,A,A,H,-,A,D,0,,,,,Y,Y,A,01,2,1,0,0,0,0,0,0,0,"- ","- ",37.774158477783203,-122.40721130371094,"SAN FRANCISCO","SAN FRANCISCO",-122.40721130371094,37.774158477783203
91809110,2022,2022-07-01,9335,2022-05-14,0617,020384,,6,1,7,3801,0,1,1,,2,080,"I-80 W/B","7TH ST.",554.00,E,N,A,-,Y,SF,,80,,,4.605,H,,L,Y,2,0,3,2,A,-,01,23152,A,F,B,C,A,A,H,-,A,D,0,,,,,Y,Y,A,01,1,0,2,0,0,0,0,0,0,"- ","- ",37.77642822265625,-122.40460205078125,"SAN FRANCISCO","SAN FRANCISCO",-122.40460205078125,37.776432037353516
91809778,2022,2022-07-04,9335,2022-06-24,1520,021222,,5,2,7,3801,0,1,1,,2,022,"I-280 SOUTHBOUND TO GENEVA AVENUE","GENEVA AVENUE",30.00,N,N,A,-,Y,SF,,280,,R,1.671,H,,L,Y,4,0,4,5,A,-,03,22350,,N,C,C,A,A,H,-,A,D,0,,,,,Y,,A,01,0,0,4,0,0,0,0,0,0,"- ","- ",37.721641540527344,-122.44841003417969,"SAN FRANCISCO","SAN FRANCISCO",-122.44818115234375,37.72161865234375
91809782,2022,2022-07-04,9335,2022-06-24,1947,022486,,5,2,7,3801,0,1,1,,1,083,"I-80 E/B","TREASURE ISLAND RD",5808.00,W,N,A,-,Y,SF,,80,,,6.633,H,,R,Y,3,0,1,1,A,-,03,22350,,N,F,A,A,A,H,-,A,D,0,,,Y,,Y,,C,02,0,1,0,0,0,0,0,0,1,"- ","- ",37.79669189453125,-122.37905120849609,"SAN FRANCISCO","SAN FRANCISCO",-122.37920379638672,37.796794891357422
91810448,2022,2022-07-05,9335,2022-06-29,1213,022860,,3,1,7,3801,0,1,1,,2,022,"I-280 S/B","ST CHARLES AVE OVERCROSSING",2.00,N,N,A,-,Y,SM,,280,,M,27.432,H,,L,Y,3,0,1,1,A,-,08,22107,,N,E,I,A,A,H,-,A,D,0,,,,,Y,,A,01,0,1,0,0,0,0,0,0,0,"- ","- ",37.708320617675781,-122.46903991699219,"SAN FRANCISCO","SAN FRANCISCO",-122.46893310546875,37.708255767822266
91810634,2022,2022-07-05,9335,2022-07-01,1420,021222,,5,2,7,3801,0,1,2,,2,013,"US-101 NORTHBOUND","PAUL AVENUE",800.00,S,N,A,-,Y,SF,,101,,,0.958,H,,R,N,4,0,1,2,A,-,03,22350,,N,C,C,A,A,H,-,A,D,0,,,,,Y,,A,01,0,0,1,0,0,0,0,0,0,"- ","- ",37.721519470214844,-122.400146484375,"SAN FRANCISCO","SAN FRANCISCO",-122.40021514892578,37.721504211425781
91810662,2022,2022-07-05,9350,2022-06-20,2000,022514,,1,2,7,3801,0,1,3,,2,011,"US-101 NB TO SR-1 SB","LINCOLN BOULEVARD",505.00,N,N,A,-,Y,SF,,101,,R,9.388,H,,R,N,4,0,1,1,A,-,03,22350,,N,F,A,A,A,G,-,A,D,0,,,Y,,Y,,C,02,0,0,1,0,0,0,0,0,1,"- ","- ",37.803600311279297,-122.47083282470703,"SAN FRANCISCO","SAN FRANCISCO",-122.47077178955078,37.803684234619141
91811520,2022,2022-07-06,9335,2022-06-23,1250,022802,,4,1,7,3801,0,1,2,,2,014,"US-101 S/B","THE 23RD ST O/C",330.00,N,N,A,-,Y,SF,,101,,,3.428,H,,L,Y,4,0,1,2,A,-,08,22107,,N,E,I,A,A,H,-,A,D,0,,,,Y,Y,,F,26,0,0,1,0,0,0,0,0,0,"- ","- ",37.755481719970703,-122.40316772460938,"SAN FRANCISCO","SAN FRANCISCO",-122.40322875976562,37.755477905273438
91811553,2022,2022-08-03,9335,2022-06-18,1455,021222,,6,2,7,3801,0,1,1,,1,081,"I-80 WESTBOUND","TREASURE ISLAND ROAD",600.00,W,N,A,-,Y,SF,,80,,,7.606,H,,L,N,4,0,1,2,A,-,03,22350,,F,C,C,A,A,H,-,A,D,0,,,,,Y,,-,99,0,0,1,0,0,0,0,0,0,"- ","- ",37.807598114013672,-122.36743927001953,"SAN FRANCISCO","SAN FRANCISCO",-122.36751556396484,37.807651519775391
91812160,2022,2022-07-07,9335,2022-06-30,1250,022795,,4,1,7,3801,0,1,1,,1,082,"I-80 WESTBOUND","THE SAN FRANCISCO BAY BRIDGE TOLL PLAZA",1267.00,W,N,B,-,Y,ALA,,80,,,1.753,H,,L,Y,4,0,1,1,A,-,08,22107,,N,E,I,A,A,H,-,A,D,0,,,,,Y,,A,01,0,0,1,0,0,0,0,0,0,"- ","- ",37.823738098144531,-122.3179931640625,"SAN FRANCISCO","SAN FRANCISCO",-122.31808471679688,37.823970794677734
91812330,2022,2022-07-14,9335,2022-06-30,1600,020991,,4,2,7,3801,0,1,1,,2,022,"I-280 N/B","GENEVA AVE. OVER CROSSING",883.00,S,N,B,-,Y,SF,,280,,R,1.471,H,,R,Y,4,0,1,2,A,-,07,21658,A,N,B,C,A,A,H,-,A,D,0,,,,,Y,,A,01,0,0,1,0,0,0,0,0,0,"- ","- ",37.718730926513672,-122.44827270507812,"SAN FRANCISCO","SAN FRANCISCO",-122.44837951660156,37.718738555908203
91813772,2022,2022-07-11,9335,2022-06-27,0140,022703,,1,3,7,3801,0,1,2,,2,015,"US-101 SOUTHBOUND TO I-80 EASTBOUND","THE DIVISON STREET UNDERCROSSING.",40.00,S,N,A,-,Y,SF,,80,,L,4.079,H,,R,N,3,0,2,1,A,-,01,23152,A,N,E,I,A,A,H,-,C,D,0,,,,,Y,Y,A,01,0,2,0,0,0,0,0,0,0,"- ","- ",37.769611358642578,-122.40547180175781,"SAN FRANCISCO","SAN FRANCISCO",-122.40546417236328,37.769607543945312
91814418,2022,2022-07-11,9335,2022-07-01,1421,017672,,5,2,7,3801,0,1,2,,2,013,"US-101 N/B","PAUL AVE U/C",399.00,N,N,A,-,Y,SF,,101,,,1.196,H,,R,N,4,0,1,3,A,-,03,22350,,N,C,C,A,A,H,-,A,D,0,,,,,Y,,A,01,0,0,1,0,0,0,0,0,0,"- ","- ",37.724750518798828,-122.40145874023438,"SAN FRANCISCO","SAN FRANCISCO",-122.40150451660156,37.724739074707031
91814529,2022,2022-07-11,9335,2022-06-26,1837,022186,,7,2,7,3801,0,1,2,,2,014,"US-101 S/B","23RD STREET O/C",310.00,S,N,A,-,Y,SF,,101,,,3.301,H,,L,N,4,0,1,2,A,-,01,23152,A,N,C,C,A,A,H,-,A,D,0,,,,,Y,Y,A,01,0,0,1,0,0,0,0,0,0,"- ","- ",37.753570556640625,-122.40312957763672,"SAN FRANCISCO","SAN FRANCISCO",-122.40305328369141,37.753574371337891
91814553,2022,2022-07-11,9335,2022-06-24,2145,022525,,5,2,7,3801,0,1,1,,2,023,"I-280 N/B","ST. MARY'S PARK FOOTBRIDGE O/C",1584.00,N,N,A,-,Y,SF,,280,,R,3.834,H,,R,N,4,0,1,2,A,-,07,21658,A,F,B,C,A,A,H,-,D,D,0,,,,,Y,Y,-,99,0,0,1,0,0,0,0,0,0,"- ","- ",37.732028961181641,-122.41519927978516,"SAN FRANCISCO","SAN FRANCISCO",-122.41520690917969,37.732040405273438
91814693,2022,2022-07-18,9335,2022-06-26,2018,021222,,7,2,7,3801,0,1,1,,1,083,"I-80 EASTBOUND","PHYSICAL GORE POINT OF I-80 EASTBOUND TO TREASURE",30.00,W,N,A,-,Y,SF,,80,,,7.654,H,,R,N,3,0,2,2,A,-,07,21658,A,F,B,C,A,A,H,-,C,D,0,,,,,Y,,A,01,0,2,0,0,0,0,0,0,0,"- ","- ",37.808300018310547,-122.36711883544922,"SAN FRANCISCO","SAN FRANCISCO",-122.36699676513672,37.808235168457031
91814704,2022,2022-07-12,9335,2022-03-16,2251,021672,,3,3,7,3801,0,1,1,,1,083,"I-80 E/B","TREASURE ISLAND ROAD",4488.00,W,N,A,-,Y,SF,,80,,,6.877,H,,R,N,2,0,1,2,A,-,01,23152,A,N,C,C,A,A,H,-,C,D,0,,,Y,,Y,Y,C,02,1,0,0,0,0,0,0,0,1,"- ","- ",37.799491882324219,-122.37624359130859,"SAN FRANCISCO","SAN FRANCISCO",-122.37625885009766,37.79949951171875
91815438,2022,2022-07-12,9335,2022-06-30,1405,022920,,4,2,7,3801,0,1,2,,2,013,"US-101 S/B","THE CORTLAND AVE UNDERCROSSING",405.00,N,N,B,-,Y,SF,,101,,,2.356,H,,L,Y,4,0,2,4,A,-,03,22350,,N,C,C,A,A,H,-,A,D,0,,,,Y,Y,,A,07,0,0,2,0,0,0,0,0,0,"- ","- ",37.740798950195312,-122.40805816650391,"SAN FRANCISCO","SAN FRANCISCO",-122.40792083740234,37.740779876708984
91816276,2022,2022-07-13,9335,2022-07-06,1415,021588,,3,2,7,3801,0,1,1,,1,081,"I-80 W/B","THE EMBARCADERO",150.00,E,N,A,-,Y,SF,,80,,,5.911,H,,L,N,4,0,1,2,A,-,03,22350,,N,C,C,A,A,H,-,A,D,0,,,,,Y,,A,01,0,0,1,0,0,0,0,0,0,"- ","- ",37.788688659667969,-122.3878173828125,"SAN FRANCISCO","SAN FRANCISCO",-122.38794708251953,37.788776397705078
91816312,2022,2022-07-13,9335,2022-04-09,0155,022241,,6,3,7,3801,0,1,2,,2,015,"US-101 S/B TO I-80 E/B","DIVISION STREET UNDERCROSSING",135.00,S,N,A,-,Y,SF,,80,,L,4.130,H,,R,Y,3,0,2,2,A,-,08,22107,,F,E,8,A,A,H,-,C,D,0,,,,,Y,Y,A,01,0,1,1,0,0,0,0,0,0,"- ","- ",37.770149230957031,-122.40540313720703,"SAN FRANCISCO","SAN FRANCISCO",-122.40543365478516,37.770145416259766
91816474,2022,2022-07-13,9335,2022-07-11,0841,018053,,1,1,7,3801,0,1,1,,1,083,"I-80 E/B","EAST EDGE OF THE MAIN STREET U/C",163.00,E,N,A,-,Y,SF,,80,,,5.822,H,,R,Y,4,0,1,2,A,-,08,22107,,N,E,I,A,A,H,-,A,D,0,,,,,Y,,A,08,0,0,1,0,0,0,0,0,0,"- ","- ",37.7877197265625,-122.38890838623047,"SAN FRANCISCO","SAN FRANCISCO",-122.38902282714844,37.787796020507812
91817327,2022,2022-08-02,9335,2022-07-01,1137,022897,,5,1,7,3801,0,1,1,,1,083,"I-80 E/B","SFOBB CENTER ANCHORAGE",10.00,E,N,B,-,Y,SF,,80,,,6.833,H,,R,Y,4,0,1,3,A,-,07,21658,A,F,B,C,A,A,H,-,A,D,0,,,,Y,Y,,A,01,0,0,1,0,0,0,0,0,0,"- ","- ",37.798908233642578,-122.37664031982422,"SAN FRANCISCO","SAN FRANCISCO",-122.37679290771484,37.79901123046875
91817435,2022,2022-07-14,9335,2022-07-07,1525,017672,,4,2,7,3801,0,1,1,,1,083,"I-80 E/B","TOWER W-2",202.00,E,N,A,-,Y,SF,,80,,,6.133,H,,R,N,4,0,1,2,A,-,07,21658,A,N,B,C,A,A,H,-,A,D,0,,,,Y,Y,,F,27,0,0,1,0,0,0,0,0,0,"- ","- ",37.791271209716797,-122.38529968261719,"SAN FRANCISCO","SAN FRANCISCO",-122.38526153564453,37.791244506835938
91817586,2022,2022-07-14,9335,2022-07-04,1450,022920,,1,2,7,3801,0,1,2,,2,013,"US-101 S/B","THE PAUL AVE. UNDERCROSSING",120.00,S,N,A,-,Y,SF,,101,,,1.114,H,,L,N,3,0,1,2,A,-,07,21658,A,N,C,C,A,A,H,-,A,D,0,,,,,Y,,A,07,0,1,0,0,0,0,0,0,0,"- ","- ",37.723590850830078,-122.40142059326172,"SAN FRANCISCO","SAN FRANCISCO",-122.40131378173828,37.723621368408203
91817642,2022,2022-07-15,9335,2022-07-12,1850,022920,,2,2,7,3801,0,1,1,,1,083,"I-80 E/B","THE YERBA BUENA ISLAND TUNNEL",1320.00,W,N,A,-,Y,SF,,80,,,7.475,H,,R,Y,4,0,1,2,A,-,08,22107,,N,F,A,A,A,H,-,A,D,0,,,Y,,Y,,C,02,0,0,1,0,0,0,0,0,1,"- ","- ",37.806098937988281,-122.36894989013672,"SAN FRANCISCO","SAN FRANCISCO",-122.36907958984375,37.806190490722656
91818047,2022,2022-07-15,9350,2022-07-06,0725,022020,,3,1,7,3801,0,1,2,,2,010,"US-101 N/B TO SR-1 S/B","LINCOLN BOULEVARD U/C",500.00,N,N,B,-,Y,SF,,101,,R,9.387,H,,R,Y,4,0,1,1,A,-,03,22350,,N,E,I,A,B,H,-,A,D,0,,,,,Y,,A,07,0,0,1,0,0,0,0,0,0,"- ","- ",37.803600311279297,-122.47081756591797,"SAN FRANCISCO","SAN FRANCISCO",-122.47076416015625,37.803680419921875
91819488,2022,2022-07-18,9335,2022-07-04,1433,022860,,1,2,7,3801,0,1,2,,2,015,"US-101 N/B","16TH STREET UNDERCROSSING",47.00,N,N,A,-,Y,SF,,101,,,4.240,H,,R,Y,3,0,1,1,A,-,07,21658,A,N,E,9,A,A,H,-,A,D,0,,,,,Y,,A,01,0,1,0,0,0,0,0,0,0,"- ","- ",37.766170501708984,-122.40496063232422,"SAN FRANCISCO","SAN FRANCISCO",-122.40505218505859,37.766162872314453
91819796,2022,2022-07-18,9335,2022-06-26,1920,022703,,7,2,7,3801,0,1,1,,1,083,"I-80 EASTBOUND","THE TREASURE ISLAND RD OVERCROSSING",1320.00,W,N,A,-,Y,SF,,80,,,7.473,H,,R,Y,3,0,1,3,A,-,01,23152,A,M,C,C,A,A,H,-,A,D,0,,,,,Y,Y,A,01,0,1,0,0,0,0,0,0,0,"- ","- ",37.806198120117188,-122.36914825439453,"SAN FRANCISCO","SAN FRANCISCO",-122.36910247802734,37.806171417236328
91819838,2022,2022-07-18,9335,2022-07-09,0940,022032,,6,1,7,3801,0,1,1,,1,083,"I-80 E/B","YERBA BUENA ISLAND TUNNEL",40.00,W,N,A,-,Y,SF,,80,,,7.705,H,,R,Y,4,0,1,3,A,-,03,22350,,N,C,C,A,A,H,-,A,D,0,,,,,Y,,A,01,0,0,1,0,0,0,0,0,0,"- ","- ",37.808868408203125,-122.36652374267578,"SAN FRANCISCO","SAN FRANCISCO",-122.36647796630859,37.808849334716797
91819860,2022,2022-07-18,9335,2022-07-09,1100,022032,,6,1,7,3801,0,1,1,,1,081,"I-80 W/B","MAIN ST",80.00,W,N,A,-,Y,SF,,80,,,5.773,H,,L,Y,4,0,1,2,A,-,03,22350,,N,C,C,A,A,H,-,A,D,0,,,,,Y,,D,22,0,0,1,0,0,0,0,0,0,"- ","- ",37.787239074707031,-122.38961029052734,"SAN FRANCISCO","SAN FRANCISCO",-122.38961791992188,37.787246704101562
91819889,2022,2022-07-18,9335,2022-07-09,1255,022795,,6,1,7,3801,0,1,2,,2,013,"US-101 SOUTHBOUND","CESAR CHAVEZ STREET",775.00,S,N,A,-,Y,SF,,101,,,2.847,H,,L,Y,3,0,1,2,A,-,08,22107,,N,D,2,A,A,H,-,A,D,0,,,,,Y,,A,01,0,1,0,0,0,0,0,0,0,"- ","- ",37.747180938720703,-122.40454864501953,"SAN FRANCISCO","SAN FRANCISCO",-122.40452575683594,37.747173309326172
91820480,2022,2022-07-19,9335,2022-07-13,2355,021754,,3,3,7,3801,0,1,2,,2,013,"US-101 N/B FROM CESAR CHAVEZ STREET E/B","CESAR CHAVEZ STREET U/C",450.00,S,N,A,-,Y,SF,,101,,,2.910,H,,R,N,3,0,1,1,A,-,08,22107,,N,E,I,A,A,H,-,C,D,0,,,Y,,Y,,C,02,0,1,0,0,0,0,0,0,1,"- ","- ",37.748050689697266,-122.40438079833984,"SAN FRANCISCO","SAN FRANCISCO",-122.404052734375,37.74798583984375