CASE_ID,ACCIDENT_YEAR,PROC_DATE,JURIS,COLLISION_DATE,COLLISION_TIME,OFFICER_ID,REPORTING_DISTRICT,DAY_OF_WEEK,CHP_SHIFT,POPULATION,CNTY_CITY_LOC,SPECIAL_COND,BEAT_TYPE,CHP_BEAT_TYPE,CITY_DIVISION_LAPD,CHP_BEAT_CLASS,BEAT_NUMBER,PRIMARY_RD,SECONDARY_RD,DISTANCE,DIRECTION,INTERSECTION,WEATHER_1,WEATHER_2,STATE_HWY_IND,CALTRANS_COUNTY,CALTRANS_DISTRICT,STATE_ROUTE,ROUTE_SUFFIX,POSTMILE_PREFIX,POSTMILE,LOCATION_TYPE,RAMP_INTERSECTION,SIDE_OF_HWY,TOW_AWAY,COLLISION_SEVERITY,NUMBER_KILLED,NUMBER_INJURED,PARTY_COUNT,PRIMARY_COLL_FACTOR,PCF_CODE_OF_VIOL,PCF_VIOL_CATEGORY,PCF_VIOLATION,PCF_VIOL_SUBSECTION,HIT_AND_RUN,TYPE_OF_COLLISION,MVIW,PED_ACTION,ROAD_SURFACE,ROAD_COND_1,ROAD_COND_2,LIGHTING,CONTROL_DEVICE,CHP_ROAD_TYPE,PEDESTRIAN_ACCIDENT,BICYCLE_ACCIDENT,MOTORCYCLE_ACCIDENT,TRUCK_ACCIDENT,NOT_PRIVATE_PROPERTY,ALCOHOL_INVOLVED,STWD_VEHTYPE_AT_FAULT,CHP_VEHTYPE_AT_FAULT,COUNT_SEVERE_INJ,COUNT_VISIBLE_INJ,COUNT_COMPLAINT_PAIN,COUNT_PED_KILLED,COUNT_PED_INJURED,COUNT_BICYCLIST_KILLED,COUNT_BICYCLIST_INJURED,COUNT_MC_KILLED,COUNT_MC_INJURED,PRIMARY_RAMP,SECONDARY_RAMP,LATITUDE,LONGITUDE,COUNTY,CITY,POINT_X,POINT_Y
91820694,2022,2022-07-19,9335,2022-07-15,1440,022860,,5,2,7,3801,0,1,2,,2,013,"US-101 N/B","PAUL AVE UNDERCROSSING",475.00,S,N,A,-,Y,SF,,101,,,1.024,H,,R,Y,4,0,1,4,A,-,03,22350,,N,C,C,A,A,H,-,A,D,0,,,,,Y,,A,01,0,0,1,0,0,0,0,0,0,"- ","- ",37.722381591796875,-122.40052032470703,"SAN FRANCISCO","SAN FRANCISCO",-122.40054321289062,37.722373962402344
91821728,2022,2022-07-20,9335,2022-07-18,1710,021474,,1,2,7,3801,0,1,2,,2,014,"US-101 S/B","23RD ST. O/C",545.00,N,N,A,-,Y,SF,,101,,,3.465,H,,L,Y,3,0,1,3,A,-,03,22350,,N,C,C,A,A,H,-,A,D,0,,,,,Y,,A,08,0,1,0,0,0,0,0,0,0,"- ","- ",37.756038665771484,-122.40338897705078,"SAN FRANCISCO","SAN FRANCISCO",-122.40329742431641,37.756050109863281
91824348,2022,2022-07-25,9335,2022-07-15,1002,022897,,5,1,7,3801,0,1,1,,2,023,"I-280 S/B","JUSTIN DR. OVERCROSSING",802.00,N,N,B,-,Y,SF,,280,,R,3.381,H,,L,N,4,0,1,2,A,-,03,22350,,N,C,C,A,A,H,-,A,D,0,,,,,Y,,A,01,0,0,1,0,0,0,0,0,0,"- ","- ",37.731658935546875,-122.42327117919922,"SAN FRANCISCO","SAN FRANCISCO",-122.42325592041016,37.731578826904297
91824483,2022,2022-07-25,9335,2022-07-16,2115,022667,,6,2,7,3801,0,1,1,,2,022,"I-280 S/B","PAULDING ST O/C",310.00,S,N,A,-,Y,SF,,280,,R,2.146,H,,L,Y,3,0,1,1,A,-,08,22107,,N,E,I,A,A,H,-,C,D,0,,,,,Y,Y,A,01,0,1,0,0,0,0,0,0,0,"- ","- ",37.727668762207031,-122.44448852539062,"SAN FRANCISCO","SAN FRANCISCO",-122.44451904296875,37.727695465087891
91824564,2022,2022-07-25,9335,2022-07-18,0228,022667,,1,3,7,3801,0,1,1,,1,083,"I-80 E/B","SPEAR ST U/C",3150.00,E,N,A,-,Y,SF,,80,,,6.450,H,,R,Y,4,0,1,2,A,-,03,22350,,N,C,C,A,A,H,-,C,D,0,,,,,Y,Y,A,01,0,0,1,0,0,0,0,0,0,"- ","- ",37.794658660888672,-122.38126373291016,"SAN FRANCISCO","SAN FRANCISCO",-122.38141632080078,37.794769287109375
91824641,2022,2022-07-26,9335,2022-07-19,2100,021588,,2,2,7,3801,0,1,1,,1,081,"I-80 WESTBOUND TO FREMONT/FOLSOM STREET","FOLSOM STREET",580.00,E,N,A,-,Y,,,,,,,,,,N,4,0,1,1,A,-,08,22107,,N,E,I,A,A,H,-,C,D,0,,,,,Y,,A,01,0,0,1,0,0,0,0,0,0,"- ","- ",37.785179138183594,-122.39425659179688,"SAN FRANCISCO","SAN FRANCISCO",-122.39425659179688,37.785179138183594
91825558,2022,2022-07-26,9335,2022-07-25,0215,022667,,1,3,7,3801,0,1,1,,1,083,"I-80 E/B","YERBA BUENA ISLAND TUNNEL EXIT",6230.00,E,N,A,-,Y,ALA,,80,,R,0.159,H,,R,Y,4,0,2,1,C,-,18,,,N,E,I,A,A,H,-,C,D,0,,,,,Y,,-,"- ",0,0,2,0,0,0,0,0,0,"- ","- ",37.819149017333984,-122.34671020507812,"SAN FRANCISCO","SAN FRANCISCO",-122.34674072265625,37.819267272949219
91826558,2022,2022-07-27,9335,2022-07-15,2355,022241,,5,3,7,3801,0,1,1,,2,022,"I-280 N/B","SAN JOSE AVENUE OVERCROSSING",833.00,S,N,A,-,Y,SF,,280,,R,1.302,H,,R,Y,3,0,1,1,A,-,01,23152,A,N,E,8,A,A,H,-,C,D,0,,,,,Y,Y,A,07,0,1,0,0,0,0,0,0,0,"- ","- ",37.716289520263672,-122.44889068603516,"SAN FRANCISCO","SAN FRANCISCO",-122.44900512695312,37.716327667236328
91827203,2022,2022-07-28,9335,2022-07-14,1000,022897,,4,1,7,3801,0,1,1,,2,024,"I-280 S/B","OAKDALE AVE. UNDERCROSSING",142.00,S,N,B,-,Y,SF,,280,,R,4.807,H,,L,N,4,0,1,2,A,-,03,22350,,N,C,C,A,A,H,-,A,D,0,,,,,Y,,A,07,0,0,1,0,0,0,0,0,0,"- ","- ",37.739551544189453,-122.40004730224609,"SAN FRANCISCO","SAN FRANCISCO",-122.40003204345703,37.739540100097656
91827354,2022,2022-07-28,9335,2022-07-17,1830,021916,,7,2,7,3801,0,1,2,,2,015,"US-101 S/B TO I-80 E/B","DIVISION STREET UNDERCROSSING",35.00,N,N,A,-,Y,SF,,80,,L,4.072,H,,R,Y,4,0,1,1,A,-,08,22107,,N,E,I,A,A,H,-,A,D,0,,,,,Y,,A,07,0,0,1,0,0,0,0,0,0,"- ","- ",37.769550323486328,-122.405517578125,"SAN FRANCISCO","SAN FRANCISCO",-122.40547943115234,37.769538879394531
91827422,2022,2022-10-31,9335,2022-07-15,1250,022897,,5,1,7,3801,0,1,2,,2,014,"US-101 N/B","23RD ST. OVERCROSSING",640.00,N,N,A,-,Y,SF,,101,,,3.488,H,,R,N,4,0,1,2,A,-,07,21658,A,N,B,C,A,A,H,-,A,D,0,,,Y,,Y,,A,01,0,0,1,0,0,0,0,0,1,"- ","- ",37.756401062011719,-122.40328216552734,"SAN FRANCISCO","SAN FRANCISCO",-122.40318298339844,37.756416320800781
91828929,2022,2022-07-29,9335,2022-07-16,1155,022795,,6,1,7,3801,0,1,2,,2,014,"US-101 NORTHBOUND","16TH STREET",280.00,S,N,A,-,Y,,,,,,,,,,Y,4,0,1,2,A,-,03,22350,,N,C,C,A,A,H,-,A,D,0,,,Y,,Y,,C,02,0,0,1,0,0,0,0,0,1,"- ","- ",37.749210357666016,-122.40492248535156,"SAN FRANCISCO","SAN FRANCISCO",-122.40484619140625,37.765167236328125
91829108,2022,2022-07-29,9335,2022-07-16,1240,022802,,6,1,7,3801,0,1,1,,2,023,"I-280 S/B FROM ALEMANY BOULEVARD","ST. MARYS PARK FOOTBRIDGE",1215.00,N,N,A,-,Y,SF,,280,,R,3.766,H,,R,Y,3,0,1,1,A,-,08,22107,,N,E,J,A,A,H,-,A,D,0,,,Y,,Y,,C,02,0,1,0,0,0,0,0,0,1,"- ","- ",37.731739044189453,-122.41636657714844,"SAN FRANCISCO","SAN FRANCISCO",-122.4163818359375,37.731876373291016
91829723,2022,2022-08-01,9335,2022-07-20,1420,022795,,3,2,7,3801,0,1,1,,2,024,"I-280 SOUTHBOUND","25TH STREET",980.00,S,N,A,-,Y,SF,,280,,R,5.616,H,,L,Y,4,0,1,4,A,-,03,22350,,N,C,C,A,A,H,-,A,D,0,,,,,Y,,A,01,0,0,1,0,0,0,0,0,0,"- ","- ",37.749969482421875,-122.39235687255859,"SAN FRANCISCO","SAN FRANCISCO",-122.39238739013672,37.749977111816406
91830540,2022,2022-08-01,9335,2022-07-24,0220,022823,,7,3,7,3801,0,1,2,,2,015,"US-101 S/B","HARRISON ST.",356.00,S,N,A,-,Y,SF,,101,,R,4.789,H,,L,Y,4,0,1,3,A,-,03,22350,,N,C,C,A,A,H,-,C,D,0,,,,,Y,,A,01,0,0,1,0,0,0,0,0,0,"- ","- ",37.769481658935547,-122.41203308105469,"SAN FRANCISCO","SAN FRANCISCO",-122.41203308105469,37.769428253173828
91830985,2022,2022-08-02,9335,2022-07-23,1450,022860,,6,2,7,3801,0,1,2,,2,013,"US-101 N/B","FAITH STREET PEDESTRIAN OVERCROSSING",360.00,S,N,A,-,Y,SF,,101,,,2.543,H,,R,Y,3,0,3,3,A,-,03,22350,,N,C,C,A,A,H,-,A,D,0,,,Y,,Y,,C,02,0,2,1,0,0,0,0,0,2,"- ","- ",37.743091583251953,-122.40638732910156,"SAN FRANCISCO","SAN FRANCISCO",-122.40630340576172,37.7430419921875
91831472,2022,2022-08-02,9335,2022-07-10,1326,022823,,7,1,7,3801,0,1,1,,1,081,"I-80 W/B","YERBA BUENA ISLAND TUNNEL WEST EDGE",5743.00,W,N,A,-,Y,SF,,80,,,6.646,H,,L,N,4,0,2,2,A,-,03,22350,,N,C,C,A,A,H,-,A,D,0,,,,,Y,,A,07,0,0,2,0,0,0,0,0,0,"- ","- ",37.796901702880859,-122.37899780273438,"SAN FRANCISCO","SAN FRANCISCO",-122.37905120849609,37.79693603515625
91832308,2022,2022-08-03,9335,2022-07-14,1745,022823,,4,2,7,3801,0,1,1,,1,081,"I-80 W/B","YERBA BUENA ISLAND TUNNEL WEST EDGE",5350.00,W,N,A,-,Y,SF,,80,,,6.719,H,,L,N,4,0,2,3,A,-,03,22350,,M,C,C,A,A,H,-,A,D,0,,,,,Y,,A,01,0,0,2,0,0,0,0,0,0,"- ","- ",37.79766845703125,-122.37805938720703,"SAN FRANCISCO","SAN FRANCISCO",-122.378173828125,37.797744750976562
91832364,2022,2022-08-03,9335,2022-07-28,1250,022897,,4,1,7,3801,0,1,2,,2,015,"US-101 S/B TO I-80 E/B","DIVISION ST",78.00,N,N,B,-,Y,SF,,80,,L,4.074,H,,R,N,4,0,1,2,A,-,08,22107,,N,E,I,A,A,H,-,A,A,0,,,,Y,Y,,F,26,0,0,1,0,0,0,0,0,0,"- ","- ",37.769561767578125,-122.40541839599609,"SAN FRANCISCO","SAN FRANCISCO",-122.40547180175781,37.769565582275391
91832991,2022,2022-08-04,9335,2022-07-24,0215,022196,,7,3,7,3801,0,1,2,,2,015,"US-101 S/B","BRYANT STREET",60.00,N,N,A,-,Y,SF,,101,,R,4.739,H,,L,N,4,0,1,1,A,-,01,23152,A,N,E,I,A,A,H,-,C,D,0,,,,,Y,Y,A,01,0,0,1,0,0,0,0,0,0,"- ","- ",37.769371032714844,-122.41111755371094,"SAN FRANCISCO","SAN FRANCISCO",-122.41112518310547,37.769359588623047
91833382,2022,2022-08-04,9350,2022-08-02,0155,022606,,2,3,7,3801,0,1,2,,2,020,"US-101 N/B","LINCOLN BLVD",2790.00,N,N,A,-,Y,,,,,,,,,,Y,2,0,2,2,A,-,01,23152,A,N,C,C,A,A,D,-,C,D,0,,,,,Y,Y,A,01,1,1,0,0,0,0,0,0,0,"- ","- ",37.813159942626953,-122.47781372070312,"SAN FRANCISCO","SAN FRANCISCO",-122.47783660888672,37.813156127929688
91833486,2022,2022-08-04,9335,2022-07-24,1445,022007,,7,2,7,3801,0,1,1,,1,081,"I-80 W/B","SAN FRANCISCO/ALAMEDA COUNTY LINE",148.00,W,N,A,-,Y,ALA,,80,,R,0.020,H,,L,N,4,0,1,2,A,-,03,22350,,N,C,C,A,A,H,-,A,D,0,,,,,Y,,A,01,0,0,1,0,0,0,0,0,0,"- ","- ",37.819190979003906,-122.34934234619141,"SAN FRANCISCO","SAN FRANCISCO",-122.34935760498047,37.819271087646484
91834988,2022,2022-08-08,9335,2022-07-30,0240,022525,,6,3,7,3801,0,1,2,,2,013,"US-101 S/B","ALEMANY BLVD.",25.00,S,N,B,-,Y,,,,,,,,,,Y,3,0,1,1,A,-,01,23152,A,N,E,J,A,B,H,-,C,D,0,,,,,Y,Y,A,01,0,1,0,0,0,0,0,0,0,"- ","- ",37.734600067138672,-122.41065216064453,"SAN FRANCISCO","SAN FRANCISCO",-122.40806579589844,37.737930297851562
91835069,2022,2022-08-08,9335,2022-07-30,2120,022196,,6,2,7,3801,0,1,1,,1,081,"I-80 WB","BEALE STREET",90.00,E,N,A,-,Y,SF,,80,,,5.748,H,,L,N,4,0,1,2,A,-,01,23152,A,N,C,C,A,A,H,-,C,A,0,,,,,Y,Y,A,07,0,0,1,0,0,0,0,0,0,"- ","- ",37.786991119384766,-122.38995361328125,"SAN FRANCISCO","SAN FRANCISCO",-122.38991546630859,37.786968231201172
91835244,2022,2022-08-08,9335,2022-07-28,1714,022860,,4,2,7,3801,0,1,2,,2,013,"US-101 N/B","PAUL AVE UNDERCROSSING",12.00,N,N,A,-,Y,SF,,101,,,1.133,H,,R,Y,3,0,1,4,A,-,03,22350,,N,C,C,A,A,H,-,A,D,0,,,,,Y,,A,01,0,1,0,0,0,0,0,0,0,"- ","- ",37.723838806152344,-122.40113830566406,"SAN FRANCISCO","SAN FRANCISCO",-122.40113067626953,37.723842620849609
91835667,2022,2022-08-08,9335,2022-08-06,1702,022860,,6,2,7,3801,0,1,2,,2,014,"US-101 N/B","17TH STREET",110.00,S,N,A,-,Y,SF,,101,,,4.109,H,,R,N,4,0,1,2,A,-,03,22350,,N,C,C,A,A,H,-,A,D,0,,,,,Y,,A,01,0,0,1,0,0,0,0,0,0,"- ","- ",37.764289855957031,-122.40496063232422,"SAN FRANCISCO","SAN FRANCISCO",-122.40489959716797,37.764286041259766
91836313,2022,2022-08-09,9335,2022-08-01,0850,018804,,1,1,7,3801,0,1,1,,2,023,"I-280 S/B","ALEMANY BLVD. OVERCROSS",360.00,N,N,B,-,Y,SF,,280,,R,3.950,H,,L,Y,4,0,1,2,A,-,08,22107,,N,F,0,A,A,H,-,A,D,0,,,Y,,Y,,D,22,0,0,1,0,0,0,0,0,1,"- ","- ",37.73291015625,-122.41320037841797,"SAN FRANCISCO","SAN FRANCISCO",-122.41323089599609,37.732944488525391
91836731,2022,2022-08-09,9335,2022-08-08,0800,018053,,1,1,7,3801,0,1,1,,1,083,"I-80 E/B","THE WEST EDGE OF YERBA BUENA ISLAND TUNNEL",5280.00,W,N,A,-,Y,SF,,80,,,6.767,H,,R,N,4,0,1,2,A,-,03,22350,,N,C,C,A,A,H,-,A,D,0,,,,,Y,,A,07,0,0,1,0,0,0,0,0,0,"- ","- ",37.798351287841797,-122.37769317626953,"SAN FRANCISCO","SAN FRANCISCO",-122.37758636474609,37.79827880859375
91838776,2022,2022-10-31,9335,2022-08-05,1430,021222,,5,2,7,3801,0,1,1,,1,083,"I-80 EASTBOUND","PHYSICAL GOREPOINT OF I-80 EB TO TREASURE ISLAND R",170.00,W,N,A,-,Y,SF,,80,,,7.636,H,,R,Y,2,0,2,3,A,-,07,21658,A,F,B,C,A,A,H,-,A,D,0,,,,,Y,,A,07,1,0,1,0,0,0,0,0,0,"- ","- ",37.808101654052734,-122.36734008789062,"SAN FRANCISCO","SAN FRANCISCO",-122.3671875,37.808017730712891
91838846,2022,2022-08-12,9335,2022-08-05,1820,021222,,5,2,7,3801,0,1,1,,1,083,"I-80 EASTBOUND","NORTHGATE ROAD",1050.00,E,N,A,-,Y,SF,,80,,R,8.308,H,,R,N,4,0,2,4,A,-,03,22350,,N,C,C,A,A,H,-,A,D,0,,,,,Y,,A,07,0,0,2,0,0,0,0,0,0,"- ","- ",37.815078735351562,-122.35865020751953,"SAN FRANCISCO","SAN FRANCISCO",-122.35868072509766,37.815113067626953
91838852,2022,2022-08-12,9335,2022-08-05,2110,021222,,5,2,7,3801,0,1,1,,2,080,"I-80 EASTBOUND","HARRIET STREET",70.00,W,N,A,-,Y,SF,,80,,,4.599,H,,R,N,4,0,1,1,A,-,03,22350,,N,F,A,A,A,H,-,C,D,0,,,Y,,Y,,C,02,0,0,1,0,0,0,0,0,1,"- ","- ",37.776348114013672,-122.40442657470703,"SAN FRANCISCO","SAN FRANCISCO",-122.4044189453125,37.776340484619141
91838888,2022,2022-08-12,9335,2022-08-03,1600,022920,,3,2,7,3801,0,1,1,,2,022,"I-280 N/B","THE OCEAN AVENUE OVERCROSSING",190.00,N,N,A,-,Y,SF,,280,,R,1.812,H,,R,Y,4,0,2,2,A,-,07,21658,A,N,B,C,A,A,H,-,A,D,0,,,,,Y,,A,01,0,0,2,0,0,0,0,0,0,"- ","- ",37.723590850830078,-122.44744110107422,"SAN FRANCISCO","SAN FRANCISCO",-122.447509765625,37.723609924316406
91838982,2022,2022-08-12,9335,2022-08-09,1725,022897,,2,2,7,3801,0,1,1,,2,024,"I-280 N/B TO KING ST.","MISSION BAY DR.",95.00,N,N,A,-,Y,SF,,280,,T,7.174,H,,R,Y,4,0,1,3,A,-,03,22350,,N,C,C,A,A,H,-,A,D,0,,,,,Y,,A,01,0,0,1,0,0,0,0,0,0,"- ","- ",37.770378112792969,-122.39775848388672,"SAN FRANCISCO","SAN FRANCISCO",-122.39742279052734,37.770397186279297
91839165,2022,2022-08-12,9350,2022-08-10,0100,021615,,3,3,7,3801,0,1,2,,2,020,"US-101 N/B","GOLDEN GATE BRIDGE NORTH TOWER",190.00,S,N,A,-,Y,,,,,,,,,,Y,3,0,1,2,A,-,01,23152,A,N,C,C,A,A,D,-,C,A,0,,,,,Y,Y,A,01,0,1,0,0,0,0,0,0,0,"- ","- ",37.825061798095703,-122.47915649414062,"SAN FRANCISCO","SAN FRANCISCO",-122.4793701171875,37.825031280517578
91840098,2022,2022-08-15,9335,2022-08-06,0120,022795,,6,3,7,3801,0,1,1,,1,081,"I-80 WESTBOUND","THE EMBARCADERO",4800.00,E,N,A,-,Y,SF,,80,,,6.809,H,,L,Y,4,0,2,4,A,-,03,22350,,F,C,C,A,A,H,-,C,D,0,,,,,Y,,A,01,0,0,2,0,0,0,0,0,0,"- ","- ",37.798648834228516,-122.37692260742188,"SAN FRANCISCO","SAN FRANCISCO",-122.3770751953125,37.798751831054688
91840199,2022,2022-08-15,9335,2022-08-06,1205,022802,,6,1,7,3801,0,1,1,,1,081,"I-80 W/B","THE NORTHGATE RD U/C",1055.00,E,N,A,-,Y,SF,,80,,R,8.306,H,,L,Y,4,0,1,2,A,-,03,22350,,N,C,C,A,A,H,-,C,D,0,,,,,Y,,A,01,0,0,1,0,0,0,0,0,0,"- ","- ",37.815361022949219,-122.35888671875,"SAN FRANCISCO","SAN FRANCISCO",-122.35896301269531,37.815441131591797
91840220,2022,2022-08-15,9335,2022-08-06,1330,022860,,6,1,7,3801,0,1,1,,2,023,"I-280 N/B","CONGDON ST",370.00,N,N,A,-,Y,SF,,280,,R,3.300,H,,R,N,3,0,2,2,A,-,07,21658,A,N,B,C,A,A,H,-,A,D,0,,,,,Y,,A,07,0,1,1,0,0,0,0,0,0,"- ","- ",37.731338500976562,-122.42485046386719,"SAN FRANCISCO","SAN FRANCISCO",-122.42485046386719,37.731365203857422
91840669,2022,2022-08-15,9335,2022-08-11,0658,018053,,4,1,7,3801,0,1,1,,1,083,"I-80 E/B","YERBA BUENA ISLAND TUNNEL EAST EDGE",105.00,E,N,A,-,Y,,,,,,,,,,Y,4,0,1,2,A,-,07,21658,A,M,E,I,A,A,H,-,A,D,0,,,,,Y,,A,01,0,0,1,0,0,0,0,0,0,"- ","- ",37.810920715332031,-122.36360931396484,"SAN FRANCISCO","SAN FRANCISCO",-122.36405944824219,37.811370849609375
91840912,2022,2022-08-16,9335,2022-08-11,1730,022897,,4,2,7,3801,0,1,1,,2,022,"I-280 N/B","SAN JOSE AVE. OVERCROSSING",200.00,S,N,A,-,Y,SF,,280,,R,1.416,H,,R,N,4,0,1,2,A,-,03,22350,,N,C,C,A,A,H,-,A,D,0,,,,,Y,,A,07,0,0,1,0,0,0,0,0,0,"- ","- ",37.717941284179688,-122.44834899902344,"SAN FRANCISCO","SAN FRANCISCO",-122.44847106933594,37.717948913574219
91841410,2022,2022-08-16,9335,2022-08-13,0025,022667,,6,3,7,3801,0,1,2,,2,013,"US-101 N/B","ALEMANY BLVD U/C",340.00,S,N,A,-,Y,SF,,101,,,1.968,H,,R,Y,4,0,2,3,A,-,03,22350,,N,C,C,A,A,H,-,C,D,0,,,,,Y,,A,01,0,0,2,0,0,0,0,0,0,"- ","- ",37.73529052734375,-122.40673828125,"SAN FRANCISCO","SAN FRANCISCO",-122.40672302246094,37.735298156738281
91843506,2022,2022-08-18,9335,2022-08-14,1323,022920,,7,1,7,3801,0,1,1,,2,080,"I-80 E/B","THE BRYANT STREET UNDERCROSSING",60.00,E,N,A,-,Y,SF,,80,,,4.351,H,,R,N,4,0,1,2,A,-,04,21703,,N,C,C,A,A,H,-,A,D,0,,,,,Y,,A,01,0,0,1,0,0,0,0,0,0,"- ","- ",37.773178100585938,-122.40653991699219,"SAN FRANCISCO","SAN FRANCISCO",-122.40658569335938,37.773185729980469
91843894,2022,2022-08-18,9335,2022-08-16,0840,018053,,2,1,7,3801,0,1,2,,2,014,"US-101 S/B","23RD STREET OVER CROSSING",127.00,S,N,A,-,Y,SF,,101,,,3.337,H,,L,N,4,0,1,2,A,-,03,22350,,M,C,C,A,A,H,-,A,D,0,,,,,Y,,-,99,0,0,1,0,0,0,0,0,0,"- ","- ",37.75408935546875,-122.40305328369141,"SAN FRANCISCO","SAN FRANCISCO",-122.40310668945312,37.754085540771484
91843929,2022,2022-08-19,9335,2022-08-16,1940,021390,,2,2,7,3801,0,1,1,,1,083,"I-80 E/B","THE TREASURE ISLAND TUNNEL",150.00,W,N,A,-,Y,SF,,80,,,7.649,H,,R,N,4,0,3,3,A,-,03,22350,,F,C,C,A,A,H,-,B,D,0,,,,,Y,,A,07,0,0,3,0,0,0,0,0,0,"- ","- ",37.808189392089844,-122.36708831787109,"SAN FRANCISCO","SAN FRANCISCO",-122.36705780029297,37.808170318603516
91844360,2022,2022-08-19,9335,2022-08-09,0848,022823,,2,1,7,3801,0,1,2,,2,013,"US-101 S/B","SILVER AVENUE",1466.00,S,N,A,-,Y,SF,,101,,,1.489,H,,L,Y,4,0,1,2,A,-,03,22350,,N,C,C,A,A,H,-,A,D,0,,,,,Y,,A,01,0,0,1,0,0,0,0,0,0,"- ","- ",37.72882080078125,-122.40339660644531,"SAN FRANCISCO","SAN FRANCISCO",-122.40341186523438,37.728816986083984
91844463,2022,2022-08-19,9335,2022-08-12,1846,022860,,5,2,7,3801,0,1,2,,2,013,"US-101 N/B","FAITH ST PEDESTRIAN OVERCROSSING",1165.00,N,N,A,-,Y,SF,,101,,,2.837,H,,R,N,3,0,1,4,A,-,03,22350,,N,C,C,A,A,H,-,A,D,0,,,,,Y,,A,01,0,1,0,0,0,0,0,0,0,"- ","- ",37.746971130371094,-122.40447235107422,"SAN FRANCISCO","SAN FRANCISCO",-122.40438842773438,37.746952056884766
91845283,2022,2022-08-22,9335,2022-08-12,1330,017672,,5,1,7,3801,0,1,1,,1,083,"I-80 E/B","TREASURE ISLAND OFF-RAMP",2640.00,W,N,A,-,Y,SF,,80,,,7.226,H,,R,N,3,0,2,2,A,-,03,22350,,F,C,C,A,A,H,-,A,D,0,,,,,Y,,A,01,0,1,1,0,0,0,0,0,0,"- ","- ",37.803379058837891,-122.37203979492188,"SAN FRANCISCO","SAN FRANCISCO",-122.37206268310547,37.803398132324219
91845556,2022,2022-08-22,9335,2022-08-14,1750,021916,,7,2,7,3801,0,1,1,,2,023,"I-280 S/B","LYELL STREET UNDERCROSSING",285.00,N,N,A,-,Y,SF,,280,,R,2.964,H,,L,N,4,0,1,2,A,-,07,21658,A,N,B,C,A,A,H,-,A,D,0,,,,,Y,,A,01,0,0,1,0,0,0,0,0,0,"- ","- ",37.732318878173828,-122.43080139160156,"SAN FRANCISCO","SAN FRANCISCO",-122.43080139160156,37.732379913330078
91845861,2022,2022-08-22,9335,2022-08-14,1812,021222,,7,2,7,3801,0,1,1,,2,080,"I-80 WESTBOUND TO 9TH STREET","8TH STREET",60.00,E,N,A,-,Y,,,,,,,,,,N,4,0,1,3,A,-,03,22350,,N,C,C,A,A,H,-,A,D,0,,,,,Y,,A,01,0,0,1,0,0,0,0,0,0,"- ","- ",37.773750305175781,-122.40811920166016,"SAN FRANCISCO","SAN FRANCISCO",-122.40811920166016,37.773750305175781
91846335,2022,2022-10-31,9335,2022-08-17,1255,021328,,3,1,7,3801,0,1,1,,2,024,"I-280 N/B TO 6TH ST.","16TH ST. UNDERCROSSING",745.00,N,N,A,-,Y,SF,,280,,T,7.016,H,,R,N,4,0,2,2,A,-,07,21658,A,N,C,C,A,A,H,-,A,D,0,,,,Y,Y,,A,01,0,0,2,0,0,0,0,0,0,"- ","- ",37.7681884765625,-122.39633941650391,"SAN FRANCISCO","SAN FRANCISCO",-122.39637756347656,37.768161773681641
91846780,2022,2022-08-23,9335,2022-08-11,1512,022897,,4,2,7,3801,0,1,2,,2,014,"US-101 S/B","23RD ST OVER CROSSING",150.00,N,N,A,-,Y,SF,,101,,,3.397,H,,L,Y,4,0,3,3,A,-,07,21658,A,N,C,2,A,A,H,-,A,D,0,,,,,Y,,A,01,0,0,3,0,0,0,0,0,0,"- ","- ",37.754978179931641,-122.40322113037109,"SAN FRANCISCO","SAN FRANCISCO",-122.40318298339844,37.754981994628906