CASE_ID,ACCIDENT_YEAR,PROC_DATE,JURIS,COLLISION_DATE,COLLISION_TIME,OFFICER_ID,REPORTING_DISTRICT,DAY_OF_WEEK,CHP_SHIFT,POPULATION,CNTY_CITY_LOC,SPECIAL_COND,BEAT_TYPE,CHP_BEAT_TYPE,CITY_DIVISION_LAPD,CHP_BEAT_CLASS,BEAT_NUMBER,PRIMARY_RD,SECONDARY_RD,DISTANCE,DIRECTION,INTERSECTION,WEATHER_1,WEATHER_2,STATE_HWY_IND,CALTRANS_COUNTY,CALTRANS_DISTRICT,STATE_ROUTE,ROUTE_SUFFIX,POSTMILE_PREFIX,POSTMILE,LOCATION_TYPE,RAMP_INTERSECTION,SIDE_OF_HWY,TOW_AWAY,COLLISION_SEVERITY,NUMBER_KILLED,NUMBER_INJURED,PARTY_COUNT,PRIMARY_COLL_FACTOR,PCF_CODE_OF_VIOL,PCF_VIOL_CATEGORY,PCF_VIOLATION,PCF_VIOL_SUBSECTION,HIT_AND_RUN,TYPE_OF_COLLISION,MVIW,PED_ACTION,ROAD_SURFACE,ROAD_COND_1,ROAD_COND_2,LIGHTING,CONTROL_DEVICE,CHP_ROAD_TYPE,PEDESTRIAN_ACCIDENT,BICYCLE_ACCIDENT,MOTORCYCLE_ACCIDENT,TRUCK_ACCIDENT,NOT_PRIVATE_PROPERTY,ALCOHOL_INVOLVED,STWD_VEHTYPE_AT_FAULT,CHP_VEHTYPE_AT_FAULT,COUNT_SEVERE_INJ,COUNT_VISIBLE_INJ,COUNT_COMPLAINT_PAIN,COUNT_PED_KILLED,COUNT_PED_INJURED,COUNT_BICYCLIST_KILLED,COUNT_BICYCLIST_INJURED,COUNT_MC_KILLED,COUNT_MC_INJURED,PRIMARY_RAMP,SECONDARY_RAMP,LATITUDE,LONGITUDE,COUNTY,CITY,POINT_X,POINT_Y
91870824,2022,2022-09-22,9335,2022-05-23,0925,014455,,1,1,7,3801,0,1,1,,1,081,"I-80 W/B","EAST EDGE OF THE TREASURE ISLAND TUNNEL",100.00,W,N,A,-,Y,SF,,80,,,7.785,H,,L,N,4,0,1,2,A,-,03,22350,,N,C,C,A,A,H,-,A,D,0,,,,,Y,,A,01,0,0,1,0,0,0,0,0,0,"- ","- ",37.809829711914062,-122.36559295654297,"SAN FRANCISCO","SAN FRANCISCO",-122.36547088623047,37.809745788574219
91870875,2022,2022-09-22,9335,2022-09-16,2317,022703,,5,3,7,3801,0,1,1,,2,080,"I-80 EASTBOUND.","OF THE 7TH STREET UNDERCROSSING.",320.00,W,N,A,-,Y,SF,,80,,,4.417,H,,R,N,4,0,1,2,A,-,03,22350,,N,C,C,A,A,H,-,C,D,0,,,,,Y,,A,01,0,0,1,0,0,0,0,0,0,"- ","- ",37.774188995361328,-122.40627288818359,"SAN FRANCISCO","SAN FRANCISCO",-122.40626525878906,37.774188995361328
91870930,2022,2022-09-22,9330,2022-09-17,1835,022241,,6,2,7,3801,0,1,1,,2,034,"I-280 S/B","SR-92 EB TO I-280 SOUTHBOUND FLYOVER",900.00,N,N,A,-,Y,SM,,280,,,11.084,H,,L,N,4,0,4,2,A,-,01,23152,A,N,C,C,A,A,H,-,A,D,0,,,,,Y,Y,A,01,0,0,4,0,0,0,0,0,0,"- ","- ",37.509231567382812,-122.342529296875,"SAN FRANCISCO","SAN FRANCISCO",-122.34255218505859,37.509204864501953
91871822,2022,2023-02-06,9335,2022-09-10,1806,023065,,6,2,7,3801,0,1,1,,2,080,"I-80 WESTBOUND","BEALE STREET",382.00,E,N,B,-,Y,SF,,80,,,5.800,H,,L,N,4,0,1,3,A,-,07,21658,A,N,B,C,A,A,H,-,A,D,0,,,,,Y,,A,01,0,0,1,0,0,0,0,0,0,"- ","- ",37.787490844726562,-122.38921356201172,"SAN FRANCISCO","SAN FRANCISCO",-122.38928985595703,37.787544250488281
91871834,2022,2022-09-23,9335,2022-09-17,1744,022920,,6,2,7,3801,0,1,1,,2,080,"I-80 W/B TO 5TH STREET","THE 4TH STREET UNDERCROSSING",265.00,E,N,B,-,Y,SF,,80,,,5.114,H,,L,N,4,0,2,3,A,-,03,22350,,N,C,C,A,A,H,-,A,D,0,,,,,Y,,A,01,0,0,2,0,0,0,0,0,0,"- ","- ",37.780799865722656,-122.39824676513672,"SAN FRANCISCO","SAN FRANCISCO",-122.39842224121094,37.780933380126953
91872295,2022,2022-09-23,9350,2022-09-20,1720,021696,,2,2,7,3801,0,1,2,,1,120,"US-101 N/B (GGB EAST SIDEWALK)","GOLDEN GATE BRIDGE SOUTH TOWER",40.00,S,N,A,-,Y,,,,,,,,,,N,2,0,1,1,A,-,21,22106,,N,E,A,A,A,H,-,A,D,0,,Y,,,Y,,L,04,1,0,0,0,0,0,1,0,0,"- ","- ",37.813980102539062,-122.47775268554688,"SAN FRANCISCO","SAN FRANCISCO",-122.47794342041016,37.813953399658203
91873294,2022,2022-09-26,9335,2022-09-16,1458,023065,,5,2,7,3801,0,1,1,,2,023,"I-280 SOUTHBOUND","PHYSICAL GORE POINT OF MONTEREY OFF-RAMP",837.00,N,N,A,-,Y,SF,,280,,R,2.952,H,,L,N,4,0,1,2,A,-,07,21658,A,N,B,C,A,A,H,-,A,D,0,,,,,Y,,A,01,0,0,1,0,0,0,0,0,0,"- ","- ",37.732349395751953,-122.43102264404297,"SAN FRANCISCO","SAN FRANCISCO",-122.43102264404297,37.732368469238281
91874373,2022,2022-09-27,9335,2022-09-18,1210,023078,,7,1,7,3801,0,1,1,,2,023,"I-280 N/B","BADEN ST",400.00,S,N,C,-,Y,SF,,280,,R,2.438,H,,R,Y,2,0,1,2,A,-,03,22350,,N,B,C,A,B,H,-,A,D,0,,,,,Y,,A,01,1,0,0,0,0,0,0,0,0,"- ","- ",37.729869842529297,-122.43984985351562,"SAN FRANCISCO","SAN FRANCISCO",-122.43982696533203,37.729824066162109
91874698,2022,2022-09-27,9335,2022-09-21,1310,023044,,3,1,7,3801,0,1,2,,2,014,"US 101 N/B","17TH STREET UNDERCROSSING",201.00,S,N,A,-,Y,SF,,101,,,4.047,H,,R,N,4,0,2,2,A,-,03,22350,,M,C,C,A,A,H,-,A,D,0,,,,,Y,,A,07,0,0,2,0,0,0,0,0,0,"- ","- ",37.763351440429688,-122.40503692626953,"SAN FRANCISCO","SAN FRANCISCO",-122.40505981445312,37.763351440429688
91874853,2022,2022-09-27,9335,2022-09-21,1400,023082,,3,2,7,3801,0,1,2,,2,014,"US-101 NORTHBOUND","CESAR CHAVEZ STREET",620.00,S,N,A,-,Y,SF,,101,,,2.883,H,,R,Y,4,0,1,2,A,-,03,22350,,N,C,C,A,A,H,-,A,D,0,,,,,Y,,D,22,0,0,1,0,0,0,0,0,0,"- ","- ",37.747631072998047,-122.404296875,"SAN FRANCISCO","SAN FRANCISCO",-122.4041748046875,37.747604370117188
91875402,2022,2022-09-28,9335,2022-09-19,1355,023078,,1,1,7,3801,0,1,1,,2,024,"I- 280 NORTHBOUND","BRANNAN ST",305.00,S,N,A,-,Y,SF,,280,,T,7.496,H,,R,Y,4,0,1,2,A,-,03,22350,,N,C,C,A,A,H,-,A,D,0,,,,,Y,,D,22,0,0,1,0,0,0,0,0,0,"- ","- ",37.774421691894531,-122.40025329589844,"SAN FRANCISCO","SAN FRANCISCO",-122.40046691894531,37.774299621582031
91875428,2022,2022-09-28,9335,2022-09-21,0650,023078,,3,1,7,3801,0,1,1,,2,023,"I-280 N/B TRANSITION TO 101 N/B","CORTLAND AVE",715.00,S,N,A,-,Y,SF,,101,,,2.139,H,,R,N,4,0,1,4,A,-,03,22350,,N,C,C,A,A,H,-,A,D,0,,,,,Y,,A,01,0,0,1,0,0,0,0,0,0,"- ","- ",37.737678527832031,-122.4075927734375,"SAN FRANCISCO","SAN FRANCISCO",-122.40784454345703,37.737644195556641
91876836,2022,2022-09-29,9335,2022-09-24,0010,022667,,6,3,7,3801,0,1,2,,2,014,"US-101 N/B TO I-80 E/B","16TH ST U/C",30.00,N,N,A,-,Y,SF,,101,,,4.236,H,,R,Y,3,0,1,1,A,-,01,23152,A,N,E,I,A,A,H,-,C,D,0,,,,,Y,Y,A,01,0,1,0,0,0,0,0,0,0,"- ","- ",37.766109466552734,-122.40495300292969,"SAN FRANCISCO","SAN FRANCISCO",-122.40504455566406,37.766101837158203
91876843,2022,2022-09-29,9335,2022-09-24,1030,023063,,6,1,7,3801,0,1,2,,2,013,"US-101 NORTHBOUND","FAITH ST. PEDESTRIAN OVERCROSSING",760.00,N,N,A,-,Y,SF,,101,,,2.761,H,,R,N,3,0,2,2,A,-,03,22350,,N,C,C,A,A,H,-,A,D,0,,,,,Y,,A,07,0,1,1,0,0,0,0,0,0,"- ","- ",37.745880126953125,-122.40470886230469,"SAN FRANCISCO","SAN FRANCISCO",-122.40473937988281,37.745883941650391
91876866,2022,2022-09-29,9335,2022-09-25,0250,022667,,7,3,7,3801,0,1,1,,2,080,"I-80 E/B","8TH ST U/C",230.00,W,N,A,-,Y,SF,,80,,,4.217,H,,R,Y,3,0,2,1,A,-,08,22107,,N,E,8,A,A,H,-,C,D,0,,,,,Y,Y,A,01,0,1,1,0,0,0,0,0,0,"- ","- ",37.771381378173828,-122.40592956542969,"SAN FRANCISCO","SAN FRANCISCO",-122.40601348876953,37.771343231201172
91876868,2022,2022-09-29,9335,2022-09-25,0643,019631,,7,1,7,3801,0,1,1,,2,080,"I80 E/B TO 5TH STREET","5TH ST",230.00,E,N,A,-,Y,SF,,80,,,4.872,H,,L,N,3,0,1,2,A,-,08,22107,,N,E,I,F,A,H,-,B,D,0,Y,,,,Y,,A,01,0,1,0,0,1,0,0,0,0,"- ","- ",37.778980255126953,-122.40087127685547,"SAN FRANCISCO","SAN FRANCISCO",-122.40085601806641,37.778964996337891
91878712,2022,2022-09-30,9335,2022-09-23,2140,022667,,5,2,7,3801,0,1,2,,2,015,"US-101 S/B TO I-80 E/B","DIVISION ST U/C",150.00,N,N,A,-,Y,SF,,80,,L,4.041,H,,R,Y,4,0,4,2,A,-,03,22350,,N,C,2,A,A,H,-,C,A,0,,,,,Y,,A,07,0,0,4,0,0,0,0,0,0,"- ","- ",37.769229888916016,-122.40563201904297,"SAN FRANCISCO","SAN FRANCISCO",-122.40565490722656,37.769248962402344
91878718,2022,2022-09-30,9335,2022-09-20,2210,021754,,2,3,7,3801,0,1,1,,2,022,"I-280 S/B","OCEAN AVE",5.00,N,N,A,-,Y,SF,,280,,R,1.775,H,,L,Y,4,0,2,2,A,-,03,22350,,N,C,C,A,A,H,-,C,D,0,,,,,Y,,A,01,0,0,2,0,0,0,0,0,0,"- ","- ",37.723110198974609,-122.44795227050781,"SAN FRANCISCO","SAN FRANCISCO",-122.44786071777344,37.723091125488281
91878723,2022,2022-09-30,9335,2022-09-29,0358,021301,,4,3,7,3801,0,1,1,,2,024,"I-280 S/B","25TH ST",398.00,S,N,A,-,Y,SF,,280,,R,5.717,H,,L,Y,4,0,1,1,A,-,01,23152,A,N,E,I,A,A,H,-,D,D,0,,,,,Y,,A,01,0,0,1,0,0,0,0,0,0,"- ","- ",37.751399993896484,-122.3916015625,"SAN FRANCISCO","SAN FRANCISCO",-122.39175415039062,37.751422882080078
91879083,2022,2022-09-30,9350,2022-09-22,1646,022556,,4,2,7,3801,0,1,2,,2,020,"US-101 S/B","ALEXANDER AVE U/C",1744.00,S,N,A,-,Y,,,,,,,,,,N,2,0,1,1,A,-,03,22350,,N,F,I,A,A,H,-,A,D,0,,Y,,,Y,,L,04,1,0,0,0,0,0,1,0,0,"- ","- ",37.8255615234375,-122.47931671142578,"SAN FRANCISCO","SAN FRANCISCO",-122.47953033447266,37.825527191162109
91880193,2022,2022-10-03,9335,2022-09-15,0830,022823,,4,1,7,3801,0,1,2,,2,013,"US-101 S/B","BACON ST",875.00,N,N,A,-,Y,SF,,101,,,1.586,H,,L,Y,4,0,2,2,A,-,03,22350,,N,C,C,A,A,H,-,A,D,0,,,,,Y,,A,01,0,0,2,0,0,0,0,0,0,"- ","- ",37.730129241943359,-122.40399169921875,"SAN FRANCISCO","SAN FRANCISCO",-122.40401458740234,37.730121612548828
91881454,2022,2023-08-24,9335,2022-09-26,1935,022920,,1,2,7,3801,0,1,2,,2,013,"US-101 N/B","THE CORTLAND AVENUE UNDERCROSSING",520.00,N,N,A,-,Y,SF,,101,,,2.383,H,,R,Y,4,0,1,2,A,-,03,22350,,N,C,C,A,A,G,-,D,D,0,,,,,Y,,D,22,0,0,1,0,0,0,0,0,0,"- ","- ",37.741081237792969,-122.40753936767578,"SAN FRANCISCO","SAN FRANCISCO",-122.40763092041016,37.741111755371094
91882912,2022,2022-10-05,9335,2022-09-28,1935,022920,,3,2,7,3801,0,1,2,,2,014,"US-101 N/B","THE FAITH STREET PEDESTRIAN OVERCROSSING",406.00,N,N,A,-,Y,SF,,101,,,2.693,H,,R,Y,3,0,1,2,A,-,07,21658,A,N,B,C,A,A,H,-,D,D,0,,,Y,,Y,,A,01,0,1,0,0,0,0,0,0,1,"- ","- ",37.744911193847656,-122.40499877929688,"SAN FRANCISCO","SAN FRANCISCO",-122.40505981445312,37.744922637939453
91884331,2022,2022-10-06,9335,2022-09-23,2215,022802,,5,3,7,3801,0,1,2,,2,014,"US-101 S/B","THE 23RD ST O/C",160.00,N,N,A,-,Y,SF,,101,,,3.398,H,,L,Y,4,0,1,4,A,-,03,22350,,N,C,C,A,A,H,-,C,D,0,,,,,Y,,A,01,0,0,1,0,0,0,0,0,0,"- ","- ",37.755001068115234,-122.40325927734375,"SAN FRANCISCO","SAN FRANCISCO",-122.40319061279297,37.7550048828125
91884944,2022,2022-10-07,9335,2022-09-29,1610,023065,,4,2,7,3801,0,1,2,,2,014,"US-101 NORTHBOUND","PHYSICAL GORE POINT OF VERMONT STREET OFF-RAMP",480.00,S,N,A,-,Y,SF,,101,,,3.919,H,,R,N,4,0,3,3,A,-,03,22350,,N,C,C,A,A,H,-,A,D,0,,,,,Y,,A,07,0,0,3,0,0,0,0,0,0,"- ","- ",37.761631011962891,-122.40599822998047,"SAN FRANCISCO","SAN FRANCISCO",-122.40595245361328,37.761611938476562
91884956,2022,2022-10-07,9335,2022-09-30,1650,023065,,5,2,7,3801,0,1,2,,2,014,"US-101 SOUTHBOUND","23RD STREET OVERCROSSING",245.00,S,N,A,-,Y,SF,,101,,,3.314,H,,L,N,3,0,3,3,A,-,03,22350,,N,C,C,A,A,H,-,A,D,0,,,,,Y,,A,01,0,1,2,0,0,0,0,0,0,"- ","- ",37.753768920898438,-122.40303039550781,"SAN FRANCISCO","SAN FRANCISCO",-122.403076171875,37.753768920898438
91885281,2022,2022-10-07,9335,2022-09-30,1400,023065,,5,2,7,3801,0,1,1,,2,024,"I-280 SOUTHBOUND","THE SOUTH ROAD EDGE OF EVANS AVENUE UNDERCROSSING",900.00,S,N,A,-,Y,SF,,280,,R,5.179,H,,L,Y,2,0,3,1,A,-,08,22107,,N,E,I,A,A,H,-,A,D,0,,,,,Y,,A,01,2,1,0,0,0,0,0,0,0,"- ","- ",37.74407958984375,-122.39592742919922,"SAN FRANCISCO","SAN FRANCISCO",-122.39595031738281,37.744094848632812
91885378,2022,2022-10-07,9335,2022-08-17,1730,022241,,3,2,7,3801,0,1,2,,2,013,"US-101 N/B","FAITH STREET OVERCROSSING",18.00,S,N,A,-,Y,SF,,101,,,2.611,H,,R,N,3,0,1,2,A,-,03,22350,,F,C,C,A,A,H,-,A,D,0,,,Y,,Y,,C,02,0,1,0,0,0,0,0,0,1,"- ","- ",37.743831634521484,-122.4056396484375,"SAN FRANCISCO","SAN FRANCISCO",-122.40567016601562,37.743843078613281
91886024,2022,2022-10-10,9335,2022-09-29,2357,022897,,4,3,7,3801,0,1,2,,2,015,"US-101 N/B","10TH STREET",20.00,W,N,A,-,Y,SF,,101,,R,4.619,H,,R,Y,2,0,1,1,A,-,03,22350,,N,E,I,A,A,H,-,C,A,0,,,Y,,Y,,C,02,1,0,0,0,0,0,0,0,1,"- ","- ",37.769851684570312,-122.40910339355469,"SAN FRANCISCO","SAN FRANCISCO",-122.40907287597656,37.769824981689453
91886049,2022,2022-10-10,9335,2022-10-01,2255,022703,,6,3,7,3801,0,1,2,,2,015,"US-101 SOUTHBOUND TO I-80 EASTBOUND","DIVISION STREET.",60.00,N,N,A,-,Y,SF,,80,,L,4.070,H,,R,Y,3,0,1,1,A,-,08,22107,,N,E,I,A,A,H,-,C,A,0,,,Y,,Y,,C,02,0,1,0,0,0,0,0,0,1,"- ","- ",37.769508361816406,-122.40543365478516,"SAN FRANCISCO","SAN FRANCISCO",-122.40548706054688,37.769527435302734
91886058,2022,2022-10-10,9335,2022-10-02,2119,022860,,7,2,7,3801,0,1,1,,2,080,"I-80 W/B","15TH ST",170.00,W,N,A,-,Y,SF,,101,,R,4.280,H,,L,N,4,0,2,3,A,-,03,22350,,N,C,C,A,A,H,-,C,D,0,,,,,Y,,A,01,0,0,2,0,0,0,0,0,0,"- ","- ",37.766719818115234,-122.40534210205078,"SAN FRANCISCO","SAN FRANCISCO",-122.40540313720703,37.766712188720703
91886233,2022,2022-10-10,9335,2022-10-03,0600,019949,,1,1,7,3801,0,1,1,,2,024,"I-280 N/B","CESAR CHAVEZ ST",500.00,N,N,A,-,Y,SF,,280,,R,5.747,H,,R,N,4,0,1,1,A,-,08,22107,,N,E,I,A,A,H,-,A,D,0,,,,,Y,,A,07,0,0,1,0,0,0,0,0,0,"- ","- ",37.751918792724609,-122.39129638671875,"SAN FRANCISCO","SAN FRANCISCO",-122.39125061035156,37.751914978027344
91886292,2022,2022-10-10,9335,2022-10-03,1255,018053,,1,1,7,3801,0,1,2,,2,015,"US-101 S/B","FOLSOM STREET U/C",216.00,S,N,A,-,Y,SF,,101,,R,4.939,H,,L,N,4,0,1,2,A,-,07,21658,A,N,C,C,A,A,H,-,A,D,0,,,Y,,Y,,A,01,0,0,1,0,0,0,0,0,1,"- ","- ",37.769489288330078,-122.41474914550781,"SAN FRANCISCO","SAN FRANCISCO",-122.41474914550781,37.769496917724609
91887776,2022,2022-10-11,9350,2022-10-01,1514,022433,,6,2,7,3801,0,1,2,,2,010,"MERCHANT RD. TO US-101 S/B","LINCOLN BLVD.",100.00,N,N,A,-,Y,,,,,,,,,,N,4,0,1,2,A,-,21,22106,,N,C,C,A,A,H,-,A,A,0,,,,,Y,,I,09,0,0,1,0,0,0,0,0,0,"- ","- ",37.806400299072266,-122.47499084472656,"SAN FRANCISCO","SAN FRANCISCO",-122.47566986083984,37.804420471191406
91888183,2022,2022-10-12,9350,2022-09-30,1431,022633,,5,2,7,3801,0,1,2,,2,020,"US-101 SB","MERCHANT RD.",230.00,N,N,B,-,Y,,,,,,,,,,N,4,0,1,1,A,-,08,22107,,N,E,I,A,A,H,-,A,D,0,,,,,Y,,A,01,0,0,1,0,0,0,0,0,0,"- ","- ",37.807121276855469,-122.47566223144531,"SAN FRANCISCO","SAN FRANCISCO",-122.47566986083984,37.807113647460938
91888206,2022,2022-10-12,9335,2022-09-30,1730,023044,,5,2,7,3801,0,1,1,,1,083,"I-80 EASTBOUND","SPEAR STREET",795.00,E,N,A,-,Y,SF,,80,,,6.013,H,,R,N,3,0,1,1,A,-,08,22107,,N,F,A,A,A,H,-,A,D,0,,,Y,,Y,,C,02,0,1,0,0,0,0,0,0,1,"- ","- ",37.789920806884766,-122.38671112060547,"SAN FRANCISCO","SAN FRANCISCO",-122.38670349121094,37.7899169921875
91889544,2022,2022-10-13,9335,2022-10-04,2330,022897,,2,3,7,3801,0,1,1,,1,083,"I-80 E/B","TREASURE ISLAND RD",1267.00,E,N,A,-,Y,SF,,80,,R,7.960,H,,R,N,4,0,2,2,A,-,01,23152,A,M,B,C,A,A,H,-,C,D,0,,,,,Y,Y,A,01,0,0,2,0,0,0,0,0,0,"- ","- ",37.811721801757812,-122.36331939697266,"SAN FRANCISCO","SAN FRANCISCO",-122.36351013183594,37.811798095703125
91889648,2022,2022-10-13,9335,2022-10-07,1739,023082,,5,2,7,3801,0,1,2,,2,013,"US-101 NORTHBOUND","PAUL AVENUE",728.00,S,N,A,-,Y,SF,,101,,,0.971,H,,R,N,4,0,2,2,A,-,03,22350,,N,C,C,A,A,H,-,A,D,0,,,,,Y,,A,07,0,0,2,0,0,0,0,0,0,"- ","- ",37.7216796875,-122.40025329589844,"SAN FRANCISCO","SAN FRANCISCO",-122.40027618408203,37.721675872802734
91890474,2022,2022-10-14,9335,2022-10-10,1905,022920,,1,2,7,3801,0,1,1,,2,024,"I-280 N/B TO 6TH STREET","THE MISSION BAY DRIVE UNDERCROSSING",182.00,N,N,A,-,Y,SF,,280,,T,7.194,H,,R,Y,4,0,2,2,A,-,03,22350,,N,C,C,A,A,H,-,D,D,0,,,,,Y,,A,01,0,0,2,0,0,0,0,0,0,"- ","- ",37.770698547363281,-122.39736938476562,"SAN FRANCISCO","SAN FRANCISCO",-122.39744567871094,37.770694732666016
91890542,2022,2022-10-14,9335,2022-05-01,0707,019581,,7,1,7,3801,0,1,1,,1,083,"I-80 E/B TO TREASURE ISLAND ROAD","TREASURE ISLAND ROAD OVERPASS",296.00,W,N,A,-,Y,,,,,,,,,,Y,1,1,1,1,A,-,03,22350,,N,E,I,A,A,H,-,A,D,0,,,,,Y,,D,22,0,1,0,0,0,0,0,0,0,"- ","- ",37.808990478515625,-122.36701965332031,"SAN FRANCISCO","SAN FRANCISCO",-122.36701965332031,37.808990478515625
91890604,2022,2022-10-14,9335,2022-10-03,1721,023044,,1,2,7,3801,0,1,1,,1,081,"I-80 WESTBOUND","3RD STREET",44.00,W,N,A,-,Y,SF,,80,,,5.230,H,,L,N,4,0,2,2,A,-,03,22350,,N,C,C,A,A,H,-,A,D,0,,,,,Y,Y,-,"- ",0,0,2,0,0,0,0,0,0,"- ","- ",37.781978607177734,-122.39681243896484,"SAN FRANCISCO","SAN FRANCISCO",-122.39689636230469,37.782051086425781
91892181,2022,2022-10-18,9335,2022-10-10,1416,023044,,1,2,7,3801,0,1,1,,1,083,"I-80 EASTBOUND","I-80 E/B TO TREASURE ISLAND ROAD",178.00,E,N,A,-,Y,SF,,80,,,7.714,H,,R,Y,4,0,2,4,A,-,03,22350,,N,C,C,A,A,H,-,A,D,0,,,,,Y,,A,01,0,0,2,0,0,0,0,0,0,"- ","- ",37.8089599609375,-122.36637878417969,"SAN FRANCISCO","SAN FRANCISCO",-122.36637115478516,37.808952331542969
91894391,2022,2022-10-19,9335,2022-10-12,1225,018053,,3,1,7,3801,0,1,1,,2,080,"I-80 E/B","2ND STREET U/C",16.00,E,N,A,-,Y,SF,,80,,,5.422,H,,R,Y,4,0,1,3,A,-,03,22350,,N,C,C,A,A,H,-,A,D,0,,,,Y,Y,,F,27,0,0,1,0,0,0,0,0,0,"- ","- ",37.783828735351562,-122.39430999755859,"SAN FRANCISCO","SAN FRANCISCO",-122.39426422119141,37.783794403076172
91894629,2022,2022-10-19,9335,2022-10-13,1300,023063,,4,1,7,3801,0,1,2,,2,013,"US-101 NORTHBOUND","3RD ST. OVERCROSSING",565.00,S,N,A,-,Y,SF,,101,,,0.447,H,,R,N,4,0,1,2,A,-,17,23114,A,M,E,J,A,A,H,-,A,D,0,,,,,Y,,-,99,0,0,1,0,0,0,0,0,0,"- ","- ",37.714550018310547,-122.39743804931641,"SAN FRANCISCO","SAN FRANCISCO",-122.39748382568359,37.714527130126953
91895560,2022,2022-10-20,9335,2022-10-08,0829,023067,,6,1,7,3801,0,1,1,,2,022,"I-280 N/B","FARALLONES ST PED OVERCROSSING",500.00,S,N,B,-,Y,SF,,280,,R,1.003,H,,R,N,3,0,1,1,A,-,03,22350,,N,F,I,A,A,H,-,A,D,0,,,Y,,Y,,C,02,0,1,0,0,0,0,0,0,1,"- ","- ",37.712890625,-122.45245361328125,"SAN FRANCISCO","SAN FRANCISCO",-122.45254516601562,37.712959289550781
91895603,2022,2022-10-20,9335,2022-10-19,1140,018804,,3,1,7,3801,0,1,2,,2,014,"US 101 S/B","18TH STREET PEDESTRIAN OVER CROSSING",230.00,S,N,A,-,Y,SF,,101,,,3.914,H,,L,N,4,0,1,2,A,-,03,22350,,N,C,C,A,A,H,-,A,D,0,,,,,Y,,A,01,0,0,1,0,0,0,0,0,0,"- ","- ",37.761608123779297,-122.40618896484375,"SAN FRANCISCO","SAN FRANCISCO",-122.40618133544922,37.761608123779297
91895609,2022,2022-10-20,9335,2022-10-09,0130,022897,,7,3,7,3801,0,1,2,,2,014,"US-101 N/B","18TH STREET PEDESTRIAN OVERCROSSING",100.00,S,N,A,-,Y,SF,,101,,,3.938,H,,R,N,4,0,1,3,A,-,03,22350,,F,C,C,A,A,H,-,D,D,0,,,,,Y,,A,01,0,0,1,0,0,0,0,0,0,"- ","- ",37.761871337890625,-122.40583038330078,"SAN FRANCISCO","SAN FRANCISCO",-122.40580749511719,37.761863708496094
91895656,2022,2022-10-20,9335,2022-10-11,1955,022920,,2,2,7,3801,0,1,1,,2,080,"I-80 E/B","THE DIVISION STREET UNDERCROSSING",120.00,W,N,A,-,Y,SF,,80,,,3.910,H,,R,N,4,0,1,2,A,-,03,22350,,N,C,C,A,A,H,-,D,D,0,,,,,Y,,A,01,0,0,1,0,0,0,0,0,0,"- ","- ",37.767139434814453,-122.40496826171875,"SAN FRANCISCO","SAN FRANCISCO",-122.40496826171875,37.767139434814453
91896553,2022,2022-10-21,9350,2022-10-16,1305,022432,,7,1,7,3801,0,1,2,,2,020,"US-101 S/B","LINCOLN BLVD",2640.00,N,N,B,-,Y,,,,,,,,,,N,3,0,1,1,A,-,08,22107,,N,E,I,A,A,H,-,A,D,0,,,,,Y,,D,22,0,1,0,0,0,0,0,0,0,"- ","- ",37.807178497314453,-122.47582244873047,"SAN FRANCISCO","SAN FRANCISCO",-122.47578430175781,37.807216644287109
91897435,2022,2022-10-24,9335,2022-10-15,0233,022703,,6,3,7,3801,0,1,2,,2,014,"US-101 NORTHBOUND","THE 22ND STREET PEDESTRIAN OVERCROSSING.",1030.00,N,N,A,-,Y,SF,,101,,,3.725,H,,R,Y,4,0,1,2,A,-,03,22350,,N,C,C,A,A,H,-,D,D,0,,,,,Y,,A,01,0,0,1,0,0,0,0,0,0,"- ","- ",37.759029388427734,-122.40576934814453,"SAN FRANCISCO","SAN FRANCISCO",-122.40575408935547,37.759037017822266