CASE_ID,ACCIDENT_YEAR,PROC_DATE,JURIS,COLLISION_DATE,COLLISION_TIME,OFFICER_ID,REPORTING_DISTRICT,DAY_OF_WEEK,CHP_SHIFT,POPULATION,CNTY_CITY_LOC,SPECIAL_COND,BEAT_TYPE,CHP_BEAT_TYPE,CITY_DIVISION_LAPD,CHP_BEAT_CLASS,BEAT_NUMBER,PRIMARY_RD,SECONDARY_RD,DISTANCE,DIRECTION,INTERSECTION,WEATHER_1,WEATHER_2,STATE_HWY_IND,CALTRANS_COUNTY,CALTRANS_DISTRICT,STATE_ROUTE,ROUTE_SUFFIX,POSTMILE_PREFIX,POSTMILE,LOCATION_TYPE,RAMP_INTERSECTION,SIDE_OF_HWY,TOW_AWAY,COLLISION_SEVERITY,NUMBER_KILLED,NUMBER_INJURED,PARTY_COUNT,PRIMARY_COLL_FACTOR,PCF_CODE_OF_VIOL,PCF_VIOL_CATEGORY,PCF_VIOLATION,PCF_VIOL_SUBSECTION,HIT_AND_RUN,TYPE_OF_COLLISION,MVIW,PED_ACTION,ROAD_SURFACE,ROAD_COND_1,ROAD_COND_2,LIGHTING,CONTROL_DEVICE,CHP_ROAD_TYPE,PEDESTRIAN_ACCIDENT,BICYCLE_ACCIDENT,MOTORCYCLE_ACCIDENT,TRUCK_ACCIDENT,NOT_PRIVATE_PROPERTY,ALCOHOL_INVOLVED,STWD_VEHTYPE_AT_FAULT,CHP_VEHTYPE_AT_FAULT,COUNT_SEVERE_INJ,COUNT_VISIBLE_INJ,COUNT_COMPLAINT_PAIN,COUNT_PED_KILLED,COUNT_PED_INJURED,COUNT_BICYCLIST_KILLED,COUNT_BICYCLIST_INJURED,COUNT_MC_KILLED,COUNT_MC_INJURED,PRIMARY_RAMP,SECONDARY_RAMP,LATITUDE,LONGITUDE,COUNTY,CITY,POINT_X,POINT_Y
91897859,2022,2022-10-24,9335,2022-10-13,1500,023065,,4,2,7,3801,0,1,1,,2,080,"I-80 EASTBOUND","THE PHYSICAL GORE POINT OF THE 4TH STREET OFF-RAMP",230.00,W,N,A,-,Y,SF,,80,,,4.870,H,,R,N,4,0,2,2,A,-,07,21658,A,N,B,C,A,A,H,-,A,D,0,,,,Y,Y,,F,26,0,0,2,0,0,0,0,0,0,"- ","- ",37.778579711914062,-122.400390625,"SAN FRANCISCO","SAN FRANCISCO",-122.40043640136719,37.778614044189453
91897880,2022,2022-10-24,9335,2022-10-14,0725,021588,,5,1,7,3801,0,1,1,,1,081,"I-80 WESTBOUND","NORTHGATE RD",3168.00,E,N,A,-,Y,SF,,80,,R,8.731,H,,L,N,4,0,1,2,A,-,07,21658,A,N,B,C,A,A,H,-,A,D,0,,,Y,,Y,,A,01,0,0,1,0,0,0,0,0,1,"- ","- ",37.818660736083984,-122.35214233398438,"SAN FRANCISCO","SAN FRANCISCO",-122.35216522216797,37.8187255859375
91897914,2022,2022-10-24,9335,2022-10-15,2050,019799,,6,2,7,3801,0,1,1,,2,080,"I-80 W/B","9TH ST. OFF RAMP",800.00,E,N,B,-,Y,ALA,,80,,,1.986,H,,L,N,3,0,5,2,A,-,03,22350,,N,C,C,A,A,H,-,C,D,0,,,,,Y,,A,01,0,5,0,0,0,0,0,0,0,"- ","- ",37.824630737304688,-122.31388092041016,"SAN FRANCISCO","SAN FRANCISCO",-122.31393432617188,37.8248291015625
91898745,2022,2022-10-25,9335,2022-10-17,1638,022920,,1,2,7,3801,0,1,1,,2,022,"I-280 S/B","NORTH EDGE OF THE SAN JOSE AVENUE OVERCROSSING",30.00,S,N,A,-,Y,SF,,280,,R,1.458,H,,L,Y,3,0,2,4,A,-,03,22350,,N,C,C,A,A,H,-,A,D,0,,,,,Y,,A,01,0,1,1,0,0,0,0,0,0,"- ","- ",37.718448638916016,-122.44866943359375,"SAN FRANCISCO","SAN FRANCISCO",-122.44857788085938,37.71844482421875
91898772,2022,2022-10-25,9335,2022-10-14,1400,023065,,5,2,7,3801,0,1,2,,2,013,"US-101 NORTHBOUND","THE CESAR CHAVEZ STREET UNDERCROSSING",149.00,S,N,A,-,Y,SF,,101,,,2.972,H,,R,N,4,0,1,2,A,-,03,22350,,F,C,C,A,A,H,-,A,D,0,,,,,Y,,-,99,0,0,1,0,0,0,0,0,0,"- ","- ",37.748878479003906,-122.40386199951172,"SAN FRANCISCO","SAN FRANCISCO",-122.40377807617188,37.748863220214844
91898835,2022,2022-10-25,9335,2022-10-16,1110,023063,,7,1,7,3801,0,1,1,,2,080,"I-80 WESTBOUND","15TH ST. UNDERCROSSING",231.00,E,N,B,-,Y,SF,,80,,,3.960,H,,L,N,4,0,1,4,A,-,03,22350,,F,C,C,A,A,H,-,A,D,0,,,,,Y,,-,99,0,0,1,0,0,0,0,0,0,"- ","- ",37.767848968505859,-122.40534210205078,"SAN FRANCISCO","SAN FRANCISCO",-122.4053955078125,37.767845153808594
91898861,2022,2022-10-25,9335,2022-10-14,2245,022860,,5,3,7,3801,0,1,1,,2,080,"I-80 E/B","4TH STREET UNDERCROSSING",400.00,E,N,A,-,Y,SF,,80,,,5.143,H,,R,N,4,0,1,2,A,-,07,21658,A,F,B,C,A,A,H,-,C,D,0,,,,,Y,,-,99,0,0,1,0,0,0,0,0,0,"- ","- ",37.780918121337891,-122.39768981933594,"SAN FRANCISCO","SAN FRANCISCO",-122.39768981933594,37.780921936035156
91898880,2022,2022-10-25,9335,2022-10-14,2328,022024,,5,3,7,3801,0,1,1,,2,080,"I-80 E/B","BRANNAN ST. UNDERCROSSING",296.00,E,N,A,-,Y,SF,,80,,,4.256,H,,R,N,4,0,1,2,A,-,03,22350,,F,C,C,A,A,H,-,D,D,0,,,,,Y,,-,99,0,0,1,0,0,0,0,0,0,"- ","- ",37.771820068359375,-122.4063720703125,"SAN FRANCISCO","SAN FRANCISCO",-122.40630340576172,37.771842956542969
91899210,2022,2022-10-25,9350,2022-10-14,1445,022514,,5,2,7,3801,0,1,2,,2,020,"US-101 SB","LINCOLN BLVD",479.00,N,N,B,-,Y,,,,,,,,,,Y,4,0,4,1,A,-,09,21802,A,N,E,I,A,A,H,-,A,D,0,,,,,Y,,A,01,0,0,4,0,0,0,0,0,0,"- ","- ",37.807220458984375,-122.47576904296875,"SAN FRANCISCO","SAN FRANCISCO",-122.47577667236328,37.807209014892578
91899846,2022,2022-10-26,9335,2022-10-17,1330,014739,,1,1,7,3801,0,1,1,,2,080,"I-80 W/B TO 5TH STREET","5TH STREET",200.00,E,N,A,-,Y,SF,,80,,,4.880,H,,L,Y,4,0,2,2,A,-,03,22350,,N,C,C,A,A,H,-,A,D,0,,,,,Y,,A,01,0,0,2,0,0,0,0,0,0,"- ","- ",37.779041290283203,-122.40074920654297,"SAN FRANCISCO","SAN FRANCISCO",-122.4007568359375,37.779045104980469
91900327,2022,2022-10-26,9335,2022-10-23,0515,022667,,7,3,7,3801,0,1,2,,2,015,"US-101 S/B TO I-80 E/B","DIVISION ST U/C",35.00,S,N,A,-,Y,SF,,80,,L,4.102,H,,R,Y,3,0,1,1,A,-,08,22107,,N,E,I,A,A,H,-,C,A,0,,,,,Y,,A,01,0,1,0,0,0,0,0,0,0,"- ","- ",37.769851684570312,-122.40547180175781,"SAN FRANCISCO","SAN FRANCISCO",-122.40542602539062,37.769847869873047
91901529,2022,2022-10-27,9335,2022-10-19,2015,022920,,3,2,7,3801,0,1,2,,2,015,"US-101 N/B","THE VALENCIA STREET UNDERCROSSING",225.00,S,N,A,-,Y,SF,,101,,M,5.333,H,,R,Y,4,0,1,2,A,-,03,22350,,N,C,C,A,A,H,-,C,D,0,,,,,Y,,A,01,0,0,1,0,0,0,0,0,0,"- ","- ",37.770401000976562,-122.42172241210938,"SAN FRANCISCO","SAN FRANCISCO",-122.42173767089844,37.770378112792969
91905366,2022,2022-10-31,9335,2022-08-01,0355,022241,,1,3,7,3801,0,1,1,,1,082,"I-80 W/B","NORTHGATE DRIVE UNDERCROSSING",4318.00,E,N,A,-,Y,ALA,,80,,R,0.053,H,,L,N,3,0,2,2,A,-,01,23152,G,M,C,C,A,A,H,-,C,D,0,,,,,Y,Y,A,01,0,1,1,0,0,0,0,0,0,"- ","- ",37.819339752197266,-122.34874725341797,"SAN FRANCISCO","SAN FRANCISCO",-122.3487548828125,37.819370269775391
91905521,2022,2022-10-31,9335,2022-10-20,1142,023067,,4,1,7,3801,0,1,2,,2,014,"US-101 SOUTHBOUND","17TH STREET",51.00,N,N,A,-,Y,SF,,101,,,4.149,H,,L,N,4,0,1,2,A,-,07,21658,A,N,B,C,A,A,H,-,A,D,0,,,,Y,Y,,F,25,0,0,1,0,0,0,0,0,0,"- ","- ",37.764839172363281,-122.40515899658203,"SAN FRANCISCO","SAN FRANCISCO",-122.40515899658203,37.764839172363281
91905529,2022,2022-10-31,9335,2022-10-20,1130,023063,,4,1,7,3801,0,1,1,,2,080,"I-80 EASTBOUND","7TH ST. UNDERCROSSING",630.00,E,N,A,-,Y,SF,,80,,,4.365,H,,R,Y,4,0,1,2,A,-,03,22350,,M,C,C,A,A,H,-,A,D,0,,,,,Y,,-,"- ",0,0,1,0,0,0,0,0,0,"- ","- ",37.773399353027344,-122.40651702880859,"SAN FRANCISCO","SAN FRANCISCO",-122.40654754638672,37.773403167724609
91905540,2022,2022-12-19,9335,2022-10-09,1900,022795,,7,2,7,3801,0,1,2,,2,013,"US-101 SOUTHBOUND","CORTLAND AVENUE",1584.00,N,N,A,-,Y,SF,,101,,,2.631,H,,L,Y,4,0,1,2,A,-,07,21658,A,F,C,C,A,A,H,-,D,D,0,,,,,Y,,-,99,0,0,1,0,0,0,0,0,0,"- ","- ",37.744190216064453,-122.40567779541016,"SAN FRANCISCO","SAN FRANCISCO",-122.40567779541016,37.744190216064453
91905564,2022,2022-10-31,9335,2022-08-26,1005,022823,,5,1,7,3801,0,1,1,,2,023,"I-280 N/B","SAN BRUNO AVENUE",787.00,S,N,A,-,Y,SF,,280,,R,4.163,H,,R,N,4,0,1,1,A,-,08,22107,,N,E,I,A,A,H,-,A,D,0,,,,,Y,,A,01,0,0,1,0,0,0,0,0,0,"- ","- ",37.734199523925781,-122.40978240966797,"SAN FRANCISCO","SAN FRANCISCO",-122.40975952148438,37.734157562255859
91905604,2022,2022-10-31,9335,2022-08-28,0915,022823,,7,1,7,3801,0,1,1,,2,023,"I-280 N/B","ALEMANY BLVD.",48.00,S,N,A,-,Y,SF,,280,,R,3.852,H,,R,Y,4,0,3,2,A,-,03,22350,,N,C,C,A,A,H,-,A,D,0,,,,,Y,,A,01,0,0,3,0,0,0,0,0,0,"- ","- ",37.732051849365234,-122.41487121582031,"SAN FRANCISCO","SAN FRANCISCO",-122.41490173339844,37.732120513916016
91905658,2022,2022-10-31,9335,2022-10-04,0418,022823,,2,3,7,3801,0,1,1,,2,080,"I-80 W/B TO 5TH ST.","4TH ST.",575.00,W,N,A,-,Y,SF,,80,,,4.883,H,,L,Y,4,0,1,2,C,-,18,,,N,C,C,A,A,H,-,C,D,0,,,,,Y,,-,"- ",0,0,1,0,0,0,0,0,0,"- ","- ",37.779018402099609,-122.40065002441406,"SAN FRANCISCO","SAN FRANCISCO",-122.40071868896484,37.779071807861328
91905663,2022,2022-10-31,9335,2022-10-20,1630,023044,,4,2,7,3801,0,1,1,,2,024,"I-280 NORTHBOUND TO 6TH STREET","BERRY STREET",583.00,S,N,A,-,Y,SF,,280,,T,7.186,H,,R,N,4,0,2,2,A,-,03,22350,,N,C,C,A,A,H,-,A,D,0,,,,,Y,,A,01,0,0,2,0,0,0,0,0,0,"- ","- ",37.770580291748047,-122.39737701416016,"SAN FRANCISCO","SAN FRANCISCO",-122.39743804931641,37.770576477050781
91905665,2022,2022-10-31,9335,2022-10-20,1938,023044,,4,2,7,3801,0,1,2,,2,014,"US-101 NORTHBOUND","17TH STREET",97.00,S,N,A,-,Y,SF,,101,,,4.105,H,,R,N,2,0,1,1,A,-,03,22350,,N,E,I,A,A,H,-,C,D,0,,,Y,,Y,,C,02,1,0,0,0,0,0,0,0,1,"- ","- ",37.764228820800781,-122.40499114990234,"SAN FRANCISCO","SAN FRANCISCO",-122.4049072265625,37.764225006103516
91905667,2022,2022-10-31,9335,2022-10-20,1945,023065,,4,2,7,3801,0,1,2,,2,015,"US-101 SOUTHBOUND","THE FOLSOM STREET UNDERCROSSING",200.00,S,N,A,-,Y,SF,,101,,R,4.961,H,,L,N,4,0,1,5,A,-,03,22350,,N,C,C,A,A,H,-,E,D,0,,,,,Y,,A,01,0,0,1,0,0,0,0,0,0,"- ","- ",37.769569396972656,-122.4151611328125,"SAN FRANCISCO","SAN FRANCISCO",-122.4151611328125,37.769508361816406
91905731,2022,2022-10-31,9335,2022-10-22,1450,023065,,6,2,7,3801,0,1,2,,2,015,"US-101 NORTHBOUND TO US-101 NORTHBOUND","THE BRYANT STREET UNDERCROSSING",365.00,S,N,A,-,Y,SF,,101,,R,4.577,H,,R,Y,3,0,1,1,A,-,08,22107,,M,E,J,A,A,H,-,A,D,0,,,,,Y,,A,01,0,1,0,0,0,0,0,0,0,"- ","- ",37.769939422607422,-122.40834045410156,"SAN FRANCISCO","SAN FRANCISCO",-122.40834808349609,37.7698974609375
91905734,2022,2022-10-31,9335,2022-10-22,1940,023065,,6,2,7,3801,0,1,1,,2,023,"I-280 NORTHBOUND","THE ALEMANY BOULEVARD OVERCROSSING",660.00,S,N,A,-,Y,SF,,280,,R,3.721,H,,R,Y,4,0,6,2,A,-,03,22350,,N,C,C,A,A,H,-,C,D,0,,,,,Y,,A,08,0,0,6,0,0,0,0,0,0,"- ","- ",37.731849670410156,-122.41716766357422,"SAN FRANCISCO","SAN FRANCISCO",-122.41716766357422,37.731857299804688
91905746,2022,2022-10-31,9335,2022-10-23,0700,023063,,7,1,7,3801,0,1,1,,2,080,"I-80 WB TO 5TH ST OFF","5TH ST.",112.00,E,N,A,-,Y,,,,,,,,,,Y,4,0,1,2,A,-,03,22350,,M,C,C,A,A,H,-,B,A,0,,,,,Y,,A,01,0,0,1,0,0,0,0,0,0,"- ","- ",37.779060363769531,-122.40126800537109,"SAN FRANCISCO","SAN FRANCISCO",-122.40126800537109,37.779060363769531
91905769,2022,2022-10-31,9335,2022-10-24,1655,022920,,1,2,7,3801,0,1,1,,1,083,"I-80 E/B","THE YERBA BUENA ISLAND TUNNEL",400.00,W,N,A,-,Y,SF,,80,,,7.646,H,,R,Y,4,0,4,3,A,-,07,21658,A,N,C,C,A,A,H,-,A,D,0,,,,,Y,,D,22,0,0,4,0,0,0,0,0,0,"- ","- ",37.808181762695312,-122.36715698242188,"SAN FRANCISCO","SAN FRANCISCO",-122.36708068847656,37.808139801025391
91905774,2022,2022-10-31,9335,2022-10-24,1710,021474,,1,2,7,3801,0,1,2,,2,013,"US-101 S/B","SILVER AVE. O/C",440.00,N,N,A,-,Y,SF,,101,,,1.860,H,,L,Y,4,0,1,2,D,-,00,,,N,C,C,A,A,H,-,A,D,0,,,,,Y,,-,"- ",0,0,1,0,0,0,0,0,0,"- ","- ",37.733760833740234,-122.40606689453125,"SAN FRANCISCO","SAN FRANCISCO",-122.406005859375,37.733787536621094
91905791,2022,2022-10-31,9335,2022-10-25,1710,022920,,2,2,7,3801,0,1,2,,2,013,"US-101 N/B","FAITH STREET PEDESTRIAN OVERCROSSING",66.00,S,N,A,-,Y,SF,,101,,,2.602,H,,R,Y,4,0,2,4,A,-,03,22350,,N,C,C,A,A,H,-,D,D,0,,,,,Y,,A,01,0,0,2,0,0,0,0,0,0,"- ","- ",37.743721008300781,-122.40573120117188,"SAN FRANCISCO","SAN FRANCISCO",-122.40575408935547,37.743732452392578
91905816,2022,2022-10-31,9335,2022-10-26,0934,017995,,3,1,7,3801,0,1,2,,2,013,US-101,"FAITH ST PEDESTRIAN O/C",65.00,N,N,A,-,Y,SF,,101,,,2.628,H,,R,N,3,0,1,3,A,-,07,21658,A,F,B,C,A,A,H,-,A,D,0,,,Y,,Y,,A,01,0,1,0,0,0,0,0,0,1,"- ","- ",37.744060516357422,-122.40550994873047,"SAN FRANCISCO","SAN FRANCISCO",-122.40550231933594,37.744056701660156
91906109,2022,2022-11-01,9335,2022-10-23,1900,023044,,7,2,7,3801,0,1,2,,2,014,"US-101 SOUTHBOUND","23RD STREET",153.00,S,N,A,-,Y,SF,,101,,,3.331,H,,L,N,4,0,2,3,A,-,03,22350,,N,C,C,A,A,H,-,C,D,0,,,,,Y,Y,A,01,0,0,2,0,0,0,0,0,0,"- ","- ",37.754001617431641,-122.40312957763672,"SAN FRANCISCO","SAN FRANCISCO",-122.40309906005859,37.754001617431641
91906453,2022,2022-11-01,9335,2022-10-26,0400,021301,,3,3,7,3801,0,1,2,,2,013,"CESAR CHAVEZ ST TO US-101 S/B","CESAR CHAVEZ ST",319.00,S,N,A,-,Y,SF,,101,,,2.923,H,,L,Y,3,0,1,2,A,-,05,21651,B,F,A,D,A,A,H,-,D,D,0,,,,,Y,,-,99,0,1,0,0,0,0,0,0,0,"- ","- ",37.748298645019531,-122.40440368652344,"SAN FRANCISCO","SAN FRANCISCO",-122.4041748046875,37.748252868652344
91906459,2022,2022-11-01,9335,2022-10-27,1448,022920,,4,2,7,3801,0,1,2,,2,012,"US-101 S/B","THE MILLBRAE AVENUE OVERCROSSING",1695.00,N,N,A,-,Y,SM,,101,,,18.269,H,,L,Y,4,0,1,2,A,-,07,21658,A,N,B,C,A,A,H,-,A,D,0,,,,,Y,,A,01,0,0,1,0,0,0,0,0,0,"- ","- ",37.605491638183594,-122.38520050048828,"SAN FRANCISCO","SAN FRANCISCO",-122.38516235351562,37.60552978515625
91906483,2022,2022-11-01,9335,2022-10-20,1310,019631,,4,1,7,3801,0,1,2,,2,013,"US-101 S/B","BAYSHORE BLVD",500.00,S,N,A,-,Y,SF,,101,,,2.831,H,,L,N,4,0,1,2,A,-,03,22350,,N,C,C,A,A,H,-,A,D,0,,,Y,,Y,,C,02,0,0,1,0,0,0,0,0,1,"- ","- ",37.746940612792969,-122.404541015625,"SAN FRANCISCO","SAN FRANCISCO",-122.40459442138672,37.746952056884766
91906540,2022,2022-11-01,9350,2022-10-22,1618,022577,,6,2,7,3801,0,1,3,,2,011,"SR-1 SOUTHBOUND","LAKE STREET",2640.00,N,N,A,-,Y,SF,,1,,,6.437,H,,L,N,3,0,1,2,A,-,03,22350,,N,C,C,A,A,H,-,A,D,0,,,,,Y,,A,01,0,1,0,0,0,0,0,0,0,"- ","- ",37.794380187988281,-122.46954345703125,"SAN FRANCISCO","SAN FRANCISCO",-122.46961975097656,37.794380187988281
91907688,2022,2022-11-02,9350,2022-10-31,0645,022432,,1,1,7,3801,0,1,2,,2,020,"US-101 S/B","LINCOLN BLVD",475.00,N,N,B,-,Y,,,,,,,,,,N,4,0,1,1,A,-,08,22107,,N,E,I,A,A,H,-,B,D,0,,,,,Y,,D,22,0,0,1,0,0,0,0,0,0,"- ","- ",37.807209014892578,-122.47577667236328,"SAN FRANCISCO","SAN FRANCISCO",-122.47577667236328,37.807209014892578
91907771,2022,2022-11-02,9335,2022-10-26,1455,022920,,3,2,7,3801,0,1,1,,2,022,"I-280 S/B","THE OCEAN AVENUE OVERCROSSING",120.00,S,N,A,-,Y,SF,,280,,R,1.733,H,,L,Y,4,0,2,2,A,-,08,22107,,N,D,C,A,A,H,-,A,D,0,,,,,Y,,A,01,0,0,2,0,0,0,0,0,0,"- ","- ",37.722511291503906,-122.44803619384766,"SAN FRANCISCO","SAN FRANCISCO",-122.44802856445312,37.722507476806641
91907781,2022,2022-11-02,9335,2022-10-27,1845,022920,,4,2,7,3801,0,1,2,,2,015,"US-101 N/B","THE ALAMEDA STREET UNDERCROSSING",182.00,S,N,A,-,Y,SF,,101,,R,4.363,H,,R,Y,4,0,2,2,A,-,03,22350,,N,C,A,A,A,H,-,E,D,0,,,,,Y,,A,01,0,0,2,0,0,0,0,0,0,"- ","- ",37.767898559570312,-122.40541076660156,"SAN FRANCISCO","SAN FRANCISCO",-122.40548706054688,37.767860412597656
91909129,2022,2022-11-03,9350,2022-10-31,1902,022577,,1,2,7,3801,0,1,2,,1,120,"US-101 SOUTHBOUND","LINCOLN BOULEVARD",3168.00,N,N,A,-,Y,,,,,,,,,,Y,3,0,2,2,A,-,07,21658,A,N,B,C,A,A,H,-,C,D,0,,,,,Y,,A,01,0,2,0,0,0,0,0,0,0,"- ","- ",37.814540863037109,-122.47798919677734,"SAN FRANCISCO","SAN FRANCISCO",-122.47813415527344,37.814521789550781
91909598,2021,2022-11-04,9335,2021-11-26,0304,022326,,5,3,7,3801,0,1,2,,2,014,"US-101 N/B","18TH STREET PEDESTRIAN OVERCROSSING",755.00,S,N,A,-,Y,,,101,,,,,,N,Y,1,2,2,3,A,-,01,23152,A,N,A,C,A,A,H,-,D,D,0,,,,,Y,Y,A,01,1,0,1,0,0,0,0,0,0,"- ","- ",37.760139465332031,-122.40635681152344,"SAN FRANCISCO","SAN FRANCISCO",-122.40627288818359,37.760162353515625
91909844,2022,2022-11-04,9335,2022-10-29,0758,022897,,6,1,7,3801,0,1,1,,2,024,"I-280 S/B","MCKINNON AVE.",225.00,N,N,A,-,Y,SF,,280,,R,4.985,H,,L,Y,3,0,1,2,A,-,08,22107,,N,B,C,A,A,H,-,A,D,0,,,,,Y,,A,01,0,1,0,0,0,0,0,0,0,"- ","- ",37.741748809814453,-122.39813232421875,"SAN FRANCISCO","SAN FRANCISCO",-122.39808654785156,37.741729736328125
91909906,2022,2022-11-04,9335,2022-11-02,2320,022735,,3,3,7,3801,0,1,1,,2,023,"I-280 SOUTHBOUND","MONTEREY BLVD",528.00,N,N,A,-,Y,SF,,280,,R,2.960,H,,L,Y,4,0,1,2,A,-,07,21658,A,N,B,2,A,A,H,-,D,D,0,,,,,Y,,A,07,0,0,1,0,0,0,0,0,0,"- ","- ",37.732410430908203,-122.43087768554688,"SAN FRANCISCO","SAN FRANCISCO",-122.43087768554688,37.732376098632812
91909907,2022,2022-11-04,9335,2022-11-03,1510,020828,,4,2,7,3801,0,1,2,,2,013,"US-101 S/B (BASHORE FWY)",I-280,2105.00,N,N,A,-,Y,SF,,101,,,2.411,H,,L,N,4,0,1,2,A,-,03,22350,,M,C,C,A,A,H,-,A,D,0,,,,,Y,,-,99,0,0,1,0,0,0,0,0,0,"- ","- ",37.741539001464844,-122.40772247314453,"SAN FRANCISCO","SAN FRANCISCO",-122.40764617919922,37.74151611328125
91911051,2022,2022-11-07,9335,2022-10-29,0920,022897,,6,1,7,3801,0,1,2,,2,013,"US-101 N/B","BLANKEN AVE.",50.00,S,N,A,-,Y,SF,,101,,,0.164,H,,R,Y,4,0,3,3,A,-,03,22350,,N,C,C,A,A,H,-,A,D,0,,,,,Y,,D,22,0,0,3,0,0,0,0,0,0,"- ","- ",37.710769653320312,-122.39541625976562,"SAN FRANCISCO","SAN FRANCISCO",-122.39541625976562,37.710769653320312
91911057,2022,2022-11-07,9335,2022-10-29,0135,022823,,6,3,7,3801,0,1,2,,2,015,"US-101 S/B TO I-80 E/B","DIVISION ST.",210.00,N,N,A,-,Y,SF,,80,,L,4.016,H,,R,Y,3,0,1,1,A,-,08,22107,,N,E,I,A,A,H,-,C,A,0,,,,,Y,Y,A,01,0,1,0,0,0,0,0,0,0,"- ","- ",37.769031524658203,-122.40586090087891,"SAN FRANCISCO","SAN FRANCISCO",-122.40589141845703,37.769069671630859
91911311,2022,2022-11-07,9335,2022-10-30,0532,023067,,7,3,7,3801,0,1,1,,1,081,"I-80 W/B","THE EMBARCADERO UNDERCROSSING",3000.00,E,N,A,-,Y,SF,,80,,,6.472,H,,L,Y,3,0,1,1,A,-,01,23152,A,N,F,A,A,A,H,-,C,D,0,,,,,Y,Y,A,01,0,1,0,0,0,0,0,0,0,"- ","- ",37.794990539550781,-122.38114166259766,"SAN FRANCISCO","SAN FRANCISCO",-122.38115692138672,37.795001983642578
91911592,2022,2022-11-07,9335,2022-11-01,0651,018804,,2,1,7,3801,0,1,1,,1,081,"I-80 W/B","TOLL PLAZA",30.00,W,N,C,-,Y,ALA,,80,,,1.983,H,,L,N,4,0,1,2,A,-,03,22350,,M,C,C,A,B,H,-,C,D,0,,,,,Y,,-,99,0,0,1,0,0,0,0,0,0,"- ","- ",37.825008392333984,-122.31404113769531,"SAN FRANCISCO","SAN FRANCISCO",-122.31398773193359,37.824821472167969
91912262,2022,2022-11-08,9335,2022-10-31,1913,023044,,1,2,7,3801,0,1,2,,2,015,"US-101 NORTHBOUND","15TH STREET",81.00,N,N,A,-,Y,SF,,101,,R,4.336,H,,R,Y,4,0,1,2,A,-,03,22350,,N,C,C,A,A,H,-,C,D,0,,,,,Y,,A,01,0,0,1,0,0,0,0,0,0,"- ","- ",37.767520904541016,-122.40525054931641,"SAN FRANCISCO","SAN FRANCISCO",-122.4052734375,37.767513275146484
91912717,2022,2022-11-08,9335,2022-11-04,1600,021916,,5,2,7,3801,0,1,1,,2,022,"I-280 N/B","GENEVA AVE OVERCROSSING",1056.00,S,N,A,-,Y,SF,,280,,R,1.445,H,,R,Y,3,0,1,1,A,-,08,22107,,N,E,I,A,A,H,-,A,D,0,,,,,Y,,A,01,0,1,0,0,0,0,0,0,0,"- ","- ",37.718368530273438,-122.44847106933594,"SAN FRANCISCO","SAN FRANCISCO",-122.44841766357422,37.718364715576172
91912836,2022,2022-11-08,9335,2022-11-04,1804,022823,,5,2,7,3801,0,1,2,,2,013,"US-101 S/B","BLANKEN AVE.",177.00,S,N,A,-,Y,SF,,101,,,0.141,H,,L,N,4,0,1,2,A,-,03,22350,,N,C,C,A,A,H,-,C,D,0,,,,,Y,,A,01,0,0,1,0,0,0,0,0,0,"- ","- ",37.710399627685547,-122.39550018310547,"SAN FRANCISCO","SAN FRANCISCO",-122.39559173583984,37.71038818359375
91913603,2022,2022-11-09,9335,2022-11-01,0325,023082,,2,3,7,3801,0,1,1,,1,081,"I-80 WESTBOUND TO HARRISON STREET","2ND STREET UNDERCROSSING",450.00,E,N,A,-,Y,,,,,,,,,,N,4,0,1,1,A,-,01,23152,A,M,E,I,A,A,H,-,D,A,0,,,,,Y,Y,A,01,0,0,1,0,0,0,0,0,0,"- ","- ",37.784069061279297,-122.39256286621094,"SAN FRANCISCO","SAN FRANCISCO",-122.39256286621094,37.784069061279297