CASE_ID,ACCIDENT_YEAR,PROC_DATE,JURIS,COLLISION_DATE,COLLISION_TIME,OFFICER_ID,REPORTING_DISTRICT,DAY_OF_WEEK,CHP_SHIFT,POPULATION,CNTY_CITY_LOC,SPECIAL_COND,BEAT_TYPE,CHP_BEAT_TYPE,CITY_DIVISION_LAPD,CHP_BEAT_CLASS,BEAT_NUMBER,PRIMARY_RD,SECONDARY_RD,DISTANCE,DIRECTION,INTERSECTION,WEATHER_1,WEATHER_2,STATE_HWY_IND,CALTRANS_COUNTY,CALTRANS_DISTRICT,STATE_ROUTE,ROUTE_SUFFIX,POSTMILE_PREFIX,POSTMILE,LOCATION_TYPE,RAMP_INTERSECTION,SIDE_OF_HWY,TOW_AWAY,COLLISION_SEVERITY,NUMBER_KILLED,NUMBER_INJURED,PARTY_COUNT,PRIMARY_COLL_FACTOR,PCF_CODE_OF_VIOL,PCF_VIOL_CATEGORY,PCF_VIOLATION,PCF_VIOL_SUBSECTION,HIT_AND_RUN,TYPE_OF_COLLISION,MVIW,PED_ACTION,ROAD_SURFACE,ROAD_COND_1,ROAD_COND_2,LIGHTING,CONTROL_DEVICE,CHP_ROAD_TYPE,PEDESTRIAN_ACCIDENT,BICYCLE_ACCIDENT,MOTORCYCLE_ACCIDENT,TRUCK_ACCIDENT,NOT_PRIVATE_PROPERTY,ALCOHOL_INVOLVED,STWD_VEHTYPE_AT_FAULT,CHP_VEHTYPE_AT_FAULT,COUNT_SEVERE_INJ,COUNT_VISIBLE_INJ,COUNT_COMPLAINT_PAIN,COUNT_PED_KILLED,COUNT_PED_INJURED,COUNT_BICYCLIST_KILLED,COUNT_BICYCLIST_INJURED,COUNT_MC_KILLED,COUNT_MC_INJURED,PRIMARY_RAMP,SECONDARY_RAMP,LATITUDE,LONGITUDE,COUNTY,CITY,POINT_X,POINT_Y
91992343,2023,2023-02-13,9335,2023-02-01,1930,022525,,3,2,7,3801,0,1,2,,2,015,"US-101 S/B TO I-80 E/B","DIVISION STREET",50.00,N,N,A,-,Y,SF,,80," ",L,4.070,H,,R,Y,3,0,1,1,A,-,08,22107,,N,E,J,A,A,H,-,C,D,0,,,Y,,Y,,O,05,0,1,0,0,0,0,0,0,1,"- ","- ",37.769500732421875,-122.40543365478516,"SAN FRANCISCO","SAN FRANCISCO",-122.40548706054688,37.769515991210938
91992350,2023,2023-02-20,9335,2023-02-01,1930,021339,,3,2,7,3801,0,1,2,,2,013,"US-101 S/B","CESAR CHAVEZ ST",1620.00,S,N,A,-,Y,SF,,101," "," ",2.693,H,,L,Y,3,0,1,2,A,-,07,21658,A,N,B,2,A,A,H,-,D,D,0,,,,,Y,,A,01,0,1,0,0,0,0,0,0,0,"- ","- ",37.745029449462891,-122.40529632568359,"SAN FRANCISCO","SAN FRANCISCO",-122.40522766113281,37.745010375976562
91992521,2023,2023-10-23,9335,2023-02-01,"645 ",023044,,3,1,7,3801,0,1,2,,2,013,"US-101 SOUTHBOUND","FAITH STREET PEDESTRIAN OVERCROSSING",739.00,S,N,A,-,Y,SF,,101," "," ",2.469,H,,L,N,4,0,1,4,A,-,03,22350,,F,C,C,A,A,H,-,B,D,0,,,,,Y,,A,01,0,0,1,0,0,0,0,0,0,"- ","- ",37.742229461669922,-122.40715789794922,"SAN FRANCISCO","SAN FRANCISCO",-122.40721130371094,37.742256164550781
91992526,2023,2023-02-13,9335,2023-02-04,2005,021222,,6,2,7,3801,0,1,1,,2,022,"I-280 NORTHBOUND","SAN JOSE AVENUE",990.00,S,N,C,-,Y,SF,,280," ",R,1.264,H,,R,Y,4,0,3,1,A,-,08,22107,,N,E,I,A,B,H,-,C,D,0,,,,,Y,,A,01,0,0,3,0,0,0,0,0,0,"- ","- ",37.715850830078125,-122.44938659667969,"SAN FRANCISCO","SAN FRANCISCO",-122.44935607910156,37.715831756591797
91992537,2022,2023-02-13,9335,2022-04-27,2040,022823,,3,2,7,3801,0,1,2,,2,013,"US-101 SB FROM CESAR CHAVEZ ST.","CESAR CHAVEZ ST. UNDERCROSSING",511.00,S,N,A,-,Y,SF,,101,,,2.894,H,,L,N,3,0,2,2,A,-,08,22107,,F,E,I,A,A,H,-,C,D,0,,,,,Y,,A,01,0,1,1,0,0,0,0,0,0,"- ","- ",37.747879028320312,-122.40451049804688,"SAN FRANCISCO","SAN FRANCISCO",-122.40430450439453,37.747837066650391
91993167,2023,2023-02-13,9335,2023-02-08,"830 ",023118,,3,1,7,3801,0,1,2,,2,015,"US 101 S/B","15TH STREET UNDERCROSSING",200.00,N,N,A,-,Y,SF,,101," ",R,4.352,H,,L,N,4,0,1,2,A,-,03,22350,,N,C,C,A,A,H,-,A,D,0,,,,,Y,,A,07,0,0,1,0,0,0,0,0,0,"- ","- ",37.767730712890625,-122.40560913085938,"SAN FRANCISCO","SAN FRANCISCO",-122.40563201904297,37.767723083496094
91993170,2023,2023-02-13,9335,2023-02-05,"120 ",022096,,7,3,7,3801,0,1,2,,2,013,"US-101 N/B","CORTLAND AVE",370.00,N,N,B,-,Y,SF,,101," "," ",2.351,H,,R,Y,4,0,5,2,A,-,01,23152,A,N,C,C,A,B,H,-,D,D,0,,,,,Y,Y,A,01,0,0,5,0,0,0,0,0,0,"- ","- ",37.740669250488281,-122.40776062011719,"SAN FRANCISCO","SAN FRANCISCO",-122.40777587890625,37.740673065185547
91995017,2023,2023-02-15,9350,2023-02-12,"955 ",022133,,7,1,7,3801,0,1,3,,2,011,"SR-1 N/B","NORTH EDGE OF MACARTHUR TUNNEL",1056.00,N,N,A,-,Y,SF,,1," "," ",6.809,H,,R,Y,4,0,1,2,A,-,03,22350,,N,C,C,A,A,H,-,A,D,0,,,,,Y,,A,08,0,0,1,0,0,0,0,0,0,"- ","- ",37.799331665039062,-122.46942138671875,"SAN FRANCISCO","SAN FRANCISCO",-122.46940612792969,37.799331665039062
91995895,2023,2023-02-16,9335,2023-02-03,"550 ",023044,,5,3,7,3801,0,1,2,,2,015,"US-101 NORTHBOUND","ALAMEDA STREET",115.00,N,N,A,-,Y,SF,,101," ",R,4.455,H,,R,Y,4,0,1,1,A,-,08,22107,,N,E,I,A,A,H,-,C,D,0,,,,,Y,,A,07,0,0,1,0,0,0,0,0,0,"- ","- ",37.768810272216797,-122.40663909912109,"SAN FRANCISCO","SAN FRANCISCO",-122.40664672851562,37.768802642822266
91995908,2023,2023-02-16,9335,2023-02-04,2325,022897,,6,3,7,3801,0,1,2,,2,014,"US-101 N/B","18TH ST. PEDESTRIAN OVERCROSSING",130.00,S,N,A,-,Y,SF,,101," "," ",3.933,H,,R,Y,4,0,1,1,A,-,01,23152,A,N,E,I,A,B,H,-,D,D,0,,,,,Y,Y,A,01,0,0,1,0,0,0,0,0,0,"- ","- ",37.761810302734375,-122.40589141845703,"SAN FRANCISCO","SAN FRANCISCO",-122.40585327148438,37.761795043945312
91995932,2023,2023-02-16,9335,2023-02-08,"855 ",023063,,3,1,7,3801,0,1,1,,2,022,"I-280 SOUTHBOUND","GENEVA AVENUE",950.00,S,N,A,-,Y,SF,,280," ",R,1.466,H,,L,Y,4,0,2,2,A,-,03,22350,,N,C,C,A,A,H,-,A,D,0,,,,,Y,,A,07,0,0,2,0,0,0,0,0,0,"- ","- ",37.718570709228516,-122.44864654541016,"SAN FRANCISCO","SAN FRANCISCO",-122.44856262207031,37.718563079833984
91995949,2023,2023-02-16,9335,2023-01-31,1545,023111,,2,2,7,3801,0,1,2,,2,013,"US-101 N/B","CORTLAND AVE UNDERCROSSING",342.00,N,N,A,-,Y,SF,,101," "," ",2.348,H,,R,N,4,0,1,3,A,-,03,22350,,N,C,C,A,A,H,-,A,D,0,,,,,Y,,A,01,0,0,1,0,0,0,0,0,0,"- ","- ",37.740619659423828,-122.40773010253906,"SAN FRANCISCO","SAN FRANCISCO",-122.40779113769531,37.740631103515625
91996398,2023,2023-02-16,9335,2023-02-09,1550,023167,,4,2,7,3801,0,1,2,,2,013,"US 101 N/B","CORTLAND AVE",326.00,N,N,A,-,Y,SF,,101," "," ",2.345,H,,R,Y,4,0,3,3,A,-,03,22350,,N,C,C,A,A,H,-,A,D,0,,,,,Y,,A,01,0,0,3,0,0,0,0,0,0,"- ","- ",37.740581512451172,-122.40769958496094,"SAN FRANCISCO","SAN FRANCISCO",-122.40779876708984,37.740596771240234
91997770,2023,2023-02-20,9335,2023-02-12,1255,023082,,7,1,7,3801,0,1,1,,1,081,"I-80 W/B","SPEAR STREET",4700.00,E,N,A,-,Y,SF,,80," "," ",6.738,H,,L,N,4,0,2,3,A,-,03,22350,,N,C,C,A,A,H,-,A,D,0,,,,,Y,,A,01,0,0,2,0,0,0,0,0,0,"- ","- ",37.798080444335938,-122.37809753417969,"SAN FRANCISCO","SAN FRANCISCO",-122.3779296875,37.797966003417969
91997779,2023,2023-02-20,9335,2023-02-12,1455,017672,,7,2,7,3801,0,1,1,,2,080,"I-80 E/B","STERLING STREET ON-RAMP",470.00,W,N,A,-,Y,SF,,80," "," ",5.508,H,,R,N,4,0,3,3,A,-,03,22350,,N,C,C,A,A,H,-,A,D,0,,,,,Y,,A,01,0,0,3,0,0,0,0,0,0,"- ","- ",37.784610748291016,-122.39311981201172,"SAN FRANCISCO","SAN FRANCISCO",-122.39315795898438,37.784641265869141
91997783,2023,2023-02-20,9335,2023-02-13,1457,018688,,1,2,7,3801,0,1,1,,1,081,"I-80 W/B","2ND ST.",78.00,W,N,A,-,Y,SF,,80," "," ",5.390,H,,L,N,4,0,1,4,A,-,03,22350,,N,C,C,A,A,H,-,A,D,0,,,,,Y,,A,08,0,0,1,0,0,0,0,0,0,"- ","- ",37.783599853515625,-122.39478302001953,"SAN FRANCISCO","SAN FRANCISCO",-122.39482116699219,37.783634185791016
91997998,2023,2023-02-20,9335,2023-02-14,1918,018688,,2,2,7,3801,0,1,1,,1,081,"I-80 W/B","3RD ST.",115.00,W,N,A,-,Y,SF,,80," "," ",5.207,H,,L,N,4,0,1,4,A,-,04,21703,,N,C,C,A,A,H,-,C,D,0,,,,,Y,,D,23,0,0,1,0,0,0,0,0,0,"- ","- ",37.781768798828125,-122.39714050292969,"SAN FRANCISCO","SAN FRANCISCO",-122.39720153808594,37.781826019287109
92001131,2023,2023-08-02,9335,2023-02-12,1625,023063,,7,2,7,3801,0,1,2,,2,013,"US-101 SOUTHBOUND","ALANA WAY",5280.00,S,N,A,-,Y,SM,,101," "," ",25.049,H,,L,Y,3,0,2,3,A,-,03,22350,,N,B,C,A,A,H,-,A,D,0,,,,,Y,Y,A,01,0,1,1,0,0,0,0,0,0,"- ","- ",37.693790435791016,-122.39183807373047,"SAN FRANCISCO","SAN FRANCISCO",-122.39182281494141,37.693790435791016
92001603,2023,2023-02-23,9335,2023-02-11,1340,023167,,6,1,7,3801,0,1,2,,2,013,"US 101 N/B","PAUL AVE",250.00,N,N,A,-,Y,SF,,101," "," ",1.180,H,,R,Y,3,0,1,2,A,-,07,21658,A,N,B,C,A,A,H,-,A,D,0,,,,,Y,,A,01,0,1,0,0,0,0,0,0,0,"- ","- ",37.724510192871094,-122.40142059326172,"SAN FRANCISCO","SAN FRANCISCO",-122.40141296386719,37.724514007568359
92002581,2023,2023-02-24,9335,2023-01-31,1721,023121,,2,2,7,3801,0,1,1,,2,022,"I-280 S/B TO JOHN DALY BOULEVARD","SAINT CHARLES AVENUE OVERCROSSING",997.00,N,N,A,-,Y,SF,,280," ",R,0.183,H,,L,N,4,0,1,2,A,-,03,22350,,N,B,C,A,A,G,-,A,D,0,,,,,Y,,A,01,0,0,1,0,0,0,0,0,0,"- ","- ",37.710159301757812,-122.46652221679688,"SAN FRANCISCO","SAN FRANCISCO",-122.4664306640625,37.71002197265625
92003240,2022,2023-02-27,9335,2022-12-02,1125,022486,,5,1,7,3801,0,1,2,,2,014,"US-101 S/B","23RD STREET OVERCROSSING",400.00,N,N,A,-,Y,SF,,101,,,4.035,H,,L,N,4,0,1,3,A,-,07,21658,A,M,C,C,A,A,H,-,A,D,0,,,,,Y,,A,07,0,0,1,0,0,0,0,0,0,"- ","- ",37.763198852539062,-122.40525054931641,"SAN FRANCISCO","SAN FRANCISCO",-122.40531921386719,37.763214111328125
92007760,2022,2023-03-02,9335,2022-07-23,2357,022703,,6,3,7,3801,0,1,1,,1,081,"I-80 WESTBOUND","THE FOREST HILL ROAD OVERCROSSING.",260.00,E,N,A,-,Y,SF,,80,,,7.852,H,,L,Y,2,0,4,2,A,-,01,23152,A,F,C,C,A,A,H,-,C,D,0,,,,,Y,Y,A,01,4,0,0,0,0,0,0,0,0,"- ","- ",37.810539245605469,-122.36470031738281,"SAN FRANCISCO","SAN FRANCISCO",-122.36465454101562,37.810512542724609
92007914,2023,2023-03-02,9335,2023-02-18,1215,023082,,6,1,7,3801,0,1,2,,2,013,"US 101 NORTHBOUND","PAUL AVENUE",970.00,S,N,A,-,Y,SF,,101," "," ",0.928,H,,R,N,4,0,1,2,A,-,03,22350,,N,C,C,A,A,H,-,A,D,0,,,,,Y,,A,01,0,0,1,0,0,0,0,0,0,"- ","- ",37.721118927001953,-122.40000152587891,"SAN FRANCISCO","SAN FRANCISCO",-122.40006256103516,37.721103668212891
92009005,2023,2023-03-03,9335,2023-02-20,1155,023063,,1,1,7,3801,0,1,1,,2,080,"I-80 EASTBOUND","5TH STREET",215.00,W,N,A,-,Y,SF,,80," "," ",4.787,H,,R,Y,2,0,1,2,A,-,03,22350,,N,C,C,A,A,H,-,A,D,0,,,Y,,Y,,C,02,1,0,0,0,0,0,0,0,1,"- ","- ",37.777881622314453,-122.40160369873047,"SAN FRANCISCO","SAN FRANCISCO",-122.40156555175781,37.777843475341797
92009063,2023,2023-03-20,9335,2023-02-20,1423,023111,,1,2,7,3801,0,1,1,,2,024,"I-280 N/B","18TH STREET UNDERCROSSING",456.00,S,N,A,-,Y,SF,,280," ",R,6.494,H,,R,Y,4,0,3,2,A,-,03,22350,,N,C,C,A,A,H,-,A,D,0,,,,,Y,,A,07,0,0,3,0,0,0,0,0,0,"- ","- ",37.761520385742188,-122.39240264892578,"SAN FRANCISCO","SAN FRANCISCO",-122.39244079589844,37.761516571044922
92009066,2023,2023-03-03,9335,2023-02-21,1510,023067,,2,2,7,3801,0,1,1,,2,024,"I-280 NORTHBOUND","16TH STREET",586.00,N,N,A,-,Y,SF,,280," ",R,6.987,H,,R,N,4,0,1,2,A,-,07,21658,A,N,B,C,A,A,H,-,B,D,0,,,Y,,Y,,A,08,0,0,1,0,0,0,0,0,1,"- ","- ",37.767860412597656,-122.39598083496094,"SAN FRANCISCO","SAN FRANCISCO",-122.39600372314453,37.767845153808594
92009207,2023,2023-03-03,9335,2023-02-23,1850,022525,,4,2,7,3801,0,1,1,,2,023,"I-280 S/B",US-101,2112.00,S,N,C,-,Y,SF,,280," ",R,3.933,H,,L,N,4,0,1,2,A,-,03,22350,,N,C,C,A,B,H,-,C,D,0,,,,,Y,,A,01,0,0,1,0,0,0,0,0,0,"- ","- ",37.732791900634766,-122.41345977783203,"SAN FRANCISCO","SAN FRANCISCO",-122.41348266601562,37.732822418212891
92009347,2023,2023-03-03,9335,2023-01-16,2355,022096,,1,3,7,3801,0,1,2,,2,015,"US-101 S/B","POTRERO AVE",188.00,S,N,A,-,Y,SF,,101," ",R,4.459,H,,L,Y,4,0,1,1,A,-,01,23152,A,N,E,I,A,A,H,-,D,D,0,,,,,Y,Y,A,01,0,0,1,0,0,0,0,0,0,"- ","- ",37.768688201904297,-122.40711212158203,"SAN FRANCISCO","SAN FRANCISCO",-122.40712738037109,37.768650054931641
92009422,2023,2023-03-03,9335,2023-02-24,1710,023167,,5,2,7,3801,0,1,2,,2,014,"US 101 N/B","18TH ST OVERCROSSING",160.00,S,N,A,-,Y,SF,,101," "," ",3.927,H,,R,Y,4,0,2,2,A,-,03,22350,,N,C,C,A,A,H,-,B,D,0,,,,,Y,,A,01,0,0,2,0,0,0,0,0,0,"- ","- ",37.761749267578125,-122.40598297119141,"SAN FRANCISCO","SAN FRANCISCO",-122.40589141845703,37.76171875
92009428,2023,2023-03-03,9335,2023-02-25,"213 ",022860,,6,3,7,3801,0,1,2,,2,014,"US-101 S/B","THE 23RD STREET OVERCROSSING",300.00,N,N,A,-,Y,SF,,101," "," ",3.423,H,,L,N,4,0,1,1,A,-,01,23152,A,N,F,I,A,A,H,-,D,D,0,,,,,Y,Y,A,01,0,0,1,0,0,0,0,0,0,"- ","- ",37.755390167236328,-122.40322875976562,"SAN FRANCISCO","SAN FRANCISCO",-122.40322113037109,37.755390167236328
92009695,2023,2023-03-06,9335,2023-02-25,2323,022897,,6,3,7,3801,0,1,2,,2,013,"US-101 SB TO SILVER AVENUE","SILVER AVE. OVERCROSSING",10.00,N,N,A,-,Y,SF,,101," "," ",1.768,H,,L,Y,2,0,3,2,A,-,01,23152,A,F,C,C,A,A,H,-,D,D,0,,,,,Y,Y,A,01,1,0,2,0,0,0,0,0,0,"- ","- ",37.732490539550781,-122.40540313720703,"SAN FRANCISCO","SAN FRANCISCO",-122.40528869628906,37.732528686523438
92009699,2023,2023-03-06,9335,2023-02-18,1140,022920,,6,1,7,3801,0,1,2,,2,013,"US-101 N/B","THE 3RD STREET OVERCROSSING",1109.00,N,N,A,-,Y,SF,,101," "," ",0.784,H,,R,N,4,0,1,2,A,-,07,21658,A,N,C,C,A,A,H,-,A,D,0,,,,,Y,,A,01,0,0,1,0,0,0,0,0,0,"- ","- ",37.719158172607422,-122.39946746826172,"SAN FRANCISCO","SAN FRANCISCO",-122.39948272705078,37.719158172607422
92009742,2023,2023-03-06,9335,2023-01-27,1530,019799,,5,2,7,3801,0,1,1,,1,081,"I-80 W/B","TREASURE ISLAND ON RAMP",500.00,W,N,A,-,Y,SF,,80," "," ",7.586,H,,L,N,4,0,1,2,A,-,07,21658,A,N,B,C,A,A,H,-,A,D,0,,,,,Y,,-,"- ",0,0,1,0,0,0,0,0,0,"- ","- ",37.807521820068359,-122.36788177490234,"SAN FRANCISCO","SAN FRANCISCO",-122.36775207519531,37.80743408203125
92010807,2023,2023-03-06,9335,2023-02-28,"958 ",021957,,2,1,7,3801,0,1,1,,1,083,"I-80 EB","SPEAR ST. UNDERCROSSING",2359.00,E,N,B,C,Y,SF,,80," "," ",6.305,H,,R,N,4,0,1,1,A,-,08,22107,,N,E,I,A,B,H,-,A,D,0,,,,,Y,,D,22,0,0,1,0,0,0,0,0,0,"- ","- ",37.793170928955078,-122.38320922851562,"SAN FRANCISCO","SAN FRANCISCO",-122.3831787109375,37.79315185546875
92011592,2023,2023-03-07,9335,2023-03-03,1135,019631,,5,1,7,3801,0,1,1,,1,083,"I-80 E/B","TREASURE ISLAND ANCHORAGE",400.00,W,N,B,-,Y,SF,,80," "," ",7.597,H,,R,N,3,0,1,2,A,-,03,22350,,N,C,C,A,A,H,-,A,D,0,,,,,Y,,A,01,0,1,0,0,0,0,0,0,0,"- ","- ",37.807708740234375,-122.36785888671875,"SAN FRANCISCO","SAN FRANCISCO",-122.36762237548828,37.807552337646484
92013415,2022,2023-03-09,9335,2022-08-15,1701,020991,,1,2,7,3801,0,1,1,,2,024,"I280 NB TO 6TH STREET","MISSION BAY DRIVE",152.00,S,N,A,-,Y,SF,,280,,T,7.111,H,,R,N,4,0,1,2,A,-,03,22350,,M,C,C,A,A,H,-,A,D,0,,,,,Y,,J,41,0,0,1,0,0,0,0,0,0,"- ","- ",37.769458770751953,-122.39718627929688,"SAN FRANCISCO","SAN FRANCISCO",-122.39723205566406,37.769451141357422
92014666,2023,2023-03-10,9335,2023-03-01,"937 ",021237,,3,1,7,3801,0,1,2,,2,013,"US 101 S/B","PAUL AVENUE",233.00,N,N,A,-,Y,SF,,101," "," ",1.170,H,,L,N,4,0,4,2,A,-,03,22350,,N,C,C,A,A,H,-,A,D,0,,,,,Y,,A,07,0,0,4,0,0,0,0,0,0,"- ","- ",37.724411010742188,-122.40158081054688,"SAN FRANCISCO","SAN FRANCISCO",-122.40163421630859,37.724395751953125
92014815,2022,2023-03-10,9335,2022-11-21,1529,021328,,1,2,7,3801,0,1,1,,1,083,"I-80 E/B","MAIN STREET UNDERCROSSING",80.00,E,N,B,-,Y,SF,,80,,,5.811,H,,R,Y,1,1,0,3,A,-,03,22350,,N,C,C,A,A,H,-,A,D,0,,,Y,Y,Y,,C,02,0,0,0,0,0,0,0,1,0,"- ","- ",37.787681579589844,-122.38916778564453,"SAN FRANCISCO","SAN FRANCISCO",-122.38915252685547,37.787670135498047
92015092,2022,2023-03-10,9335,2022-06-19,0254,022196,,7,3,7,3801,0,1,1,,1,081,"I-80 WESTBOUND","CECTER ANCHORAGE",20.00,E,N,A,-,Y,SF,,80,,,6.770,H,,L,Y,1,1,4,2,A,-,03,22350,,N,C,C,A,A,H,-,C,D,0,,,,,Y,Y,D,22,3,0,1,0,0,0,0,0,0,"- ","- ",37.798469543457031,-122.37776184082031,"SAN FRANCISCO","SAN FRANCISCO",-122.37754058837891,37.798320770263672
92015395,2023,2023-03-13,9335,2023-01-15,"220 ",022802,,7,3,7,3801,0,1,2,,2,013,"US-101 N/B TO I-280 N/B","THE SILVER AVE U/C",100.00,N,N,A,-,Y,SF,,101," "," ",1.801,H,,R,Y,3,0,1,1,C,-,18,,,N,E,I,A,B,H,-,C,D,0,,,,,Y,,-,"- ",0,1,0,0,0,0,0,0,0,"- ","- ",37.733188629150391,-122.40508270263672,"SAN FRANCISCO","SAN FRANCISCO",-122.40536499023438,37.733078002929688
92015396,2023,2023-03-13,9335,2023-03-03,"708 ",021237,,5,1,7,3801,0,1,2,,2,013,"US 101 N/B","BAYSHORE BLVD",950.00,N,N,A,-,Y,SF,,101," "," ",0.763,H,,R,Y,4,0,1,2,A,-,03,22350,,N,C,C,A,A,H,-,A,D,0,,,Y,,Y,,A,01,0,0,1,0,0,0,0,0,1,"- ","- ",37.718868255615234,-122.39933013916016,"SAN FRANCISCO","SAN FRANCISCO",-122.39940643310547,37.718856811523438
92015426,2023,2023-03-13,9335,2023-01-30,"145 ",022525,,1,3,7,3801,0,1,1,,2,023,"I-280 N/B","JUSTIN STREET",110.00,S,N,B,-,Y,SF,,280," ",R,3.196,H,,R,Y,3,0,1,1,A,-,08,22107,,N,E,J,A,A,H,-,D,D,0,,,,,Y,,A,07,0,1,0,0,0,0,0,0,0,"- ","- ",37.731479644775391,-122.42675018310547,"SAN FRANCISCO","SAN FRANCISCO",-122.42673492431641,37.731540679931641
92015574,2023,2023-03-13,9335,2023-03-03,"40  ",022802,,5,3,7,3801,0,1,1,,2,080,"I-80 W/B TO 5TH ST","THE 5TH ST PROLONGATION",375.00,E,N,A,-,Y,SF,,80," "," ",4.894,H,,L,Y,3,0,1,3,A,-,08,22107,,N,E,I,A,A,H,-,C,D,0,,,,,Y,,A,01,0,1,0,0,0,0,0,0,0,"- ","- ",37.779048919677734,-122.40038299560547,"SAN FRANCISCO","SAN FRANCISCO",-122.40056610107422,37.779193878173828
92015591,2023,2023-03-13,9335,2023-03-07,"720 ",018053,,2,1,7,3801,0,1,1,,1,083,"I-80 E/B","YERBA BUENA ISLAND TUNNEL WEST EDGE",2640.00,W,N,B,-,Y,SF,,80," "," ",7.102,H,,R,Y,4,0,1,3,A,-,03,22350,,N,C,C,A,B,H,-,A,D,0,,,,,Y,,A,01,0,0,1,0,0,0,0,0,0,"- ","- ",37.802089691162109,-122.37364959716797,"SAN FRANCISCO","SAN FRANCISCO",-122.37354278564453,37.802017211914062
92015595,2023,2023-03-13,9335,2023-03-07,"740 ",018053,,2,1,7,3801,0,1,1,,1,083,"I-80 E/B","YERBA BUENA ISLAND TUNNEL WEST EDGE",3960.00,W,N,B,-,Y,SF,,80," "," ",6.859,H,,R,Y,4,0,1,2,A,-,08,22107,,N,B,C,A,B,H,-,A,D,0,,,,,Y,,A,01,0,0,1,0,0,0,0,0,0,"- ","- ",37.799350738525391,-122.37654113769531,"SAN FRANCISCO","SAN FRANCISCO",-122.37647247314453,37.799304962158203
92015610,2023,2023-03-13,9335,2023-03-03,1900,023167,,5,2,7,3801,0,1,1,,2,023,"I-280 N/B TO US 101 S/B","ALEMANY BLVD",850.00,N,N,A,-,Y,SF,,280," ",R,4.033,H,,R,Y,4,0,1,1,A,-,08,22107,,N,E,I,A,A,H,-,C,D,0,,,,,Y,,A,07,0,0,1,0,0,0,0,0,0,"- ","- ",37.733200073242188,-122.41184234619141,"SAN FRANCISCO","SAN FRANCISCO",-122.41190338134766,37.733291625976562
92017595,2023,2023-03-14,9335,2023-03-05,"940 ",023067,,7,1,7,3801,0,1,1,,1,083,"I-80 EASTBOUND","TREASURE ISLAND RD",1250.00,W,N,A,-,Y,SF,,80," "," ",7.485,H,,R,Y,4,0,2,2,A,-,03,22350,,N,C,C,A,A,H,-,A,D,0,,,,,Y,,D,22,0,0,2,0,0,0,0,0,0,"- ","- ",37.806388854980469,-122.36907958984375,"SAN FRANCISCO","SAN FRANCISCO",-122.36895751953125,37.806308746337891
92017738,2023,2023-03-14,9335,2023-03-08,"927 ",018053,,3,1,7,3801,0,1,1,,1,083,"I-80 E/B","YERBA BUENA ISLAND TUNNEL WEST EDGE",540.00,W,N,A,-,Y,SF,,80," "," ",7.619,H,,R,Y,4,0,1,3,A,-,08,22107,,N,F,I,A,B,H,-,A,D,0,,,Y,,Y,,C,02,0,0,1,0,0,0,0,0,1,"- ","- ",37.807929992675781,-122.36760711669922,"SAN FRANCISCO","SAN FRANCISCO",-122.36737060546875,37.807804107666016
92017989,2023,2023-03-14,9335,2023-03-04,1513,021916,,6,2,7,3801,0,1,1,,2,023,"I-280 N/B","MISSION STREET OVERCROSSING",66.00,N,N,A,-,Y,SF,,280," ",R,3.135,H,,R,N,4,0,1,2,A,-,03,22350,,M,C,C,A,A,H,-,A,D,0,,,,,Y,,A,01,0,0,1,0,0,0,0,0,0,"- ","- ",37.731781005859375,-122.42781829833984,"SAN FRANCISCO","SAN FRANCISCO",-122.42782592773438,37.731761932373047
92019428,2023,2023-03-16,9335,2023-02-05,"145 ",022920,,7,3,7,3801,0,1,2,,2,013,"US-101 N/B","THE PAUL AVENUE OVERCROSSING",115.00,N,N,C,-,Y,SF,,101," "," ",1.161,H,,R,Y,4,0,1,2,A,-,03,22350,,F,C,2,A,B,H,-,C,D,0,,,,,Y,,A,01,0,0,1,0,0,0,0,0,0,"- ","- ",37.724208831787109,-122.40141296386719,"SAN FRANCISCO","SAN FRANCISCO",-122.40129852294922,37.724239349365234