CASE_ID,ACCIDENT_YEAR,PROC_DATE,JURIS,COLLISION_DATE,COLLISION_TIME,OFFICER_ID,REPORTING_DISTRICT,DAY_OF_WEEK,CHP_SHIFT,POPULATION,CNTY_CITY_LOC,SPECIAL_COND,BEAT_TYPE,CHP_BEAT_TYPE,CITY_DIVISION_LAPD,CHP_BEAT_CLASS,BEAT_NUMBER,PRIMARY_RD,SECONDARY_RD,DISTANCE,DIRECTION,INTERSECTION,WEATHER_1,WEATHER_2,STATE_HWY_IND,CALTRANS_COUNTY,CALTRANS_DISTRICT,STATE_ROUTE,ROUTE_SUFFIX,POSTMILE_PREFIX,POSTMILE,LOCATION_TYPE,RAMP_INTERSECTION,SIDE_OF_HWY,TOW_AWAY,COLLISION_SEVERITY,NUMBER_KILLED,NUMBER_INJURED,PARTY_COUNT,PRIMARY_COLL_FACTOR,PCF_CODE_OF_VIOL,PCF_VIOL_CATEGORY,PCF_VIOLATION,PCF_VIOL_SUBSECTION,HIT_AND_RUN,TYPE_OF_COLLISION,MVIW,PED_ACTION,ROAD_SURFACE,ROAD_COND_1,ROAD_COND_2,LIGHTING,CONTROL_DEVICE,CHP_ROAD_TYPE,PEDESTRIAN_ACCIDENT,BICYCLE_ACCIDENT,MOTORCYCLE_ACCIDENT,TRUCK_ACCIDENT,NOT_PRIVATE_PROPERTY,ALCOHOL_INVOLVED,STWD_VEHTYPE_AT_FAULT,CHP_VEHTYPE_AT_FAULT,COUNT_SEVERE_INJ,COUNT_VISIBLE_INJ,COUNT_COMPLAINT_PAIN,COUNT_PED_KILLED,COUNT_PED_INJURED,COUNT_BICYCLIST_KILLED,COUNT_BICYCLIST_INJURED,COUNT_MC_KILLED,COUNT_MC_INJURED,PRIMARY_RAMP,SECONDARY_RAMP,LATITUDE,LONGITUDE,COUNTY,CITY,POINT_X,POINT_Y
92019563,2023,2023-03-16,9335,2023-03-07,"440 ",023119,,2,3,7,3801,0,1,1,,2,080,"I-80 WB TO 5TH STREET","5TH STREET",230.00,E,N,B,-,Y,SF,,80," "," ",4.879,H,,L,Y,4,0,1,1,A,-,03,22350,,N,E,8,A,B,H,-,C,A,0,,,,,Y,,A,01,0,0,1,0,0,0,0,0,0,"- ","- ",37.778980255126953,-122.40071105957031,"SAN FRANCISCO","SAN FRANCISCO",-122.40077209472656,37.779029846191406
92020802,2023,2023-03-17,9335,2023-03-01,1425,023111,,3,2,7,3801,0,1,1,,2,023,"I-280 N/B","18TH STREET OVERCROSSING",400.00,S,N,A,-,Y,SF,,280," ",R,6.506,H,,R,Y,4,0,1,2,A,-,03,22350,,N,C,C,A,A,H,-,A,D,0,,,,,Y,,A,07,0,0,1,0,0,0,0,0,0,"- ","- ",37.761661529541016,-122.39241790771484,"SAN FRANCISCO","SAN FRANCISCO",-122.3924560546875,37.76165771484375
92021237,2023,2023-03-17,9335,2023-03-13,1120,021957,,1,1,7,3801,0,1,2,,2,013,"US-101 SB","BLANKEN AVE. UNDERCROSSING",133.00,S,N,B,-,Y,SF,,101," "," ",0.149,H,,L,N,3,0,2,2,A,-,03,22350,,N,C,C,A,A,H,-,A,D,0,,,,,Y,,A,01,0,1,1,0,0,0,0,0,0,"- ","- ",37.710521697998047,-122.39552307128906,"SAN FRANCISCO","SAN FRANCISCO",-122.39561462402344,37.710506439208984
92021390,2023,2023-03-17,9335,2023-03-03,"349 ",022897,,5,3,7,3801,0,1,1,,2,024,"I-280 S/B","20TH ST OVERCROSSING",370.00,N,N,A,-,Y,SF,,280," ",R,6.479,H,,L,Y,4,0,1,1,A,-,08,22107,,N,E,I,A,A,H,-,D,D,0,,,,,Y,,A,01,0,0,1,0,0,0,0,0,0,"- ","- ",37.761341094970703,-122.39253997802734,"SAN FRANCISCO","SAN FRANCISCO",-122.39255523681641,37.761337280273438
92021394,2023,2023-03-17,9335,2023-02-24,1050,021588,,5,1,7,3801,0,1,2,,2,014,"US-101 SOUTHBOUND","23RD STREET O/C",230.00,N,N,B,-,Y,SF,,101," "," ",3.410,H,,L,Y,3,0,1,1,A,-,08,22107,,N,F,A,A,B,H,-,A,D,0,,,,,Y,,D,22,0,1,0,0,0,0,0,0,0,"- ","- ",37.755191802978516,-122.40328216552734,"SAN FRANCISCO","SAN FRANCISCO",-122.40320587158203,37.755195617675781
92021629,2023,2023-03-20,9335,2023-03-10,2228,022920,,5,3,7,3801,0,1,2,,2,013,"US-101 N/B","THE FAITH STREET OVERCROSSING",120.00,N,N,B,-,Y,SF,,101," "," ",2.640,H,,R,Y,3,0,2,2,A,-,08,22107,,N,E,8,A,A,H,-,C,D,0,,,,,Y,,A,01,0,2,0,0,0,0,0,0,0,"- ","- ",37.744251251220703,-122.40550994873047,"SAN FRANCISCO","SAN FRANCISCO",-122.4053955078125,37.744213104248047
92021632,2023,2023-03-20,9335,2023-03-11,2245,023067,,6,3,7,3801,0,1,1,,2,080,"I-80 EASTBOUND FROM STERLING STREET","BEALE ST",565.00,W,N,B,-,Y,SF,,80," "," ",5.613,H,,R,N,4,0,2,2,A,-,03,22350,,N,C,C,A,A,H,-,C,D,0,,,,,Y,,A,07,0,0,2,0,0,0,0,0,0,"- ","- ",37.785419464111328,-122.39150238037109,"SAN FRANCISCO","SAN FRANCISCO",-122.39159393310547,37.785507202148438
92021639,2023,2023-03-20,9335,2023-03-06,"200 ",023082,,1,3,7,3801,0,1,1,,2,022,"I-280 S/B","PAULDING ST",260.00,S,N,B,-,Y,SF,,280," ",R,2.152,H,,L,Y,4,0,1,2,A,-,01,23152,A,N,D,C,A,B,H,-,C,D,0,,,,,Y,Y,A,01,0,0,1,0,0,0,0,0,0,"- ","- ",37.727771759033203,-122.4444580078125,"SAN FRANCISCO","SAN FRANCISCO",-122.44444274902344,37.727756500244141
92021783,2023,2023-03-20,9335,2023-02-11,"435 ",022897,,6,3,7,3801,0,1,2,,2,014,"US-101 S/B","18TH STREET PEDESTRIAN OVERCROSSING",500.00,S,N,A,-,Y,SF,,101," "," ",3.861,H,,L,N,4,0,1,3,A,-,07,21658,A,M,B,C,A,B,H,-,D,D,0,,,,,Y,,-,99,0,0,1,0,0,0,0,0,0,"- ","- ",37.760898590087891,-122.40650939941406,"SAN FRANCISCO","SAN FRANCISCO",-122.40644836425781,37.760887145996094
92021832,2023,2023-03-20,9335,2023-02-05,"940 ",023119,,7,1,7,3801,0,1,2,,2,013,"US-101 S/B TO PAUL AVE","SAN BRUNO AVE",30.00,N,N,A,-,Y,,,,,,,,,,Y,4,0,1,2,A,-,08,22107,,F,E,8,A,A,H,-,A,D,0,,,,,Y,,-,99,0,0,1,0,0,0,0,0,0,"- ","- ",37.7216796875,-122.40093994140625,"SAN FRANCISCO","SAN FRANCISCO",-122.40093994140625,37.7216796875
92023695,2023,2023-03-21,9335,2023-03-14,"800 ",018053,,2,1,7,3801,0,1,1,,1,083,"I-80 E/B","YERBA BUENA ISLAND TUNNEL WEST EDGE",555.00,W,N,C,-,Y,SF,,80," "," ",7.612,H,,R,Y,3,0,2,2,A,-,03,22350,,N,C,C,A,B,H,-,A,D,0,,,,,Y,,A,07,0,1,1,0,0,0,0,0,0,"- ","- ",37.807849884033203,-122.36762237548828,"SAN FRANCISCO","SAN FRANCISCO",-122.36743927001953,37.807727813720703
92023733,2023,2023-03-21,9335,2023-03-14,"801 ",018053,,2,1,7,3801,0,1,1,,1,083,"I-80 E/B","YERBA BUENA ISLAND TUNNEL WEST EDGE",600.00,W,N,C,-,Y,SF,,80," "," ",7.605,H,,R,Y,4,0,2,5,A,-,03,22350,,N,C,C,A,B,H,-,A,D,0,,,,Y,Y,,G,25,0,0,2,0,0,0,0,0,0,"- ","- ",37.807769775390625,-122.36772155761719,"SAN FRANCISCO","SAN FRANCISCO",-122.36753082275391,37.807643890380859
92023741,2023,2023-03-21,9335,2023-03-15,1230,020658,,3,1,7,3801,0,1,1,,2,080,"I-80 W/B","THE WEST ROAD EDGE OF 2ND STREET",470.00,W,N,A,-,Y,SF,,80," "," ",5.313,H,,L,Y,4,0,1,2,A,-,03,22350,,N,C,C,A,A,H,-,A,D,0,,,,,Y,,A,01,0,0,1,0,0,0,0,0,0,"- ","- ",37.782798767089844,-122.39573669433594,"SAN FRANCISCO","SAN FRANCISCO",-122.39582061767578,37.782867431640625
92026723,2023,2023-03-23,9335,2023-03-14,"615 ",021957,,2,1,7,3801,0,1,1,,2,022,"I-280 NB","FARALLONES ST. PED OVERCROSSING",577.00,S,N,B,C,Y,SF,,280," ",R,0.955,H,,R,Y,4,0,1,3,A,-,07,21658,A,N,B,C,A,A,H,-,D,D,0,,,,,Y,,A,01,0,0,1,0,0,0,0,0,0,"- ","- ",37.712398529052734,-122.45307922363281,"SAN FRANCISCO","SAN FRANCISCO",-122.45314025878906,37.712444305419922
92026725,2023,2023-03-23,9335,2023-02-08,2150,023119,,3,2,7,3801,0,1,2,,2,014,"US 101 S/B","FOLSOM ST",100.00,S,N,A,-,Y,SF,,101," ",R,4.961,H,,L,N,2,0,1,2,A,-,11,21954,A,F,G,B,E,A,H,-,C,D,0,Y,,,,Y,,N,60,1,0,0,0,1,0,0,0,0,"- ","- ",37.769481658935547,-122.4151611328125,"SAN FRANCISCO","SAN FRANCISCO",-122.4151611328125,37.769508361816406
92027002,2023,2023-03-23,9335,2023-03-15,1205,021957,,3,1,7,3801,0,1,1,,2,022,"I-280 TO US-101","SAN BRUNO AVE. UNDERCROSSING",802.00,S,N,A,-,Y,SF,,280," ",R,4.157,H,,R,N,4,0,1,1,A,-,01,23152,A,N,E,I,A,A,H,-,A,D,0,,,,,Y,Y,D,22,0,0,1,0,0,0,0,0,0,"- ","- ",37.734169006347656,-122.40988922119141,"SAN FRANCISCO","SAN FRANCISCO",-122.40986633300781,37.734119415283203
92027213,2023,2023-03-23,9335,2023-03-15,1725,018688,,3,2,7,3801,0,1,1,,2,021,"I-280 N/B","HICKEY BLVD.",805.00,N,N,A,-,Y,SM,,280," ",R,24.370,H,,R,N,4,0,1,2,A,-,03,22350,,N,C,C,A,A,H,-,A,D,0,,,,,Y,,A,01,0,0,1,0,0,0,0,0,0,"- ","- ",37.665901184082031,-122.46544647216797,"SAN FRANCISCO","SAN FRANCISCO",-122.46554565429688,37.6658935546875
92027790,2023,2023-03-24,9335,2023-03-21,2027,018688,,2,2,7,3801,0,1,1,,2,080,"I-80 E/B","7TH ST. OFF RAMP PHYSICAL GORE POINT",600.00,W,N,C,G,Y,SF,,80," "," ",4.265,H,,R,N,4,0,1,2,A,-,21,22106,,F,C,C,A,B,H,-,C,D,0,,,,,Y,,-,99,0,0,1,0,0,0,0,0,0,"- ","- ",37.771949768066406,-122.40643310546875,"SAN FRANCISCO","SAN FRANCISCO",-122.40635681152344,37.771968841552734
92027924,2023,2023-03-24,9335,2023-03-15,2345,022897,,3,3,7,3801,0,1,1,,2,080,"I-80 E/B TO 4TH ST.","4TH STREET",130.00,W,N,A,-,Y,,,,,,,,,,Y,2,0,2,3,A,-,01,23152,A,N,C,C,A,A,H,-,C,D,0,,,,,Y,Y,A,07,1,0,1,0,0,0,0,0,0,"- ","- ",37.779518127441406,-122.39878845214844,"SAN FRANCISCO","SAN FRANCISCO",-122.39878845214844,37.779518127441406
92028553,2023,2023-03-27,9335,2023-03-17,"710 ",019631,,5,1,7,3801,0,1,1,,1,081,"I-80 W/B","BEALE ST",100.00,E,N,B,-,Y,SF,,80," "," ",5.747,H,,L,N,3,0,1,2,A,-,07,21658,A,N,B,C,A,A,H,-,B,D,0,,,Y,,Y,,A,01,0,1,0,0,0,0,0,0,1,"- ","- ",37.786930084228516,-122.38990020751953,"SAN FRANCISCO","SAN FRANCISCO",-122.38993835449219,37.786952972412109
92028554,2023,2023-03-27,9335,2023-03-17,"854 ",021237,,5,1,7,3801,0,1,1,,2,021,"I-280 S/B","HICKEY BLVD",2640.00,S,N,A,-,Y,SM,,280," ",R,23.710,H,,L,N,3,0,1,2,A,-,03,22350,,N,C,C,A,A,H,-,A,D,0,,,,,Y,,A,01,0,1,0,0,0,0,0,0,0,"- ","- ",37.657569885253906,-122.46134185791016,"SAN FRANCISCO","SAN FRANCISCO",-122.46128845214844,37.657611846923828
92028816,2023,2023-03-27,9335,2023-02-19,1605,022186,,7,2,7,3801,0,1,2,,2,013,"US-101 N/B","25TH STREET PEDESTRIAN O/C",588.00,S,N,A,-,Y,SF,,101," "," ",3.103,H,,R,Y,4,0,1,3,A,-,03,22350,,N,C,C,A,A,H,-,A,D,0,,,,,Y,,D,22,0,0,1,0,0,0,0,0,0,"- ","- ",37.750740051269531,-122.40325927734375,"SAN FRANCISCO","SAN FRANCISCO",-122.40318298339844,37.750724792480469
92029940,2023,2023-03-27,9335,2023-03-21,1750,021424,,2,2,7,3801,0,1,1,,2,024,"I-280 N/B","23RD ST",200.00,S,N,B,C,Y,SF,,280," ",R,5.922,H,,R,N,4,0,2,2,A,-,03,22350,,N,C,C,A,B,H,-,A,D,0,,,,,Y,,A,01,0,0,2,0,0,0,0,0,0,"- ","- ",37.754550933837891,-122.39169311523438,"SAN FRANCISCO","SAN FRANCISCO",-122.39178466796875,37.754524230957031
92032893,2023,2023-03-30,9335,2023-03-21,1623,023121,,2,2,7,3801,0,1,1,,1,083,"I-80 E/B","CECTER ANCHORAGE",554.00,E,N,C,G,Y,SF,,80," "," ",6.878,H,,R,Y,2,0,1,1,C,-,18,,,N,F,A,A,A,H,-,A,D,0,,,,Y,Y,,-,"- ",1,0,0,0,0,0,0,0,0,"- ","- ",37.799610137939453,-122.37638092041016,"SAN FRANCISCO","SAN FRANCISCO",-122.37624359130859,37.799514770507812
92032980,2023,2023-03-30,9335,2023-03-18,1515,023119,,6,2,7,3801,0,1,2,,2,013,"US-101 N/B","PAUL AVE",626.00,S,N,A,-,Y,SF,,101," "," ",0.996,H,,R,Y,4,0,1,4,A,-,03,22350,,N,C,C,A,A,H,-,A,D,0,,,,,Y,,D,22,0,0,1,0,0,0,0,0,0,"- ","- ",37.722011566162109,-122.40038299560547,"SAN FRANCISCO","SAN FRANCISCO",-122.40039825439453,37.722007751464844
92033088,2023,2023-03-30,9335,2023-03-27,"920 ",018053,,1,1,7,3801,0,1,1,,2,080,"I-80 E/B","THE 4TH STREET UNDERCROSSING",892.00,W,N,A,-,Y,SF,,80," "," ",4.831,H,,R,Y,4,0,1,2,A,-,03,22350,,N,C,C,A,A,H,-,A,D,0,,,,,Y,,A,01,0,0,1,0,0,0,0,0,0,"- ","- ",37.7781982421875,-122.40091705322266,"SAN FRANCISCO","SAN FRANCISCO",-122.40092468261719,37.778205871582031
92035704,2023,2023-04-03,9335,2023-03-20,2120,023167,,1,2,7,3801,0,1,1,,2,023,"I-280 S/B","ALEMANY BLVD. OVERPASS",150.00,N,N,B,-,Y,SF,,280," ",R,3.910,H,,L,Y,3,0,2,2,A,-,03,22350,,N,C,C,A,B,C,-,C,D,0,,,,,Y,,A,07,0,1,1,0,0,0,0,0,0,"- ","- ",37.732658386230469,-122.41384124755859,"SAN FRANCISCO","SAN FRANCISCO",-122.41383361816406,37.732654571533203
92035770,2023,2023-04-03,9335,2023-03-22,"345 ",022860,,3,3,7,3801,0,1,1,,2,022,"I-280 N/B","FARALLONES ST OVERCROSSING",200.00,N,N,C,-,Y,SF,,280," ",R,1.102,H,,R,Y,4,0,1,1,A,-,08,22107,,N,E,I,A,B,H,-,C,D,0,,,,,Y,,A,01,0,0,1,0,0,0,0,0,0,"- ","- ",37.714061737060547,-122.45133972167969,"SAN FRANCISCO","SAN FRANCISCO",-122.45128631591797,37.714023590087891
92035955,2023,2023-04-03,9335,2023-04-01,1855,021916,,6,2,7,3801,0,1,1,,2,022,"I-280 S/B","JUNIPERO SERRA BLVD",150.00,N,N,A,-,Y,SM,,280," ",M,27.303,H,,L,Y,2,0,1,2,A,-,00,21960,A,N,G,B,E,A,H,-,A,D,0,Y,,,,Y,,N,60,1,0,0,0,1,0,0,0,0,"- ","- ",37.706829071044922,-122.47044372558594,"SAN FRANCISCO","SAN FRANCISCO",-122.47042846679688,37.706825256347656
92036039,2023,2023-04-03,9335,2023-03-28,1030,018053,,2,1,7,3801,0,1,1,,2,080,"I-80 E/B","4TH STREET UNDERCROSSING",638.00,W,N,C,-,Y,SF,,80," "," ",4.877,H,,R,Y,4,0,2,2,A,-,07,21658,A,N,C,C,A,B,H,-,A,D,0,,,,,Y,,A,01,0,0,2,0,0,0,0,0,0,"- ","- ",37.778690338134766,-122.40033721923828,"SAN FRANCISCO","SAN FRANCISCO",-122.40034484863281,37.778694152832031
92036916,2023,2023-04-04,9335,2023-03-26,1907,021916,,7,2,7,3801,0,1,1,,2,080,"I-80 E/B TO 4TH STREET","PROLONGATION OF WEST ROAD EDGE OF 4TH STREET",44.00,W,N,A,-,Y,,,,,,,,,,N,4,0,1,2,A,-,03,22350,,M,C,C,A,A,H,-,A,A,0,,,,,Y,,-,99,0,0,1,0,0,0,0,0,0,"- ","- ",37.779579162597656,-122.39846038818359,"SAN FRANCISCO","SAN FRANCISCO",-122.39846038818359,37.779579162597656
92036956,2023,2023-04-04,9335,2023-03-27,1400,023121,,1,2,7,3801,0,1,2,,2,014,"US-101 N/B","23RD STREET",427.00,N,N,A,-,Y,SF,,101," "," ",3.443,H,,R,Y,4,0,2,1,A,-,08,22107,,N,F,A,A,A,H,-,A,D,0,,,Y,,Y,,C,02,0,0,2,0,0,0,0,0,2,"- ","- ",37.755710601806641,-122.40315246582031,"SAN FRANCISCO","SAN FRANCISCO",-122.40304565429688,37.755714416503906
92037073,2023,2023-04-04,9335,2023-03-28,1200,023121,,2,1,7,3801,0,1,1,,2,023,"I-280 S/B","OCEAN AVENUE",664.00,N,N,B,C,Y,SF,,280," ",R,1.901,H,,L,Y,4,0,1,2,A,-,08,22107,,N,E,8,A,B,H,-,A,D,0,,,,,Y,,D,22,0,0,1,0,0,0,0,0,0,"- ","- ",37.724788665771484,-122.447021484375,"SAN FRANCISCO","SAN FRANCISCO",-122.44709014892578,37.724815368652344
92037648,2023,2023-04-05,9335,2023-03-28,2020,022823,,2,2,7,3801,0,1,1,,2,023,"I-280 N/B","SAN JOSE AVENUE",807.00,S,N,C,-,Y,SF,,280," ",R,1.295,H,,R,N,4,0,1,1,A,-,08,22107,,N,E,I,A,B,H,-,C,D,0,,,,,Y,,A,01,0,0,1,0,0,0,0,0,0,"- ","- ",37.716270446777344,-122.44914245605469,"SAN FRANCISCO","SAN FRANCISCO",-122.44905853271484,37.716232299804688
92037670,2023,2023-04-05,9335,2023-03-28,1140,018053,,2,1,7,3801,0,1,1,,1,083,"I-80 E/B","YERBA BUENA ISLAND TUNNEL WEST EDGE",460.00,W,N,C,-,Y,SF,,80," "," ",7.631,H,,R,Y,3,0,3,3,A,-,03,22350,,N,C,C,A,B,H,-,A,D,0,,,,,Y,,A,01,0,1,2,0,0,0,0,0,0,"- ","- ",37.808040618896484,-122.36740875244141,"SAN FRANCISCO","SAN FRANCISCO",-122.36724090576172,37.807952880859375
92039008,2023,2023-04-06,9335,2023-03-28,1135,022032,,2,1,7,3801,0,1,1,,1,083,"I-80 E/B","YERBA BUENA ISLAND TUNNEL",180.00,W,N,B,C,Y,SF,,80," "," ",7.663,H,,R,Y,3,0,2,2,A,-,07,21658,A,N,B,2,A,B,H,-,A,D,0,,,,,Y,,A,01,0,1,1,0,0,0,0,0,0,"- ","- ",37.80841064453125,-122.36702728271484,"SAN FRANCISCO","SAN FRANCISCO",-122.36690521240234,37.808345794677734
92039012,2023,2023-04-06,9335,2023-03-03,"3   ",021301,,5,3,7,3801,0,1,1,,2,022,"I-280 S/B TO SAN JOSE AVE","SADOWA ST",9.00,N,N,A,-,Y,,,,,,,,,,Y,3,0,1,5,A,-,01,23152,A,M,E,8,A,A,H,-,D,D,0,,,,,Y,Y,A,07,0,1,0,0,0,0,0,0,0,"- ","- ",37.712299346923828,-122.45464324951172,"SAN FRANCISCO","SAN FRANCISCO",-122.45464324951172,37.712299346923828
92040978,2022,2023-04-10,9335,2022-09-17,0539,019581,,6,3,7,3801,0,1,1,,1,083,"I-80 E/B (DWIGHT D. EISENHOWER)","BEALE ST.",280.00,W,N,A,-,Y,SF,,80,,,5.669,H,,R,Y,1,1,1,2,C,-,18,,,N,C,C,A,A,H,-,D,D,0,,,Y,,Y,,-,"- ",1,0,0,0,0,0,0,1,1,"- ","- ",37.786090850830078,-122.39086151123047,"SAN FRANCISCO","SAN FRANCISCO",-122.390869140625,37.786094665527344
92041060,2023,2023-04-10,9335,2023-04-01,"235 ",023063,,6,3,7,3801,0,1,2,,2,013,"US-101 SOUTHBOUND FROM CESAR CHAVEZ ST.","FAITH ST.",1460.00,N,N,B,-,Y,SF,,101," "," ",2.893,H,,L,Y,3,0,2,1,A,-,01,23152,A,F,E,I,A,A,H,-,D,D,0,,,,,Y,Y,A,01,0,2,0,0,0,0,0,0,0,"- ","- ",37.747871398925781,-122.40447998046875,"SAN FRANCISCO","SAN FRANCISCO",-122.40431213378906,37.747837066650391
92041108,2023,2023-04-10,9335,2023-04-02,1845,022920,,7,2,7,3801,0,1,2,,2,015,"US-101 S/B FROM SOUTH VAN NESS AVENUE","SOUTH VAN NESS AVENUE ROADWAY EDGE PROLONGATION",192.00,N,N,A,-,Y,,,,,,,,,,N,4,0,1,2,A,-,07,21658,A,N,B,C,A,A,H,-,A,D,0,,,,,Y,,-,"- ",0,0,1,0,0,0,0,0,0,"- ","- ",37.768871307373047,-122.41850280761719,"SAN FRANCISCO","SAN FRANCISCO",-122.41850280761719,37.768871307373047
92041167,2023,2023-04-10,9335,2023-04-02,"144 ",023044,,7,3,7,3801,0,1,1,,1,083,"I-80 EASTBOUND","THE EMBARCADERO",976.00,E,N,A,-,Y,SF,,80," "," ",6.097,H,,R,Y,3,0,1,1,A,-,01,23152,A,N,E,I,A,A,H,-,C,D,0,,,,,Y,Y,A,01,0,1,0,0,0,0,0,0,0,"- ","- ",37.790828704833984,-122.38568115234375,"SAN FRANCISCO","SAN FRANCISCO",-122.38569641113281,37.790840148925781
92041291,2023,2023-04-10,9335,2023-04-06,"900 ",020658,,4,1,7,3801,0,1,2,,2,015,"US-101 N/B","NORTH ROAD EDGE OF SOUTH VAN NESS AVE.",10.00,N,N,A,-,Y,SF,,101," ",R,5.119,H,,R,N,4,0,1,2,A,-,03,22350,,N,C,C,A,A,H,-,A,D,0,,,,,Y,,A,07,0,0,1,0,0,0,0,0,0,"- ","- ",37.769901275634766,-122.41793823242188,"SAN FRANCISCO","SAN FRANCISCO",-122.41793823242188,37.7698974609375
92042085,2023,2023-04-11,9335,2023-04-05,1004,018053,,3,1,7,3801,0,1,1,,1,083,"I-80 E/B","BEALE STREET UNDER CROSSING",742.00,W,N,A,-,Y,SF,,80," "," ",5.576,H,,R,N,4,0,1,2,B,-,22,,,N,B,C,A,A,H,-,A,D,0,,,,,Y,,I,20,0,0,1,0,0,0,0,0,0,"- ","- ",37.785331726074219,-122.39225769042969,"SAN FRANCISCO","SAN FRANCISCO",-122.39215850830078,37.785209655761719
92044389,2023,2023-04-13,9335,2023-04-11,1445,023121,,2,2,7,3801,0,1,2,,2,013,"US-101 N/B","PAUL AVENUE",646.00,S,N,A,-,Y,SF,,101," "," ",0.997,H,,R,Y,4,0,1,3,A,-,03,22350,,N,C,2,A,A,H,-,A,D,0,,,,,Y,,A,01,0,0,1,0,0,0,0,0,0,"- ","- ",37.722030639648438,-122.400390625,"SAN FRANCISCO","SAN FRANCISCO",-122.40040588378906,37.722026824951172
92044402,2023,2023-04-13,9335,2023-02-22,2140,021672,,3,2,7,3801,0,1,1,,2,022,"I-280 N/B","GENEVA AVE",232.00,S,N,B,-,Y,SF,,280," ",R,1.595,H,,R,N,4,0,2,2,A,-,08,22107,,F,B,C,A,A,H,-,C,D,0,,,,,Y,,-,99,0,0,2,0,0,0,0,0,0,"- ","- ",37.720481872558594,-122.44808959960938,"SAN FRANCISCO","SAN FRANCISCO",-122.44816589355469,37.720485687255859
92044573,2023,2023-04-13,9335,2023-04-10,1711,014739,,1,2,7,3801,0,1,2,,2,013,"UNITED STATES 101","THE CESAR CHAVEZ OFF-RAMP",200.00,S,N,B,-,Y,SF,,101," "," ",2.683,H,,R,N,4,0,1,1,B,-,22,,,N,F,A,A,A,H,-,A,D,0,,,Y,,Y,,C,02,0,0,1,0,0,0,0,0,1,"- ","- ",37.744808197021484,-122.40518188476562,"SAN FRANCISCO","SAN FRANCISCO",-122.40511322021484,37.744789123535156
92044681,2023,2023-04-14,9335,2023-04-08,"250 ",023167,,6,3,7,3801,0,1,1,,2,080,"I-80 E/B","BRANNAN ST.",470.00,E,N,A,-,Y,SF,,80," "," ",4.286,H,,R,Y,4,0,1,1,A,-,01,23152,A,M,E,I,A,A,H,-,C,D,0,,,,,Y,Y,A,01,0,0,1,0,0,0,0,0,0,"- ","- ",37.772228240966797,-122.40656280517578,"SAN FRANCISCO","SAN FRANCISCO",-122.40647125244141,37.772251129150391
92046598,2023,2023-04-17,9335,2023-04-05,2153,023111,,3,2,7,3801,0,1,2,,2,013,"US-101 N/B","3RD STREET OVERCROSSING",1656.00,N,N,A,-,Y,SF,,101," "," ",0.904,H,,R,Y,4,0,1,2,A,-,01,23152,A,N,B,C,A,A,H,-,C,D,0,,,,,Y,Y,A,01,0,0,1,0,0,0,0,0,0,"- ","- ",37.720790863037109,-122.39990234375,"SAN FRANCISCO","SAN FRANCISCO",-122.39995574951172,37.720779418945312
92046957,2023,2023-04-17,9335,2023-04-07,1445,023119,,5,2,7,3801,0,1,1,,2,080,"I-80 W/B TO 5TH STREET","5TH STREET",145.00,E,N,A,-,Y,SF,,80," "," ",4.881,H,,L,Y,4,0,3,4,A,-,08,22107,,N,E,8,A,A,H,-,A,A,0,,,,,Y,,A,01,0,0,3,0,0,0,0,0,0,"- ","- ",37.778999328613281,-122.40065765380859,"SAN FRANCISCO","SAN FRANCISCO",-122.40073394775391,37.779060363769531