CASE_ID,ACCIDENT_YEAR,PROC_DATE,JURIS,COLLISION_DATE,COLLISION_TIME,OFFICER_ID,REPORTING_DISTRICT,DAY_OF_WEEK,CHP_SHIFT,POPULATION,CNTY_CITY_LOC,SPECIAL_COND,BEAT_TYPE,CHP_BEAT_TYPE,CITY_DIVISION_LAPD,CHP_BEAT_CLASS,BEAT_NUMBER,PRIMARY_RD,SECONDARY_RD,DISTANCE,DIRECTION,INTERSECTION,WEATHER_1,WEATHER_2,STATE_HWY_IND,CALTRANS_COUNTY,CALTRANS_DISTRICT,STATE_ROUTE,ROUTE_SUFFIX,POSTMILE_PREFIX,POSTMILE,LOCATION_TYPE,RAMP_INTERSECTION,SIDE_OF_HWY,TOW_AWAY,COLLISION_SEVERITY,NUMBER_KILLED,NUMBER_INJURED,PARTY_COUNT,PRIMARY_COLL_FACTOR,PCF_CODE_OF_VIOL,PCF_VIOL_CATEGORY,PCF_VIOLATION,PCF_VIOL_SUBSECTION,HIT_AND_RUN,TYPE_OF_COLLISION,MVIW,PED_ACTION,ROAD_SURFACE,ROAD_COND_1,ROAD_COND_2,LIGHTING,CONTROL_DEVICE,CHP_ROAD_TYPE,PEDESTRIAN_ACCIDENT,BICYCLE_ACCIDENT,MOTORCYCLE_ACCIDENT,TRUCK_ACCIDENT,NOT_PRIVATE_PROPERTY,ALCOHOL_INVOLVED,STWD_VEHTYPE_AT_FAULT,CHP_VEHTYPE_AT_FAULT,COUNT_SEVERE_INJ,COUNT_VISIBLE_INJ,COUNT_COMPLAINT_PAIN,COUNT_PED_KILLED,COUNT_PED_INJURED,COUNT_BICYCLIST_KILLED,COUNT_BICYCLIST_INJURED,COUNT_MC_KILLED,COUNT_MC_INJURED,PRIMARY_RAMP,SECONDARY_RAMP,LATITUDE,LONGITUDE,COUNTY,CITY,POINT_X,POINT_Y
92151747,2023,2023-08-23,9335,2023-08-22,1735,023357,,2,2,7,3801,0,1,2,,2,014,"US-101 N/B","17TH ST",188.00,N,N,A,-,Y,SF,,101," "," ",4.176,H,,R,Y,3,0,1,2,A,-,04,21703,,N,C,C,A,A,H,-,A,D,0,,,,,Y,,A,01,0,1,0,0,0,0,0,0,0,"- ","- ",37.765239715576172,-122.40495300292969,"SAN FRANCISCO","SAN FRANCISCO",-122.40493011474609,37.765239715576172
92151751,2023,2023-08-23,9335,2023-08-23,"710 ",018053,,3,1,7,3801,0,1,1,,2,080,"I-80 E/B","HARRIET STREET U/C",146.00,W,N,A,-,Y,SF,,80," "," ",4.584,H,,R,N,4,0,1,2,A,-,03,22350,,N,C,C,A,A,H,-,A,D,0,,,,,Y,,A,07,0,0,1,0,0,0,0,0,0,"- ","- ",37.776191711425781,-122.40463256835938,"SAN FRANCISCO","SAN FRANCISCO",-122.40461730957031,37.776180267333984
92151759,2023,2023-08-23,9335,2023-08-19,1225,018399,,6,1,7,3801,0,1,1,,1,081,"I-80 W/B","NORTH GATE ROAD",1320.00,E,N,A,-,Y,SF,,80," ",R,8.350,H,,L,N,4,0,1,2,A,-,03,22350,,M,C,C,A,A,H,-,A,D,0,,,,,Y,,-,99,0,0,1,0,0,0,0,0,0,"- ","- ",37.815689086914062,-122.35817718505859,"SAN FRANCISCO","SAN FRANCISCO",-122.35830688476562,37.815826416015625
92152180,2023,2023-08-24,9335,2023-08-14,1830,023312,,1,2,7,3801,0,1,1,,1,083,"I-80 E/B","NORTHGATE RD U/C",700.00,E,N,B,-,Y,SF,,80," ",R,8.240,H,,R,N,4,0,3,2,A,-,03,22350,,N,C,C,A,A,H,-,A,D,0,,,,,Y,,A,01,0,0,3,0,0,0,0,0,0,"- ","- ",37.814369201660156,-122.35955810546875,"SAN FRANCISCO","SAN FRANCISCO",-122.35970306396484,37.814529418945312
92154107,2023,2023-08-25,9335,2023-08-18,1450,022823,,5,2,7,3801,0,1,1,,2,080,"I-80 E/B","2ND ST",70.00,E,N,A,-,Y,SF,,80," "," ",5.429,H,,R,N,4,0,2,2,A,-,03,22350,,N,C,C,A,A,H,-,A,D,0,,,,,Y,,D,22,0,0,2,0,0,0,0,0,0,"- ","- ",37.783859252929688,-122.39417266845703,"SAN FRANCISCO","SAN FRANCISCO",-122.39418029785156,37.783866882324219
92154122,2023,2023-08-25,9335,2023-08-14,2019,022920,,1,2,7,3801,0,1,1,,2,080,"I-80 W/B","THE 3RD STREET UNDERCROSSING",95.00,E,N,A,-,Y,SF,,80," "," ",5.249,H,,L,N,3,0,1,2,A,-,07,21658,A,N,B,C,A,A,H,-,C,D,0,,,Y,,Y,,-,"- ",0,1,0,0,0,0,0,0,1,"- ","- ",37.782249450683594,-122.39665985107422,"SAN FRANCISCO","SAN FRANCISCO",-122.39664459228516,37.782238006591797
92158360,2023,2023-08-30,9335,2023-08-23,1630,023312,,3,2,7,3801,0,1,1,,1,083,"I-80 E/B","TREASURE ISLAND RD O/C",445.00,W,N,A,-,Y,SF,,80," "," ",7.637,H,,R,N,2,0,1,2,A,-,07,21658,A,N,B,C,A,A,H,-,A,D,0,,,Y,,Y,,A,01,1,0,0,0,0,0,0,0,1,"- ","- ",37.808090209960938,-122.36730194091797,"SAN FRANCISCO","SAN FRANCISCO",-122.36717987060547,37.808025360107422
92158369,2023,2023-08-30,9335,2023-08-18,2315,023111,,5,3,7,3801,0,1,2,,2,014,"US-101 S/B","23RD STREET OVERCROSSING",1237.00,N,N,A,-,Y,SF,,101," "," ",3.604,H,,L,Y,4,0,1,2,A,-,03,22350,,N,C,C,A,A,H,-,C,D,0,,,,,Y,,A,01,0,0,1,0,0,0,0,0,0,"- ","- ",37.757789611816406,-122.40454864501953,"SAN FRANCISCO","SAN FRANCISCO",-122.40452575683594,37.757808685302734
92159950,2023,2023-08-31,9335,2023-08-22,1523,023367,,2,2,7,3801,0,1,1,,1,083,"I-80 E/B","NORTHGATE RD UNDER-CROSSING",5280.00,E,N,A,-,Y,ALA,,80," ",R,0.258,H,,R,N,4,0,1,2,A,-,03,22350,,N,C,C,A,A,H,-,A,A,0,,,,,Y,,A,01,0,0,1,0,0,0,0,0,0,"- ","- ",37.819629669189453,-122.34497833251953,"SAN FRANCISCO","SAN FRANCISCO",-122.34495544433594,37.819522857666016
92161842,2023,2023-09-04,9335,2023-08-25,1105,022795,,5,1,7,3801,0,1,1,,2,023,"I-280 S/B","MISSION STREET",565.00,S,N,A,-,Y,SF,,280," ",R,3.000,H,,L,Y,3,0,1,2,A,-,01,23152,F,N,B,C,A,A,H,-,A,D,0,,,,,Y,,A,01,0,1,0,0,0,0,0,0,0,"- ","- ",37.732379913330078,-122.43013000488281,"SAN FRANCISCO","SAN FRANCISCO",-122.43013000488281,37.732372283935547
92163598,2023,2023-09-06,9335,2023-08-26,"30  ",023111,,6,3,7,3801,0,1,1,,2,023,"I-280 N/B TO US-101 N/B","BAYSHORE BLVD UNDERCROSSING",279.00,S,N,A,-,Y,SF,,101," "," ",2.039,H,,L,Y,4,0,1,2,A,-,07,21658,A,M,C,C,A,A,H,-,C,D,0,,,,,Y,,-,99,0,0,1,0,0,0,0,0,0,"- ","- ",37.736110687255859,-122.40770721435547,"SAN FRANCISCO","SAN FRANCISCO",-122.40742492675781,37.736202239990234
92163852,2023,2023-09-06,9335,2023-08-24,1730,023378,,4,2,7,3801,0,1,1,,2,024,"I-280 N/B","18TH STREET OVER CROSSING",96.00,S,N,A,-,Y,SF,,280," ",R,6.577,H,,R,N,4,0,1,3,A,-,03,22350,,N,C,C,A,A,H,-,A,D,0,,,,,Y,,A,01,0,0,1,0,0,0,0,0,0,"- ","- ",37.762500762939453,-122.39275360107422,"SAN FRANCISCO","SAN FRANCISCO",-122.39254760742188,37.762516021728516
92163900,2023,2023-09-06,9335,2023-08-27,1050,021339,,7,1,7,3801,0,1,2,,2,013,"US-101 N/B","FAITH ST. OVERCROSSING",141.00,S,N,A,-,Y,SF,,101," "," ",2.586,H,,R,N,3,0,1,3,A,-,07,21658,A,N,C,C,A,A,H,-,A,D,0,,,,,Y,,-,"- ",0,1,0,0,0,0,0,0,0,"- ","- ",37.743568420410156,-122.40593719482422,"SAN FRANCISCO","SAN FRANCISCO",-122.40589904785156,37.743549346923828
92163934,2023,2023-09-06,9335,2023-08-29,1645,023373,,2,2,7,3801,0,1,1,,1,081,"I-80 W/B","THE EMBARCADERO UNDERCROSSING",4805.00,E,N,A,-,Y,SF,,80," "," ",6.818,H,,L,N,3,0,1,2,A,-,04,21703,,M,C,C,A,A,H,-,A,D,0,,,,,Y,,A,01,0,1,0,0,0,0,0,0,0,"- ","- ",37.798919677734375,-122.37705993652344,"SAN FRANCISCO","SAN FRANCISCO",-122.37696075439453,37.798854827880859
92164523,2023,2023-09-07,9350,2023-08-20,"400 ",022956,,7,3,7,3801,0,1,2,,2,020,"US-101 N/B","MERCHANT RD",5280.00,N,N,A,-,Y,,,,,,,,,,Y,3,0,2,2,A,-,01,23152,A,N,C,C,A,A,H,-,C,D,0,,,,,Y,,A,01,0,1,1,0,0,0,0,0,0,"- ","- ",37.821498870849609,-122.47869110107422,"SAN FRANCISCO","SAN FRANCISCO",-122.47887420654297,37.821479797363281
92166467,2023,2023-09-11,9335,2023-08-23,1734,023312,,3,2,7,3801,0,1,1,,2,080,"I-80 E/B FROM 8TH STREET","BRYANT STREET",90.00,E,N,A,-,Y,SF,,80," "," ",4.347,H,,R,N,4,0,1,3,A,-,08,22107,,M,G,B,E,A,H,-,A,D,0,Y,,,,Y,,-,99,0,0,1,0,1,0,0,0,0,"- ","- ",37.773120880126953,-122.40663909912109,"SAN FRANCISCO","SAN FRANCISCO",-122.40659332275391,37.773120880126953
92166741,2023,2023-09-11,9350,2023-09-01,"455 ",021739,,5,3,7,3801,0,1,3,,2,011,"SR-1 NB TO US-101 NB","US-101 N/B OVERCROSSING",175.00,N,N,B,-,Y,,,,,,,,,,N,4,0,1,1,A,-,03,22350,,N,E,I,A,B,H,-,C,D,0,,,,,Y,,-,"- ",0,0,1,0,0,0,0,0,0,"- ","- ",37.803890228271484,-122.4698486328125,"SAN FRANCISCO","SAN FRANCISCO",-122.4698486328125,37.803890228271484
92167554,2023,2023-09-11,9335,2023-08-30,1935,023373,,3,2,7,3801,0,1,2,,2,013,"US-101 N/B TO CESAR CHAVEZ ST.","OF BAYSHORE BLVD",86.00,S,N,A,-,Y,,,,,,,,,,N,3,0,1,2,A,-,01,23152,A,N,C,C,A,A,H,-,A,A,0,,,,,Y,Y,A,07,0,1,0,0,0,0,0,0,0,"- ","- ",37.746860504150391,-122.40392303466797,"SAN FRANCISCO","SAN FRANCISCO",-122.40392303466797,37.746860504150391
92169364,2023,2023-09-13,9335,2023-09-06,2050,023373,,3,2,7,3801,0,1,1,,1,081,"I-80 W/B","THE EMBARCADERO UNDERCROSSING",663.00,E,N,A,-,Y,SF,,80," "," ",6.042,H,,L,Y,3,0,4,2,A,-,01,23152,F,N,B,C,A,A,H,-,C,D,0,,,,,Y,,A,01,0,4,0,0,0,0,0,0,0,"- ","- ",37.790271759033203,-122.38641357421875,"SAN FRANCISCO","SAN FRANCISCO",-122.38636016845703,37.790233612060547
92169490,2023,2023-09-13,9335,2023-08-24,1455,022920,,4,2,7,3801,0,1,1,,1,081,"I-80 W/B","THE EMBARCADERO UNDERCROSSING",2273.00,E,N,A,-,Y,SF,,80," "," ",6.348,H,,L,N,3,0,1,2,A,-,03,22350,,N,C,C,A,A,H,-,A,D,0,,,,,Y,,A,07,0,1,0,0,0,0,0,0,0,"- ","- ",37.793758392333984,-122.38284301757812,"SAN FRANCISCO","SAN FRANCISCO",-122.38265228271484,37.793632507324219
92169497,2023,2023-09-13,9335,2023-09-04,"215 ",023063,,1,3,7,3801,0,1,1,,2,080,"I-80 WESTBOUND","BEALE STREET",451.00,W,N,A,-,Y,SF,,80," "," ",5.634,H,,L,Y,3,0,1,1,A,-,08,22107,,N,E,I,A,A,H,-,C,D,0,,,,,Y,,A,01,0,1,0,0,0,0,0,0,0,"- ","- ",37.785678863525391,-122.39128112792969,"SAN FRANCISCO","SAN FRANCISCO",-122.39131927490234,37.785713195800781
92171778,2023,2023-09-27,9335,2023-09-11,"210 ",022860,,1,3,7,3801,0,1,1,,2,024,"I-280 S/B","16TH STREET UNDERCROSSING",390.00,N,N,A,-,Y,SF,,280," ",R,6.964,H,,L,N,1,1,0,2,A,-,11,21954,A,N,G,B,E,A,H,-,D,D,0,Y,,,,Y,,N,60,0,0,0,1,0,0,0,0,0,"- ","- ",37.767421722412109,-122.39601898193359,"SAN FRANCISCO","SAN FRANCISCO",-122.39602661132812,37.767410278320312
92171794,2023,2023-09-18,9350,2023-09-14,1010,021391,,4,1,7,3801,0,1,3,,2,011,"SR-1 S/B","LAKE ST.",1320.00,N,N,A,-,Y,SF,,1," "," ",6.344,H,,L,Y,3,0,3,2,A,-,03,22350,,N,C,C,A,A,H,-,A,D,0,,,,,Y,,A,07,0,1,2,0,0,0,0,0,0,"- ","- ",37.792808532714844,-122.46965789794922,"SAN FRANCISCO","SAN FRANCISCO",-122.46965026855469,37.792808532714844
92172028,2023,2023-09-18,9335,2023-08-17,"826 ",018399,,4,1,7,3801,0,1,1,,1,081,"I-80 W/B","NORTH GATE ROAD",811.00,W,N,A,-,Y,SF,,80," ",R,7.964,H,,L,N,4,0,1,3,A,-,03,22350,,N,C,C,A,A,H,-,A,D,0,,,Y,,Y,,C,02,0,0,1,0,0,0,0,0,1,"- ","- ",37.81182861328125,-122.36334228515625,"SAN FRANCISCO","SAN FRANCISCO",-122.36345672607422,37.811878204345703
92172795,2023,2023-09-18,9335,2023-09-08,"850 ",023312,,5,1,7,3801,0,1,1,,2,080,"I-80 W/B","2ND ST U/C",190.00,W,N,A,-,Y,SF,,80," "," ",5.370,H,,L,N,3,0,2,3,A,-,03,22350,,N,C,C,A,A,H,-,A,D,0,,,,,Y,,A,01,0,1,1,0,0,0,0,0,0,"- ","- ",37.783390045166016,-122.39502716064453,"SAN FRANCISCO","SAN FRANCISCO",-122.39508056640625,37.783432006835938
92172804,2023,2023-09-18,9335,2023-09-01,"859 ",023111,,5,1,7,3801,0,1,1,,2,080,"I-80 W/B","THE EMBARCADERO UNDERCROSSING",366.00,W,N,A,-,Y,SF,,80," "," ",5.819,H,,L,Y,3,0,1,2,A,-,03,22350,,N,C,C,A,A,H,-,A,D,0,,,Y,,Y,,C,02,0,1,0,0,0,0,0,0,1,"- ","- ",37.787750244140625,-122.3890380859375,"SAN FRANCISCO","SAN FRANCISCO",-122.38905334472656,37.787761688232422
92172924,2023,2023-09-18,9335,2023-09-08,2310,022860,,5,3,7,3801,0,1,1,,2,023,"I-280 S/B TO US-101 S/B","BACON STREET UNDERCROSSING",610.00,N,N,A,-,Y,SF,,101," "," ",1.534,H,,R,Y,4,0,1,3,A,-,03,22350,,N,C,C,A,A,H,-,C,D,0,,,,,Y,,A,07,0,0,1,0,0,0,0,0,0,"- ","- ",37.729488372802734,-122.40341949462891,"SAN FRANCISCO","SAN FRANCISCO",-122.40338897705078,37.729499816894531
92172951,2023,2023-09-18,9335,2023-09-10,1151,023256,,7,1,7,3801,0,1,2,,2,013,"US-101 N/B","CESAR CHAVEZ STREET",200.00,S,N,A,-,Y,SF,,101," "," ",2.700,H,,R,N,4,0,1,2,A,-,03,22350,,N,C,C,A,A,H,-,A,D,0,,,,,Y,,D,22,0,0,1,0,0,0,0,0,0,"- ","- ",37.745021820068359,-122.405029296875,"SAN FRANCISCO","SAN FRANCISCO",-122.40502166748047,37.745018005371094
92175165,2023,2023-09-20,9335,2023-09-09,"820 ",023312,,6,1,7,3801,0,1,2,,2,013,"US-101 N/B","FAITH ST PEDESTRIAN O/C",33.00,N,N,A,-,Y,SF,,101," "," ",2.623,H,,R,Y,3,0,1,2,A,-,03,22350,,N,B,C,A,A,H,-,A,D,0,,,Y,,Y,,C,02,0,1,0,0,0,0,0,0,1,"- ","- ",37.744010925292969,-122.40560150146484,"SAN FRANCISCO","SAN FRANCISCO",-122.40555572509766,37.743988037109375
92177301,2023,2023-09-22,9335,2023-09-11,2035,021200,,1,2,7,3801,0,1,1,,1,081,"I-80 W/B TO HARRISION STREET","HARRISON STREET OFF-RAMP PHYSICAL GORE POINT",200.00,W,N,A,-,Y,,,,,,,,,,N,4,0,2,1,A,-,03,22350,,N,E,I,A,A,H,-,D,D,0,,,,,Y,,A,01,0,0,2,0,0,0,0,0,0,"- ","- ",37.784019470214844,-122.39261627197266,"SAN FRANCISCO","SAN FRANCISCO",-122.39261627197266,37.784019470214844
92178537,2023,2023-09-25,9335,2023-09-08,1830,022795,,5,2,7,3801,0,1,2,,2,013,"US-101 S/B","BACON STREET",740.00,S,N,A,-,Y,SF,,101," "," ",1.349,H,,L,N,4,0,1,2,A,-,03,22350,,N,C,C,A,A,H,-,A,D,0,,,Y,,Y,,C,02,0,0,1,0,0,0,0,0,1,"- ","- ",37.726890563964844,-122.40261077880859,"SAN FRANCISCO","SAN FRANCISCO",-122.40260314941406,37.726890563964844
92178552,2023,2023-09-25,9335,2023-09-01,"410 ",023338,,5,3,7,3801,0,1,1,,2,023,"I-280 NB","ALEMANY BLVD OVERCROSSING",525.00,N,N,C,-,Y,SF,,280," ",R,3.968,H,,R,Y,4,0,1,1,A,-,08,22107,,N,F,I,A,B,H,-,C,D,0,,,,,Y,,A,01,0,0,1,0,0,0,0,0,0,"- ","- ",37.732658386230469,-122.41284942626953,"SAN FRANCISCO","SAN FRANCISCO",-122.41297149658203,37.732841491699219
92182274,2023,2023-09-28,9335,2023-09-16,2345,023366,,6,3,7,3801,0,1,2,,2,014,"US 101 S/B","CESAR CHAVEZ ST",650.00,N,N,A,-,Y,SF,,101," "," ",3.129,H,,L,Y,4,0,1,1,A,-,08,22107,,N,E,I,A,A,H,-,C,D,0,,,,,Y,,A,01,0,0,1,0,0,0,0,0,0,"- ","- ",37.751121520996094,-122.40319061279297,"SAN FRANCISCO","SAN FRANCISCO",-122.40323638916016,37.751129150390625
92182313,2023,2023-09-28,9335,2023-08-19,"550 ",018399,,6,3,7,3801,0,1,1,,1,081,"I-80 W/B","2ND ST",406.00,E,N,A,-,Y,SF,,80," "," ",5.498,H,,L,Y,4,0,1,2,A,-,03,22350,,F,C,C,A,A,H,-,C,D,0,,,,,Y,,A,01,0,0,1,0,0,0,0,0,0,"- ","- ",37.784439086914062,-122.39324188232422,"SAN FRANCISCO","SAN FRANCISCO",-122.39337158203125,37.784648895263672
92185578,2023,2023-10-02,9335,2023-09-14,"905 ",023379,,4,1,7,3801,0,1,2,,2,014,"US-101 N/B","23RD ST",123.00,S,N,A,-,Y,SF,,101," "," ",3.339,H,,R,N,4,0,2,2,A,-,08,22107,,N,C,C,A,A,H,-,A,D,0,,,,,Y,,A,01,0,0,2,0,0,0,0,0,0,"- ","- ",37.754100799560547,-122.40313720703125,"SAN FRANCISCO","SAN FRANCISCO",-122.40290069580078,37.754112243652344
92185678,2023,2023-10-02,9335,2023-09-20,"935 ",023464,,3,1,7,3801,0,1,2,,2,013,"US-101 SOUTHBOUND","OF BAYSHORE BLVD OVERCROSSING",895.00,N,N,A,-,Y,SF,,101," "," ",0.736,H,,L,Y,3,0,1,2,A,-,03,22350,,N,C,C,A,A,H,-,A,D,0,,,,,Y,,A,08,0,1,0,0,0,0,0,0,0,"- ","- ",37.718219757080078,-122.39955902099609,"SAN FRANCISCO","SAN FRANCISCO",-122.39950561523438,37.718231201171875
92186796,2023,2023-10-02,9335,2023-08-11,1736,023378,,5,2,7,3801,0,1,2,,2,013,"US-101 S/B","CORTLAND AVENUE UNDERCROSSING",179.00,S,N,A,-,Y,SF,,101," "," ",2.241,H,,L,Y,3,0,1,3,A,-,03,22350,,N,C,C,A,A,H,-,A,D,0,,,,,Y,,A,01,0,1,0,0,0,0,0,0,0,"- ","- ",37.739151000976562,-122.40827178955078,"SAN FRANCISCO","SAN FRANCISCO",-122.40817260742188,37.739147186279297
92186797,2023,2023-10-02,9335,2023-09-13,1140,023378,,3,1,7,3801,0,1,2,,2,013,"US-101 N/B  TO I-280 S/B","SAN BRUNO AVENUE UNDERCROSSING",1368.00,N,N,A,-,Y,SF,,280," ",R,4.065,H,,L,N,4,0,1,2,A,-,11,21954,A,N,G,B,D,A,H,-,A,D,0,Y,,,,Y,,N,60,0,0,1,0,1,0,0,0,0,"- ","- ",37.733779907226562,-122.41143035888672,"SAN FRANCISCO","SAN FRANCISCO",-122.41146087646484,37.733818054199219
92187836,2023,2023-10-02,9335,2023-08-11,1735,023378,,5,2,7,3801,0,1,2,,2,013,"US-101 S/B TO I-280 S/B","CORTLAND AVENUE UNDERCROSSING",222.00,S,N,A,-,Y,SF,,101," "," ",2.232,H,,L,Y,3,0,1,2,A,-,07,21658,A,N,B,C,A,A,H,-,A,D,0,,,Y,,Y,,C,02,0,1,0,0,0,0,0,0,1,"- ","- ",37.739009857177734,-122.40825653076172,"SAN FRANCISCO","SAN FRANCISCO",-122.40817260742188,37.739013671875
92191681,2023,2023-10-05,9335,2023-08-10,1318,022920,,4,1,7,3801,0,1,2,,2,013,"US-101 S/B FROM ALEMANY BLVD","ALEMANY BLVD",90.00,S,N,A,-,Y,,,,,,,,,,Y,3,0,2,1,A,-,08,22107,,N,F,8,A,A,H,-,A,A,0,,,,Y,Y,,G,77,0,1,1,0,0,0,0,0,0,"- ","- ",37.737270355224609,-122.40831756591797,"SAN FRANCISCO","SAN FRANCISCO",-122.40831756591797,37.737270355224609
92191805,2023,2023-10-05,9335,2023-09-13,1737,023338,,3,2,7,3801,0,1,2,,2,013,"US-101 N/B","PAUL AVE UNDERCROSSING",100.00,S,N,A,-,Y,SF,,101," "," ",1.100,H,,R,Y,3,0,3,4,A,-,07,21658,A,N,C,C,A,A,H,-,A,D,0,,,,,Y,,A,01,0,1,2,0,0,0,0,0,0,"- ","- ",37.723381042480469,-122.40093994140625,"SAN FRANCISCO","SAN FRANCISCO",-122.40093994140625,37.723381042480469
92195009,2023,2023-10-10,9350,2023-09-29,2240,022956,,5,3,7,3801,0,1,2,,2,010,"US-101 S/B","MERCHANT RD",305.00,N,N,A,-,Y,,,,,,,,,,Y,4,0,1,1,A,-,08,22107,,N,E,I,A,A,H,-,C,A,0,,,,,Y,,A,01,0,0,1,0,0,0,0,0,0,"- ","- ",37.807258605957031,-122.47570037841797,"SAN FRANCISCO","SAN FRANCISCO",-122.47576141357422,37.807193756103516
92195012,2023,2023-10-10,9350,2023-09-25,1645,022556,,1,2,7,3801,0,1,2,,2,010,"US-101 N/B","LINCOLN AVE UNDERCROSSING",63.00,N,N,A,-,Y,,,,,,,,,,N,4,0,5,2,A,-,03,22350,,N,C,C,A,A,H,-,A,D,0,,,,,Y,,A,07,0,0,5,0,0,0,0,0,0,"- ","- ",37.806560516357422,-122.47458648681641,"SAN FRANCISCO","SAN FRANCISCO",-122.47465515136719,37.806484222412109
92196524,2023,2023-10-11,9335,2023-09-29,1019,020068,,5,1,7,3801,0,1,1,,1,081,"I-80 W/B","THE EMBARCADERO",2106.00,E,N,A,-,Y,SF,,80," "," ",6.311,H,,L,N,4,0,1,2,A,-,03,22350,,N,C,C,A,A,H,-,A,D,0,,,,,Y,,A,01,0,0,1,0,0,0,0,0,0,"- ","- ",37.793251037597656,-122.38316345214844,"SAN FRANCISCO","SAN FRANCISCO",-122.38311004638672,37.793216705322266
92197700,2023,2023-10-12,9335,2023-09-30,1415,023474,,6,2,7,3801,0,1,1,,1,081,"I-80 W/B","YBI TUNNEL",298.00,E,N,A,-,Y,SF,,80," "," ",7.888,H,,L,Y,3,0,2,2,A,-,03,22350,,N,C,C,A,A,H,-,A,D,0,,,,,Y,,A,01,0,2,0,0,0,0,0,0,0,"- ","- ",37.810928344726562,-122.36421966552734,"SAN FRANCISCO","SAN FRANCISCO",-122.36424255371094,37.810943603515625
92199289,2023,2023-10-16,9335,2023-08-17,2115,023063,,4,2,7,3801,0,1,2,,2,015,"US-101 SOUTHBOUND","15TH STREET",152.00,S,N,A,-,Y,SF,,101," ",R,4.281,H,,L,N,4,0,1,2,A,-,07,21658,A,M,B,C,A,A,H,-,C,D,0,,,,,Y,,-,99,0,0,1,0,0,0,0,0,0,"- ","- ",37.766731262207031,-122.40538787841797,"SAN FRANCISCO","SAN FRANCISCO",-122.40540313720703,37.766727447509766
92202219,2023,2023-10-18,9350,2023-10-04,1740,020979,,3,2,7,3801,0,1,3,,2,011,"SR-1 S/B","MACARTHUR TUNNEL NORTH END",2153.00,N,N,A,-,Y,SF,,1," "," ",7.021,H,,L,N,4,0,1,2,A,-,08,22107,,N,B,C,A,A,H,-,A,D,0,,,,,Y,,A,07,0,0,1,0,0,0,0,0,0,"- ","- ",37.802070617675781,-122.46955108642578,"SAN FRANCISCO","SAN FRANCISCO",-122.46957397460938,37.802066802978516
92204607,2023,2023-10-20,9350,2023-10-12,2210,022956,,4,3,7,3801,0,1,2,,2,020,"US-101 S/B","MERCHANT RD",280.00,N,N,A,-,Y,,,,,,,,,,Y,4,0,1,1,A,-,01,23152,A,N,E,I,A,A,H,-,C,A,0,,,,,Y,Y,A,07,0,0,1,0,0,0,0,0,0,"- ","- ",37.807258605957031,-122.4757080078125,"SAN FRANCISCO","SAN FRANCISCO",-122.47576904296875,37.807197570800781
92204717,2023,2023-10-20,9335,2023-09-03,2121,023111,,7,2,7,3801,0,1,1,,2,080,"I-80 E/B","MERLIN STREET UNDERCROSSING",194.00,W,N,A,-,Y,SF,,80," "," ",4.753,H,,R,Y,4,0,1,3,D,-,00,,,N,C,C,A,A,H,-,C,D,0,,,,,Y,,-,"- ",0,0,1,0,0,0,0,0,0,"- ","- ",37.777580261230469,-122.40209197998047,"SAN FRANCISCO","SAN FRANCISCO",-122.40208435058594,37.777572631835938
92204723,2023,2023-10-20,9335,2023-08-27,2240,023167,,7,3,7,3801,0,1,2,,2,013,"US-101 N/B","FAITH ST OVERCROSSING",430.00,S,N,A,-,Y,SF,,101," "," ",2.530,H,,R,Y,4,0,1,2,A,-,03,22350,,M,C,2,A,A,H,-,C,D,0,,,,,Y,,A,01,0,0,1,0,0,0,0,0,0,"- ","- ",37.742870330810547,-122.40638732910156,"SAN FRANCISCO","SAN FRANCISCO",-122.40643310546875,37.742893218994141