CASE_ID,ACCIDENT_YEAR,PROC_DATE,JURIS,COLLISION_DATE,COLLISION_TIME,OFFICER_ID,REPORTING_DISTRICT,DAY_OF_WEEK,CHP_SHIFT,POPULATION,CNTY_CITY_LOC,SPECIAL_COND,BEAT_TYPE,CHP_BEAT_TYPE,CITY_DIVISION_LAPD,CHP_BEAT_CLASS,BEAT_NUMBER,PRIMARY_RD,SECONDARY_RD,DISTANCE,DIRECTION,INTERSECTION,WEATHER_1,WEATHER_2,STATE_HWY_IND,CALTRANS_COUNTY,CALTRANS_DISTRICT,STATE_ROUTE,ROUTE_SUFFIX,POSTMILE_PREFIX,POSTMILE,LOCATION_TYPE,RAMP_INTERSECTION,SIDE_OF_HWY,TOW_AWAY,COLLISION_SEVERITY,NUMBER_KILLED,NUMBER_INJURED,PARTY_COUNT,PRIMARY_COLL_FACTOR,PCF_CODE_OF_VIOL,PCF_VIOL_CATEGORY,PCF_VIOLATION,PCF_VIOL_SUBSECTION,HIT_AND_RUN,TYPE_OF_COLLISION,MVIW,PED_ACTION,ROAD_SURFACE,ROAD_COND_1,ROAD_COND_2,LIGHTING,CONTROL_DEVICE,CHP_ROAD_TYPE,PEDESTRIAN_ACCIDENT,BICYCLE_ACCIDENT,MOTORCYCLE_ACCIDENT,TRUCK_ACCIDENT,NOT_PRIVATE_PROPERTY,ALCOHOL_INVOLVED,STWD_VEHTYPE_AT_FAULT,CHP_VEHTYPE_AT_FAULT,COUNT_SEVERE_INJ,COUNT_VISIBLE_INJ,COUNT_COMPLAINT_PAIN,COUNT_PED_KILLED,COUNT_PED_INJURED,COUNT_BICYCLIST_KILLED,COUNT_BICYCLIST_INJURED,COUNT_MC_KILLED,COUNT_MC_INJURED,PRIMARY_RAMP,SECONDARY_RAMP,LATITUDE,LONGITUDE,COUNTY,CITY,POINT_X,POINT_Y
92204957,2023,2023-10-20,9335,2023-09-06,2020,022703,,3,2,7,3801,0,1,1,,2,080,"I-80 EASTBOUND","THE FOURTH STREET UNDERCROSSING",10.00,W,N,A,-,Y,SF,,80," "," ",5.053,H,,R,Y,4,0,2,3,A,-,01,23152,A,N,C,C,A,A,H,-,C,D,0,,,,,Y,Y,A,01,0,0,2,0,0,0,0,0,0,"- ","- ",37.77996826171875,-122.39877319335938,"SAN FRANCISCO","SAN FRANCISCO",-122.39879608154297,37.779991149902344
92208095,2023,2023-10-25,9350,2023-10-21,1750,022468,,6,2,7,3801,0,1,2,,2,020,"US-101 S/B","CONZELMAN ROAD",1742.00,S,N,A,-,Y,,,,,,,,,,N,3,0,1,1,A,-,03,22350,,N,E,I,A,A,H,-,A,D,0,,Y,,,Y,,L,04,0,1,0,0,0,0,1,0,0,"- ","- ",37.8255615234375,-122.47931671142578,"SAN FRANCISCO","SAN FRANCISCO",-122.47953033447266,37.825527191162109
92209241,2023,2023-10-26,9335,2023-10-12,1102,023464,,4,1,7,3801,0,1,1,,1,081,"I-80 WESTBOUND","SPEAR ST UNDERCROSSING",80.00,E,N,A,-,Y,SF,,80," "," ",5.873,H,,L,Y,4,0,2,2,A,-,03,22350,,N,C,C,A,A,H,-,A,D,0,,,,Y,Y,,F,26,0,0,2,0,0,0,0,0,0,"- ","- ",37.788398742675781,-122.38848114013672,"SAN FRANCISCO","SAN FRANCISCO",-122.38841247558594,37.788352966308594
9221719,2021,2021-03-08,3801,2021-01-11,2241,2118,NORTH,1,5,7,3801,0,0,0,,0,3E15E,"VAN NESS AV","FILBERT ST",0.00,,Y,A,-,Y,SF,4,101,-,-,6.580,I,5,S,N,4,0,1,2,A,-,12,21453,A,M,D,C,A,A,D,-,C,A,0,,,,,Y,,-,99,0,0,1,0,0,0,0,0,0,"- ","- ",,,"SAN FRANCISCO","SAN FRANCISCO",-122.42428588867188,37.799480438232422
92221777,2023,2023-10-27,9335,2023-10-17,"544 ",020068,,2,3,7,3801,0,1,1,,1,081,"I-80 W/B","TREASURE ISLAND RD",2931.00,W,N,E,-,Y,SF,,80," "," ",7.170,H,,L,Y,4,0,1,2,A,-,03,22350,,N,C,C,A,A,H,-,C,D,0,,,,,Y,,A,01,0,0,1,0,0,0,0,0,0,"- ","- ",37.802871704101562,-122.37286376953125,"SAN FRANCISCO","SAN FRANCISCO",-122.37272644042969,37.802780151367188
92222531,2023,2023-10-30,9335,2023-10-18,2245,023312,,3,3,7,3801,0,1,2,,2,013,"US-101 N/B","BACON ST U/C",1373.00,S,N,A,-,Y,SF,,101," "," ",1.160,H,,R,N,4,0,1,2,A,-,07,21658,A,N,B,C,A,A,H,-,C,D,0,,,,,Y,,-,"- ",0,0,1,0,0,0,0,0,0,"- ","- ",37.724220275878906,-122.40131378173828,"SAN FRANCISCO","SAN FRANCISCO",-122.40129089355469,37.724224090576172
92228177,2023,2023-11-06,9335,2023-10-17,1300,020658,,2,1,7,3801,0,1,1,,2,024,"I-280 S/B","OF EVANS AVENUE",200.00,S,N,A,-,Y,SF,,280," ",R,5.304,H,,L,Y,3,0,1,1,A,-,08,22107,,N,E,I,A,A,H,-,A,D,0,,,,,Y,,A,01,0,1,0,0,0,0,0,0,0,"- ","- ",37.745620727539062,-122.39456176757812,"SAN FRANCISCO","SAN FRANCISCO",-122.39462280273438,37.745643615722656
92229726,2023,2023-11-07,9350,2023-10-28,1535,022917,,6,2,7,3801,0,1,2,,2,010,"MERCHANT RD TO US-101 S/B","US-101 S/B",10.00,W,N,A,-,N,,,,,,,,,,N,4,0,2,2,A,-,03,22350,,N,C,C,A,A,H,-,A,D,0,,,,,Y,,A,01,0,0,2,0,0,0,0,0,0,"- ","- ",37.806411743164062,-122.47505187988281,"SAN FRANCISCO","SAN FRANCISCO",-122.47510528564453,37.806388854980469
92230798,2023,2023-11-08,9350,2023-11-01,"850 ",021418,,3,1,7,3801,0,1,2,,2,020,"US-101 N/B","N.TOWER GGB",662.00,S,N,A,-,Y,,,,,,,,,,N,4,0,1,3,A,-,03,22350,,N,C,C,A,A,H,-,A,D,0,,,,,Y,,A,01,0,0,1,0,0,0,0,0,0,"- ","- ",37.823841094970703,-122.47898101806641,"SAN FRANCISCO","SAN FRANCISCO",-122.47919464111328,37.823810577392578
92230799,2023,2023-11-08,9350,2023-11-01,1855,021099,,3,2,7,3801,0,1,2,,2,020,"US-101 S/B","GOLDEN GATE BRIDGE TOLL PLAZA",20.00,N,N,A,-,Y,,,,,,,,,,N,4,0,1,1,A,-,08,22107,,N,E,I,A,A,H,-,C,A,0,,,,,Y,,A,07,0,0,1,0,0,0,0,0,0,"- ","- ",37.807258605957031,-122.4757080078125,"SAN FRANCISCO","SAN FRANCISCO",-122.47576904296875,37.807197570800781
92232423,2023,2023-11-09,9335,2023-11-01,"950 ",019175,,3,1,7,3801,0,1,1,,2,080,"I-80 W/B","4TH STREET UNDERCROSSING",25.00,W,N,A,-,Y,SF,,80," "," ",5.050,H,,L,N,3,0,1,2,A,-,07,21658,A,M,B,C,A,A,H,-,A,D,0,,,Y,,Y,,-,99,0,1,0,0,0,0,0,0,1,"- ","- ",37.780231475830078,-122.39917755126953,"SAN FRANCISCO","SAN FRANCISCO",-122.39923858642578,37.7802734375
9223601,2021,2021-03-23,3801,2021-01-24,2001,1039,MISSI,7,5,7,3801,0,0,0,,0,001,"GUERRERO ST","18TH ST",0.00,,Y,C,-,N,,,,,,,,,,N,4,0,1,2,A,-,10,21950,A,N,G,B,B,B,H,-,C,A,0,Y,,,,Y,,A,01,0,0,1,0,1,0,0,0,0,"- ","- ",,,"SAN FRANCISCO","SAN FRANCISCO",-122.42379760742188,37.761577606201172
9223602,2021,2021-03-23,3801,2021-01-23,1756,1803,BAYVI,6,5,7,3801,0,0,0,,0,0C2,"PHELPS ST","CARROLL AV",0.00,,Y,A,-,N,,,,,,,,,,N,4,0,2,4,A,-,12,22450,A,F,D,C,A,A,H,-,C,D,0,,,,,Y,,-,99,0,0,2,0,0,0,0,0,0,"- ","- ",,,"SAN FRANCISCO","SAN FRANCISCO",-122.40085601806641,37.72918701171875
9223603,2021,2021-03-23,3801,2021-01-24,0149,2384,MISSI,7,5,7,3801,0,0,0,,0,3D13E,"HARRISON ST","ALAMEDA ST",0.00,,Y,B,-,N,,,,,,,,,,N,4,0,1,2,A,-,04,21703,,F,C,C,A,A,H,-,C,A,0,,,Y,,Y,,A,01,0,0,1,0,0,0,0,0,1,"- ","- ",,,"SAN FRANCISCO","SAN FRANCISCO",-122.41337585449219,37.768051147460938
9223604,2021,2021-03-23,3801,2021-01-22,1145,1246,MISSI,5,5,7,3801,0,0,0,,0,33D104,"OTIS ST","DUBOCE ST",0.00,,Y,B,-,N,,,,,,,,,,N,4,0,1,2,A,-,03,22350,,N,C,C,A,B,H,-,A,A,0,,,,,Y,,D,22,0,0,1,0,0,0,0,0,0,"- ","- ",,,"SAN FRANCISCO","SAN FRANCISCO",-122.42018890380859,37.770130157470703
9223605,2021,2021-03-23,3801,2021-01-21,1635,2465,BAYVI,4,5,7,3801,0,0,0,,0,,"DIVISADERO ST","BUSH ST",50.00,S,N,A,-,N,,,,,,,,,,N,4,0,1,2,A,-,08,22107,,F,G,B,E,A,H,-,A,D,0,Y,,,,Y,,A,07,0,0,1,0,1,0,0,0,0,"- ","- ",,,"SAN FRANCISCO","SAN FRANCISCO",-122.44002532958984,37.786052703857422
9223606,2021,2021-03-23,3801,2021-01-22,1745,1858,BAYVI,5,5,7,3801,0,0,0,,0,3C15D,"GILMAN AV","3RD ST",203.00,E,N,B,-,N,,,,,,,,,,N,4,0,1,2,A,-,07,21658,,F,A,-,A,A,H,-,C,D,0,,,,,Y,Y,A,01,0,0,1,0,0,0,0,0,0,"- ","- ",,,"SAN FRANCISCO","SAN FRANCISCO",-122.39497375488281,37.722080230712891
9223607,2021,2021-03-23,3801,2021-01-22,1028,2495,BAYVI,5,5,7,3801,0,0,0,,0,3C12A,"EVANS AV","PHELPS ST",0.00,,Y,A,-,N,,,,,,,,,,N,4,0,1,2,A,-,12,21453,A,F,D,C,A,B,H,-,A,A,0,,,,,Y,,D,22,0,0,1,0,0,0,0,0,0,"- ","- ",,,"SAN FRANCISCO","SAN FRANCISCO",-122.38845062255859,37.742977142333984
9223608,2021,2021-03-23,3801,2021-01-21,1545,334,BAYVI,4,5,7,3801,0,0,0,,0,0C2,"3RD ST","CUSTER AV",0.00,,Y,A,-,N,,,,,,,,,,Y,4,0,1,2,A,-,08,22107,,N,D,C,A,A,H,-,A,A,0,,,,,Y,,A,01,0,0,1,0,0,0,0,0,0,"- ","- ",,,"SAN FRANCISCO","SAN FRANCISCO",-122.38747406005859,37.744327545166016
9223609,2021,2021-03-23,3801,2021-01-17,0935,2368,NORTH,7,5,7,3801,0,0,0,,0,3E14A,"CLAY ST","DIVISADERO ST",0.00,,Y,A,-,N,,,,,,,,,,N,4,0,1,2,A,-,12,22450,A,N,D,G,A,A,H,-,A,A,0,,Y,,,Y,,A,01,0,0,1,0,0,0,1,0,0,"- ","- ",,,"SAN FRANCISCO","SAN FRANCISCO",-122.44081115722656,37.789867401123047
9223610,2021,2021-03-23,3801,2021-01-16,2322,539,MISSI,6,5,7,3801,0,0,0,,0,004,"BRYANT ST","25TH ST",0.00,,Y,A,-,N,,,,,,,,,,Y,3,0,2,2,A,-,05,21460,A,F,D,C,A,A,H,-,C,A,0,,,,,Y,,D,22,0,2,0,0,0,0,0,0,0,"- ","- ",,,"SAN FRANCISCO","SAN FRANCISCO",-122.40899658203125,37.751194000244141
9223611,2021,2021-03-23,3801,2021-01-16,1829,2740,MISSI,6,5,7,3801,0,0,0,,0,0D5,"18TH ST","LEXINGTON ST",20.00,E,N,A,-,N,,,,,,,,,,N,3,0,1,1,A,-,03,22350,,N,H,-,A,A,-,-,C,-,0,,Y,,,Y,,L,04,0,1,0,0,0,0,1,0,0,"- ","- ",,,"SAN FRANCISCO","SAN FRANCISCO",-122.42070770263672,37.761753082275391
9223612,2021,2021-03-23,3801,2021-01-16,1548,970,SOUTH,6,5,7,3801,0,0,0,,0,0B2,"HOWARD ST","5TH ST",0.00,,Y,A,-,N,,,,,,,,,,N,3,0,1,2,A,-,11,21453,D,N,G,B,B,A,H,-,A,A,0,Y,,,,Y,,N,60,0,1,0,0,1,0,0,0,0,"- ","- ",,,"SAN FRANCISCO","SAN FRANCISCO",-122.40493011474609,37.781513214111328
9223613,2021,2021-03-23,3801,2021-01-16,1324,86,TARAV,6,5,7,3801,0,0,0,,0,3I6,"JUNIPERO SERRA BL","BROTHERHOOD WY",62.00,S,N,A,-,N,,,,,,,,,,N,3,0,1,2,A,-,08,22107,,N,C,C,A,A,H,-,A,D,0,,,Y,,Y,,A,01,0,1,0,0,0,0,0,0,0,"- ","- ",,,"SAN FRANCISCO","SAN FRANCISCO",-122.47116851806641,37.712528228759766
9223614,2021,2021-03-23,3801,2021-01-09,1636,4314,RICHM,6,5,7,3801,0,0,0,,0,0G2,"ARGUELLO BL","GEARY BL",130.00,S,N,B,-,N,,,,,,,,,,N,4,0,1,2,A,-,17,21235,G,N,D,C,A,A,H,-,A,D,0,,,,,Y,,M,94,0,0,1,0,0,0,0,0,0,"- ","- ",,,"SAN FRANCISCO","SAN FRANCISCO",-122.4588623046875,37.780971527099609
9223615,2021,2021-03-23,3801,2021-01-09,1417,2455,CENTR,6,5,7,3801,0,0,0,,0,,"LOMBARD ST","THE EMBARCADERO",0.00,,Y,A,-,N,,,,,,,,,,,2,0,1,2,A,-,05,21650,1,N,H,G,A,A,H,-,A,A,0,,Y,,,Y,,L,04,1,0,0,0,0,0,1,0,0,"- ","- ",,,"SAN FRANCISCO","SAN FRANCISCO",-122.40220642089844,37.804168701171875
9223616,2021,2021-03-23,3801,2021-01-20,1442,1837,BAYVI,3,5,7,3801,0,0,0,,0,901,"LOOMIS ST","FLOWER ST",0.00,,Y,A,-,N,,,,,,,,,,Y,2,0,1,2,C,-,18,,,N,D,C,A,A,H,-,A,D,0,,,Y,,Y,,-,"- ",1,0,0,0,0,0,0,0,1,"- ","- ",,,"SAN FRANCISCO","SAN FRANCISCO",-122.40458679199219,37.742111206054688
9223617,2021,2021-03-23,3801,2021-01-20,0720,1325,TENDE,3,5,7,3801,0,0,0,,0,3J11A,"11TH ST","MARKET ST",0.00,,Y,A,-,N,,,,,,,,,,N,4,0,1,2,A,-,08,22107,,N,-,J,A,A,H,-,-,D,0,,,Y,,Y,,A,08,0,0,1,0,0,0,0,0,1,"- ","- ",,,"SAN FRANCISCO","SAN FRANCISCO",-122.418701171875,37.775600433349609
9223618,2021,2021-03-23,3801,2021-01-19,2215,276,NORTH,2,5,7,3801,0,0,0,,0,,"EDDY ST","GOUGH ST",0.00,,Y,A,-,N,,,,,,,,,,Y,4,0,1,3,A,-,17,21657,,N,D,C,A,A,H,-,C,A,0,,,,,Y,,A,01,0,0,1,0,0,0,0,0,0,"- ","- ",,,"SAN FRANCISCO","SAN FRANCISCO",-122.42411804199219,37.782466888427734
9223619,2021,2021-03-23,3801,2021-01-19,2027,892,SOUTH,2,5,7,3801,0,0,0,,0,0B4,"FOLSOM ST","10TH ST",0.00,,Y,A,-,N,,,,,,,,,,Y,4,0,1,2,A,-,12,21453,A,N,D,C,A,A,H,-,C,A,0,,,,,Y,,A,01,0,0,1,0,0,0,0,0,0,"- ","- ",,,"SAN FRANCISCO","SAN FRANCISCO",-122.41281890869141,37.772819519042969
9223620,2021,2021-03-23,3801,2021-01-19,0930,1945,CENTR,2,5,7,3801,0,0,0,,0,3A15A,"BATTERY ST","BUSH ST",0.00,,Y,A,-,N,,,,,,,,,,N,3,0,1,2,A,-,12,21453,A,N,D,G,A,A,H,-,A,A,0,,Y,,,Y,,A,07,0,1,0,0,0,0,1,0,0,"- ","- ",,,"SAN FRANCISCO","SAN FRANCISCO",-122.39959716796875,37.791351318359375
9223639,2021,2021-03-25,3801,2021-01-10,0812,1657,BAYVI,7,5,7,3801,0,0,0,,0,901,"LANE ST","QUESADA AV",0.00,,Y,B,-,N,,,,,,,,,,,4,0,1,2,A,-,12,22450,A,F,D,C,A,-,H,-,A,D,0,,,,,Y,,A,01,0,0,1,0,0,0,0,0,0,"- ","- ",,,"SAN FRANCISCO","SAN FRANCISCO",-122.38960266113281,37.732292175292969
9223640,2021,2021-03-25,3801,2021-01-10,1506,2161,MISSI,7,5,7,3801,0,0,0,,0,3D11C,"NOE ST","MARKET ST",0.00,,Y,A,-,N,,,,,,,,,,N,4,0,1,2,A,-,03,22350,,N,D,E,A,A,H,-,A,D,0,,,Y,,Y,,C,02,0,0,1,0,0,0,0,0,1,"- ","- ",,,"SAN FRANCISCO","SAN FRANCISCO",-122.43313598632812,37.764244079589844
9223660,2021,2021-03-23,3801,2021-01-09,2202,2341,MISSI,6,5,7,3801,0,0,0,,0,3D16E,"HAMPSHIRE ST","24TH ST",20.00,S,N,A,-,N,,,,,,,,,,N,4,0,2,2,A,-,21,22106,,N,C,D,A,A,H,-,C,A,0,,,,,Y,,A,01,0,0,2,0,0,0,0,0,0,"- ","- ",,,"SAN FRANCISCO","SAN FRANCISCO",-122.40732574462891,37.752864837646484
9223692,2021,2021-03-23,3801,2021-01-12,1751,209,NORTH,2,5,7,3801,0,0,0,,0,NORTH,"LAGUNA ST","GOLDEN GATE AV",7.00,N,N,A,-,N,,,,,,,,,,N,2,0,1,2,A,-,10,21950,C,N,G,B,B,A,H,-,C,A,0,Y,,,,Y,,E,23,1,0,0,0,1,0,0,0,0,"- ","- ",,,"SAN FRANCISCO","SAN FRANCISCO",-122.42702484130859,37.780220031738281
9223700,2021,2021-03-09,3801,2021-01-06,1358,282,TARAV,3,5,7,3801,0,0,0,,0,3I4I,"19TH AV","LINCOLN WY",0.00,,Y,A,-,Y,SF,4,1,-,-,4.040,H,-,N,Y,4,0,1,2,A,-,04,21703,,N,-,C,A,B,H,-,A,A,0,,,,,Y,,D,22,0,0,1,0,0,0,0,0,0,"- ","- ",,,"SAN FRANCISCO","SAN FRANCISCO",-122.47727203369141,37.765293121337891
9223704,2021,2021-03-23,3801,2021-01-06,0926,4286,RICHM,3,5,7,3801,0,0,0,,0,0G4,"LAKE ST","21ST ST",0.00,,Y,B,-,N,,,,,,,,,,N,3,0,1,2,A,-,21,22106,,N,C,G,A,A,H,-,A,D,0,,Y,,,Y,,D,22,0,1,0,0,0,0,1,0,0,"- ","- ",,,"SAN FRANCISCO","SAN FRANCISCO",-122.48085784912109,37.785934448242188
9223708,2021,2021-03-08,3801,2021-01-31,1210,504,NORTH,7,5,7,3801,0,0,0,,0,3E6C,"CALIFORNIA ST","POLK ST",0.00,,Y,A,-,N,,,,,,,,,,N,4,0,1,2,A,-,10,21950,A,N,G,B,B,A,H,-,A,A,0,Y,,,,Y,,E,22,0,0,1,0,1,0,0,0,0,"- ","- ",,,"SAN FRANCISCO","SAN FRANCISCO",-122.42068481445312,37.790569305419922
9223735,2021,2021-03-23,3801,2021-02-01,1029,2375,RICHM,1,5,7,3801,0,0,0,,0,3G60,"GEARY BL","5TH AV",14.00,E,N,A,-,N,,,,,,,,,,N,2,0,1,2,A,-,05,21202,A,N,A,G,A,A,H,-,A,A,0,,Y,,Y,Y,,L,04,1,0,0,0,0,0,1,0,0,"- ","- ",,,"SAN FRANCISCO","SAN FRANCISCO",-122.46318054199219,37.781143188476562
9223739,2021,2021-03-08,3801,2021-01-16,1453,1766,TRAFF,6,5,7,3801,0,0,0,,0,4B103,"VICENTE ST","PORTOLA DR",13.00,W,N,A,-,N,,,,,,,,,,Y,2,0,5,6,C,-,18,,,N,E,I,A,A,H,-,A,A,0,,,,,Y,,-,"- ",1,0,4,0,0,0,0,0,0,"- ","- ",,,"SAN FRANCISCO","SAN FRANCISCO",-122.46629333496094,37.739253997802734
9223747,2021,2021-03-08,3801,2021-01-25,1908,2008,MISSI,1,5,7,3801,0,0,0,,0,3D15D,"16TH ST","MISSION ST",7.00,W,N,A,-,N,,,,,,,,,,N,4,0,1,2,A,-,12,21453,A,F,G,B,B,A,H,-,C,A,0,Y,,,,Y,,D,23,0,0,1,0,1,0,0,0,0,"- ","- ",,,"SAN FRANCISCO","SAN FRANCISCO",-122.41969299316406,37.765048980712891
9223755,2021,2021-03-29,3801,2021-01-26,1538,556,SOUTH,2,5,7,3801,0,0,0,,0,,"10TH ST","HOWARD ST",14.00,S,N,B,-,N,,,,,,,,,,N,4,0,1,2,A,-,03,22350,,N,C,C,A,B,H,-,B,A,0,,,Y,,Y,,C,03,0,0,1,0,0,0,0,0,1,"- ","- ",,,"SAN FRANCISCO","SAN FRANCISCO",-122.41433715820312,37.774002075195312
9223759,2021,2021-03-29,3801,2021-01-21,1235,1418,TARVA,4,5,7,3801,0,0,0,,0,0I5,"BROTHERHOOD WY","LAKE MERCED BL",579.00,E,N,B,-,N,,,,,,,,,,Y,4,0,1,2,A,-,01,23152,A,N,C,C,A,A,H,-,A,D,0,,,,Y,Y,,A,01,0,0,1,0,0,0,0,0,0,"- ","- ",,,"SAN FRANCISCO","SAN FRANCISCO",-122.48326110839844,37.714569091796875
9223761,2021,2021-03-20,3801,2021-01-29,1528,2368,NORTH,5,5,7,3801,0,0,0,,0,,"BRODERICK ST","GREEN ST",0.00,,Y,A,-,N,,,,,,,,,,,4,0,1,2,A,-,03,22350,,F,G,-,E,A,H,-,A,A,0,Y,,,,Y,,A,08,0,0,1,0,1,0,0,0,0,"- ","- ",,,"SAN FRANCISCO","SAN FRANCISCO",-122.44356536865234,37.795112609863281
9223762,2021,2021-03-20,3801,2021-01-30,0247,2143,BAYVI,6,5,7,3801,0,0,0,,0,3C11E,"NEWCOMB AV","3RD ST",0.00,,Y,A,-,N,,,,,,,,,,N,3,0,1,2,A,-,11,21954,A,F,A,B,D,A,H,-,C,A,0,Y,,,,Y,,N,60,0,1,0,0,1,0,0,0,0,"- ","- ",,,"SAN FRANCISCO","SAN FRANCISCO",-122.39049530029297,37.735633850097656
9223763,2021,2021-03-20,3801,2021-01-30,0150,2023,PARK,6,5,7,3801,0,0,0,,0,003,"MASONIC AV","TURK BL",0.00,,Y,A,-,N,,,,,,,,,,Y,3,0,1,1,A,-,03,22350,,N,A,I,A,A,H,-,C,A,0,,,,,Y,,A,01,0,1,0,0,0,0,0,0,0,"- ","- ",,,"SAN FRANCISCO","SAN FRANCISCO",-122.44705200195312,37.778633117675781
9223764,2021,2021-03-20,3801,2021-01-28,1916,4300,NORTH,4,5,7,3801,0,0,0,,0,3E14D,"BROADWAY ST","DIVISADERO ST",0.00,,Y,A,-,N,,,,,,,,,,N,4,0,1,2,A,-,12,22450,A,N,D,C,A,A,H,-,C,A,0,,,,,Y,,-,99,0,0,1,0,0,0,0,0,0,"- ","- ",,,"SAN FRANCISCO","SAN FRANCISCO",-122.4415283203125,37.793430328369141
9223765,2021,2021-03-26,3801,2021-01-28,1550,2163,NORTH,4,5,7,3801,0,0,0,,0,NORTHE,"DIVISADERO ST","OAK ST",0.00,,Y,A,-,N,,,,,,,,,,N,4,0,1,2,A,-,04,21703,,N,C,C,A,A,H,-,A,A,0,,,,,Y,,A,01,0,0,1,0,0,0,0,0,0,"- ","- ",,,"SAN FRANCISCO","SAN FRANCISCO",-122.43743133544922,37.773143768310547
9223766,2021,2021-03-20,3801,2021-01-28,0145,4132,MISSI,4,5,7,3801,0,0,0,,0,CAR,"24TH ST","BRYANT ST",21.00,E,N,A,-,N,,,,,,,,,,N,4,0,1,2,A,-,08,22102,,N,B,G,A,B,H,-,A,A,0,,Y,,,Y,,A,01,0,0,1,0,0,0,1,0,0,"- ","- ",,,"SAN FRANCISCO","SAN FRANCISCO",-122.4090576171875,37.752822875976562
9223767,2021,2021-03-20,3801,2021-01-28,1327,2175,NORTH,4,5,7,3801,0,0,0,,0,3E13C,"FRANCISCO ST","VAN NESS AV",0.00,,Y,B,-,N,,,,,,,,,,N,4,0,1,2,A,-,08,22107,,N,D,G,A,B,H,-,A,A,0,,Y,,,Y,,A,01,0,0,1,0,0,0,1,0,0,"- ","- ",,,"SAN FRANCISCO","SAN FRANCISCO",-122.42496490478516,37.803203582763672
9223768,2021,2021-03-20,3801,2021-01-28,1315,807,INGLE,4,5,7,3801,0,0,0,,0,3H41,"OCEAN AV","SAN JOSE AV",42.00,N,N,C,-,N,,,,,,,,,,N,4,0,1,1,A,-,03,22350,,N,H,I,A,B,G,-,A,A,0,,Y,,,Y,,L,04,0,0,1,0,0,0,1,0,0,"- ","- ",,,"SAN FRANCISCO","SAN FRANCISCO",-122.44466400146484,37.722946166992188
9223769,2021,2021-03-20,3801,2021-01-28,1228,2722,PARK,4,5,7,3801,0,0,0,,0,3F13C,"FELL ST","SHRADER ST",0.00,,Y,B,-,N,,,,,,,,,,Y,4,0,2,2,A,-,03,22350,,N,C,E,A,B,-,-,A,A,0,,,Y,,Y,,C,06,0,0,2,0,0,0,0,0,1,"- ","- ",,,"SAN FRANCISCO","SAN FRANCISCO",-122.45240783691406,37.77215576171875
9223770,2021,2021-03-20,3801,2021-01-25,1922,2122,NORTH,1,5,7,3801,0,0,0,,0,0E6,"VAN NESS AV","FRANCISCO ST",0.00,,Y,A,-,N,,,,,,,,,,Y,4,0,1,2,A,-,12,21453,A,F,D,C,A,A,H,-,C,A,0,,,,,Y,,A,01,0,0,1,0,0,0,0,0,0,"- ","- ",,,"SAN FRANCISCO","SAN FRANCISCO",-122.42496490478516,37.803203582763672
9223771,2021,2021-03-20,3801,2021-01-12,1350,2195,SOUTH,2,5,7,3801,0,0,0,,0,001,"THE EMBARCADERO NORTH","BRYANT ST",0.00,,Y,A,-,N,,,,,,,,,,N,3,0,1,2,D,-,00,,,N,D,C,A,A,H,-,A,A,0,,,,,Y,,-,"- ",0,1,0,0,0,0,0,0,0,"- ","- ",,,"SAN FRANCISCO","SAN FRANCISCO",-122.38801574707031,37.787094116210938
9223772,2021,2021-03-20,3801,2021-01-24,1656,1355,TARAV,7,5,7,3801,0,0,0,,0,,"GENEVA AV","HOWTH ST",0.00,,Y,A,-,N,,,,,,,,,,,4,0,2,2,A,-,12,21453,A,N,D,C,A,B,H,-,A,A,0,,,,,Y,,A,01,0,0,2,0,0,0,0,0,0,"- ","- ",,,"SAN FRANCISCO","SAN FRANCISCO",-122.45011901855469,37.722076416015625
9223773,2021,2021-04-02,3801,2021-01-12,1108,392,MISSI,2,5,7,3801,0,0,0,,0,3D14A,"POTRERO AV","ALAMEDA ST",30.00,S,N,A,-,N,,,,,,,,,,N,3,0,1,2,A,-,03,22350,,N,C,C,A,A,H,-,A,A,0,,,Y,,Y,,A,01,0,1,0,0,0,0,0,0,1,"- ","- ",,,"SAN FRANCISCO","SAN FRANCISCO",-122.40778350830078,37.768299102783203
9223774,2021,2021-03-20,3801,2021-01-12,0845,1871,INGLE,2,5,7,3801,0,0,0,,0,901,"AMAZON AV","EDINBURGH ST",0.00,,Y,A,-,N,,,,,,,,,,Y,3,0,1,3,A,-,12,22450,A,N,D,C,A,A,H,-,A,A,0,,,,,Y,,A,08,0,1,0,0,0,0,0,0,0,"- ","- ",,,"SAN FRANCISCO","SAN FRANCISCO",-122.43619537353516,37.715679168701172
9223775,2021,2021-03-20,3801,2021-01-11,2307,2124,TENDE,1,5,7,3801,0,0,0,,0,3J13E,"HYDE ST","EDDY ST",0.00,,Y,A,-,N,,,,,,,,,,N,4,0,1,2,A,-,10,21950,A,N,G,B,B,A,H,-,C,A,0,Y,,,,Y,,A,01,0,0,1,0,1,0,0,0,0,"- ","- ",,,"SAN FRANCISCO","SAN FRANCISCO",-122.41588592529297,37.783512115478516
9223776,2021,2021-03-20,3801,2021-01-11,1510,1398,TRAFF,1,5,7,3801,0,0,0,,0,,"MONTEREY BL","FOERSTER ST",0.00,,Y,A,-,N,,,,,,,,,,N,4,0,1,2,A,-,11,21453,D,N,D,B,B,A,H,-,A,A,0,Y,,,,Y,,N,60,0,0,1,0,1,0,0,0,0,"- ","- ",,,"SAN FRANCISCO","SAN FRANCISCO",-122.44886779785156,37.731544494628906