CASE_ID,ACCIDENT_YEAR,PROC_DATE,JURIS,COLLISION_DATE,COLLISION_TIME,OFFICER_ID,REPORTING_DISTRICT,DAY_OF_WEEK,CHP_SHIFT,POPULATION,CNTY_CITY_LOC,SPECIAL_COND,BEAT_TYPE,CHP_BEAT_TYPE,CITY_DIVISION_LAPD,CHP_BEAT_CLASS,BEAT_NUMBER,PRIMARY_RD,SECONDARY_RD,DISTANCE,DIRECTION,INTERSECTION,WEATHER_1,WEATHER_2,STATE_HWY_IND,CALTRANS_COUNTY,CALTRANS_DISTRICT,STATE_ROUTE,ROUTE_SUFFIX,POSTMILE_PREFIX,POSTMILE,LOCATION_TYPE,RAMP_INTERSECTION,SIDE_OF_HWY,TOW_AWAY,COLLISION_SEVERITY,NUMBER_KILLED,NUMBER_INJURED,PARTY_COUNT,PRIMARY_COLL_FACTOR,PCF_CODE_OF_VIOL,PCF_VIOL_CATEGORY,PCF_VIOLATION,PCF_VIOL_SUBSECTION,HIT_AND_RUN,TYPE_OF_COLLISION,MVIW,PED_ACTION,ROAD_SURFACE,ROAD_COND_1,ROAD_COND_2,LIGHTING,CONTROL_DEVICE,CHP_ROAD_TYPE,PEDESTRIAN_ACCIDENT,BICYCLE_ACCIDENT,MOTORCYCLE_ACCIDENT,TRUCK_ACCIDENT,NOT_PRIVATE_PROPERTY,ALCOHOL_INVOLVED,STWD_VEHTYPE_AT_FAULT,CHP_VEHTYPE_AT_FAULT,COUNT_SEVERE_INJ,COUNT_VISIBLE_INJ,COUNT_COMPLAINT_PAIN,COUNT_PED_KILLED,COUNT_PED_INJURED,COUNT_BICYCLIST_KILLED,COUNT_BICYCLIST_INJURED,COUNT_MC_KILLED,COUNT_MC_INJURED,PRIMARY_RAMP,SECONDARY_RAMP,LATITUDE,LONGITUDE,COUNTY,CITY,POINT_X,POINT_Y
9223883,2021,2021-06-02,3801,2021-01-06,1317,2148,PARK,3,5,7,3801,0,0,0,,0,3F12C,"17TH ST","MARS ST",3.00,E,N,C,-,N,,,,,,,,,,Y,3,0,1,4,A,-,05,21651,B,N,A,E,A,D,-,-,A,D,0,,,,,Y,,A,01,0,1,0,0,0,0,0,0,0,"- ","- ",,,"SAN FRANCISCO","SAN FRANCISCO",-122.44429016113281,37.761932373046875
9223884,2021,2021-06-02,3801,2021-01-06,0258,798,NORTH,3,5,7,3801,0,0,0,,0,3E13E,"POLK ST","ELLIS ST",0.00,,Y,A,-,N,,,,,,,,,,N,4,0,1,2,A,-,05,21650,1,F,D,G,A,B,H,-,C,A,0,,Y,,,Y,,L,04,0,0,1,0,0,0,1,0,0,"- ","- ",,,"SAN FRANCISCO","SAN FRANCISCO",-122.41934967041016,37.784042358398438
9223885,2021,2021-06-02,3801,2021-01-05,2140,1836,TARAV,2,5,7,3801,0,0,0,,0,3I15E,"JUNIPERO SERRA BL","19TH AV",0.00,,Y,A,-,N,,,,,,,,,,Y,2,0,3,2,A,-,04,21703,,N,C,C,A,A,H,-,C,A,0,,,,,Y,,A,01,1,1,1,0,0,0,0,0,0,"- ","- ",,,"SAN FRANCISCO","SAN FRANCISCO",-122.47271728515625,37.717182159423828
9223886,2021,2021-06-02,3801,2021-01-05,1806,2113,CENTR,2,5,7,3801,0,0,0,,0,3A60,"MASON ST","POST ST",0.00,,Y,A,-,N,,,,,,,,,,Y,4,0,1,2,A,-,12,21453,A,N,D,-,A,A,H,-,C,A,0,,,,,Y,,A,01,0,0,1,0,0,0,0,0,0,"- ","- ",,,"SAN FRANCISCO","SAN FRANCISCO",-122.4100341796875,37.788047790527344
9223887,2021,2021-06-02,3801,2021-01-09,0825,4331,SOUTH,6,5,7,3801,0,0,0,,0,3B14A,"8TH ST","8TH ST 335",0.00,,Y,A,-,N,,,,,,,,,,N,4,0,1,2,A,-,02,22400,A,N,C,C,A,A,H,-,A,D,0,,,,,Y,,-,,0,0,1,0,0,0,0,0,0,"- ","- ",,,"SAN FRANCISCO","SAN FRANCISCO",-121.00348663330078,40.311603546142578
9223888,2021,2021-06-02,3801,2021-01-09,0138,715,MISSI,6,5,7,3801,0,0,0,,0,3D14E,"MISSION ST","CESAR CHAVEZ ST",0.00,,Y,A,-,N,,,,,,,,,,Y,3,0,2,2,A,-,12,21453,A,N,F,C,A,A,H,-,C,A,0,,,,,Y,,M,50,0,1,1,0,0,0,0,0,0,"- ","- ",,,"SAN FRANCISCO","SAN FRANCISCO",-122.41819763183594,37.748222351074219
9223889,2021,2022-07-28,3801,2021-01-08,2211,2279,INGLE,5,5,7,3801,0,0,0,,0,005,"LIEBIG ST","SAN JOSE AV",211.00,E,N,A,-,N,,,,,,,,,,Y,4,0,1,3,A,-,01,23152,A,N,D,E,A,A,H,-,D,D,0,,,,,Y,Y,A,01,0,0,1,0,0,0,0,0,0,"- ","- ",,,"SAN FRANCISCO","SAN FRANCISCO",-122.45712280273438,37.709152221679688
9223890,2021,2021-06-02,3801,2021-01-08,2026,2490,NORTH,5,5,7,3801,0,0,0,,0,3E15D,"OAK ST","OCTAVIA ST",30.00,W,N,A,-,N,,,,,,,,,,N,4,0,1,2,A,-,17,22517,,F,G,B,A,A,H,-,C,A,0,,,,,Y,,A,01,0,0,1,0,0,0,0,0,0,"- ","- ",,,"SAN FRANCISCO","SAN FRANCISCO",-122.42440032958984,37.774787902832031
9223891,2021,2021-06-02,3801,2021-01-08,1258,1920,MISSI,5,5,7,3801,0,0,0,,0,3D11C,"MARKET ST","16TH ST",0.00,,Y,A,-,N,,,,,,,,,,Y,4,0,1,2,A,-,04,21703,,N,C,C,A,A,H,-,A,A,0,,,,,Y,,A,01,0,0,1,0,0,0,0,0,0,"- ","- ",,,"SAN FRANCISCO","SAN FRANCISCO",-122.43313598632812,37.764244079589844
9223892,2021,2021-06-02,3801,2021-01-07,1334,2742,MISSI,4,5,7,3801,0,0,0,,0,0D3,"MISSION ST","22ND ST",0.00,,Y,A,-,N,,,,,,,,,,N,4,0,2,2,A,-,08,22107,,N,B,C,A,A,H,-,A,A,0,,,,,Y,,I,19,0,0,2,0,0,0,0,0,0,"- ","- ",,,"SAN FRANCISCO","SAN FRANCISCO",-122.41873931884766,37.755451202392578
9223893,2021,2021-06-08,3801,2021-01-23,1810,470,RICHM,6,5,7,3801,0,0,0,,0,3G14D,"GEARY BL","30TH AV",0.00,,Y,A,-,N,,,,,,,,,,Y,4,0,1,2,A,-,09,21801,,N,B,C,A,A,H,-,C,A,0,,,,,Y,,A,01,0,0,1,0,0,0,0,0,0,"- ","- ",,,"SAN FRANCISCO","SAN FRANCISCO",-122.49007415771484,37.779911041259766
9223894,2021,2021-06-02,3801,2021-01-31,1955,2107,NORTH,7,5,7,3801,0,0,0,,0,03E,"GEARY BL","DIVISADERO ST",0.00,,Y,A,-,N,,,,,,,,,,Y,4,0,3,2,A,-,12,21453,A,N,D,C,A,A,H,-,C,A,0,,,,,Y,,A,01,0,0,3,0,0,0,0,0,0,"- ","- ",,,"SAN FRANCISCO","SAN FRANCISCO",-122.43947601318359,37.783359527587891
9223895,2021,2021-06-02,3801,2021-01-25,1138,A10096,PARK,1,5,7,3801,0,0,0,,0,3F44C,"17TH ST","ROOSEVELT WY",0.00,,Y,A,-,N,,,,,,,,,,N,3,0,1,2,A,-,08,22107,,N,G,G,A,A,H,-,A,A,0,,Y,,,Y,,A,01,0,1,0,0,0,0,1,0,0,"- ","- ",,,"SAN FRANCISCO","SAN FRANCISCO",-122.44530487060547,37.761867523193359
9223896,2021,2021-06-02,3801,2021-01-31,2155,451,MISSI,7,5,7,3801,0,0,0,,0,MISS5,"MISSION ST","16TH ST",159.00,S,N,A,-,N,,,,,,,,,,N,3,0,1,2,A,-,08,22102,,N,H,-,A,A,H,-,C,D,0,,,Y,,Y,,A,01,0,1,0,0,0,0,0,0,1,"- ","- ",,,"SAN FRANCISCO","SAN FRANCISCO",-122.41962432861328,37.764614105224609
9223897,2021,2021-06-21,3801,2021-01-21,1530,1039,MISSI,4,5,7,3801,0,0,0,,0,001,"POLK ST","ELLIS ST",20.00,S,N,-,-,N,,,,,,,,,,N,2,0,1,2,A,-,05,21651,B,F,-,C,A,-,-,-,A,-,0,,,Y,,Y,,C,03,1,0,0,0,0,0,0,0,1,"- ","- ",,,"SAN FRANCISCO","SAN FRANCISCO",-122.41934204101562,37.783985137939453
9223898,2021,2021-06-02,3801,2021-01-29,1640,WONG,TARAV,5,5,7,3801,0,0,0,,0,,"SKYLINE BL","GREAT HWY",0.00,,Y,A,-,N,,,,,,,,,,N,3,0,1,2,A,-,12,22450,,N,D,G,A,B,H,-,A,A,0,,Y,,,Y,,L,04,0,1,0,0,0,0,1,0,0,"- ","- ",,,"SAN FRANCISCO","SAN FRANCISCO",-122.50299835205078,37.725273132324219
9223899,2021,2021-06-02,3801,2021-01-29,1420,1833,BAYVI,5,5,7,3801,0,0,0,,0,001,"25TH AV","PENNSYLVANIA AV",0.00,,Y,A,-,N,,,,,,,,,,N,2,0,1,2,A,-,10,21950,A,N,D,B,B,A,H,-,A,D,0,Y,,,,Y,,A,01,1,0,0,0,1,0,0,0,0,"- ","- ",,,"SAN FRANCISCO","SAN FRANCISCO",-122.39266204833984,37.752544403076172
9223900,2021,2021-06-02,3801,2021-01-29,1214,1129,TARAV,5,5,7,3801,0,0,0,,0,001,"LAWTON ST","10TH AV",0.00,,Y,B,-,N,,,,,,,,,,N,4,0,1,2,A,-,10,21950,A,N,G,B,B,B,H,-,A,A,0,Y,,,,Y,,A,01,0,0,1,0,1,0,0,0,0,"- ","- ",,,"SAN FRANCISCO","SAN FRANCISCO",-122.46700286865234,37.758392333984375
9223901,2021,2021-03-22,3801,2021-01-09,2106,2354,TARAV,6,5,7,3801,0,0,0,,0,"3 CAR","GREAT HWY","ORTEGA ST",224.00,N,N,A,-,N,,,,,,,,,,Y,3,0,2,3,A,-,03,22350,,N,B,E,A,A,H,-,C,D,0,,,,,Y,,A,01,0,1,1,0,0,0,0,0,0,"- ","- ",,,"SAN FRANCISCO","SAN FRANCISCO",-122.50828552246094,37.751571655273438
9223902,2021,2021-03-22,3801,2021-01-10,1145,1015,PARK,7,5,7,3801,0,0,0,,0,3F2C,"PAGE ST","BAKER ST",0.00,,Y,B,-,N,,,,,,,,,,N,3,0,1,2,A,-,09,21802,A,N,D,G,A,A,-,-,A,D,0,,Y,,,Y,,L,04,0,1,0,0,0,0,1,0,0,"- ","- ",,,"SAN FRANCISCO","SAN FRANCISCO",-122.44057464599609,37.771774291992188
9223903,2021,2021-03-22,3801,2021-01-10,1648,1074,MISSI,7,5,7,3801,0,0,0,,0,3D15D,"MISSION ST","21ST ST",63.00,N,N,A,-,N,,,,,,,,,,N,3,0,1,2,A,-,09,21804,A,N,B,G,A,A,H,-,B,A,0,,Y,,,Y,,A,01,0,1,0,0,0,0,1,0,0,"- ","- ",,,"SAN FRANCISCO","SAN FRANCISCO",-122.41893768310547,37.757194519042969
9223904,2021,2021-03-22,3801,2021-01-11,0700,2363,RICHM,1,5,7,3801,0,0,0,,0,,"12TH AV","GEARY BL",20.00,S,N,A,-,N,,,,,,,,,,N,4,0,1,2,A,-,10,21950,A,N,D,B,C,A,H,-,A,A,0,Y,,,,Y,,A,01,0,0,1,0,1,0,0,0,0,"- ","- ",,,"SAN FRANCISCO","SAN FRANCISCO",-122.47069549560547,37.780735015869141
9223905,2021,2021-03-22,3801,2021-01-11,0103,2080,CENTR,1,5,7,3801,0,0,0,,0,3A15D,"POST ST","SHANNON ST",0.00,,Y,A,-,N,,,,,,,,,,N,4,0,1,2,A,-,11,21954,A,N,G,B,E,A,H,-,C,D,0,Y,,,,Y,Y,N,60,0,0,1,0,1,0,0,0,0,"- ","- ",,,"SAN FRANCISCO","SAN FRANCISCO",-122.41252136230469,37.787776947021484
9223906,2021,2021-03-22,3801,2021-01-30,1417,748,CENTR,6,5,7,3801,0,0,0,,0,,"BATTERY ST","SACRAMENTO ST",0.00,,Y,B,-,N,,,,,,,,,,Y,3,0,1,2,D,-,00,,,N,D,C,A,A,H,-,A,A,0,,,,,Y,,-,"- ",0,1,0,0,0,0,0,0,0,"- ","- ",,,"SAN FRANCISCO","SAN FRANCISCO",-122.40016174316406,37.794178009033203
9223907,2021,2021-03-22,3801,2021-01-27,2209,899,MISSI,3,5,7,3801,0,0,0,,0,3D13E,"VALENCIA ST","VALENCIA ST 1153",0.00,,Y,C,-,N,,,,,,,,,,N,4,0,1,1,A,-,08,22107,,N,E,J,A,B,H,-,C,D,0,,,,,Y,,A,01,0,0,1,0,0,0,0,0,0,"- ","- ",,,"SAN FRANCISCO","SAN FRANCISCO",,
9223908,2021,2021-03-22,3801,2021-01-27,0104,2494,INGLE,3,5,7,3801,0,0,0,,0,3H11E,"SAN JOSE AV","MILTON ST",0.00,,Y,C,G,N,,,,,,,,,,Y,2,0,1,1,A,-,03,22350,,F,E,I,A,B,H,-,C,D,0,,,,,Y,,A,08,1,0,0,0,0,0,0,0,0,"- ","- ",,,"SAN FRANCISCO","SAN FRANCISCO",-122.42958068847656,37.734317779541016
9223909,2021,2021-03-22,3801,2021-01-26,2023,2237,SOUTH,2,5,7,3801,0,0,0,,0,3B14D,"BRYANT ST","10TH ST",0.00,,Y,C,-,N,,,,,,,,,,Y,4,0,1,2,A,-,03,22350,,N,D,D,A,B,H,-,C,A,0,,,,,Y,,-,,0,0,1,0,0,0,0,0,0,"- ","- ",,,"SAN FRANCISCO","SAN FRANCISCO",-122.40973663330078,37.770336151123047
9223910,2021,2021-03-22,3801,2021-01-26,1924,445,INGLE,2,5,7,3801,0,0,0,,0,004,"SAN JOSE AV","SAN JUAN AV",20.00,S,N,B,C,N,,,,,,,,,,N,3,0,2,2,A,-,11,21956,A,N,G,B,E,B,H,-,C,D,0,Y,,,,Y,,N,60,0,1,1,0,1,0,0,0,0,"- ","- ",,,"SAN FRANCISCO","SAN FRANCISCO",-122.44149017333984,37.726909637451172
9223911,2021,2021-03-29,3801,2021-01-26,1657,2378,TARAV,2,5,7,3801,0,0,0,,0,005,"BROTHERHOOD WY","JUNIPERO SERRA BL",0.00,,Y,C,-,Y,SF,4,1,-,R,0.302,R,4,S,Y,4,0,1,1,A,-,03,22350,,N,E,I,A,B,G,-,D,D,0,,,,,Y,,A,01,0,0,1,0,0,0,0,0,0,"- ",SF,,,"SAN FRANCISCO","SAN FRANCISCO",-122.47133636474609,37.712436676025391
9223912,2021,2021-03-22,3801,2021-01-26,1638,893,INGLE,2,5,7,3801,0,0,0,,0,3H14D,"RIDGEWOOD AV","HEARST AV",0.00,,Y,C,G,N,,,,,,,,,,N,3,0,1,2,A,-,11,21954,A,N,G,B,D,B,H,-,A,A,0,Y,,,,Y,,N,60,0,1,0,0,1,0,0,0,0,"- ","- ",,,"SAN FRANCISCO","SAN FRANCISCO",-122.45339965820312,37.730674743652344
9223913,2021,2021-03-22,3801,2021-01-25,1939,540,SOUTH,1,5,7,3801,0,0,0,,0,0B4,"MARKET ST","VALENCIA ST",0.00,,Y,A,-,N,,,,,,,,,,Y,2,0,1,2,A,-,08,22107,,N,D,-,A,A,H,-,C,A,0,,Y,Y,,Y,,L,04,1,0,0,0,0,0,1,0,0,"- ","- ",,,"SAN FRANCISCO","SAN FRANCISCO",-122.42262268066406,37.772548675537109
9223914,2021,2021-03-22,3801,2021-01-25,0927,1210,INGLE,1,5,7,3801,0,0,0,,0,,"29TH ST","DOLORES ST",0.00,,Y,A,-,N,,,,,,,,,,Y,4,0,1,2,A,-,12,21453,A,N,D,C,A,A,H,-,A,A,0,,,,,Y,,A,01,0,0,1,0,0,0,0,0,0,"- ","- ",,,"SAN FRANCISCO","SAN FRANCISCO",-122.42446899414062,37.743839263916016
9223915,2021,2021-03-22,3801,2021-01-24,0800,1593,PARK,7,5,7,3801,0,0,0,,0,PARK,"FULTON ST","STANYAN ST",0.00,,Y,A,-,N,,,,,,,,,,Y,3,0,3,5,A,-,12,21453,A,N,D,C,A,A,H,-,A,A,0,,,,,Y,,-,,0,2,1,0,0,0,0,0,0,"- ","- ",,,"SAN FRANCISCO","SAN FRANCISCO",-122.45465850830078,37.774745941162109
9223916,2021,2021-03-22,3801,2021-01-23,2003,2200,NORTH,6,5,7,3801,0,0,0,,0,002,"VAN NESS AV","BROADWAY ST",0.00,,Y,A,-,N,,,,,,,,,,N,3,0,1,2,A,-,09,21801,A,N,D,G,A,A,H,-,C,A,0,,Y,,,Y,,A,07,0,1,0,0,0,0,1,0,0,"- ","- ",,,"SAN FRANCISCO","SAN FRANCISCO",-122.42332458496094,37.795753479003906
9223917,2021,2021-03-22,3801,2021-01-23,0430,1933,TENDE,6,5,7,3801,0,0,0,,0,3J13E,"GOLDEN GATE AV","LARKIN ST",0.00,,Y,A,-,N,,,,,,,,,,N,2,0,1,2,-,-,"- ",,,F,G,B,D,A,H,-,C,A,0,Y,,,,Y,,-,"- ",1,0,0,0,1,0,0,0,0,"- ","- ",,,"SAN FRANCISCO","SAN FRANCISCO",-122.41715240478516,37.781440734863281
9223918,2021,2021-03-22,3801,2021-01-22,1836,2723,INGLE,5,5,7,3801,0,0,0,,0,3H15D,"FRANCE AV","VIENNA ST",0.00,,Y,F,-,N,,,,,,,,,,N,2,0,1,2,A,-,12,22450,A,N,D,C,A,A,H,-,C,A,0,,,Y,,Y,,C,03,1,0,0,0,0,0,0,0,1,"- ","- ",,,"SAN FRANCISCO","SAN FRANCISCO",-122.43276214599609,37.717353820800781
9223919,2021,2021-03-22,3801,2021-01-20,2007,397,BAYVI,3,5,7,3801,0,0,0,,0,3C2,"HARBOR RD","INGALLS AV",0.00,,Y,A,-,N,,,,,,,,,,N,4,0,1,2,A,-,05,21650,A,N,G,B,D,A,H,-,D,D,0,Y,,,,Y,,A,01,0,0,1,0,1,0,0,0,0,"- ","- ",,,"SAN FRANCISCO","SAN FRANCISCO",-122.37992858886719,37.733409881591797
9223920,2021,2021-03-22,3801,2021-01-20,1720,2465,BAYVI,3,5,7,3801,0,0,0,,0,3C11D,"INGALLS ST","REVERE AV",67.00,S,N,A,-,N,,,,,,,,,,N,4,0,1,2,A,-,08,22107,,N,A,J,A,A,H,-,B,D,0,,,,,Y,,-,,0,0,1,0,0,0,0,0,0,"- ","- ",,,"SAN FRANCISCO","SAN FRANCISCO",-122.38469696044922,37.728340148925781
9223930,2021,2021-04-17,3801,2021-01-23,0240,1357,NORTH,6,5,7,3801,0,0,0,,0,3E13E,"VAN NESS AV","PINE ST",0.00,,Y,A,-,N,,,,,,,,,,Y,4,0,1,2,A,-,12,21453,A,N,D,C,A,A,D,-,C,A,0,,,,,Y,,A,01,0,0,1,0,0,0,0,0,0,"- ","- ",,,"SAN FRANCISCO","SAN FRANCISCO",-122.42209625244141,37.789417266845703
9223941,2021,2021-03-18,3801,2021-01-30,1625,2400,SOUTH,6,5,7,3801,0,0,0,,0,3CAR,"MISSION ST","ANGELOS ALLEY",9.00,S,N,A,-,N,,,,,,,,,,N,3,0,1,2,A,-,08,22107,,N,D,G,A,A,H,-,A,D,0,,Y,,,Y,,A,01,0,1,0,0,0,0,1,0,0,"- ","- ",,,"SAN FRANCISCO","SAN FRANCISCO",-122.41229248046875,37.778141021728516
9223942,2021,2021-03-18,3801,2021-01-30,1430,129,SOUTH,6,5,7,3801,0,0,0,,0,3B11C,"VALENCIA ST","MCCOPPIN ST",110.00,S,N,B,-,N,,,,,,,,,,N,4,0,1,2,A,-,08,22107,,N,B,C,A,A,H,-,A,D,0,,,,,Y,,A,01,0,0,1,0,0,0,0,0,0,"- ","- ",,,"SAN FRANCISCO","SAN FRANCISCO",-122.42250061035156,37.771289825439453
9223943,2021,2021-03-18,3801,2021-01-29,0920,2019,BAYVI,5,5,7,3801,0,0,0,,0,002,"BAYSHORE BL","BAYSHORE BL 125",5.00,N,N,A,-,N,,,,,,,,,,N,4,0,1,2,A,-,04,21703,,N,H,C,A,A,H,-,A,A,0,,,Y,,Y,,C,02,0,0,1,0,0,0,0,0,0,"- ","- ",,,"SAN FRANCISCO","SAN FRANCISCO",,
9223944,2021,2021-03-18,3801,2021-01-30,1317,2722,PARK,6,5,7,3801,0,0,0,,0,0F3,"OAK ST","COLE ST",214.00,E,N,A,-,N,,,,,,,,,,N,3,0,1,3,A,-,07,21658,A,N,B,C,A,A,H,-,A,D,0,,,Y,,Y,,A,01,0,1,0,0,0,0,0,0,1,"- ","- ",,,"SAN FRANCISCO","SAN FRANCISCO",-122.44989013671875,37.77154541015625
9223945,2021,2021-03-18,3801,2021-01-30,1150,2486,BAYVI,6,5,7,3801,0,0,0,,0,3C11A,"BAYSHORE BL","HELENA ST",88.00,N,N,A,-,N,,,,,,,,,,N,4,0,2,2,A,-,08,22107,,N,D,C,A,A,H,-,A,A,0,,,,,Y,,A,01,0,0,2,0,0,0,0,0,0,"- ","- ",,,"SAN FRANCISCO","SAN FRANCISCO",-122.40677642822266,37.736591339111328
9224010,2021,2021-04-01,3801,2021-01-31,1838,2723,INGLE,7,5,7,3801,0,0,0,,0,3H13D,"MURRAY ST","MURRAY ST 224",0.00,,N,A,-,N,,,,,,,,,,Y,3,0,1,3,A,-,01,23152,A,N,B,E,A,A,H,-,C,D,0,,,,,Y,Y,A,01,0,1,0,0,0,0,0,0,0,"- ","- ",,,"SAN FRANCISCO","SAN FRANCISCO",-122.47853851318359,37.833919525146484
92240126,2023,2023-11-20,9335,2023-11-08,1830,023367,,3,2,7,3801,0,1,1,,1,081,"I-80 W/B","TREASURE ISLAND RD OVERCROSSING",2483.00,W,N,A,-,Y,SF,,80," "," ",7.258,H,,L,Y,4,0,2,2,A,-,03,22350,,N,C,C,A,A,H,-,D,D,0,,,,,Y,,A,07,0,0,2,0,0,0,0,0,0,"- ","- ",37.803848266601562,-122.37180328369141,"SAN FRANCISCO","SAN FRANCISCO",-122.37167358398438,37.803764343261719
9224026,2021,2021-04-17,3801,2021-01-03,1442,2465,BAYVI,7,5,7,3801,0,0,0,,0,3C11C,"20TH ST","CAROLINA ST",106.00,W,N,A,-,N,,,,,,,,,,Y,2,0,1,2,A,-,03,22350,,N,C,E,A,A,H,-,A,D,0,,,,,Y,,A,01,1,0,0,0,0,0,0,0,0,"- ","- ",,,"SAN FRANCISCO","SAN FRANCISCO",-122.40050506591797,37.759777069091797
9224041,2021,2021-03-17,3801,2021-01-20,1521,2419,RICHM,3,5,7,3801,0,0,0,,0,901,"CLAY ST","ARGUELLO BL",363.00,E,N,A,-,N,,,,,,,,,,N,3,0,1,2,A,-,03,22350,,N,B,G,A,A,H,-,A,D,0,,Y,,,Y,,L,04,0,1,0,0,0,0,1,0,0,"- ","- ",,,"SAN FRANCISCO","SAN FRANCISCO",-122.45809173583984,37.787666320800781
9224042,2021,2021-03-17,3801,2021-01-14,1935,1184,MISSI,4,5,7,3801,0,0,0,,0,3D12D,"MARKET ST","HATTIE ST",45.00,S,N,A,-,N,,,,,,,,,,Y,4,0,1,3,-,-,"- ",,,N,B,C,A,A,H,-,C,D,0,,,,,Y,,A,01,0,0,1,0,0,0,0,0,0,"- ","- ",,,"SAN FRANCISCO","SAN FRANCISCO",-122.44098663330078,37.761081695556641
9224043,2021,2021-03-17,3801,2021-01-02,1641,2342,NORTH,6,5,7,3801,0,0,0,,0,3E16D,"MISSION ST","PLUM ST",50.00,W,N,C,-,N,,,,,,,,,,N,4,0,1,2,A,-,08,22107,,F,B,C,A,B,H,-,C,D,0,,,,,Y,Y,A,01,0,0,1,0,0,0,0,0,0,"- ","- ",,,"SAN FRANCISCO","SAN FRANCISCO",-122.41968536376953,37.770847320556641
9224044,2021,2021-03-17,3801,2021-01-04,1310,1374,INGLE,1,5,7,3801,0,0,0,,0,3H16C,"RAYMOND AV","SAWYER ST",0.00,,Y,A,-,N,,,,,,,,,,Y,3,0,1,2,A,-,03,22350,A,N,C,E,A,B,H,-,A,D,0,,,,,Y,,A,01,0,1,0,0,0,0,0,0,0,"- ","- ",,,"SAN FRANCISCO","SAN FRANCISCO",-122.41361999511719,37.714969635009766
9224045,2021,2021-03-17,3801,2021-01-14,1849,1544,CENTR,4,5,7,3801,0,0,0,,0,,"STOCKTON ST","BAY SHORE BL",34.00,S,N,-,-,N,,,,,,,,,,N,3,0,1,1,A,-,03,22350,,N,H,J,A,A,H,-,C,D,0,,Y,,,Y,,L,04,0,1,0,0,0,0,1,0,0,"- ","- ",,,"SAN FRANCISCO","SAN FRANCISCO",-122.4102783203125,37.805950164794922
9224046,2021,2021-03-22,3801,2021-01-14,1407,504,NORTH,4,5,7,3801,0,0,0,,0,3E5C,"OCTAVIA ST","UNION ST",2.00,S,N,A,-,N,,,,,,,,,,N,4,0,1,2,A,-,10,21950,A,N,G,B,B,A,H,-,A,A,0,Y,,,,Y,,-,,0,0,1,0,1,0,0,0,0,"- ","- ",,,"SAN FRANCISCO","SAN FRANCISCO",-122.42890167236328,37.797924041748047
9224047,2021,2021-03-22,3801,2021-01-14,2149,2118,NORTH,4,5,7,3801,0,0,0,,0,3E16E,"WEBSTER ST","GOLDEN GATE AV",0.00,,Y,A,-,N,,,,,,,,,,Y,4,0,1,2,A,-,12,21453,A,F,B,C,A,A,H,-,C,A,0,,,,,Y,,-,,0,0,1,0,0,0,0,0,0,SO,"- ",,,"SAN FRANCISCO","SAN FRANCISCO",-122.4302978515625,37.779758453369141
9224048,2021,2021-03-22,3801,2021-01-13,1609,649,INGLS,3,5,7,3801,0,0,0,,0,3H15D,"MISSION ST","GUTTENBURG ST",0.00,,Y,A,-,N,,,,,,,,,,N,4,0,1,2,A,-,12,21453,A,N,D,A,A,A,H,-,A,A,0,,,,,Y,,A,01,0,0,1,0,0,0,0,0,0,"- ","- ",,,"SAN FRANCISCO","SAN FRANCISCO",-122.44460296630859,37.712791442871094
9224049,2021,2021-03-22,3801,2021-01-08,1552,970,SOUTH,5,5,7,3801,0,0,0,,0,0B4,"FRANKLIN ST","MARKET ST",0.00,,Y,A,-,N,,,,,,,,,,N,4,0,1,2,A,-,17,21229,,N,D,J,A,A,H,-,A,A,0,,,,,Y,,M,94,0,0,1,0,0,0,0,0,0,"- ","- ",,,"SAN FRANCISCO","SAN FRANCISCO",-122.42070770263672,37.774017333984375
9224050,2021,2021-03-22,3801,2021-01-08,1430,4214,SOUTH,5,5,7,3801,0,0,0,,0,4K1F,"6TH ST","MINNA ST",54.00,N,N,A,-,N,,,,,,,,,,N,2,0,1,2,A,-,11,21955,,N,G,B,D,A,H,-,A,A,0,Y,,,,Y,,N,60,1,0,0,0,1,0,0,0,0,"- ","- ",,,"SAN FRANCISCO","SAN FRANCISCO",-122.40826416015625,37.780654907226562
9224051,2021,2021-03-22,3801,2021-01-05,1430,1052,RICHM,2,5,7,3801,0,0,0,,0,3G4C,"JOHN F KENNEDY DR","30TH AV",0.00,,Y,A,-,N,,,,,,,,,,N,3,0,1,2,A,-,09,21804,A,N,B,G,A,A,H,-,A,D,0,,Y,,,Y,,A,01,0,1,0,0,0,0,1,0,0,"- ","- ",,,"SAN FRANCISCO","SAN FRANCISCO",-122.48981475830078,37.770893096923828
9224052,2021,2021-03-22,3801,2021-01-07,1436,2500,CENTR,4,5,7,3801,0,0,0,,0,3A46C,"POST ST","LEAVENWORTH ST",0.00,,Y,A,-,N,,,,,,,,,,N,4,0,1,2,A,-,10,21950,A,N,G,B,B,A,H,-,A,A,0,Y,,,,Y,,A,01,0,0,1,0,1,0,0,0,0,"- ","- ",,,"SAN FRANCISCO","SAN FRANCISCO",-122.41499328613281,37.787452697753906
9224053,2021,2021-03-22,3801,2021-01-07,0947,2497,SOUTH,4,5,7,3801,0,0,0,,0,3B13A,"FOLSOM ST","12TH ST",0.00,,Y,A,-,N,,,,,,,,,,Y,4,0,1,2,A,-,09,21801,A,N,D,C,A,A,H,-,A,A,0,,,,,Y,,A,01,0,0,1,0,0,0,0,0,0,"- ","- ",,,"SAN FRANCISCO","SAN FRANCISCO",-122.41500091552734,37.770904541015625
9224054,2021,2021-03-23,3801,2021-01-07,0710,4095,TARAV,4,5,7,3801,0,0,0,,0,0I3,"LOWER GREAT HWY","TARAVAL ST",0.00,,Y,A,-,N,,,,,,,,,,N,4,0,1,2,A,-,10,21950,A,N,G,B,B,A,H,-,B,A,0,Y,,,,Y,,A,01,0,0,1,0,1,0,0,0,0,"- ","- ",,,"SAN FRANCISCO","SAN FRANCISCO",-122.50753021240234,37.741653442382812