CASE_ID,ACCIDENT_YEAR,PROC_DATE,JURIS,COLLISION_DATE,COLLISION_TIME,OFFICER_ID,REPORTING_DISTRICT,DAY_OF_WEEK,CHP_SHIFT,POPULATION,CNTY_CITY_LOC,SPECIAL_COND,BEAT_TYPE,CHP_BEAT_TYPE,CITY_DIVISION_LAPD,CHP_BEAT_CLASS,BEAT_NUMBER,PRIMARY_RD,SECONDARY_RD,DISTANCE,DIRECTION,INTERSECTION,WEATHER_1,WEATHER_2,STATE_HWY_IND,CALTRANS_COUNTY,CALTRANS_DISTRICT,STATE_ROUTE,ROUTE_SUFFIX,POSTMILE_PREFIX,POSTMILE,LOCATION_TYPE,RAMP_INTERSECTION,SIDE_OF_HWY,TOW_AWAY,COLLISION_SEVERITY,NUMBER_KILLED,NUMBER_INJURED,PARTY_COUNT,PRIMARY_COLL_FACTOR,PCF_CODE_OF_VIOL,PCF_VIOL_CATEGORY,PCF_VIOLATION,PCF_VIOL_SUBSECTION,HIT_AND_RUN,TYPE_OF_COLLISION,MVIW,PED_ACTION,ROAD_SURFACE,ROAD_COND_1,ROAD_COND_2,LIGHTING,CONTROL_DEVICE,CHP_ROAD_TYPE,PEDESTRIAN_ACCIDENT,BICYCLE_ACCIDENT,MOTORCYCLE_ACCIDENT,TRUCK_ACCIDENT,NOT_PRIVATE_PROPERTY,ALCOHOL_INVOLVED,STWD_VEHTYPE_AT_FAULT,CHP_VEHTYPE_AT_FAULT,COUNT_SEVERE_INJ,COUNT_VISIBLE_INJ,COUNT_COMPLAINT_PAIN,COUNT_PED_KILLED,COUNT_PED_INJURED,COUNT_BICYCLIST_KILLED,COUNT_BICYCLIST_INJURED,COUNT_MC_KILLED,COUNT_MC_INJURED,PRIMARY_RAMP,SECONDARY_RAMP,LATITUDE,LONGITUDE,COUNTY,CITY,POINT_X,POINT_Y
9224055,2021,2021-03-23,3801,2021-01-13,1243,319,CENTR,3,5,7,3801,0,0,0,,0,3A11A,"TAYLOR ST","BUSH ST",0.00,,Y,A,-,N,,,,,,,,,,Y,4,0,2,2,A,-,12,21453,A,N,D,C,A,A,H,-,A,A,0,,,,,Y,,A,01,0,0,2,0,0,0,0,0,0,"- ","- ",,,"SAN FRANCISCO","SAN FRANCISCO",-122.41207122802734,37.789756774902344
9224056,2021,2021-03-23,3801,2021-01-12,2319,1836,TARAV,2,5,7,3801,0,0,0,,0,3I15E,"JUNIPERO SERRA BL","19TH AV",245.00,S,N,A,-,N,,,,,,,,,,N,4,0,1,2,A,-,08,22107,,N,B,C,A,A,H,-,C,A,0,,,,,Y,,A,07,0,0,1,0,0,0,0,0,0,"- ","- ",,,"SAN FRANCISCO","SAN FRANCISCO",-122.47254180908203,37.716526031494141
9224057,2021,2021-03-23,3801,2021-01-12,1630,4292,BAYVI,2,5,7,3801,0,0,0,,0,,"CARROLL AV","GIANTS DR",10.00,E,N,A,-,N,,,,,,,,,,Y,4,0,1,2,A,-,05,21651,A,N,B,D,A,A,H,-,A,D,0,,,,,Y,,A,01,0,0,1,0,0,0,0,0,0,"- ","- ",,,"SAN FRANCISCO","SAN FRANCISCO",-122.38498687744141,37.720230102539062
9224058,2021,2021-03-23,3801,2021-01-12,1626,445,INGLE,2,5,7,3801,0,0,0,,0,0H6,"LELAND AV","DESMOND ST",91.00,W,N,A,-,N,,,,,,,,,,Y,4,0,1,2,A,-,11,21954,A,N,G,B,E,A,H,-,A,D,0,Y,,,,Y,,N,60,0,0,1,0,1,0,0,0,0,"- ","- ",,,"SAN FRANCISCO","SAN FRANCISCO",-122.40508270263672,37.711723327636719
9224059,2021,2021-03-23,3801,2021-01-07,1231,4286,RICHM,4,5,7,3801,0,0,0,,0,0G1,"JOHN F KENNEDY DR","TRANSVERSE DR",40.00,W,N,A,-,N,,,,,,,,,,N,3,0,1,2,A,-,07,21658,A,N,B,E,A,A,H,-,A,D,0,,Y,,,Y,,L,04,0,1,0,0,0,0,1,0,0,"- ","- ",,,"SAN FRANCISCO","SAN FRANCISCO",-122.48004913330078,37.770442962646484
9224060,2021,2021-03-23,3801,2021-01-06,1745,2490,NORTH,3,5,7,3801,0,0,0,,0,8E15D,"STEINER ST","PACIFIC ST",34.00,N,N,A,-,N,,,,,,,,,,N,4,0,1,1,A,-,03,22350,,N,H,A,A,A,H,-,C,A,0,,Y,,,Y,,L,04,0,0,1,0,0,0,1,0,0,"- ","- ",,,"SAN FRANCISCO","SAN FRANCISCO",-122.4364013671875,37.793231964111328
9224067,2021,2021-03-30,3801,2021-01-28,1715,2400,SOUTH,4,5,7,3801,0,0,0,,0,,"11TH ST","13TH ST",231.00,N,N,B,-,N,,,,,,,,,,N,3,0,1,2,A,-,08,22107,,N,B,G,A,B,G,H,B,D,0,,Y,,,Y,,-,"- ",0,1,0,0,0,0,1,0,0,"- ","- ",,,"SAN FRANCISCO","SAN FRANCISCO",-122.41139221191406,37.769763946533203
92242817,2023,2023-11-22,9335,2023-09-07,1626,023367,,4,2,7,3801,1,4,S,,2,901,"PARIS STREET","EXCELSIOR AVENUE",0.00,,Y,A,-,N,,,,,,,,,,N,4,0,1,2,A,-,09,21800,A,N,B,C,A,A,H,-,A,A,0,,,,,Y,,A,01,0,0,1,0,0,0,0,0,0,"- ","- ",37.725551605224609,-122.43206024169922,"SAN FRANCISCO","SAN FRANCISCO",-122.43203735351562,37.725479125976562
92243342,2023,2023-11-23,9335,2023-11-13,1440,023378,,1,2,7,3801,0,1,1,,2,022,"I-280 N/B","OCEAN AVENUE OVERCROSSING",365.00,N,N,A,-,Y,SF,,280," ",R,1.846,H,,R,Y,4,0,1,2,A,-,03,22350,,N,C,C,A,A,H,-,A,D,0,,,,Y,Y,,A,07,0,0,1,0,0,0,0,0,0,"- ","- ",37.724071502685547,-122.44732666015625,"SAN FRANCISCO","SAN FRANCISCO",-122.44729614257812,37.724056243896484
92244542,2023,2023-11-27,9335,2023-11-24,1830,022860,,5,2,7,3801,0,1,2,,2,013,"US-101 N/B","18 STREET PEDESTRIAN OVERCROSSING",200.00,N,N,A,-,Y,SF,,101," "," ",3.996,H,,R,N,4,0,2,2,A,-,04,21703,,N,C,C,A,A,H,-,C,D,0,,,,,Y,,A,01,0,0,2,0,0,0,0,0,0,"- ","- ",37.762649536132812,-122.40541839599609,"SAN FRANCISCO","SAN FRANCISCO",-122.40535736083984,37.762630462646484
92244570,2023,2023-11-27,9335,2023-11-13,"518 ",018053,,1,3,7,3801,0,1,2,,2,013,"US-101 S/B","ALANA WAY UNDER CROSSING",639.00,N,N,A,-,Y,SF,,101," "," ",0.155,H,,L,Y,4,0,1,3,A,-,03,22350,,N,C,C,A,A,H,-,B,D,0,,,,,Y,,A,01,0,0,1,0,0,0,0,0,0,"- ","- ",37.710609436035156,-122.39555358886719,"SAN FRANCISCO","SAN FRANCISCO",-122.39563751220703,37.710597991943359
92244572,2023,2023-11-27,9335,2023-09-14,"515 ",023343,,4,3,7,3801,0,1,1,,1,081,"I-80 W/B","THE EMBARCADERO",1800.00,E,N,A,-,Y,SF,,80," "," ",6.265,H,,L,N,3,0,1,2,A,-,03,22350,,F,C,C,A,A,H,-,C,D,0,,,Y,,Y,,-,99,0,1,0,0,0,0,0,0,1,"- ","- ",37.792770385742188,-122.38375854492188,"SAN FRANCISCO","SAN FRANCISCO",-122.3836669921875,37.792705535888672
92249783,2023,2023-12-01,9335,2023-10-26,2135,022596,,4,2,7,3801,0,1,2,,2,014,"US-101 N/B","22ND STREET PEDESTRIAN OVERCROSSING",39.00,S,N,A,-,Y,SF,,101," "," ",3.514,H,,R,Y,4,0,2,2,A,-,03,22350,,N,C,C,A,A,H,-,C,D,0,,,,,Y,,A,07,0,0,2,0,0,0,0,0,0,"- ","- ",37.756790161132812,-122.40335845947266,"SAN FRANCISCO","SAN FRANCISCO",-122.40333557128906,37.756797790527344
92249818,2023,2023-12-01,9335,2023-11-20,1218,019949,,1,1,7,3801,0,1,2,,2,014,"US-101 S/B TO US-101 S/B","15TH STREET UC",220.00,N,N,A,-,Y,SF,,101," ",R,4.342,H,,L,Y,4,0,4,3,A,-,03,22350,,N,C,C,A,A,H,-,A,D,0,,,,,Y,,D,22,0,0,4,0,0,0,0,0,0,"- ","- ",37.767601013183594,-122.40554046630859,"SAN FRANCISCO","SAN FRANCISCO",-122.40556335449219,37.767593383789062
92249838,2023,2023-12-01,9335,2023-11-21,1905,023312,,2,2,7,3801,0,1,2,,2,015,"US-101 S/B","BRYANT ST U/C",81.00,S,N,A,-,Y,SF,,101," ",R,4.705,H,,L,Y,4,0,1,2,A,-,03,22350,,N,C,C,A,A,H,-,C,D,0,,,,,Y,,A,01,0,0,1,0,0,0,0,0,0,"- ","- ",37.769309997558594,-122.41049957275391,"SAN FRANCISCO","SAN FRANCISCO",-122.41050720214844,37.769268035888672
92249904,2023,2023-12-01,9335,2023-11-22,1118,023357,,3,1,7,3801,0,1,2,,2,013,"US-101 N/B","SILVER AVE",251.00,N,N,A,-,Y,SF,,101," "," ",1.826,H,,R,N,4,0,1,3,A,-,03,22350,,N,C,C,A,A,H,-,A,D,0,,,,,Y,,A,01,0,0,1,0,0,0,0,0,0,"- ","- ",37.733390808105469,-122.40558624267578,"SAN FRANCISCO","SAN FRANCISCO",-122.40556335449219,37.733402252197266
92250056,2023,2023-12-01,9335,2023-10-30,1240,023357,,1,1,7,3801,0,1,2,,2,014,"US-101 S/B","16TH ST",33.00,S,N,A,-,Y,SF,,101," "," ",4.213,H,,L,N,3,0,1,3,A,-,07,21658,A,F,B,2,A,A,H,-,A,D,0,,,,,Y,,-,99,0,1,0,0,0,0,0,0,0,"- ","- ",37.765750885009766,-122.40528106689453,"SAN FRANCISCO","SAN FRANCISCO",-122.40526580810547,37.765750885009766
92250156,2023,2023-12-01,9335,2023-10-22,1230,021200,,7,1,7,3801,0,1,2,,2,014,"US-101 NB","CESAR CHAVEZ STREET",500.00,N,N,B,-,Y,SF,,101," "," ",3.065,H,,R,N,4,0,1,2,A,-,03,22350,,N,C,C,A,A,H,-,A,D,0,,,,,Y,,A,07,0,0,1,0,0,0,0,0,0,"- ","- ",37.750228881835938,-122.40358734130859,"SAN FRANCISCO","SAN FRANCISCO",-122.40335845947266,37.75018310546875
92250770,2023,2023-12-04,9335,2023-10-15,2220,023067,,7,3,7,3801,0,1,2,,2,015,"US-101 N/B","MARKET ST",67.00,S,N,A,-,Y,SF,,101," ",M,5.439,H,,R,N,3,0,3,3,A,-,03,22350,,N,C,C,A,A,H,-,C,A,0,,,,,Y,,A,01,0,3,0,0,0,0,0,0,0,"- ","- ",37.771690368652344,-122.42315673828125,"SAN FRANCISCO","SAN FRANCISCO",-122.42318725585938,37.771678924560547
92250771,2023,2023-12-04,9335,2023-10-16,1112,018804,,1,1,7,3801,0,1,1,,2,023,"I-280 N/B","MISSION ST.",173.00,S,N,A,-,Y,SF,,280," ",R,3.063,H,,R,N,3,0,1,1,A,-,08,22107,,N,E,I,A,A,H,-,A,D,0,,,,,Y,,A,01,0,1,0,0,0,0,0,0,0,"- ","- ",37.731941223144531,-122.42909240722656,"SAN FRANCISCO","SAN FRANCISCO",-122.42906951904297,37.732032775878906
92250772,2023,2023-12-04,9335,2023-11-08,"626 ",018804,,3,1,7,3801,0,1,2,,2,014,"US 101 N/B","16TH STREET",40.00,N,N,A,-,Y,SF,,80," "," ",3.841,H,,R,N,4,0,2,2,A,-,08,22107,,N,E,C,A,A,H,-,B,D,0,,,,,Y,,A,07,0,0,2,0,0,0,0,0,0,"- ","- ",37.766139984130859,-122.40496063232422,"SAN FRANCISCO","SAN FRANCISCO",-122.40492248535156,37.766139984130859
92251248,2023,2023-12-04,9335,2023-10-25,1715,023373,,3,2,7,3801,0,1,1,,1,081,"I-80 W/B","TREASURE ISLAND RD",3960.00,W,N,A,-,Y,,,,,,,,,,Y,3,0,3,4,A,-,08,22107,,N,B,C,A,A,H,-,A,D,0,,,,,Y,,A,01,0,3,0,0,0,0,0,0,0,"- ","- ",37.800849914550781,-122.37525939941406,"SAN FRANCISCO","SAN FRANCISCO",-122.37512969970703,37.800708770751953
92254433,2023,2023-12-06,9335,2023-10-27,1644,023167,,5,2,7,3801,0,1,1,,2,022,"I-280 S/B","ALEMANY BOULEVARD",650.00,S,N,A,-,Y,SF,,280," ",R,0.353,H,,L,Y,4,0,3,3,A,-,07,21658,A,N,B,2,A,A,H,-,A,D,0,,,,,Y,,A,01,0,0,3,0,0,0,0,0,0,"- ","- ",37.710529327392578,-122.46343994140625,"SAN FRANCISCO","SAN FRANCISCO",-122.46343994140625,37.710582733154297
92254473,2023,2024-10-10,9335,2023-11-03,1845,022920,,5,2,7,3801,0,1,1,,2,080,"I-80 W/B","THE 7TH STREET UNDERCROSSING",405.00,E,N,A,-,Y,SF,,80," "," ",4.578,H,,L,Y,4,0,1,2,A,-,03,22350,,N,C,C,A,A,H,-,C,D,0,,,,,Y,,A,01,0,0,1,0,0,0,0,0,0,"- ","- ",37.776149749755859,-122.40496826171875,"SAN FRANCISCO","SAN FRANCISCO",-122.40499877929688,37.776180267333984
92256372,2023,2023-12-07,9335,2023-11-06,1745,023373,,1,2,7,3801,0,1,2,,2,013,"US-101 N/B","PAUL AVE",880.00,N,N,A,-,Y,SF,,101," "," ",1.292,H,,R,N,3,0,1,2,A,-,07,21658,A,N,B,C,A,A,H,-,C,D,0,,,,,Y,,A,07,0,1,0,0,0,0,0,0,0,"- ","- ",37.726100921630859,-122.40203857421875,"SAN FRANCISCO","SAN FRANCISCO",-122.40199279785156,37.726112365722656
92256466,2023,2023-12-07,9335,2023-12-02,2120,023119,,6,2,7,3801,0,1,2,,2,013,"US 101 S/B","FAITH STREET PEDESTRIAN O/C",734.00,S,N,A,-,Y,SF,,101," "," ",2.470,H,,L,Y,3,0,2,2,A,-,03,22350,,N,C,C,A,A,H,-,C,D,0,,,,,Y,,A,07,0,2,0,0,0,0,0,0,0,"- ","- ",37.742290496826172,-122.40725708007812,"SAN FRANCISCO","SAN FRANCISCO",-122.40720367431641,37.742263793945312
92256690,2023,2023-12-08,9335,2023-11-30,1035,019949,,4,1,7,3801,0,1,1,,2,022,"I-280 S/B","FARALLONES ST OVERCROSSING",250.00,N,N,A,-,Y,SF,,280," ",R,1.115,H,,L,Y,3,0,2,2,A,-,03,22350,,N,C,C,A,A,H,-,A,D,0,,,,,Y,,A,01,0,1,1,0,0,0,0,0,0,"- ","- ",37.714271545410156,-122.45133972167969,"SAN FRANCISCO","SAN FRANCISCO",-122.4512939453125,37.714237213134766
92257223,2023,2023-12-08,9335,2023-10-07,2330,023357,,6,3,7,3801,0,1,2,,2,014,"US-101 N/B","17TH ST",46.00,S,N,A,-,Y,SF,,101," "," ",4.123,H,,R,N,3,0,2,6,A,-,07,21658,A,M,C,C,A,A,H,-,D,D,0,,,,,Y,,A,01,0,1,1,0,0,0,0,0,0,"- ","- ",37.764480590820312,-122.4049072265625,"SAN FRANCISCO","SAN FRANCISCO",-122.40489196777344,37.764480590820312
92257321,2023,2023-12-08,9335,2023-12-05,1700,023378,,2,2,7,3801,0,1,2,,2,013,"US-101 S/B","THE FAITH STREET PEDESTRIAN OVERCROSSING",909.00,N,N,A,-,Y,SF,,101," "," ",2.787,H,,L,Y,4,0,1,2,A,-,03,22350,,N,C,C,A,A,H,-,C,D,0,,,,,Y,,A,01,0,0,1,0,0,0,0,0,0,"- ","- ",37.746330261230469,-122.40473175048828,"SAN FRANCISCO","SAN FRANCISCO",-122.40478515625,37.746337890625
92257400,2023,2023-12-08,9335,2023-12-02,1330,023593,,6,1,7,3801,0,1,1,,1,083,"I-80 E/B FROM HILLCREST RD.","FOREST RD",1108.00,E,N,A,-,Y,,,,,,,,,,Y,4,0,1,2,A,-,03,22350,,N,C,C,A,B,H,-,A,A,0,,,,,Y,,A,07,0,0,1,0,0,0,0,0,0,"- ","- ",37.812210083007812,-122.36260223388672,"SAN FRANCISCO","SAN FRANCISCO",-122.36260223388672,37.812210083007812
92257422,2023,2023-12-08,9335,2023-12-04,"915 ",019949,,1,1,7,3801,0,1,2,,2,013,"US-101 S/B","BLANKEN AVE UNDERCROSSING",150.00,S,N,A,-,Y,SF,,101," "," ",0.150,H,,L,Y,4,0,1,2,A,-,03,22350,,N,C,C,A,A,H,-,A,D,0,,,,,Y,,A,01,0,0,1,0,0,0,0,0,0,"- ","- ",37.710540771484375,-122.39552307128906,"SAN FRANCISCO","SAN FRANCISCO",-122.39562225341797,37.710525512695312
92257528,2023,2023-12-08,9335,2023-11-24,1520,022860,,5,2,7,3801,0,1,2,,2,013,"US-101 N/B","CORTLAND AVE UNDERCROSSING",350.00,N,N,A,-,Y,SF,,101," "," ",2.346,H,,R,N,4,0,1,2,A,-,07,21658,A,M,B,C,A,A,H,-,A,D,0,,,,,Y,,-,99,0,0,1,0,0,0,0,0,0,"- ","- ",37.74066162109375,-122.40802764892578,"SAN FRANCISCO","SAN FRANCISCO",-122.40779876708984,37.740612030029297
92257900,2023,2023-12-11,9335,2023-10-28,1900,023167,,6,2,7,3801,0,1,2,,2,014,"US-101 S/B","23RD STREET OVERCROSSING",390.00,S,N,A,-,Y,SF,,101," "," ",3.286,H,,L,N,4,0,3,2,A,-,03,22350,,M,C,C,A,A,H,-,C,D,0,,,,,Y,,-,99,0,0,3,0,0,0,0,0,0,"- ","- ",37.753360748291016,-122.40310668945312,"SAN FRANCISCO","SAN FRANCISCO",-122.40303802490234,37.753364562988281
92258086,2023,2023-12-11,9335,2023-09-23,"2   ",023118,,6,3,7,3801,0,1,1,,2,022,"I-280 S/B","HAVELOCK ST PEDESTRIAN OVERCROSSING",173.00,S,N,A,-,Y,SF,,280," ",R,2.008,H,,L,Y,4,0,1,2,A,-,03,22350,,N,A,C,A,A,H,-,D,D,0,,,,,Y,,A,01,0,0,1,0,0,0,0,0,0,"- ","- ",37.726158142089844,-122.44609069824219,"SAN FRANCISCO","SAN FRANCISCO",-122.44612121582031,37.726173400878906
9225869,2021,2021-03-04,3801,2021-01-30,1824,2723,INGLE,6,5,7,3801,0,0,0,,0,3H15D,"ALEMANY BL","NAGLEE AV",0.00,,Y,A,-,N,,,,,,,,,,N,3,0,1,2,A,-,10,21950,A,N,A,B,B,A,H,-,C,D,0,Y,,,,Y,,A,01,0,1,0,0,1,0,0,0,0,"- ","- ",,,"SAN FRANCISCO","SAN FRANCISCO",-122.44901275634766,37.713943481445312
92258828,2023,2023-12-11,9335,2023-05-28,"515 ",020384,,7,3,7,3801,0,1,1,,1,081,"I-80 W/B","BEALE STREET",300.00,W,N,B,-,Y,SF,,80," "," ",5.662,H,,L,Y,2,0,1,2,A,-,07,21658,A,N,B,C,A,A,H,-,C,D,0,,,,,Y,,J,49,1,0,0,0,0,0,0,0,0,"- ","- ",37.7860107421875,-122.39095306396484,"SAN FRANCISCO","SAN FRANCISCO",-122.39096069335938,37.786014556884766
92263045,2023,2023-12-15,9335,2023-10-27,1645,023167,,5,2,7,3801,0,1,1,,2,022,"I-280 S/B","ALEMANY BLVD",440.00,S,N,A,-,Y,SF,,280," ",R,0.379,H,,L,N,4,0,1,3,A,-,03,22350,,N,C,C,A,A,H,-,A,D,0,,,,,Y,,A,07,0,0,1,0,0,0,0,0,0,"- ","- ",37.710628509521484,-122.46296691894531,"SAN FRANCISCO","SAN FRANCISCO",-122.46297454833984,37.710578918457031
92263056,2023,2023-12-15,9335,2023-09-27,1719,023483,,3,2,7,3801,0,1,1,,1,081,"I-80 W/B","THE EAST EDGE OF YERBA BUENA ISLAND TUNNEL",58.00,W,N,A,-,Y,SF,,80," "," ",7.809,H,,L,N,2,0,1,2,A,-,03,22350,,N,C,C,A,A,H,-,A,D,0,,,Y,,Y,,C,02,1,0,0,0,0,0,0,0,1,"- ","- ",37.809970855712891,-122.36508941650391,"SAN FRANCISCO","SAN FRANCISCO",-122.36515808105469,37.810020446777344
92263620,2023,2023-12-18,9335,2023-12-05,"655 ",023489,,2,1,7,3801,0,1,2,,2,013,"US-101 NORTHBOUND","CESAR CHAVEZ STREET",1214.00,S,N,A,-,Y,SF,,101," "," ",2.774,H,,R,Y,4,0,1,2,A,-,03,22350,,N,C,C,A,A,H,-,A,D,0,,,,,Y,,A,01,0,0,1,0,0,0,0,0,0,"- ","- ",37.746078491210938,-122.40474700927734,"SAN FRANCISCO","SAN FRANCISCO",-122.40467834472656,37.746067047119141
92263627,2023,2023-12-18,9335,2023-12-05,1605,023593,,2,2,7,3801,0,1,2,,2,013,"101 N/B","PAUL AVE",145.00,N,N,A,-,Y,SF,,101," "," ",1.141,H,,R,N,4,0,3,3,A,-,03,22350,,N,C,C,A,A,H,-,A,D,0,,,,,Y,,A,01,0,0,3,0,0,0,0,0,0,"- ","- ",37.723949432373047,-122.40117645263672,"SAN FRANCISCO","SAN FRANCISCO",-122.40117645263672,37.723949432373047
92263639,2023,2023-12-18,9335,2023-12-05,1740,023593,,2,2,7,3801,0,1,2,,2,013,"US-101 SOUTHBOUND","CORTLAND AVE UNDERCROSSING",153.00,S,N,A,-,Y,SF,,101," "," ",2.249,H,,L,Y,4,0,2,4,A,-,03,22350,,N,C,C,A,A,H,-,D,D,0,,,,,Y,,A,01,0,0,2,0,0,0,0,0,0,"- ","- ",37.739269256591797,-122.40828704833984,"SAN FRANCISCO","SAN FRANCISCO",-122.40817260742188,37.739269256591797
92263951,2023,2023-12-18,9335,2023-11-03,2243,022703,,5,3,7,3801,0,1,1,,2,080,"I-80 WESTBOUND TO 9TH STREET","THE EAST PROLONGATION OF 8TH STREET",30.00,E,N,A,-,Y,,,,,,,,,,N,4,0,2,2,A,-,01,23152,A,M,C,C,A,A,H,-,C,A,0,,,,,Y,Y,A,01,0,0,2,0,0,0,0,0,0,"- ","- ",37.773700714111328,-122.40818786621094,"SAN FRANCISCO","SAN FRANCISCO",-122.40818786621094,37.773700714111328
92263969,2023,2023-12-18,9335,2023-12-06,1428,023483,,3,2,7,3801,0,1,1,,1,081,"I-80 WESTBOUND","EMBARCADERO UNDERCROSSING",333.00,E,N,C,-,Y,SF,,80," "," ",5.981,H,,L,N,4,0,1,3,A,-,08,22107,,N,D,C,A,B,H,-,A,D,0,,,,,Y,,A,01,0,0,1,0,0,0,0,0,0,"- ","- ",37.789600372314453,-122.38715362548828,"SAN FRANCISCO","SAN FRANCISCO",-122.38709259033203,37.789562225341797
92263971,2023,2023-12-18,9335,2023-12-06,1608,023483,,3,2,7,3801,0,1,1,,1,081,"I-80 W/B","THE EMBARCADERO UNDERCROSSING",884.00,E,N,C,-,Y,SF,,80," "," ",6.085,H,,L,Y,4,0,1,2,A,-,07,21658,A,N,C,C,A,B,H,-,A,D,0,,,Y,,Y,,C,02,0,0,1,0,0,0,0,0,1,"- ","- ",37.790760040283203,-122.38591766357422,"SAN FRANCISCO","SAN FRANCISCO",-122.38584136962891,37.790706634521484
92264210,2023,2023-12-18,9335,2023-09-27,2355,022876,,3,3,7,3801,0,1,1,,2,023,"I-280 N/B TO US-101 S/B","SAN BRUNO AVENUE",450.00,S,N,A,-,Y,,,,,,,,,,Y,3,0,1,1,C,-,18,,,N,E,I,A,A,H,-,D,D,0,,,,,Y,,-,"- ",0,1,0,0,0,0,0,0,0,"- ","- ",37.734401702880859,-122.408203125,"SAN FRANCISCO","SAN FRANCISCO",-122.408203125,37.734401702880859
92267464,2023,2023-12-20,9335,2023-07-23,"641 ",022920,,7,1,7,3801,0,1,1,,2,023,"I-280 S/B TO MONTEREY BOULEVARD","MONTEREY BOULEVARD",40.00,N,N,A,-,Y,,,,,,,,,,Y,2,0,3,4,A,-,01,23152,A,N,C,C,A,A,H,-,A,A,0,,,,,Y,Y,A,07,1,0,2,0,0,0,0,0,0,"- ","- ",37.731571197509766,-122.43624114990234,"SAN FRANCISCO","SAN FRANCISCO",-122.43624114990234,37.731571197509766
92268270,2023,2023-12-21,9335,2023-12-09,1435,023312,,6,2,7,3801,0,1,1,,2,080,"I-80 E/B","5TH ST U/C",425.00,W,N,A,-,Y,SF,,80," "," ",4.751,H,,R,N,4,0,1,2,A,-,03,22350,,N,C,C,A,A,H,-,A,D,0,,,Y,,Y,,C,02,0,0,1,0,0,0,0,0,1,"- ","- ",37.777591705322266,-122.40215301513672,"SAN FRANCISCO","SAN FRANCISCO",-122.40212249755859,37.777553558349609
92268282,2023,2023-12-21,9350,2023-12-18,1720,021488,,1,2,7,3801,0,1,3,,2,011,"SR-1 N/B TO US-101 N/B","LINCOLN BLVD. UNDERCROSSING",1400.00,S,N,B,-,Y,,,,,,,,,,Y,4,0,1,1,A,-,03,22350,,N,E,I,A,B,H,-,C,D,0,,,,,Y,,A,01,0,0,1,0,0,0,0,0,0,"- ","- ",37.804119110107422,-122.47023773193359,"SAN FRANCISCO","SAN FRANCISCO",-122.47023773193359,37.804119110107422
92268368,2023,2023-12-21,9335,2023-12-18,"658 ",018053,,1,1,7,3801,0,1,1,,1,083,"I-80 E/B","YERBA BUENA ISLAND TUNNEL WEST EDGE",6970.00,W,N,C,-,Y,SF,,80," "," ",6.332,H,,R,Y,4,0,1,3,A,-,08,22107,,M,B,C,A,B,H,-,B,D,0,,,,,Y,,-,99,0,0,1,0,0,0,0,0,0,"- ","- ",37.793521881103516,-122.38294982910156,"SAN FRANCISCO","SAN FRANCISCO",-122.38285064697266,37.793453216552734
92269048,2023,2023-12-22,9335,2023-09-28,"850 ",023464,,4,1,7,3801,0,1,1,,2,024,"I-280 N/B","20TH ST OVERCROSSING",225.00,N,N,A,-,Y,SF,,280," ",R,6.442,H,,R,N,3,0,1,2,A,-,03,22350,,N,C,C,A,A,H,-,A,D,0,,,,,Y,,A,01,0,1,0,0,0,0,0,0,0,"- ","- ",37.760898590087891,-122.39228057861328,"SAN FRANCISCO","SAN FRANCISCO",-122.39237213134766,37.760894775390625
92269051,2023,2023-12-22,9335,2023-10-01,1320,022920,,7,1,7,3801,0,1,2,,2,013,"US-101 N/B TO CESAR CHAVEZ","MARIN STREET",300.00,S,N,A,-,Y,,,,,,,,,,Y,4,0,1,2,A,-,03,22350,,N,C,C,A,A,H,-,A,A,0,,,,,Y,,A,01,0,0,1,0,0,0,0,0,0,"- ","- ",37.747051239013672,-122.40381622314453,"SAN FRANCISCO","SAN FRANCISCO",-122.40381622314453,37.747051239013672