CASE_ID,ACCIDENT_YEAR,PROC_DATE,JURIS,COLLISION_DATE,COLLISION_TIME,OFFICER_ID,REPORTING_DISTRICT,DAY_OF_WEEK,CHP_SHIFT,POPULATION,CNTY_CITY_LOC,SPECIAL_COND,BEAT_TYPE,CHP_BEAT_TYPE,CITY_DIVISION_LAPD,CHP_BEAT_CLASS,BEAT_NUMBER,PRIMARY_RD,SECONDARY_RD,DISTANCE,DIRECTION,INTERSECTION,WEATHER_1,WEATHER_2,STATE_HWY_IND,CALTRANS_COUNTY,CALTRANS_DISTRICT,STATE_ROUTE,ROUTE_SUFFIX,POSTMILE_PREFIX,POSTMILE,LOCATION_TYPE,RAMP_INTERSECTION,SIDE_OF_HWY,TOW_AWAY,COLLISION_SEVERITY,NUMBER_KILLED,NUMBER_INJURED,PARTY_COUNT,PRIMARY_COLL_FACTOR,PCF_CODE_OF_VIOL,PCF_VIOL_CATEGORY,PCF_VIOLATION,PCF_VIOL_SUBSECTION,HIT_AND_RUN,TYPE_OF_COLLISION,MVIW,PED_ACTION,ROAD_SURFACE,ROAD_COND_1,ROAD_COND_2,LIGHTING,CONTROL_DEVICE,CHP_ROAD_TYPE,PEDESTRIAN_ACCIDENT,BICYCLE_ACCIDENT,MOTORCYCLE_ACCIDENT,TRUCK_ACCIDENT,NOT_PRIVATE_PROPERTY,ALCOHOL_INVOLVED,STWD_VEHTYPE_AT_FAULT,CHP_VEHTYPE_AT_FAULT,COUNT_SEVERE_INJ,COUNT_VISIBLE_INJ,COUNT_COMPLAINT_PAIN,COUNT_PED_KILLED,COUNT_PED_INJURED,COUNT_BICYCLIST_KILLED,COUNT_BICYCLIST_INJURED,COUNT_MC_KILLED,COUNT_MC_INJURED,PRIMARY_RAMP,SECONDARY_RAMP,LATITUDE,LONGITUDE,COUNTY,CITY,POINT_X,POINT_Y
92269409,2023,2023-12-22,9335,2023-12-09,2047,023063,,6,2,7,3801,0,1,1,,1,081,"I-80 WESTBOUND","TRASURE ISLAND ROAD",670.00,W,N,A,-,Y,SF,,80," "," ",7.593,H,,L,N,4,0,3,2,A,-,03,22350,,M,C,C,A,A,H,-,C,D,0,,,,,Y,,-,99,0,0,3,0,0,0,0,0,0,"- ","- ",37.807651519775391,-122.36788177490234,"SAN FRANCISCO","SAN FRANCISCO",-122.36766815185547,37.807510375976562
92269481,2023,2023-12-22,9335,2023-09-22,1435,022920,,5,2,7,3801,0,1,1,,2,080,"I-80 E/B","THE BRYANT STREET UNDERCROSSING",100.00,W,N,A,-,Y,SF,,80," "," ",4.308,H,,R,N,4,0,1,2,A,-,07,21658,A,N,B,C,A,A,H,-,A,D,0,,,,,Y,,A,07,0,0,1,0,0,0,0,0,0,"- ","- ",37.772560119628906,-122.40648651123047,"SAN FRANCISCO","SAN FRANCISCO",-122.40655517578125,37.772552490234375
92269519,2023,2023-12-22,9335,2023-12-13,"640 ",018804,,3,1,7,3801,0,1,1,,2,023,"I-280 N/B","BADEN ST",380.00,S,N,B,-,Y,SF,,280," ",R,2.386,H,,R,N,4,0,1,3,A,-,07,21658,A,N,B,C,A,A,H,-,A,D,0,,,,,Y,,-,"- ",0,0,1,0,0,0,0,0,0,"- ","- ",37.729511260986328,-122.44065093994141,"SAN FRANCISCO","SAN FRANCISCO",-122.44064331054688,37.729503631591797
92269706,2023,2023-12-22,9335,2023-12-14,1845,023593,,4,2,7,3801,0,1,2,,2,014,"US-101 S/B","23RD STREET UNDERCROSSING",218.00,S,N,A,-,Y,SF,,101," "," ",3.320,H,,L,Y,4,0,1,2,A,-,03,22350,,N,C,C,A,A,H,-,C,D,0,,,,,Y,,A,01,0,0,1,0,0,0,0,0,0,"- ","- ",37.753841400146484,-122.40308380126953,"SAN FRANCISCO","SAN FRANCISCO",-122.40308380126953,37.753841400146484
92269776,2023,2023-12-22,9335,2023-12-20,"759 ",018053,,3,1,7,3801,0,1,1,,1,083,"I-80 E/B","YERBA BUENA ISLAND TUNNEL WEST EDGE",1212.00,W,N,C,-,Y,SF,,80," "," ",7.411,H,,R,Y,3,0,1,3,A,-,08,22107,,N,B,C,A,B,H,-,A,D,0,,,,Y,Y,,A,01,0,1,0,0,0,0,0,0,0,"- ","- ",37.805580139160156,-122.37001800537109,"SAN FRANCISCO","SAN FRANCISCO",-122.36985015869141,37.805469512939453
92269816,2023,2023-12-25,9335,2023-12-15,"325 ",023119,,5,3,7,3801,0,1,1,,1,083,"I-80 E/B","TREASURE ISLAND RD",462.00,W,N,A,-,Y,SF,,80," "," ",7.631,H,,R,Y,4,0,1,2,A,-,03,22350,,M,C,C,A,A,H,-,C,D,0,,,,,Y,,A,01,0,0,1,0,0,0,0,0,0,"- ","- ",37.808029174804688,-122.36737823486328,"SAN FRANCISCO","SAN FRANCISCO",-122.36724090576172,37.807956695556641
92269842,2023,2023-12-25,9335,2023-12-15,"940 ",023366,,5,1,7,3801,0,1,1,,1,081,"I-80 W/B","TREASURE ISLAND RD",3379.00,W,N,A,-,Y,SF,,80," "," ",7.093,H,,L,Y,4,0,2,2,A,-,03,22350,,N,C,C,A,A,H,-,A,D,0,,,,,Y,,A,01,0,0,2,0,0,0,0,0,0,"- ","- ",37.801998138427734,-122.37377166748047,"SAN FRANCISCO","SAN FRANCISCO",-122.37364959716797,37.801918029785156
92270061,2023,2023-12-25,9335,2023-11-10,2020,023338,,5,2,7,3801,0,1,2,,2,013,"US 101 SB","THE PAUL AVE UNDERCROSSING",1112.00,S,N,A,-,Y,SF,,101," "," ",0.918,H,,L,N,4,0,1,2,A,-,03,22350,,N,C,C,A,A,H,-,C,D,0,,,,,Y,,A,07,0,0,1,0,0,0,0,0,0,"- ","- ",37.720809936523438,-122.40032958984375,"SAN FRANCISCO","SAN FRANCISCO",-122.40023040771484,37.720832824707031
92270064,2023,2024-06-06,9335,2023-11-05,"400 ",023111,,7,3,7,3801,0,1,2,,2,015,"US-101 SB","HARRISON STREET UNDERCROSSING",291.00,S,N,A,-,Y,SF,,101," ",R,4.803,H,,L,Y,4,0,1,2,A,-,03,22350,,N,C,C,A,A,H,-,C,D,0,,,,,Y,,A,07,0,0,1,0,0,0,0,0,0,"- ","- ",37.769428253173828,-122.41229248046875,"SAN FRANCISCO","SAN FRANCISCO",-122.41229248046875,37.769439697265625
92270434,2023,2023-12-26,9335,2023-11-03,"740 ",023063,,5,1,7,3801,0,1,1,,2,080,"I-80 WESTBOUND TO 5TH STREET","5TH STREET",466.00,E,N,A,-,Y,SF,,80," "," ",4.930,H,,L,Y,4,0,2,3,A,-,03,22350,,N,C,C,A,A,H,-,A,D,0,,,,,Y,,A,07,0,0,2,0,0,0,0,0,0,"- ","- ",37.7794189453125,-122.39991760253906,"SAN FRANCISCO","SAN FRANCISCO",-122.40010833740234,37.779563903808594
92270437,2023,2023-12-26,9335,2023-12-11,1745,023603,,1,2,7,3801,0,1,2,,2,013,"US-101 S/B","CORTLAND AVE UNDERCROSING",1320.00,N,N,A,-,Y,SF,,101," "," ",2.530,H,,L,Y,3,0,1,2,A,-,03,22350,,N,B,C,A,A,H,-,C,D,0,,,,,Y,,A,07,0,1,0,0,0,0,0,0,0,"- ","- ",37.743000030517578,-122.40667724609375,"SAN FRANCISCO","SAN FRANCISCO",-122.40663909912109,37.742977142333984
92270717,2023,2023-12-26,9350,2023-12-19,"749 ",020665,,2,1,7,3801,0,1,3,,2,011,SR-1,"LAKE ST",2179.00,N,N,C,-,Y,SF,,1," "," ",6.330,H,,R,N,3,0,1,2,A,-,03,22350,,N,C,C,A,B,H,-,A,D,0,,,,,Y,,D,22,0,1,0,0,0,0,0,0,0,"- ","- ",37.792530059814453,-122.46967315673828,"SAN FRANCISCO","SAN FRANCISCO",-122.46952819824219,37.792526245117188
92273935,2023,2023-12-28,9335,2023-12-18,"550 ",023504,,1,3,7,3801,0,1,2,,2,014,"US-101 NB","25TH ST PEDESTRIAN OVERCROSSING",311.00,S,N,C,-,Y,SF,,101," "," ",3.150,H,,R,Y,4,0,1,2,A,-,03,22350,,N,C,C,A,B,H,-,C,D,0,,,,,Y,,-,"- ",0,0,1,0,0,0,0,0,0,"- ","- ",37.751388549804688,-122.40300750732422,"SAN FRANCISCO","SAN FRANCISCO",-122.40299224853516,37.751388549804688
92273940,2023,2023-12-28,9335,2023-12-19,2040,023593,,2,2,7,3801,0,1,1,,1,083,"I-80 E/B","NORTH GATE RD",644.00,E,N,C,-,Y,SF,,80," ",R,8.230,H,,R,Y,4,0,1,1,A,-,03,22350,,N,E,8,A,B,H,-,C,D,0,,,,,Y,,A,01,0,0,1,0,0,0,0,0,0,"- ","- ",37.814380645751953,-122.35977935791016,"SAN FRANCISCO","SAN FRANCISCO",-122.35984039306641,37.814449310302734
92273944,2023,2023-12-28,9335,2023-12-21,1416,023378,,4,2,7,3801,0,1,1,,2,024,"I-280 S/B","22ND ST UNDERCROSSING",363.00,N,N,B,-,Y,SF,,280," ",R,6.255,H,,L,Y,4,0,2,2,A,-,03,22350,,N,C,C,A,A,H,-,A,D,0,,,,,Y,,A,07,0,0,2,0,0,0,0,0,0,"- ","- ",37.758750915527344,-122.39247131347656,"SAN FRANCISCO","SAN FRANCISCO",-122.39244842529297,37.758750915527344
92273946,2023,2023-12-28,9335,2023-12-19,2052,023558,,2,2,7,3801,0,1,1,,1,081,"I-80 W/B TO HARRISON STREET","2ND STREET UNDERCROSSING",350.00,E,N,B,-,Y,SF,,80," "," ",5.483,H,,R,N,4,0,1,1,A,-,03,22350,,N,E,J,A,B,H,-,D,D,0,,,,,Y,,A,01,0,0,1,0,0,0,0,0,0,"- ","- ",37.784210205078125,-122.39327239990234,"SAN FRANCISCO","SAN FRANCISCO",-122.39349365234375,37.784408569335938
92274897,2023,2023-12-29,9335,2023-12-12,1435,023464,,2,2,7,3801,0,1,1,,2,080,"I-80 W/B","5TH STREET UNDERCROSSING",275.00,E,N,A,-,Y,SF,,80," "," ",4.889,H,,L,N,4,0,1,2,A,-,03,22350,,N,C,C,A,A,H,-,A,D,0,,,,,Y,,-,99,0,0,1,0,0,0,0,0,0,"- ","- ",37.779201507568359,-122.40071868896484,"SAN FRANCISCO","SAN FRANCISCO",-122.40064239501953,37.779136657714844
92274940,2023,2023-12-29,9335,2023-12-16,1630,023366,,6,2,7,3801,0,1,2,,2,013,"US-101 N/B","CESAR CHAVEZ ST",1320.00,S,N,A,-,Y,SF,,101," "," ",2.770,H,,R,N,3,0,2,3,A,-,03,22350,,M,C,C,A,A,H,-,A,D,0,,,,,Y,,D,22,0,1,1,0,0,0,0,0,0,"- ","- ",37.746021270751953,-122.40476989746094,"SAN FRANCISCO","SAN FRANCISCO",-122.40470123291016,37.746006011962891
92274979,2023,2023-12-29,9335,2023-09-30,1550,023474,,6,2,7,3801,0,1,1,,1,081,"I-80 W/B","8TH ST",991.00,E,N,A,-,Y,SF,,80," "," ",4.535,H,,L,N,4,0,3,2,A,-,03,22350,,M,C,C,A,A,H,-,A,D,0,,,,,Y,,-,99,0,0,3,0,0,0,0,0,0,"- ","- ",37.775798797607422,-122.4056396484375,"SAN FRANCISCO","SAN FRANCISCO",-122.40560150146484,37.775772094726562
9227510,2021,2021-04-12,3801,2021-02-28,1406,1603,NORTH,7,5,7,3801,0,0,0,,0,3E16A,"VAN NESS AV","CHESTNUT ST",0.00,,Y,A,-,N,,,,,,,,,,Y,4,0,1,2,A,-,09,21801,A,N,B,C,A,-,H,-,A,A,0,,,,,Y,,A,01,0,0,1,0,0,0,0,0,0,"- ","- ",,,"SAN FRANCISCO","SAN FRANCISCO",-122.42478179931641,37.802257537841797
9227511,2021,2021-04-12,3801,2021-02-14,1055,4036,TRAFF,7,5,7,3801,0,0,0,,0,4K11,"OCTAVIA ST","MARKET ST",0.00,,Y,B,-,N,,,,,,,,,,Y,3,0,3,5,A,-,13,22500,A,N,C,A,A,A,H,-,A,D,0,,,,,Y,,-,,0,1,2,0,0,0,0,0,0,"- ","- ",,,"SAN FRANCISCO","SAN FRANCISCO",-122.42359161376953,37.771774291992188
9227512,2021,2021-04-12,3801,2021-02-12,1715,1148,MISSI,5,5,7,3801,0,0,0,,0,3D15D,"MISSION ST","14TH ST",8.00,N,N,A,-,N,,,,,,,,,,N,3,0,1,2,A,-,10,21950,A,N,G,B,B,-,H,-,A,A,0,Y,,,,Y,,A,01,0,1,0,0,1,0,0,0,0,"- ","- ",,,"SAN FRANCISCO","SAN FRANCISCO",-122.41997528076172,37.768310546875
9227513,2021,2021-04-12,3801,2021-02-05,1230,529,CENTR,5,5,7,3801,0,0,0,,0,,EMBARCADERO,"SANSOME ST",0.00,,Y,-,-,N,,,,,,,,,,N,3,0,1,2,D,-,00,,,N,-,C,A,-,-,-,-,-,0,,,Y,,Y,,-,"- ",0,1,0,0,0,0,0,0,1,"- ","- ",,,"SAN FRANCISCO","SAN FRANCISCO",-122.40341949462891,37.805038452148438
92275134,2023,2023-12-29,9335,2023-11-02,1140,023191,,4,1,7,3801,0,1,2,,2,013,"US-101 S/B","PAUL AVENUE",531.00,N,N,A,-,Y,SF,,101," "," ",1.223,H,,L,Y,4,0,1,3,A,-,03,22350,,N,C,C,A,A,H,-,A,D,0,,,,,Y,,A,07,0,0,1,0,0,0,0,0,0,"- ","- ",37.725151062011719,-122.40184783935547,"SAN FRANCISCO","SAN FRANCISCO",-122.40193176269531,37.725128173828125
9227514,2021,2021-04-12,3801,2021-02-12,1412,2450,INGLE,5,5,7,3801,0,0,0,,0,,"MISSION ST","ADMIRAL AV",0.00,,Y,A,-,N,,,,,,,,,,N,3,0,1,1,A,-,03,22350,,N,H,I,A,A,H,-,A,D,0,,,Y,,Y,,C,02,0,1,0,0,0,0,0,0,1,"- ","- ",,,"SAN FRANCISCO","SAN FRANCISCO",-122.43015289306641,37.729862213134766
9227515,2021,2021-04-13,3801,2021-02-12,1245,2722,PARK,5,5,7,3801,0,0,0,,0,0F2,"KEZAR DR","LINCOLN WY",0.00,,Y,A,-,N,,,,,,,,,,N,2,0,1,2,A,-,04,21703,,N,C,C,A,A,H,-,A,D,0,,,Y,,Y,,A,01,1,0,0,0,0,0,0,0,1,"- ","- ",,,"SAN FRANCISCO","SAN FRANCISCO",-122.4605712890625,37.766178131103516
9227516,2021,2021-04-19,3801,2021-02-12,0805,311,PARK,5,5,7,3801,0,0,0,,0,3F12A,"MASONIC AV","FULTON ST",0.00,,Y,A,-,N,,,,,,,,,,Y,4,0,1,2,A,-,09,21801,,M,D,C,A,A,H,-,A,A,0,,,,,Y,,A,01,0,0,1,0,0,0,0,0,0,"- ","- ",,,"SAN FRANCISCO","SAN FRANCISCO",-122.44647216796875,37.775791168212891
92275168,2023,2023-12-29,9335,2023-12-26,2235,022703,,2,3,7,3801,0,1,2,,2,013,"US-101 SOUTHBOUND","CORTLAND AVE",415.00,N,N,A,-,Y,SF,,101," "," ",2.359,H,,L,Y,4,0,1,2,A,-,03,22350,,N,C,C,A,A,H,-,D,D,0,,,,,Y,,A,01,0,0,1,0,0,0,0,0,0,"- ","- ",37.740829467773438,-122.40802764892578,"SAN FRANCISCO","SAN FRANCISCO",-122.40791320800781,37.740810394287109
9227517,2021,2021-04-12,3801,2021-02-11,1825,4046,MISSI,4,5,7,3801,0,0,0,,0,3D16D,"13TH ST","S VAN NESS AV",50.00,E,N,C,-,N,,,,,,,,,,N,4,0,1,3,A,-,08,22107,,N,C,C,A,B,H,-,C,A,0,,,,,Y,,A,01,0,0,1,0,0,0,0,0,0,"- ","- ",,,"SAN FRANCISCO","SAN FRANCISCO",-122.41761016845703,37.769630432128906
9227518,2021,2021-04-12,3801,2021-02-11,1515,1118,SOUTH,4,5,7,3801,0,0,0,,0,3B13C,"MISSION ST","DUBOCE AV",0.00,,Y,C,-,N,,,,,,,,,,,4,0,1,2,A,-,12,21453,A,N,D,C,A,B,H,-,A,A,0,,,,,Y,,A,01,0,0,1,0,0,0,0,0,0,"- ","- ",,,"SAN FRANCISCO","SAN FRANCISCO",-122.42018127441406,37.769992828369141
9227519,2021,2021-04-12,3801,2021-02-11,1500,1602,SOUTH,4,5,7,3801,0,0,0,,0,3B11C,"STEVENSON ST","DUBOCE AV",0.00,,Y,C,-,N,,,,,,,,,,N,4,0,1,2,A,-,17,21235,G,N,D,C,A,B,H,-,A,D,0,,,,,Y,,M,94,0,0,1,0,0,0,0,0,0,"- ","- ",,,"SAN FRANCISCO","SAN FRANCISCO",-122.42158508300781,37.769912719726562
9227520,2021,2021-04-12,3801,2021-02-11,0929,681,SOUTH,4,5,7,3801,0,0,0,,0,3B13A,"HARRISON ST","COLUMBIA SQUARE",0.00,,Y,A,-,N,,,,,,,,,,N,4,0,1,2,A,-,00,22950,A,M,A,B,B,A,H,-,A,D,0,Y,,,,Y,,A,01,0,0,1,0,1,0,0,0,0,"- ","- ",,,"SAN FRANCISCO","SAN FRANCISCO",-122.40489959716797,37.776634216308594
9227521,2021,2021-04-12,3801,2021-02-11,0628,1453,SOUTH,4,5,7,3801,0,0,0,,0,3B14A,"9TH ST","FOLSOM ST",0.00,,Y,A,-,N,,,,,,,,,,Y,3,0,1,2,A,-,06,21755,A,N,B,C,A,A,H,-,B,A,0,,,Y,,Y,,C,02,0,1,0,0,0,0,0,0,1,"- ","- ",,,"SAN FRANCISCO","SAN FRANCISCO",-122.41161346435547,37.773773193359375
9227522,2021,2021-04-12,3801,2021-02-10,1952,556,SOUTH,3,5,7,3801,0,0,0,,0,3B12D,"BRYANT ST","BEALE ST",0.00,,Y,A,-,N,,,,,,,,,,Y,4,0,1,2,A,-,09,21801,A,N,A,C,A,A,H,-,C,A,0,,,Y,,Y,,A,01,0,0,1,0,0,0,0,0,1,"- ","- ",,,"SAN FRANCISCO","SAN FRANCISCO",-122.38969421386719,37.786220550537109
92275229,2023,2023-12-29,9335,2023-12-21,1815,023593,,4,2,7,3801,0,1,2,,2,013,"US-101 SOUTHBOUND","PAUL AVE UNDERCROSSING",989.00,S,N,A,-,Y,SF,,101," "," ",0.939,H,,L,N,4,0,1,2,A,-,03,22350,,N,C,C,A,A,H,-,B,D,0,,,Y,,Y,,C,06,0,0,1,0,0,0,0,0,0,"- ","- ",37.721141815185547,-122.40026092529297,"SAN FRANCISCO","SAN FRANCISCO",-122.40033721923828,37.721122741699219
9227523,2021,2021-04-12,3801,2021-02-10,1522,2195,SOUTH,3,5,7,3801,0,0,0,,0,001,"THE EMBARCADERO","BRANNAN ST",222.00,N,N,A,-,N,,,,,,,,,,Y,4,0,1,2,A,-,03,22350,,N,C,C,A,A,H,-,A,A,0,,,,,Y,,A,01,0,0,1,0,0,0,0,0,0,"- ","- ",,,"SAN FRANCISCO","SAN FRANCISCO",-122.38815307617188,37.785388946533203
9227524,2021,2021-04-12,3801,2021-02-10,0640,2357,NORTH,3,5,7,3801,0,0,0,,0,3E11A,"AVENUE B","STURGEON ST",0.00,,Y,A,F,N,,,,,,,,,,N,3,0,1,2,A,-,10,21950,A,F,G,B,B,A,G,-,A,D,0,Y,,,,Y,,A,01,0,1,0,0,1,0,0,0,0,"- ","- ",,,"SAN FRANCISCO","SAN FRANCISCO",-122.37692260742188,37.826576232910156
9227525,2021,2021-04-12,3801,2021-02-10,0710,4035,BAYVI,3,5,7,3801,0,0,0,,0,3C12B,"PHELPS ST","LA SALLE AV",25.00,S,N,A,-,N,,,,,,,,,,N,2,0,1,5,A,-,05,21650,,N,A,E,E,A,H,-,A,D,0,Y,,,,Y,Y,A,01,1,0,0,0,1,0,0,0,0,"- ","- ",,,"SAN FRANCISCO","SAN FRANCISCO",-122.39242553710938,37.738536834716797
9227526,2021,2021-04-12,3801,2021-02-09,1836,1100,TENDE,2,5,7,3801,0,0,0,,0,3J14D,"GOUGH ST","IVY ST",0.00,,Y,B,-,N,,,,,,,,,,Y,4,0,3,2,A,-,09,21804,A,F,D,C,A,A,H,-,C,D,0,,,,,Y,,A,01,0,0,3,0,0,0,0,0,0,"- ","- ",,,"SAN FRANCISCO","SAN FRANCISCO",-122.42305755615234,37.777336120605469
9227527,2021,2021-04-12,3801,2021-02-09,1832,2124,TENDE,2,5,7,3801,0,0,0,,0,3J12D,"MARKET ST","5TH ST",0.00,,Y,A,-,N,,,,,,,,,,N,3,0,1,2,A,-,17,21200,A,N,H,G,A,B,H,-,C,A,0,,Y,,,Y,,L,04,0,1,0,0,0,0,1,0,0,"- ","- ",,,"SAN FRANCISCO","SAN FRANCISCO",-122.40805816650391,37.78399658203125
9227528,2021,2021-04-12,3801,2021-02-08,1058,2339,PARK,1,5,7,3801,0,0,0,,0,3F13A,"HERMANN ST","BUCHANAN ST",0.00,,Y,A,-,N,,,,,,,,,,Y,3,0,1,1,A,-,03,22350,,M,E,I,A,A,H,-,A,A,0,,,,,Y,,A,01,0,1,0,0,0,0,0,0,0,"- ","- ",,,"SAN FRANCISCO","SAN FRANCISCO",-122.42678070068359,37.770668029785156
9227529,2021,2021-04-12,3801,2021-02-07,1459,1832,TENDE,7,5,7,3801,0,0,0,,0,3J11C,"TURK ST","HYDE ST",161.00,W,N,A,-,N,,,,,,,,,,N,3,0,1,3,A,-,21,22106,,N,G,B,E,A,H,-,A,D,0,Y,,,,Y,,A,01,0,1,0,0,1,0,0,0,0,"- ","- ",,,"SAN FRANCISCO","SAN FRANCISCO",-122.41624450683594,37.782508850097656
9227530,2021,2021-04-12,3801,2021-02-01,1135,2375,RICHM,1,5,7,3801,0,0,0,,0,3G60,"MARTIN LUTHER KING JR DR","MIDDLE WEST DR",183.00,W,N,A,-,N,,,,,,,,,,Y,3,0,1,2,A,-,04,21703,,F,C,G,A,A,H,-,A,D,0,,Y,,,Y,,A,01,0,1,0,0,0,0,1,0,0,"- ","- ",,,"SAN FRANCISCO","SAN FRANCISCO",-122.49885559082031,37.764968872070312
9227531,2021,2021-04-12,3801,2021-02-07,0030,1307,CENTR,7,5,7,3801,0,0,0,,0,3A11E,"BUSH ST","LARKIN ST",0.00,,Y,A,-,N,,,,,,,,,,N,4,0,2,2,A,-,08,22100,B,N,D,C,A,A,H,-,C,A,0,,,,,Y,,A,01,0,0,2,0,0,0,0,0,0,"- ","- ",,,"SAN FRANCISCO","SAN FRANCISCO",-122.41867065429688,37.788902282714844
9227532,2021,2021-04-12,3801,2021-02-06,1957,2146,CENTR,6,5,7,3801,0,0,0,,0,3A13D,SUTTER,"STOCKTON ST",0.00,,Y,A,-,N,,,,,,,,,,Y,4,0,1,2,A,-,12,21453,A,N,D,C,A,A,H,-,C,A,0,,,,,Y,,A,01,0,0,1,0,0,0,0,0,0,"- ","- ",,,"SAN FRANCISCO","SAN FRANCISCO",-122.40693664550781,37.789417266845703
9227533,2021,2021-04-12,3801,2021-02-06,1552,1368,CENTR,6,5,7,3801,0,0,0,,0,3A11D,"LEAVENWORTH ST","JEFFERSON ST",61.00,S,N,A,-,N,,,,,,,,,,Y,4,0,1,3,A,-,03,22350,,N,D,E,A,A,H,-,A,D,0,,,,,Y,,A,01,0,0,1,0,0,0,0,0,0,"- ","- ",,,"SAN FRANCISCO","SAN FRANCISCO",-122.41905975341797,37.807632446289062
9227534,2021,2021-04-12,3801,2021-02-06,0930,1846,TENDE,6,5,7,3801,0,0,0,,0,3J14A,"LEAVENWORTH ST","MCALLISTER ST",0.00,,Y,A,-,N,,,,,,,,,,N,4,0,1,2,A,-,17,21657,,F,B,G,A,A,H,-,A,A,0,,Y,,,Y,,L,04,0,0,1,0,0,0,1,0,0,"- ","- ",,,"SAN FRANCISCO","SAN FRANCISCO",-122.41368865966797,37.780929565429688
9227535,2021,2021-04-12,3801,2021-02-04,1909,309,TARAV,4,5,7,3801,0,0,0,,0,,"SLOAT BL","34TH AV",0.00,,Y,A,-,N,,,,,,,,,,Y,4,0,3,7,A,-,03,22350,,N,H,J,A,A,H,-,C,A,0,,,,,Y,,A,01,0,0,3,0,0,0,0,0,0,"- ","- ",,,"SAN FRANCISCO","SAN FRANCISCO",-122.49124908447266,37.734130859375
9227536,2021,2021-04-12,3801,2021-02-04,1855,2163,NORTH,4,5,7,3801,0,0,0,,0,3E15D,"LOMBARD ST","STEINER ST",0.00,,Y,A,-,N,,,,,,,,,,Y,4,0,1,2,A,-,17,21461,A,N,D,C,A,A,H,-,C,A,0,,,,,Y,,A,01,0,0,1,0,0,0,0,0,0,"- ","- ",,,"SAN FRANCISCO","SAN FRANCISCO",-122.43769073486328,37.799640655517578
9227537,2021,2021-04-12,3801,2021-02-04,1341,207,CENTR,4,5,7,3801,0,0,0,,0,3A15C,"MARKET ST","BATTERY ST",5.00,E,N,A,-,N,,,,,,,,,,N,4,0,1,2,A,-,11,21954,A,N,D,B,D,A,H,-,A,D,0,Y,Y,,,Y,,N,60,0,0,1,0,0,0,1,0,0,"- ","- ",,,"SAN FRANCISCO","SAN FRANCISCO",-122.39949798583984,37.790779113769531
9227538,2021,2021-04-12,3801,2021-02-23,1200,156,BAYVI,2,5,7,3801,0,0,0,,0,3C60,"CESAR CHAVEZ ST","CONNECTICUT ST",158.00,E,N,A,-,N,,,,,,,,,,Y,2,0,1,2,A,-,05,21650,,N,B,C,A,A,H,-,A,D,0,,,Y,,Y,,C,02,1,0,0,0,0,0,0,0,1,"- ","- ",,,"SAN FRANCISCO","SAN FRANCISCO",-122.39572143554688,37.749782562255859
9227539,2021,2021-04-12,3801,2021-02-24,2045,2176,INGLE,3,5,7,3801,0,0,0,,0,3H15E,"GENEVA AV","STONERIDGE LN",239.00,,N,A,-,N,,,,,,,,,,N,3,0,1,2,A,-,11,21956,A,N,G,B,E,A,H,-,C,D,0,Y,,,,Y,,N,60,0,1,0,0,1,0,0,0,0,"- ","- ",,,"SAN FRANCISCO","SAN FRANCISCO",-122.42615509033203,37.710964202880859
9227540,2021,2021-04-12,3801,2021-02-23,2134,2398,NORTH,2,5,7,3801,0,0,0,,0,02E,"TURK ST","PIERCE ST",0.00,,Y,A,-,N,,,,,,,,,,Y,4,0,1,3,A,-,12,21453,A,N,D,C,A,A,H,-,C,A,0,,,,,Y,,A,01,0,0,1,0,0,0,0,0,0,"- ","- ",,,"SAN FRANCISCO","SAN FRANCISCO",-122.4354248046875,37.780082702636719
9227542,2021,2021-04-13,3801,2021-02-21,1445,4314,RICHM,7,5,7,3801,0,0,0,,0,0G4,"CALIFORNIA ST","15TH AV",10.00,W,N,A,-,N,,,,,,,,,,N,2,0,1,1,D,-,00,,,N,F,A,A,A,H,-,A,D,0,,Y,,,Y,,-,"- ",1,0,0,0,0,0,1,0,0,"- ","- ",,,"SAN FRANCISCO","SAN FRANCISCO",-122.47429656982422,37.784366607666016
9227543,2021,2021-04-12,3801,2021-02-19,1155,143,CENTR,5,5,7,3801,0,0,0,,0,3A00,"KEARNY ST","KEARNY ST 900",0.00,,N,A,-,N,,,,,,,,,,,4,0,1,2,A,-,07,21658,A,F,B,E,A,A,H,-,A,A,0,,,Y,,Y,,A,01,0,0,1,0,0,0,0,0,1,"- ","- ",,,"SAN FRANCISCO","SAN FRANCISCO",,
9227544,2021,2021-04-12,3801,2021-02-19,1308,2272,CENTR,5,5,7,3801,0,0,0,,0,3A13C,BROADWAY,LEAVENWORTH,79.00,W,N,B,-,N,,,,,,,,,,N,4,0,1,2,A,-,21,22106,,N,D,C,A,B,-,-,A,D,0,,,,,Y,,A,07,0,0,1,0,0,0,0,0,0,"- ","- ",,,"SAN FRANCISCO","SAN FRANCISCO",-122.4171142578125,37.796588897705078