CASE_ID,ACCIDENT_YEAR,PROC_DATE,JURIS,COLLISION_DATE,COLLISION_TIME,OFFICER_ID,REPORTING_DISTRICT,DAY_OF_WEEK,CHP_SHIFT,POPULATION,CNTY_CITY_LOC,SPECIAL_COND,BEAT_TYPE,CHP_BEAT_TYPE,CITY_DIVISION_LAPD,CHP_BEAT_CLASS,BEAT_NUMBER,PRIMARY_RD,SECONDARY_RD,DISTANCE,DIRECTION,INTERSECTION,WEATHER_1,WEATHER_2,STATE_HWY_IND,CALTRANS_COUNTY,CALTRANS_DISTRICT,STATE_ROUTE,ROUTE_SUFFIX,POSTMILE_PREFIX,POSTMILE,LOCATION_TYPE,RAMP_INTERSECTION,SIDE_OF_HWY,TOW_AWAY,COLLISION_SEVERITY,NUMBER_KILLED,NUMBER_INJURED,PARTY_COUNT,PRIMARY_COLL_FACTOR,PCF_CODE_OF_VIOL,PCF_VIOL_CATEGORY,PCF_VIOLATION,PCF_VIOL_SUBSECTION,HIT_AND_RUN,TYPE_OF_COLLISION,MVIW,PED_ACTION,ROAD_SURFACE,ROAD_COND_1,ROAD_COND_2,LIGHTING,CONTROL_DEVICE,CHP_ROAD_TYPE,PEDESTRIAN_ACCIDENT,BICYCLE_ACCIDENT,MOTORCYCLE_ACCIDENT,TRUCK_ACCIDENT,NOT_PRIVATE_PROPERTY,ALCOHOL_INVOLVED,STWD_VEHTYPE_AT_FAULT,CHP_VEHTYPE_AT_FAULT,COUNT_SEVERE_INJ,COUNT_VISIBLE_INJ,COUNT_COMPLAINT_PAIN,COUNT_PED_KILLED,COUNT_PED_INJURED,COUNT_BICYCLIST_KILLED,COUNT_BICYCLIST_INJURED,COUNT_MC_KILLED,COUNT_MC_INJURED,PRIMARY_RAMP,SECONDARY_RAMP,LATITUDE,LONGITUDE,COUNTY,CITY,POINT_X,POINT_Y
9228204,2021,2021-03-23,3801,2021-02-23,1406,319,CENTR,2,5,7,3801,0,0,0,,0,3A11A,"SUTTER ST","LARKIN ST",0.00,,Y,A,-,N,,,,,,,,,,N,2,0,1,2,A,-,03,22350,A,F,B,B,B,A,H,-,A,A,0,Y,Y,,,Y,,L,04,1,0,0,0,1,0,0,0,0,"- ","- ",,,"SAN FRANCISCO","SAN FRANCISCO",-122.41846466064453,37.787967681884766
9228205,2021,2021-03-23,3801,2021-02-23,1304,4001,MISSI,2,5,7,3801,0,0,0,,0,3D11C,"MARKET ST","SANCHEZ ST",0.00,,Y,A,-,N,,,,,,,,,,N,4,0,1,2,A,-,08,22101,D,N,D,G,A,A,H,-,A,A,0,,Y,,,Y,,A,01,0,0,1,0,0,0,1,0,0,"- ","- ",,,"SAN FRANCISCO","SAN FRANCISCO",-122.43100738525391,37.765979766845703
9228206,2021,2021-03-23,3801,2021-02-21,1710,278,TENDE,7,5,7,3801,0,0,0,,0,3J13D,"MARKET ST","9TH ST",0.00,,Y,A,-,N,,,,,,,,,,N,4,0,1,1,A,-,03,22350,,N,-,-,A,A,H,-,-,-,0,,Y,,,Y,,L,04,0,0,1,0,0,0,1,0,0,"- ","- ",,,"SAN FRANCISCO","SAN FRANCISCO",-122.41632843017578,37.777500152587891
9228207,2021,2021-03-23,3801,2021-02-22,1955,4375,TRAFF,1,5,7,3801,0,0,0,,0,,"4TH ST","HOWARD ST",0.00,,Y,A,-,N,,,,,,,,,,Y,3,0,1,2,A,-,01,23152,A,N,C,-,A,A,H,-,C,A,0,,,,,Y,Y,A,01,0,1,0,0,0,0,0,0,0,"- ","- ",,,"SAN FRANCISCO","SAN FRANCISCO",-122.40270233154297,37.783267974853516
9228208,2021,2021-03-23,3801,2021-02-22,1925,2733,SOUTH,1,5,7,3801,0,0,0,,0,0B1,"FREMONT ST","FOLSOM ST",0.00,,Y,A,-,N,,,,,,,,,,N,3,0,1,2,A,-,03,22350,,F,D,G,A,A,H,-,C,A,0,,Y,,,Y,,-,,0,1,0,0,0,0,1,0,0,"- ","- ",,,"SAN FRANCISCO","SAN FRANCISCO",-122.39360046386719,37.788002014160156
9228209,2021,2021-03-23,3801,2021-02-22,1924,2124,TENDE,1,5,7,3801,0,0,0,,0,3J13D,"EDDY ST","LARKIN ST",0.00,,Y,A,-,N,,,,,,,,,,N,4,0,2,3,A,-,04,21703,,M,C,C,A,A,H,-,C,A,0,,,,,Y,,A,01,0,0,2,0,0,0,0,0,0,EO,"- ",,,"SAN FRANCISCO","SAN FRANCISCO",-122.41751861572266,37.783294677734375
9228210,2021,2021-03-23,3801,2021-02-22,0805,1593,PARK,1,5,7,3801,0,0,0,,0,PARK,"MASONIC AV","PAGE ST",24.00,N,N,A,-,N,,,,,,,,,,N,3,0,1,1,A,-,03,22350,,N,H,A,A,A,H,-,A,A,0,,,Y,,Y,,C,03,0,1,0,0,0,0,0,0,1,"- ","- ",,,"SAN FRANCISCO","SAN FRANCISCO",-122.445556640625,37.771205902099609
9228211,2021,2021-03-23,3801,2021-02-21,1530,4314,RICHM,7,5,7,3801,0,0,0,,0,0G2,"CALIFORNIA ST","BRODERICK ST",0.00,,Y,A,-,N,,,,,,,,,,N,2,0,1,2,A,-,11,21954,A,N,G,B,E,A,H,-,A,A,0,Y,,,,Y,,N,60,1,0,0,0,1,0,0,0,0,"- ","- ",,,"SAN FRANCISCO","SAN FRANCISCO",-122.44207763671875,37.787849426269531
9228212,2021,2021-03-23,3801,2021-02-21,1505,4314,RICHM,7,5,7,3801,0,0,0,,0,0G1,"JOHN F KENNEDY JR DR","CONSERVATORY DR W",77.00,W,N,A,-,N,,,,,,,,,,N,3,0,1,2,A,-,03,22350,,N,D,G,A,-,H,-,A,D,0,,Y,,,Y,,L,04,0,1,0,0,0,0,1,0,0,"- ","- ",,,"SAN FRANCISCO","SAN FRANCISCO",-122.46229553222656,37.771835327148438
9228213,2021,2021-03-23,3801,2021-02-23,1430,2168,CENTR,2,5,7,3801,0,0,0,,0,3A00,"MONTGOMERY ST","MERCHANT ST",0.00,,Y,A,-,N,,,,,,,,,,N,4,0,1,2,A,-,12,22450,A,N,G,B,B,A,H,-,A,A,0,Y,,,,Y,,A,07,0,0,1,0,1,0,0,0,0,"- ","- ",,,"SAN FRANCISCO","SAN FRANCISCO",-122.4031982421875,37.795066833496094
9228214,2021,2021-03-23,3801,2021-02-22,1130,1922,CENTR,1,5,7,3801,0,0,0,,0,3CAR,"NORTH POINT ST","MASON ST",25.00,W,N,A,-,N,,,,,,,,,,N,4,0,1,2,D,-,00,,,N,H,A,A,A,D,-,A,A,0,,Y,,,Y,,-,"- ",0,0,1,0,0,0,1,0,0,"- ","- ",,,"SAN FRANCISCO","SAN FRANCISCO",-122.41386413574219,37.806568145751953
9228215,2021,2021-03-23,3801,2021-02-01,1315,1856,INGLE,1,5,7,3801,0,0,0,,0,0H2,"29TH ST","ZIRCON PL",10.00,E,N,A,-,N,,,,,,,,,,Y,4,0,1,2,A,-,08,22107,,N,B,D,A,A,H,-,A,D,0,,,Y,,Y,,A,07,0,0,1,0,0,0,0,0,1,"- ","- ",,,"SAN FRANCISCO","SAN FRANCISCO",-122.43459320068359,37.743213653564453
9228216,2021,2021-03-23,3801,2021-02-01,1500,1875,TARAV,1,5,7,3801,0,0,0,,0,3I11D,"IRVING ST","IRVING ST 737",0.00,,Y,A,-,N,,,,,,,,,,N,3,0,1,1,C,-,18,,,N,F,J,A,A,H,-,A,D,0,,,Y,,Y,,-,"- ",0,1,0,0,0,0,0,0,1,"- ","- ",,,"SAN FRANCISCO","SAN FRANCISCO",,
9228217,2021,2021-03-23,3801,2021-02-01,1806,1642,NORTH,1,5,7,3801,0,0,0,,0,3E13D,"VAN NESS AV","HAYES ST",0.00,,Y,B,-,N,,,,,,,,,,N,3,0,1,2,A,-,03,22350,,N,G,B,B,A,H,-,C,A,0,Y,,Y,,Y,,C,03,0,1,0,0,1,0,0,0,0,"- ","- ",,,"SAN FRANCISCO","SAN FRANCISCO",-122.419677734375,37.777294158935547
9228218,2021,2021-03-23,3801,2021-02-01,2025,A21168,TENDE,1,5,7,3801,0,0,0,,0,3J12D,"TAYLOR ST","EDDY ST",0.00,,Y,C,-,N,,,,,,,,,,N,4,0,1,2,A,-,11,21950,B,F,G,B,E,B,-,-,C,A,0,Y,,,,Y,,A,07,0,0,1,0,1,0,0,0,0,"- ","- ",,,"SAN FRANCISCO","SAN FRANCISCO",-122.41094970703125,37.784160614013672
9228219,2021,2021-03-23,3801,2021-02-01,2307,1104,MISSI,1,5,7,3801,0,0,0,,0,3D6E,"HARRISON ST","13TH ST",7.00,S,N,C,-,N,,,,,,,,,,N,4,0,1,2,A,-,11,21453,D,N,D,B,B,B,H,-,C,A,0,Y,,Y,,Y,,N,60,0,0,1,0,1,0,0,0,0,"- ","- ",,,"SAN FRANCISCO","SAN FRANCISCO",-122.41341400146484,37.769432067871094
9228221,2021,2021-03-24,3801,2021-02-02,1158,1823,MISSI,2,5,7,3801,0,0,0,,0,3D60,"22ND ST","FOLSOM ST",0.00,,Y,B,-,N,,,,,,,,,,N,4,0,1,2,A,-,12,21453,A,N,F,C,A,A,H,-,A,A,0,,,,,Y,,A,01,0,0,1,0,0,0,0,0,0,"- ","- ",,,"SAN FRANCISCO","SAN FRANCISCO",-122.41439056396484,37.755718231201172
9228222,2021,2021-03-24,3801,2021-02-02,1630,986,TARAV,2,5,7,3801,0,0,0,,0,3I6D,"PLYMOUTH AV","SADOWA ST",0.00,,Y,A,-,N,,,,,,,,,,Y,4,0,1,2,A,-,08,22107,,N,A,C,A,A,H,-,A,A,0,,,,,Y,,A,01,0,0,1,0,0,0,0,0,0,"- ","- ",,,"SAN FRANCISCO","SAN FRANCISCO",-122.45606994628906,37.712314605712891
9228223,2021,2021-03-24,3801,2021-02-03,0031,2398,NORTH,3,5,7,3801,0,0,0,,0,01E,"GOUGH ST","HAYES ST",0.00,,Y,A,-,N,,,,,,,,,,,4,0,1,2,A,-,01,23153,F,N,D,C,A,A,H,-,C,A,0,,,,,Y,,A,01,0,0,1,0,0,0,0,0,0,"- ","- ",,,"SAN FRANCISCO","SAN FRANCISCO",-122.42296600341797,37.776878356933594
9228225,2021,2021-03-24,3801,2021-02-03,0915,995,INGLE,3,5,7,3801,0,0,0,,0,3H16A,"3RD ST","JAMESTOWN AV",0.00,,Y,A,-,N,,,,,,,,,,N,4,0,1,2,A,-,07,21658,A,N,B,C,A,A,H,-,A,A,0,,,,,Y,,A,01,0,0,1,0,0,0,0,0,0,"- ","- ",,,"SAN FRANCISCO","SAN FRANCISCO",-122.39671325683594,37.720260620117188
9228226,2021,2021-03-24,3801,2021-02-03,1506,696,BAYV,3,5,7,3801,0,0,0,,0,,"MENDEL ST","MCKINNON AV",35.00,N,N,A,-,N,,,,,,,,,,N,4,0,1,3,A,-,03,22350,,F,A,C,A,A,H,-,A,A,0,,,,,Y,,A,01,0,0,1,0,0,0,0,0,0,"- ","- ",,,"SAN FRANCISCO","SAN FRANCISCO",-122.38914489746094,37.735946655273438
9228227,2021,2021-03-24,3801,2021-02-03,2008,2209,MISSI,3,5,7,3801,0,0,0,,0,3D16D,"SOUTH VAN NESS","23RD ST",302.00,N,N,B,-,N,,,,,,,,,,Y,4,0,1,4,A,-,03,22350,,N,C,E,A,A,H,-,C,D,0,,,,,Y,,A,01,0,0,1,0,0,0,0,0,0,"- ","- ",,,"SAN FRANCISCO","SAN FRANCISCO",-122.41651916503906,37.754787445068359
9228228,2021,2021-03-24,3801,2021-02-03,2316,4172,MISSI,3,5,7,3801,0,0,0,,0,MISSIO,"SOUTH VAN NESS","17TH ST",54.00,S,N,A,-,N,,,,,,,,,,N,4,0,1,2,A,-,03,22350,,N,C,C,A,A,H,-,C,A,0,,,,,Y,,-,,0,0,1,0,0,0,0,0,0,"- ","- ",,,"SAN FRANCISCO","SAN FRANCISCO",-122.41732788085938,37.763412475585938
9228229,2021,2021-03-24,3801,2021-02-03,1900,472,TARAV,3,5,7,3801,0,0,0,,0,3I15D,"SLOAT BL","19TH AV",0.00,,Y,A,-,N,,,,,,,,,,Y,4,0,1,3,A,-,08,22101,D,N,D,C,A,A,H,-,C,A,0,,,,,Y,,A,01,0,0,1,0,0,0,0,0,0,"- ","- ",,,"SAN FRANCISCO","SAN FRANCISCO",-122.47511291503906,37.734561920166016
9228230,2021,2021-03-24,3801,2021-02-07,2007,2168,CENTR,7,5,7,3801,0,0,0,,0,3A4D,"THE EMBARCADERO","BAY ST",0.00,,Y,A,-,N,,,,,,,,,,N,3,0,1,1,A,-,07,21658,A,N,E,I,E,A,H,-,C,D,0,Y,,,,Y,Y,N,60,0,1,0,0,1,0,0,0,0,"- ","- ",,,"SAN FRANCISCO","SAN FRANCISCO",-122.40596771240234,37.806632995605469
9228231,2021,2021-03-24,3801,2021-02-06,1324,1213,RICHM,6,5,7,3801,0,0,0,,0,,"CLEMENT ST","15TH AV",0.00,,Y,A,-,N,,,,,,,,,,N,3,0,1,1,-,-,"- ",,,N,H,A,A,A,H,-,A,D,0,,,,,Y,,-,"- ",0,1,0,0,0,0,0,0,0,"- ","- ",,,"SAN FRANCISCO","SAN FRANCISCO",-122.47412109375,37.782512664794922
9228232,2021,2021-03-24,3801,2021-02-06,1021,2375,RICHM,6,5,7,3801,0,0,0,,0,3G4A,"JOHN F KENNEDY DR","STOW LAKE DR",300.00,W,N,A,-,N,,,,,,,,,,N,2,0,2,2,A,-,03,22350,,N,C,B,E,A,H,-,A,D,0,Y,Y,,,Y,,L,04,1,0,1,0,1,0,1,0,0,"- ","- ",,,"SAN FRANCISCO","SAN FRANCISCO",-122.47481536865234,37.771579742431641
9228233,2021,2021-03-24,3801,2021-02-05,2315,2150,TARAV,5,5,7,3801,0,0,0,,0,0I2,"28TH AV","LAWTON ST",172.00,S,N,A,-,N,,,,,,,,,,Y,3,0,1,5,A,-,03,22350,,N,F,E,A,A,H,-,C,D,0,,,,,Y,,A,01,0,1,0,0,0,0,0,0,0,"- ","- ",,,"SAN FRANCISCO","SAN FRANCISCO",-122.48633575439453,37.757087707519531
9228234,2021,2021-03-24,3801,2021-02-05,2228,1886,BAYVI,5,5,7,3801,0,0,0,,0,3C13E,"3RD ST","EVANS AV",0.00,,Y,A,-,N,,,,,,,,,,Y,4,0,6,2,A,-,12,21453,A,N,D,C,A,A,H,-,C,A,0,,,,,Y,,A,01,0,0,6,0,0,0,0,0,0,"- ","- ",,,"SAN FRANCISCO","SAN FRANCISCO",-122.38801574707031,37.742733001708984
9228235,2021,2021-03-24,3801,2021-02-05,1719,2465,BAYV,5,5,7,3801,0,0,0,,0,1719,"BAY SHORE BL","MARIN ST",87.00,W,N,A,-,N,,,,,,,,,,Y,3,0,1,2,A,-,17,23114,A,N,E,J,A,A,H,-,B,D,0,,,Y,,Y,,A,01,0,1,0,0,0,0,0,0,1,"- ","- ",,,"SAN FRANCISCO","SAN FRANCISCO",-122.40351867675781,37.748119354248047
9228263,2021,2021-03-26,3801,2021-02-28,2225,901,INGLE,7,5,7,3801,0,0,0,,0,3H13E,"MISSION ST","ONONDAGA AV",0.00,,Y,A,-,N,,,,,,,,,,N,4,0,1,2,A,-,08,22105,,F,D,C,A,A,H,-,C,A,0,,,,,Y,,A,01,0,0,1,0,0,0,0,0,0,"- ","- ",,,"SAN FRANCISCO","SAN FRANCISCO",-122.4375,37.721149444580078
9228273,2021,2021-03-26,3801,2021-02-09,1530,262,TRAFF,2,5,7,3801,0,0,0,,0,4B4E,"TAYLOR ST","EDDY ST",126.00,N,N,A,-,N,,,,,,,,,,Y,4,0,1,2,A,-,06,21755,A,N,B,C,A,A,H,-,A,D,0,,,,,Y,,A,01,0,0,1,0,0,0,0,0,0,"- ","- ",,,"SAN FRANCISCO","SAN FRANCISCO",-122.41101837158203,37.784503936767578
9228288,2021,2021-03-29,3801,2021-02-21,1200,2459,NORTH,7,5,7,3801,0,0,0,,0,3E12C,"BUSH ST","VAN NESS AV",0.00,,Y,A,-,N,,,,,,,,,,N,4,0,1,2,A,-,12,21453,A,N,B,G,A,A,D,H,A,A,0,,Y,,,Y,,L,04,0,0,1,0,0,0,1,0,0,"- ","- ",,,"SAN FRANCISCO","SAN FRANCISCO",-122.42191314697266,37.788490295410156
9228290,2021,2021-03-29,3801,2021-02-23,1240,2256,INGLE,2,5,7,3801,0,0,0,,0,3H1C,"DIAMOND HEIGHTS BL","GOLD MINE DR",520.00,E,N,A,-,N,,,,,,,,,,Y,4,0,2,2,A,-,09,21802,A,N,D,C,A,A,H,-,A,D,0,,,,,Y,,A,01,0,0,2,0,0,0,0,0,0,"- ","- ",,,"SAN FRANCISCO","SAN FRANCISCO",-122.43637847900391,37.742603302001953
92284897,2023,2024-01-11,9335,2023-12-25,1420,023593,,1,2,7,3801,0,1,1,,1,082,"I-80 WESTBOUND","THE METERING LIGHTS",1393.00,W,N,A,-,Y,ALA,,80," ",R,1.546,H,,L,N,4,0,3,3,A,-,07,21658,A,N,B,C,A,A,H,-,A,D,0,,,,,Y,,A,07,0,0,3,0,0,0,0,0,0,"- ","- ",37.822769165039062,-122.32164001464844,"SAN FRANCISCO","SAN FRANCISCO",-122.32167053222656,37.822864532470703
92285207,2023,2024-01-11,9335,2023-12-29,1925,023536,,5,2,7,3801,0,1,1,,1,081,"I-80 W/B","THE EMBARCADERO UNDERCROSSING",310.00,E,N,C,-,Y,SF,,80," "," ",5.980,H,,L,Y,4,0,1,3,A,-,07,21658,A,N,B,C,A,B,H,-,C,D,0,,,,,Y,Y,A,01,0,0,1,0,0,0,0,0,0,"- ","- ",37.78955078125,-122.38712310791016,"SAN FRANCISCO","SAN FRANCISCO",-122.38711547851562,37.789543151855469
92285946,2023,2024-01-12,9335,2023-12-26,1812,023483,,2,2,7,3801,0,1,1,,2,024,"I-280 SOUTHBOUND TO PENNSYLVANIA STREET","18TH STREET",45.00,N,N,A,-,Y,,,,,,,,,,Y,4,0,1,1,A,-,08,22107,,M,E,8,A,A,H,-,C,D,0,,,,,Y,,A,07,0,0,1,0,0,0,0,0,0,"- ","- ",37.76300048828125,-122.39312744140625,"SAN FRANCISCO","SAN FRANCISCO",-122.39312744140625,37.76300048828125
92285979,2023,2024-01-12,9335,2023-12-16,2140,023119,,6,2,7,3801,0,1,1,,1,081,"I-80 W/B","2ND STREET",472.00,E,N,A,-,Y,SF,,80," "," ",5.505,H,,L,N,4,0,2,4,A,-,07,21658,A,M,B,C,A,A,H,-,C,D,0,,,,,Y,,A,01,0,0,2,0,0,0,0,0,0,"- ","- ",37.784721374511719,-122.39327239990234,"SAN FRANCISCO","SAN FRANCISCO",-122.39324951171875,37.784690856933594
92286036,2023,2024-01-12,9335,2023-12-08,"730 ",021200,,5,1,7,3801,0,1,1,,2,022,"I-280 NB","ALEMANY BOULEVARD",1500.00,S,N,A,-,Y,SF,,280," ",R,3.325,H,,R,N,4,0,1,1,A,-,08,22107,,N,E,I,A,A,H,-,A,D,0,,,,,Y,,A,01,0,0,1,0,0,0,0,0,0,"- ","- ",37.731319427490234,-122.42436981201172,"SAN FRANCISCO","SAN FRANCISCO",-122.42436981201172,37.731357574462891
92286056,2023,2024-01-12,9335,2023-12-10,"845 ",021200,,7,1,7,3801,0,1,1,,2,023,"I-280 SB","MISSION ST",300.00,S,N,A,-,Y,SF,,280," ",R,3.042,H,,L,N,4,0,1,2,A,-,03,22350,,N,C,C,A,A,H,-,A,D,0,,,,,Y,,D,22,0,0,1,0,0,0,0,0,0,"- ","- ",37.732261657714844,-122.42935943603516,"SAN FRANCISCO","SAN FRANCISCO",-122.42935180664062,37.732284545898438
92286761,2023,2024-01-15,9335,2023-11-07,2225,022703,,2,3,7,3801,0,1,2,,2,014,"US-101 NORTHBOUND","NORTH OF THE 23RD STREET OVERCROSSING.",265.00,N,N,A,-,Y,SF,,101," "," ",3.416,H,,R,N,4,0,1,2,A,-,07,21658,A,N,B,C,A,A,H,-,D,D,0,,,,,Y,,A,07,0,0,1,0,0,0,0,0,0,"- ","- ",37.755290985107422,-122.40308380126953,"SAN FRANCISCO","SAN FRANCISCO",-122.40300750732422,37.755294799804688
92287968,2023,2024-01-16,9335,2023-12-28,1240,023592,,4,1,7,3801,0,1,1,,1,081,"I-80 W/B TO TREASURE ISLAND","MACALLA RD",75.00,E,N,A,-,Y,,,,,,,,,,Y,4,0,1,2,A,-,08,22107,,N,E,2,A,A,H,-,A,D,0,,,,,Y,,A,01,0,0,1,0,0,0,0,0,0,"- ","- ",37.812229156494141,-122.36432647705078,"SAN FRANCISCO","SAN FRANCISCO",-122.36432647705078,37.812229156494141
92288067,2023,2024-01-16,9335,2023-10-29,1940,022920,,7,2,7,3801,0,1,1,,2,080,"I-80 E/B","THE BRANNAN STREET UNDERCROSSING",140.00,E,N,A,-,Y,SF,,80," "," ",4.225,H,,R,N,4,0,1,2,A,-,03,22350,,N,C,C,A,A,H,-,C,D,0,,,,,Y,,A,07,0,0,1,0,0,0,0,0,0,"- ","- ",37.771438598632812,-122.40609741210938,"SAN FRANCISCO","SAN FRANCISCO",-122.40607452392578,37.771450042724609
92288257,2023,2024-01-16,9335,2023-11-20,1827,023312,,1,2,7,3801,0,1,2,,2,015,"US-101 S/B","HARRISON ST U/C",93.00,S,N,A,-,Y,SF,,101," ",R,4.799,H,,L,N,4,0,1,3,A,-,03,22350,,N,C,C,A,A,H,-,C,D,0,,,,,Y,,A,01,0,0,1,0,0,0,0,0,0,"- ","- ",37.769420623779297,-122.41221618652344,"SAN FRANCISCO","SAN FRANCISCO",-122.41221618652344,37.769435882568359
92288307,2023,2024-01-16,9335,2023-11-01,1540,023474,,3,2,7,3801,0,1,1,,1,083,"I-80 E/B","TREASURE ISLAND RD",4162.00,W,N,A,-,Y,SF,,80," "," ",6.945,H,,R,N,3,0,1,1,A,-,03,22350,,N,F,I,A,A,H,-,A,D,0,,,Y,,Y,,C,02,0,1,0,0,0,0,0,0,1,"- ","- ",37.800399780273438,-122.37564086914062,"SAN FRANCISCO","SAN FRANCISCO",-122.37543487548828,37.800258636474609
92288313,2023,2024-01-16,9335,2023-11-18,1747,022860,,6,2,7,3801,0,1,2,,2,015,"US-101 S/B","BRYANT ST UNDERCROSSING",50.00,S,N,B,-,Y,SF,,101," ",R,4.709,H,,L,Y,4,0,1,3,A,-,03,22350,,N,C,C,A,B,H,-,C,D,0,,,,,Y,,A,01,0,0,1,0,0,0,0,0,0,"- ","- ",37.769279479980469,-122.41059112548828,"SAN FRANCISCO","SAN FRANCISCO",-122.41059112548828,37.769279479980469
92290746,2023,2024-01-18,9335,2023-10-02,2220,023367,,1,3,7,3801,0,1,2,,2,014,"US-101 S/B","18TH STREET PEDESTRIAN OVERCROSSING",239.00,S,N,A,-,Y,SF,,101," "," ",3.912,H,,L,N,4,0,1,3,A,-,03,22350,,N,C,C,A,A,H,-,D,D,0,,,Y,,Y,,C,02,0,0,1,0,0,0,0,0,1,"- ","- ",37.761589050292969,-122.40619659423828,"SAN FRANCISCO","SAN FRANCISCO",-122.40618896484375,37.761585235595703
92291884,2023,2024-01-19,9335,2023-12-27,1750,023603,,3,2,7,3801,0,1,2,,2,014,"US-101 SOUTHBOUND","22ND STREET PEDESTRIAN OVERCROSSING",131.00,S,N,C,-,Y,SF,,101," "," ",3.494,H,,L,N,4,0,1,2,A,-,03,22350,,N,C,C,A,B,H,-,C,D,0,,,,,Y,,A,01,0,0,1,0,0,0,0,0,0,"- ","- ",37.756500244140625,-122.40338897705078,"SAN FRANCISCO","SAN FRANCISCO",-122.40341186523438,37.756492614746094
92291886,2023,2024-01-19,9335,2023-12-31,2345,023489,,7,3,7,3801,0,1,1,,1,081,"I-80 W/B","BEALE STREET UNDER-CROSSING",125.00,E,N,A,-,Y,SF,,80," "," ",5.752,H,,L,Y,4,0,1,3,A,-,03,22350,,N,C,C,A,B,H,-,B,D,0,,,,,Y,,A,01,0,0,1,0,0,0,0,0,0,"- ","- ",37.787040710449219,-122.38990020751953,"SAN FRANCISCO","SAN FRANCISCO",-122.38986968994141,37.787017822265625
92292836,2023,2024-01-22,9335,2023-01-06,"155 ",022703,,5,3,7,3801,0,1,1,,2,022,"I-280 SOUTHBOUND","THE PAULDING STREET OVERCROSSING",356.00,S,N,B,-,Y,SF,,280," ",R,2.131,H,,L,Y,1,1,1,2,A,-,05,21651,C,F,A,C,A,B,H,-,D,D,0,,,,,Y,,A,01,0,1,0,0,0,0,0,0,0,"- ","- ",37.727569580078125,-122.44474029541016,"SAN FRANCISCO","SAN FRANCISCO",-122.44470977783203,37.727546691894531
92295869,2023,2024-01-24,9335,2023-12-07,2210,023474,,4,3,7,3801,0,1,1,,2,085,"I-80 E/B FROM BRYANT STREET","BRYANT ST",18.00,E,N,A,-,Y,SF,,80," "," ",5.624,H,,R,N,4,0,1,2,A,-,01,23152,A,M,C,C,A,A,H,-,C,D,0,,,,,Y,Y,A,01,0,0,1,0,0,0,0,0,0,"- ","- ",37.785549163818359,-122.39137268066406,"SAN FRANCISCO","SAN FRANCISCO",-122.39144897460938,37.785617828369141
92296184,2023,2024-01-24,9335,2023-10-29,1340,022920,,7,1,7,3801,0,1,1,,1,083,"I-80 E/B FROM HILLCREST RD.","THE SAN FRANCISCO OAKLAND BAY BRIDGE S.A.S. TOWER",1637.00,W,N,A,-,Y,,,,,,,,,,Y,4,0,1,2,A,-,03,22350,,N,C,C,A,A,H,-,A,A,0,,,,,Y,,A,01,0,0,1,0,0,0,0,0,0,"- ","- ",37.812149047851562,-122.36264801025391,"SAN FRANCISCO","SAN FRANCISCO",-122.36264801025391,37.812149047851562
92296215,2023,2024-01-24,9335,2023-10-04,1630,022186,,3,2,7,3801,0,1,1,,1,081,"I-80 W/B","SPEAR STREET",2111.00,E,N,A,-,Y,SF,,80," "," ",6.235,H,,L,N,4,0,1,2,A,-,07,21658,A,F,B,C,A,A,H,-,A,D,0,,,Y,,Y,,-,99,0,0,1,0,0,0,0,0,1,"- ","- ",37.792270660400391,-122.38388061523438,"SAN FRANCISCO","SAN FRANCISCO",-122.384033203125,37.792373657226562
92298039,2023,2024-01-26,9335,2023-11-02,1220,023063,,4,1,7,3801,0,1,2,,2,014,"US-101 SOUTHBOUND","23RD STREET OVERCROSSING",42.00,S,N,A,-,Y,SF,,101," "," ",3.353,H,,L,N,4,0,1,4,A,-,03,22350,,M,C,C,A,A,H,-,A,D,0,,,,,Y,,A,01,0,0,1,0,0,0,0,0,0,"- ","- ",37.754318237304688,-122.40308380126953,"SAN FRANCISCO","SAN FRANCISCO",-122.40312194824219,37.754318237304688
92298632,2023,2024-01-29,9335,2023-12-29,"650 ",021200,,5,1,7,3801,0,1,2,,2,013,"US-101 NB","PAUL AVENUE",300.00,S,N,C,-,Y,SF,,101," "," ",1.015,H,,R,N,3,0,1,2,A,-,08,22107,,N,D,C,A,B,H,-,A,D,0,,,,,Y,,A,01,0,1,0,0,0,0,0,0,0,"- ","- ",37.722251892089844,-122.40052795410156,"SAN FRANCISCO","SAN FRANCISCO",-122.40048980712891,37.722259521484375
92298862,2024,2024-01-29,9335,2024-01-01,"156 ",023167,,1,3,7,3801,0,1,1,,1,083,"I-80 E/B","NORTHGATE ROAD",670.00,E,N,A,-,Y,SF,,80," ",R,8.234,H,,R,Y,4,0,1,3,A,-,01,23152,A,N,E,8,A,A,H,-,C,D,0,,,,,Y,Y,A,07,0,0,1,0,0,0,0,0,0,"- ","- ",37.814498901367188,-122.35980987548828,"SAN FRANCISCO","SAN FRANCISCO",-122.35978698730469,37.814479827880859