CASE_ID,ACCIDENT_YEAR,PROC_DATE,JURIS,COLLISION_DATE,COLLISION_TIME,OFFICER_ID,REPORTING_DISTRICT,DAY_OF_WEEK,CHP_SHIFT,POPULATION,CNTY_CITY_LOC,SPECIAL_COND,BEAT_TYPE,CHP_BEAT_TYPE,CITY_DIVISION_LAPD,CHP_BEAT_CLASS,BEAT_NUMBER,PRIMARY_RD,SECONDARY_RD,DISTANCE,DIRECTION,INTERSECTION,WEATHER_1,WEATHER_2,STATE_HWY_IND,CALTRANS_COUNTY,CALTRANS_DISTRICT,STATE_ROUTE,ROUTE_SUFFIX,POSTMILE_PREFIX,POSTMILE,LOCATION_TYPE,RAMP_INTERSECTION,SIDE_OF_HWY,TOW_AWAY,COLLISION_SEVERITY,NUMBER_KILLED,NUMBER_INJURED,PARTY_COUNT,PRIMARY_COLL_FACTOR,PCF_CODE_OF_VIOL,PCF_VIOL_CATEGORY,PCF_VIOLATION,PCF_VIOL_SUBSECTION,HIT_AND_RUN,TYPE_OF_COLLISION,MVIW,PED_ACTION,ROAD_SURFACE,ROAD_COND_1,ROAD_COND_2,LIGHTING,CONTROL_DEVICE,CHP_ROAD_TYPE,PEDESTRIAN_ACCIDENT,BICYCLE_ACCIDENT,MOTORCYCLE_ACCIDENT,TRUCK_ACCIDENT,NOT_PRIVATE_PROPERTY,ALCOHOL_INVOLVED,STWD_VEHTYPE_AT_FAULT,CHP_VEHTYPE_AT_FAULT,COUNT_SEVERE_INJ,COUNT_VISIBLE_INJ,COUNT_COMPLAINT_PAIN,COUNT_PED_KILLED,COUNT_PED_INJURED,COUNT_BICYCLIST_KILLED,COUNT_BICYCLIST_INJURED,COUNT_MC_KILLED,COUNT_MC_INJURED,PRIMARY_RAMP,SECONDARY_RAMP,LATITUDE,LONGITUDE,COUNTY,CITY,POINT_X,POINT_Y
92298944,2023,2024-01-29,9335,2023-10-31,1615,023367,,2,2,7,3801,0,1,1,,2,024,"I-280 S/B FROM 6TH STREET","TOWNSEND STREET",645.00,S,N,A,-,Y,SF,,280," ",T,7.302,H,,L,Y,4,0,1,2,A,-,03,22350,,N,C,C,A,A,H,-,A,D,0,,,,,Y,,A,07,0,0,1,0,0,0,0,0,0,"- ","- ",37.771999359130859,-122.39824676513672,"SAN FRANCISCO","SAN FRANCISCO",-122.3983154296875,37.771984100341797
9230024,2021,2021-03-19,3801,2021-01-12,1535,2374,INGLE,2,5,7,3801,0,0,0,,0,0H4,"SAN JOSE AV","COLONIAL WY",55.00,S,N,B,-,N,,,,,,,,,,N,4,0,1,2,A,-,17,22517,,N,B,G,A,A,H,-,A,D,0,,Y,,,Y,,A,01,0,0,1,0,0,0,1,0,0,"- ","- ",,,"SAN FRANCISCO","SAN FRANCISCO",-122.44055938720703,37.728305816650391
9230025,2021,2021-03-19,3801,2021-01-10,1945,1216,BAYVI,7,5,7,3801,0,0,0,,0,3C12E,"BAYSHORE BL","OAKDALE AV",0.00,,Y,A,-,N,,,,,,,,,,Y,4,0,1,3,A,-,03,22350,,N,C,C,A,A,H,-,C,A,0,,,,,Y,,A,01,0,0,1,0,0,0,0,0,0,"- ","- ",,,"SAN FRANCISCO","SAN FRANCISCO",-122.40522003173828,37.743038177490234
9230066,2021,2021-03-24,3801,2021-02-01,0845,2357,NORTH,1,5,7,3801,0,0,0,,0,,"FRANKLIN ST","CALIFORNIA ST",0.00,,Y,A,-,N,,,,,,,,,,N,4,0,1,2,A,-,08,22107,,N,D,C,A,A,H,-,A,A,0,,,Y,,Y,,A,07,0,0,1,0,0,0,0,0,1,"- ","- ",,,"SAN FRANCISCO","SAN FRANCISCO",-122.42397308349609,37.7901611328125
92301893,2023,2024-01-31,9335,2023-09-05,"155 ",023067,,2,3,7,3801,0,1,1,,2,023,"I-280 N/B","ST. MARY'S PARK FOOTBRIDGE",110.00,N,N,A,-,Y,SF,,280," ",R,3.547,H,,R,Y,4,0,1,2,A,-,07,21658,A,M,B,C,A,A,H,-,B,D,0,,,,,Y,Y,-,99,0,0,1,0,0,0,0,0,0,"- ","- ",37.731788635253906,-122.42024993896484,"SAN FRANCISCO","SAN FRANCISCO",-122.42025756835938,37.731822967529297
92304590,2023,2024-02-05,9335,2023-10-14,1330,023167,,6,1,7,3801,0,1,2,,2,015,"US-101 S/B","15TH ST",165.00,N,N,A,-,Y,SF,,101," ",R,4.351,H,,L,N,3,0,1,1,A,-,08,22107,,N,F,A,A,A,H,-,A,D,0,,,Y,,Y,,C,02,0,1,0,0,0,0,0,0,1,"- ","- ",37.767738342285156,-122.40557861328125,"SAN FRANCISCO","SAN FRANCISCO",-122.40563201904297,37.767719268798828
92305163,2023,2024-02-05,9335,2023-12-20,"730 ",023592,,3,1,7,3801,0,1,2,,2,014,"US-101 S/B","CESAR CHAVEZ ST",1320.00,N,N,C,-,Y,SF,,101," "," ",3.265,H,,L,N,4,0,1,3,A,-,03,22350,,M,C,C,A,B,H,-,B,D,0,,,,,Y,,A,01,0,0,1,0,0,0,0,0,0,"- ","- ",37.753059387207031,-122.40309143066406,"SAN FRANCISCO","SAN FRANCISCO",-122.40301513671875,37.753063201904297
9230772,2021,2021-02-24,3801,2021-01-29,1605,2163,NORTH,5,5,7,3801,0,0,0,,0,3E15D,"LEAVENWORTH ST","CHESTNUT ST",205.00,S,N,A,-,N,,,,,,,,,,Y,4,0,1,4,A,-,05,21651,,N,B,C,A,A,H,-,A,D,0,,,,,Y,,A,01,0,0,1,0,0,0,0,0,0,"- ","- ",,,"SAN FRANCISCO","SAN FRANCISCO",-122.41806030273438,37.802574157714844
92310862,2023,2024-02-12,9335,2023-10-11,"827 ",023489,,3,1,7,3801,0,1,1,,1,081,"I-80 W/B","SFOBB CENTER ANCHORAGE",747.00,W,N,A,-,Y,SF,,80," "," ",6.647,H,,L,N,4,0,1,2,A,-,07,21658,A,N,B,C,A,A,H,-,A,D,0,,,,,Y,,A,07,0,0,1,0,0,0,0,0,0,"- ","- ",37.797000885009766,-122.37911224365234,"SAN FRANCISCO","SAN FRANCISCO",-122.37903594970703,37.796951293945312
92311105,2023,2024-02-12,9335,2023-09-10,"518 ",023366,,7,3,7,3801,0,1,1,,1,083,"I-80 E/B FROM 1ST ST","2ND ST",950.00,E,N,A,-,Y,SF,,80," "," ",5.592,H,,R,Y,3,0,1,1,A,-,01,23152,A,N,E,I,A,A,H,-,C,D,0,,,,,Y,Y,A,01,0,1,0,0,0,0,0,0,0,"- ","- ",37.785469055175781,-122.39203643798828,"SAN FRANCISCO","SAN FRANCISCO",-122.39192199707031,37.785331726074219
9231330,2021,2021-03-09,3801,2021-01-15,0655,969,PARK,5,5,7,3801,0,0,0,,0,3F13A,"STANYAN ST","OAK ST",0.00,,Y,A,-,N,,,,,,,,,,Y,3,0,1,2,A,-,17,21451,A,N,D,C,A,A,H,-,A,A,0,,,,,Y,,A,01,0,1,0,0,0,0,0,0,0,"- ","- ",,,"SAN FRANCISCO","SAN FRANCISCO",-122.45395660400391,37.771354675292969
9231496,2021,2021-03-25,3801,2021-02-28,1432,1574,,7,5,7,3801,0,0,0,,0,3B15C,"THE EMBARCADERO","FOLSOM ST",300.00,S,N,A,-,N,,,,,,,,,,Y,4,0,2,2,A,-,04,21703,,N,C,C,A,A,H,-,A,A,0,,,,,Y,,A,01,0,0,2,0,0,0,0,0,0,"- ","- ",,,"SAN FRANCISCO","SAN FRANCISCO",-122.38942718505859,37.790176391601562
9231504,2021,2021-03-24,3801,2021-02-04,1044,1422,,4,5,7,3801,0,0,0,,0,,"SHAFTER AVE","KEITH ST",0.00,,Y,A,-,N,,,,,,,,,,Y,3,0,3,5,A,-,12,22450,A,N,F,C,A,A,H,-,A,A,0,,,,,Y,,A,08,0,1,2,0,0,0,0,0,0,"- ","- ",,,"SAN FRANCISCO","SAN FRANCISCO",-122.38887023925781,37.72998046875
9231539,2021,2021-03-26,3801,2021-02-06,1404,1926,TENDE,6,5,7,3801,0,0,0,,0,3J51C,"11TH ST","MISSION ST",0.00,,Y,A,-,N,,,,,,,,,,N,4,0,1,2,D,-,00,,,N,B,B,A,A,H,-,A,A,0,,,,,Y,,-,"- ",0,0,1,0,0,0,0,0,0,"- ","- ",,,"SAN FRANCISCO","SAN FRANCISCO",-122.41709899902344,37.774330139160156
9231540,2021,2021-03-25,3801,2021-02-27,1630,417,TARAV,6,5,7,3801,0,0,0,,0,3I16D,"BROTHERHOOD WY","JUNIPERO SERRA BL",0.00,,Y,A,-,Y,SF,4,1,-,R,0.358,R,1,N,N,4,0,1,2,A,-,04,21703,,N,C,C,A,A,H,-,A,A,0,,,,,Y,,A,01,0,0,1,0,0,0,0,0,0,"- ","- ",,,"SAN FRANCISCO","SAN FRANCISCO",-122.47124481201172,37.71319580078125
92315422,2023,2024-05-17,9335,2023-12-21,"630 ",023357,,4,1,7,3801,0,1,1,,1,081,"I-80 W/B","BEALE ST",476.45,W,N,A,-,Y,SF,,80," "," ",5.630,H,,L,N,4,0,1,2,A,-,03,22350,,M,C,C,A,A,H,-,B,D,0,,,,,Y,,D,22,0,0,1,0,0,0,0,0,0,"- ","- ",37.785678863525391,-122.39138031005859,"SAN FRANCISCO","SAN FRANCISCO",-122.39137268066406,37.785671234130859
92316941,2023,2024-03-13,9335,2023-12-13,1100,023504,,3,1,7,3801,0,1,1,,1,083,"I-80 E/B","FOREST HILL ROAD",180.00,E,N,A,-,Y,SF,,80," "," ",7.826,H,,R,N,4,0,1,2,A,-,03,22350,,F,C,C,A,A,H,-,A,D,0,,,,,Y,,-,99,0,0,1,0,0,0,0,0,0,"- ","- ",37.810188293457031,-122.36492919921875,"SAN FRANCISCO","SAN FRANCISCO",-122.36495208740234,37.810203552246094
92316968,2023,2024-02-19,9335,2023-10-20,1840,022795,,5,2,7,3801,0,1,1,,1,083,"I-80 E/B","BEALE STREET",315.00,W,N,A,-,Y,SF,,80," "," ",5.658,H,,R,N,3,0,1,2,A,-,07,21658,A,N,B,C,A,A,H,-,A,D,0,,,Y,,Y,,C,02,0,1,0,0,0,0,0,0,1,"- ","- ",37.7860107421875,-122.39108276367188,"SAN FRANCISCO","SAN FRANCISCO",-122.39101409912109,37.785964965820312
92316981,2023,2024-02-19,9335,2023-10-20,1440,022703,,5,2,7,3801,0,1,1,,1,081,"I-80 W/B","THE EMBARCADERO UNDERCROSSING",1315.00,E,N,A,-,Y,SF,,80," "," ",6.161,H,,L,Y,4,0,3,2,A,-,03,22350,,N,C,C,A,A,H,-,A,D,0,,,,,Y,,A,01,0,0,3,0,0,0,0,0,0,"- ","- ",37.791580200195312,-122.38494873046875,"SAN FRANCISCO","SAN FRANCISCO",-122.38491821289062,37.791557312011719
92316996,2023,2024-02-19,9335,2023-10-20,2130,022802,,5,2,7,3801,0,1,1,,2,022,"I-280 N/B","ST CHARLES AVE O/C",725.00,N,N,A,-,Y,SF,,280," ",R,0.126,H,,R,Y,3,0,1,2,A,-,01,23152,A,F,C,C,A,A,H,-,C,D,0,,,Y,,Y,Y,C,02,0,1,0,0,0,0,0,0,1,"- ","- ",37.709461212158203,-122.46700286865234,"SAN FRANCISCO","SAN FRANCISCO",-122.46704864501953,37.709518432617188
9231782,2021,2021-04-14,3801,2021-03-15,1351,2475,CENTR,1,5,7,3801,0,0,0,,0,4CAR,"COLUMBUS AV",BROADWAY,0.00,,Y,A,-,N,,,,,,,,,,Y,4,0,1,2,A,-,08,22101,D,N,D,C,A,A,H,-,A,A,0,,,,,Y,,J,43,0,0,1,0,0,0,0,0,0,"- ","- ",,,"SAN FRANCISCO","SAN FRANCISCO",-122.40663909912109,37.797893524169922
9231804,2021,2021-04-16,3801,2021-03-24,1645,76,TRAFF,3,5,7,3801,0,0,0,,0,4B3B,"INDUSTRIAL ST","QUESADA AV",0.00,,Y,A,-,N,,,,,,,,,,Y,4,0,1,3,A,-,08,22107,,N,B,C,A,A,H,-,A,D,0,,,,,Y,,A,01,0,0,1,0,0,0,0,0,0,"- ","- ",,,"SAN FRANCISCO","SAN FRANCISCO",-122.40199279785156,37.739395141601562
92319553,2023,2024-02-21,9335,2023-10-27,1810,023167,,5,2,7,3801,0,1,1,,2,023,"I-280 S/B","MISSION ST",135.00,S,N,A,-,Y,SF,,280," ",R,3.080,H,,L,N,4,0,1,3,A,-,03,22350,,N,C,2,A,A,H,-,A,D,0,,,,,Y,,A,07,0,0,1,0,0,0,0,0,0,"- ","- ",37.732189178466797,-122.42862701416016,"SAN FRANCISCO","SAN FRANCISCO",-122.42864227294922,37.732147216796875
92319605,2023,2024-02-21,9335,2023-11-02,"800 ",023191,,4,1,7,3801,0,1,2,,2,013,"US-101 S/B","SILVER AVENUE",578.00,S,N,A,-,Y,SF,,101," "," ",1.657,H,,L,N,4,0,1,2,A,-,08,22107,,N,C,C,A,A,H,-,A,D,0,,,,,Y,,D,22,0,0,1,0,0,0,0,0,0,"- ","- ",37.7310791015625,-122.40447235107422,"SAN FRANCISCO","SAN FRANCISCO",-122.40445709228516,37.731082916259766
92320248,2023,2024-02-22,9335,2023-12-09,1335,023595,,6,1,7,3801,0,1,1,,2,022,"I-280 S/B","CONGDON STREET OVERCROSSING",76.00,N,N,A,-,Y,SF,,280," ",R,3.243,H,,L,Y,3,0,1,3,A,-,07,21658,A,M,B,C,A,A,H,-,A,D,0,,,,,Y,,A,01,0,1,0,0,0,0,0,0,0,"- ","- ",37.731590270996094,-122.42578887939453,"SAN FRANCISCO","SAN FRANCISCO",-122.42578887939453,37.731601715087891
92320652,2023,2024-02-22,9335,2023-11-07,2020,023474,,2,2,7,3801,0,1,1,,2,024,"I-280 N/B","20TH ST UNDERCROSSING",177.00,S,N,A,-,Y,SF,,280," ",R,6.431,H,,R,N,3,0,2,2,A,-,03,22350,,N,C,C,A,A,H,-,D,D,0,,,,,Y,,D,22,0,1,1,0,0,0,0,0,0,"- ","- ",37.760768890380859,-122.39227294921875,"SAN FRANCISCO","SAN FRANCISCO",-122.39235687255859,37.760761260986328
92320660,2023,2024-02-22,9335,2023-10-23,1225,018804,,1,1,7,3801,0,1,1,,2,080,"I-80 W/B","5TH STREET",178.00,E,N,A,-,Y,SF,,80," "," ",4.868,H,,L,N,3,0,1,2,A,-,03,22350,,F,G,B,E,A,H,-,A,A,0,Y,,,,Y,,-,99,0,1,0,0,1,0,0,0,0,"- ","- ",37.77899169921875,-122.4010009765625,"SAN FRANCISCO","SAN FRANCISCO",-122.40090942382812,37.778919219970703
92320738,2023,2024-02-22,9335,2023-10-31,1635,023366,,2,2,7,3801,0,1,2,,2,013,"US-101 N/B","PAUL AVE",435.00,N,N,A,-,Y,SF,,101," "," ",1.208,H,,R,N,4,0,1,2,A,-,03,22350,,N,C,C,A,A,H,-,A,D,0,,,,,Y,,A,01,0,0,1,0,0,0,0,0,0,"- ","- ",37.724910736083984,-122.40151977539062,"SAN FRANCISCO","SAN FRANCISCO",-122.40156555175781,37.724899291992188
9232111,2021,2021-05-21,3801,2021-03-31,1101,1994,TRAFF,3,5,7,3801,0,0,0,,0,4B3G,"MARKET ST","HYDE ST",182.00,E,N,A,-,N,,,,,,,,,,Y,3,0,6,6,C,-,18,,,N,C,C,C,A,H,-,A,A,0,Y,,,,Y,,-,"- ",0,3,3,0,3,0,0,0,0,"- ","- ",,,"SAN FRANCISCO","SAN FRANCISCO",-122.414306640625,37.779056549072266
92321362,2023,2024-02-23,9335,2023-11-05,"440 ",023119,,7,3,7,3801,0,1,1,,1,081,"I-80 W/B","BEALE ST",102.00,E,N,A,-,Y,SF,,80," "," ",5.747,H,,L,Y,3,0,1,2,A,-,03,22350,,F,C,C,A,A,H,-,C,D,0,,,,,Y,Y,-,99,0,1,0,0,0,0,0,0,0,"- ","- ",37.786949157714844,-122.38992309570312,"SAN FRANCISCO","SAN FRANCISCO",-122.38993072509766,37.786956787109375
92321379,2023,2024-02-23,9335,2023-08-27,"735 ",018399,,7,1,7,3801,0,1,1,,1,081,"I-80 W/B","CECTER ANCHORAGE",752.00,E,N,A,-,Y,,,,,,,,,,N,2,0,3,3,A,-,03,22350,,N,C,C,A,A,H,-,C,D,0,,,,,Y,,A,01,1,1,1,0,0,0,0,0,0,"- ","- ",37.800498962402344,-122.37563323974609,"SAN FRANCISCO","SAN FRANCISCO",-122.37551116943359,37.800369262695312
92322540,2023,2024-02-26,9335,2023-10-26,"439 ",023312,,4,3,7,3801,0,1,1,,1,083,"I-80 W/B","BEALE ST U/C",727.00,W,N,A,-,Y,SF,,80," "," ",5.581,H,,L,Y,4,0,1,3,A,-,03,22350,,M,C,C,A,A,H,-,C,D,0,,,,,Y,,A,01,0,0,1,0,0,0,0,0,0,"- ","- ",37.785369873046875,-122.39218139648438,"SAN FRANCISCO","SAN FRANCISCO",-122.39208221435547,37.785251617431641
92322562,2023,2024-02-26,9335,2023-10-31,2240,023312,,2,3,7,3801,0,1,1,,1,081,"I-80 W/B","NAVY RD U/C",1145.00,E,N,A,-,Y,SF,,80," ",R,8.410,H,,L,N,3,0,1,1,A,-,01,23152,G,N,E,I,A,A,H,-,C,D,0,,,,,Y,Y,-,"- ",0,1,0,0,0,0,0,0,0,"- ","- ",37.816181182861328,-122.35726165771484,"SAN FRANCISCO","SAN FRANCISCO",-122.35738372802734,37.816329956054688
92324225,2023,2024-02-27,9335,2023-12-14,2015,023373,,4,2,7,3801,0,1,1,,1,083,"I-80 E/B","TREASURE ISLAND RD",5386.00,W,N,A,-,Y,SF,,80," "," ",6.714,H,,R,Y,2,0,1,2,A,-,03,22350,,N,C,C,A,A,H,-,C,D,0,,,Y,,Y,,C,02,1,0,0,0,0,0,0,0,1,"- ","- ",37.79779052734375,-122.37835693359375,"SAN FRANCISCO","SAN FRANCISCO",-122.37822723388672,37.797698974609375
92325634,2023,2024-02-28,9335,2023-10-21,"210 ",022802,,6,3,7,3801,0,1,2,,2,013,"US-101 S/B TO I-280 S/B TO ALEMANY BLVD","ALEMANY BLVD",65.00,S,N,A,-,Y,,,,,,,,,,Y,3,0,1,1,A,-,01,23152,A,N,E,I,A,A,H,-,C,A,0,,,,,Y,Y,A,07,0,1,0,0,0,0,0,0,0,"- ","- ",37.734569549560547,-122.41056060791016,"SAN FRANCISCO","SAN FRANCISCO",-122.40804290771484,37.737823486328125
92326414,2023,2024-02-29,9335,2023-12-11,1443,023603,,1,2,7,3801,0,1,2,,2,013,"US-101 NORTHBOUND","16TH STREET",400.00,S,N,A,-,Y,SF,,101," "," ",4.143,H,,R,Y,3,0,3,5,A,-,03,22350,,N,C,C,A,A,H,-,A,D,0,,,,,Y,,A,07,0,1,2,0,0,0,0,0,0,"- ","- ",37.7647705078125,-122.40484619140625,"SAN FRANCISCO","SAN FRANCISCO",-122.40489959716797,37.7647705078125
92330651,2023,2024-03-06,9335,2023-11-12,"955 ",021200,,7,1,7,3801,0,1,2,,2,013,"US 101 SB","THIRD ST",700.00,S,N,A,-,Y,SF,,101," "," ",0.509,H,,L,N,3,0,1,1,A,-,08,22107,,N,E,I,A,A,H,-,A,D,0,,,,,Y,,A,01,0,1,0,0,0,0,0,0,0,"- ","- ",37.715110778808594,-122.39823913574219,"SAN FRANCISCO","SAN FRANCISCO",-122.39823913574219,37.715110778808594
92331293,2023,2024-03-06,9335,2023-11-26,1458,020772,,7,2,7,3801,0,1,1,,2,022,I-280,"PAULDING ST OVERCROSSING",215.00,S,N,A,-,Y,SF,,280," ",R,2.147,H,,R,N,3,0,1,1,A,-,08,22107,,N,F,A,A,A,H,-,A,D,0,,,Y,,Y,,C,02,0,1,0,0,0,0,0,0,1,"- ","- ",37.727680206298828,-122.44429016113281,"SAN FRANCISCO","SAN FRANCISCO",-122.44429016113281,37.727680206298828
92336121,2023,2024-03-12,9335,2023-12-02,"155 ",023118,,6,3,7,3801,0,1,1,,1,081,"I-80 W/B TO HARRISON STREET","2ND ST",370.00,E,N,C,-,Y,SF,,80," "," ",5.486,H,,R,Y,4,0,2,1,A,-,03,22350,,N,E,I,A,B,H,-,D,D,0,,,,,Y,,A,07,0,0,2,0,0,0,0,0,0,"- ","- ",37.784328460693359,-122.39331817626953,"SAN FRANCISCO","SAN FRANCISCO",-122.39344787597656,37.784442901611328
92337490,2023,2024-03-13,9335,2023-12-04,"20  ",023111,,1,3,7,3801,0,1,1,,1,083,"I-80 E/B","TREASURE ISLAND RD",4920.00,W,N,A,-,Y,SF,,80," "," ",6.797,H,,R,N,4,0,2,2,A,-,03,22350,,F,C,C,A,A,H,-,C,D,0,,,,,Y,,-,99,0,0,2,0,0,0,0,0,0,"- ","- ",37.798740386962891,-122.37740325927734,"SAN FRANCISCO","SAN FRANCISCO",-122.37722015380859,37.798618316650391
92337531,2023,2024-03-13,9335,2023-12-30,"655 ",023366,,6,1,7,3801,0,1,1,,2,080,"I-80 W/B","BRANNAN STREET",55.00,E,N,C,-,Y,SF,,80," "," ",4.191,H,,L,Y,3,0,1,2,A,-,08,22107,,N,E,J,F,B,H,-,B,D,0,Y,,,,Y,,D,22,0,1,0,0,1,0,0,0,0,"- ","- ",37.771068572998047,-122.40605926513672,"SAN FRANCISCO","SAN FRANCISCO",-122.4061279296875,37.771049499511719
92338551,2023,2024-03-14,9335,2023-12-31,2155,023489,,7,2,7,3801,0,1,1,,2,080,"I-80 E/B","5TH STREET UNDER-CROSSING",126.00,W,N,C,-,Y,SF,,80," "," ",4.805,H,,R,N,4,0,1,2,A,-,03,22350,,N,C,C,A,B,H,-,C,D,0,,,,,Y,,A,01,0,0,1,0,0,0,0,0,0,"- ","- ",37.777969360351562,-122.40128326416016,"SAN FRANCISCO","SAN FRANCISCO",-122.40129089355469,37.777988433837891
92341186,2023,2024-03-19,9335,2023-11-02,1520,022920,,4,2,7,3801,0,1,1,,1,083,"I-80 E/B","THE YERBA BUENA ISLAND TUNNEL EAST EDGE",1920.00,E,N,A,-,Y,SF,,80," ",R,8.184,H,,R,N,4,0,1,2,A,-,07,21658,A,N,C,C,A,A,H,-,A,D,0,,,,,Y,,D,22,0,0,1,0,0,0,0,0,0,"- ","- ",37.813968658447266,-122.36045837402344,"SAN FRANCISCO","SAN FRANCISCO",-122.36053466796875,37.814048767089844
92341196,2023,2024-03-19,9335,2023-12-26,1455,023593,,2,2,7,3801,0,1,1,,2,080,"I-80 WESTBOUND","BRANNAN ST UNDERCROSSING",32.00,W,N,A,-,Y,SF,,80," "," ",4.164,H,,L,N,4,0,2,2,A,-,03,22350,,N,C,C,A,A,H,-,A,D,0,,,,Y,Y,,F,26,0,0,2,0,0,0,0,0,0,"- ","- ",37.770671844482422,-122.40602874755859,"SAN FRANCISCO","SAN FRANCISCO",-122.40596008300781,37.770687103271484
92343095,2023,2024-03-20,9335,2023-11-02,1550,022860,,4,2,7,3801,0,1,2,,2,014,"US-101 N/B","18TH STREET PEDESTRIAN OVERCROSSING",50.00,S,N,A,-,Y,SF,,101," "," ",3.948,H,,R,N,4,0,1,2,A,-,03,22350,,M,C,C,A,A,H,-,A,D,0,,,,,Y,,A,08,0,0,1,0,0,0,0,0,0,"- ","- ",37.761970520019531,-122.40570831298828,"SAN FRANCISCO","SAN FRANCISCO",-122.40573883056641,37.761981964111328
92343323,2023,2024-03-21,9335,2023-11-25,"620 ",021200,,6,1,7,3801,0,1,2,,2,013,"US101 SB","ALEMANY BOULEVARD",140.00,N,N,A,-,Y,SF,,101," "," ",2.311,H,,L,N,4,0,1,1,A,-,08,22107,,F,E,C,A,A,H,-,D,D,0,,,,,Y,,A,01,0,0,1,0,0,0,0,0,0,"- ","- ",37.740161895751953,-122.408203125,"SAN FRANCISCO","SAN FRANCISCO",-122.40807342529297,37.740142822265625
92344858,2023,2024-03-22,9335,2023-11-23,1648,023474,,4,2,7,3801,0,1,1,,2,023,"I-280 S/B","JUSTIN DRIVE OVERCROSSING",3643.00,N,N,A,-,Y,SF,,280," ",R,3.930,H,,L,N,4,0,1,2,A,-,03,22350,,F,C,C,A,A,H,-,D,D,0,,,,,Y,,-,99,0,0,1,0,0,0,0,0,0,"- ","- ",37.732791900634766,-122.41352081298828,"SAN FRANCISCO","SAN FRANCISCO",-122.41352844238281,37.732799530029297
92345041,2023,2024-03-22,9335,2023-12-30,2300,022860,,6,3,7,3801,0,1,2,,2,014,"US-101 N/B","22RD STREET OVERCROSSING",400.00,N,N,A,-,Y,SF,,101," "," ",3.601,H,,R,Y,2,0,3,2,A,-,01,23152,A,N,C,C,A,A,H,-,D,D,0,,,,,Y,Y,A,01,2,0,1,0,0,0,0,0,0,"- ","- ",37.757789611816406,-122.40426635742188,"SAN FRANCISCO","SAN FRANCISCO",-122.40424346923828,37.7578125
92345403,2023,2024-03-25,9335,2023-12-10,"357 ",022860,,7,3,7,3801,0,1,1,,1,083,"I-80 E/B","TREASURE ISLAND ROAD",3000.00,W,N,A,-,Y,SF,,80," "," ",7.126,H,,R,Y,2,0,3,3,C,-,18,,,N,E,C,E,A,H,-,D,D,0,Y,,,,Y,,-,"- ",2,1,0,0,1,0,0,0,0,"- ","- ",37.802330017089844,-122.37332153320312,"SAN FRANCISCO","SAN FRANCISCO",-122.37325286865234,37.802284240722656
92345404,2023,2024-03-25,9335,2023-12-10,"355 ",022860,,7,3,7,3801,0,1,1,,1,083,"I-80 E/B","TREASURE ISLAND ROAD",3200.00,W,N,A,-,Y,SF,,80," "," ",7.119,H,,R,Y,2,0,2,2,A,-,03,22350,,N,C,C,A,A,H,-,D,D,0,,,,,Y,,A,01,1,1,0,0,0,0,0,0,0,"- ","- ",37.802291870117188,-122.37346649169922,"SAN FRANCISCO","SAN FRANCISCO",-122.37334442138672,37.802204132080078
92348754,2023,2024-03-27,9335,2023-11-02,1950,022860,,4,2,7,3801,0,1,1,,2,024,"I-280 N/B","16TH ST UNDERCROSSING",430.00,N,N,A,-,Y,SF,,280," ",R,6.956,H,,R,N,4,0,1,2,A,-,03,22350,,N,C,C,A,A,H,-,C,D,0,,,,,Y,,M,94,0,0,1,0,0,0,0,0,0,"- ","- ",37.767528533935547,-122.39553833007812,"SAN FRANCISCO","SAN FRANCISCO",-122.39558410644531,37.767494201660156
92348946,2023,2024-03-28,9335,2023-11-07,1750,023366,,2,2,7,3801,0,1,2,,2,014,"US-101 S/B","CESAR CHAVEZ ST",196.00,N,N,A,-,Y,SF,,101," "," ",3.046,H,,L,Y,4,0,2,4,A,-,03,22350,,N,C,C,A,A,H,-,C,D,0,,,,,Y,,A,01,0,0,2,0,0,0,0,0,0,"- ","- ",37.749980926513672,-122.40370178222656,"SAN FRANCISCO","SAN FRANCISCO",-122.40362548828125,37.749965667724609