CASE_ID,ACCIDENT_YEAR,PROC_DATE,JURIS,COLLISION_DATE,COLLISION_TIME,OFFICER_ID,REPORTING_DISTRICT,DAY_OF_WEEK,CHP_SHIFT,POPULATION,CNTY_CITY_LOC,SPECIAL_COND,BEAT_TYPE,CHP_BEAT_TYPE,CITY_DIVISION_LAPD,CHP_BEAT_CLASS,BEAT_NUMBER,PRIMARY_RD,SECONDARY_RD,DISTANCE,DIRECTION,INTERSECTION,WEATHER_1,WEATHER_2,STATE_HWY_IND,CALTRANS_COUNTY,CALTRANS_DISTRICT,STATE_ROUTE,ROUTE_SUFFIX,POSTMILE_PREFIX,POSTMILE,LOCATION_TYPE,RAMP_INTERSECTION,SIDE_OF_HWY,TOW_AWAY,COLLISION_SEVERITY,NUMBER_KILLED,NUMBER_INJURED,PARTY_COUNT,PRIMARY_COLL_FACTOR,PCF_CODE_OF_VIOL,PCF_VIOL_CATEGORY,PCF_VIOLATION,PCF_VIOL_SUBSECTION,HIT_AND_RUN,TYPE_OF_COLLISION,MVIW,PED_ACTION,ROAD_SURFACE,ROAD_COND_1,ROAD_COND_2,LIGHTING,CONTROL_DEVICE,CHP_ROAD_TYPE,PEDESTRIAN_ACCIDENT,BICYCLE_ACCIDENT,MOTORCYCLE_ACCIDENT,TRUCK_ACCIDENT,NOT_PRIVATE_PROPERTY,ALCOHOL_INVOLVED,STWD_VEHTYPE_AT_FAULT,CHP_VEHTYPE_AT_FAULT,COUNT_SEVERE_INJ,COUNT_VISIBLE_INJ,COUNT_COMPLAINT_PAIN,COUNT_PED_KILLED,COUNT_PED_INJURED,COUNT_BICYCLIST_KILLED,COUNT_BICYCLIST_INJURED,COUNT_MC_KILLED,COUNT_MC_INJURED,PRIMARY_RAMP,SECONDARY_RAMP,LATITUDE,LONGITUDE,COUNTY,CITY,POINT_X,POINT_Y
92348953,2023,2024-03-28,9335,2023-11-13,1605,023367,,1,2,7,3801,0,1,2,,2,015,"US-101 N/B TO MISSION STREET","MISSION STREET",420.00,S,N,A,-,Y,SF,,101," ",M,5.142,H,,R,N,4,0,1,2,A,-,03,22350,,N,C,C,A,A,H,-,B,A,0,,,,,Y,,A,01,0,0,1,0,0,0,0,0,0,"- ","- ",37.770061492919922,-122.41832733154297,"SAN FRANCISCO","SAN FRANCISCO",-122.41835021972656,37.76995849609375
92350022,2023,2024-03-29,9335,2023-11-02,1845,022860,,4,2,7,3801,0,1,2,,2,013,"US-101 N/B","CORTLAND AVE UNDERCROSSING",170.00,S,N,A,-,Y,SF,,101," "," ",2.240,H,,R,N,4,0,1,3,A,-,03,22350,,N,C,C,A,A,H,-,B,D,0,,,,,Y,,A,01,0,0,1,0,0,0,0,0,0,"- ","- ",37.739120483398438,-122.40802764892578,"SAN FRANCISCO","SAN FRANCISCO",-122.40800476074219,37.739120483398438
92350032,2023,2024-03-29,9335,2023-11-09,1055,018804,,4,1,7,3801,0,1,1,,2,023,"I-280 S/B","FARALLONES ST. PEDESTRIAN OVERCROSSING",600.00,N,N,A,-,Y,SF,,280," ",R,1.180,H,,L,N,4,0,1,2,A,-,00,21960,A,M,G,B,D,A,H,-,A,D,0,Y,,,,Y,,-,"- ",0,0,1,0,1,0,0,0,0,"- ","- ",37.714920043945312,-122.45050048828125,"SAN FRANCISCO","SAN FRANCISCO",-122.45049285888672,37.714912414550781
92350847,2023,2024-03-29,9335,2023-12-30,"840 ",023366,,6,1,7,3801,0,1,1,,1,081,"I-80 W/B","TREASURE ISLAND RD",2376.00,W,N,C,-,Y,SF,,80," "," ",7.285,H,,L,Y,4,0,5,7,A,-,03,22350,,N,C,C,A,B,H,-,A,D,0,,,,,Y,,-,"- ",0,0,5,0,0,0,0,0,0,"- ","- ",37.804191589355469,-122.37153625488281,"SAN FRANCISCO","SAN FRANCISCO",-122.37135314941406,37.804065704345703
92357062,2023,2024-04-05,9335,2023-11-17,"747 ",022860,,5,1,7,3801,0,1,2,,2,013,"US-101 S/B","FAITH STREET PEDESTRIAN OVERCROSSING",1000.00,S,N,A,-,Y,SF,,101," "," ",2.418,H,,L,N,4,0,1,2,A,-,07,21658,A,M,B,C,A,A,H,-,A,D,0,,,,,Y,,-,99,0,0,1,0,0,0,0,0,0,"- ","- ",37.741600036621094,-122.40757751464844,"SAN FRANCISCO","SAN FRANCISCO",-122.40760040283203,37.741607666015625
92358417,2023,2024-04-08,9335,2023-11-15,"55  ",023167,,3,3,7,3801,0,1,2,,2,015,"I-80 E/B FROM US-101 S/B","BRANNAN ST",260.00,N,N,A,-,Y,SF,,80," "," ",4.136,H,,R,N,4,0,1,1,A,-,01,23152,A,N,E,I,A,A,H,-,C,D,0,,,,,Y,Y,A,01,0,0,1,0,0,0,0,0,0,"- ","- ",37.770309448242188,-122.40544128417969,"SAN FRANCISCO","SAN FRANCISCO",-122.4053955078125,37.770320892333984
92363846,2023,2024-04-15,9335,2023-11-12,"405 ",023067,,7,3,7,3801,0,1,1,,1,083,"I-80 E/B","TREASURE ISLAND RD",10040.00,W,N,A,-,Y,SF,,80," "," ",7.522,H,,R,Y,4,0,1,4,A,-,03,22350,,F,C,C,A,A,H,-,C,D,0,,,,,Y,Y,A,01,0,0,1,0,0,0,0,0,0,"- ","- ",37.806800842285156,-122.36865234375,"SAN FRANCISCO","SAN FRANCISCO",-122.36852264404297,37.806713104248047
92363854,2023,2024-04-15,9335,2023-11-18,"424 ",023312,,6,3,7,3801,0,1,1,,1,081,"I-80 W/B","4TH ST U/C",243.00,E,N,B,C,Y,SF,,80," "," ",5.117,H,,L,Y,3,0,1,1,A,-,08,22107,,N,F,I,A,B,H,-,C,D,0,,,,,Y,,A,08,0,1,0,0,0,0,0,0,0,"- ","- ",37.780879974365234,-122.39827728271484,"SAN FRANCISCO","SAN FRANCISCO",-122.39838409423828,37.780960083007812
92363904,2023,2024-04-15,9335,2023-11-19,1545,022860,,7,2,7,3801,0,1,2,,2,013,"US-101 S/B","CORTLAND AVE UNDERCROSSING",410.00,N,N,A,-,Y,SF,,101," "," ",2.358,H,,L,N,4,0,1,2,A,-,06,21755,A,M,C,C,A,A,H,-,A,D,0,,,Y,,Y,,A,07,0,0,1,0,0,0,0,0,1,"- ","- ",37.740798950195312,-122.40789031982422,"SAN FRANCISCO","SAN FRANCISCO",-122.40791320800781,37.740802764892578
92381174,2023,2024-05-03,9335,2023-11-13,"825 ",023367,,1,1,7,3801,0,1,1,,1,081,"I-80 W/B","CECTER ANCHORAGE",1521.00,W,N,A,-,Y,SF,,80," "," ",6.475,H,,L,Y,4,0,1,3,A,-,07,21658,A,F,C,C,A,A,H,-,A,D,0,,,Y,,Y,,-,99,0,0,1,0,0,0,0,0,1,"- ","- ",37.795101165771484,-122.38121032714844,"SAN FRANCISCO","SAN FRANCISCO",-122.38111877441406,37.795040130615234
92384757,2023,2024-05-08,9335,2023-11-01,"910 ",023489,,3,1,7,3801,0,1,2,,2,014,"US-101 S/B","CESAR CHAVEZ ST",1373.00,N,N,A,-,Y,SF,,101," "," ",3.275,H,,L,Y,3,0,1,2,A,-,07,21658,A,N,C,C,A,A,H,-,A,D,0,,,Y,,Y,,A,07,0,1,0,0,0,0,0,0,1,"- ","- ",37.753200531005859,-122.40296936035156,"SAN FRANCISCO","SAN FRANCISCO",-122.40302276611328,37.753196716308594
9239141,2021,2021-04-20,3801,2021-03-25,1927,2727,NORTH,4,5,7,3801,0,0,0,,0,3E15D,"MARINA BL","BUCHANAN ST",0.00,,Y,A,-,N,,,,,,,,,,Y,4,0,1,2,A,-,09,21801,A,N,A,C,A,A,H,-,B,A,0,,,Y,,Y,,A,01,0,0,1,0,0,0,0,0,1,"- ","- ",,,"SAN FRANCISCO","SAN FRANCISCO",-122.43370819091797,37.805038452148438
9239142,2021,2021-04-23,3801,2021-03-25,1922,299,CENTR,4,5,7,3801,0,0,0,,0,3A4D,"THE EMBARCADERO","WASHINGTON ST",383.00,N,N,A,-,N,,,,,,,,,,N,3,0,1,1,-,-,"- ",,,N,H,A,A,A,-,-,A,D,0,,Y,,,Y,,L,04,0,1,0,0,0,0,1,0,0,"- ","- ",,,"SAN FRANCISCO","SAN FRANCISCO",-122.39631652832031,37.797504425048828
9239143,2021,2021-04-20,3801,2021-03-25,1905,335,TARAV,4,5,7,3801,0,0,0,,0,3I16D,"OCEAN AV","KEYSTONE WY",102.00,E,N,A,-,N,,,,,,,,,,Y,2,0,1,2,A,-,08,22107,,N,D,C,A,A,H,-,A,D,0,,,Y,,Y,,A,01,1,0,0,0,0,0,0,0,1,"- ","- ",,,"SAN FRANCISCO","SAN FRANCISCO",-122.46253204345703,37.725372314453125
9239144,2021,2021-04-20,3801,2021-03-31,2242,1402,SOUTH,3,5,7,3801,0,0,0,,0,3B15E,"9TH ST","HOWARD ST",0.00,,Y,A,-,N,,,,,,,,,,N,4,0,2,2,A,-,04,21703,,N,C,C,A,A,H,-,C,A,0,,,,,Y,,A,07,0,0,2,0,0,0,0,0,0,"- ","- ",,,"SAN FRANCISCO","SAN FRANCISCO",-122.41315460205078,37.774997711181641
9239145,2021,2021-04-20,3801,2021-03-14,1330,2163,NORTH,7,5,7,3801,0,0,0,,0,3E15D,"LAGUNA ST","UNION ST",0.00,,Y,B,-,N,,,,,,,,,,N,4,0,1,1,C,-,18,,,N,H,A,A,A,H,-,A,D,0,,Y,,,Y,,-,"- ",0,0,1,0,0,0,1,0,0,"- ","- ",,,"SAN FRANCISCO","SAN FRANCISCO",-122.4305419921875,37.797714233398438
9239146,2021,2021-04-20,3801,2021-03-14,1816,1148,MISSI,7,5,7,3801,0,0,0,,0,3D12D,"16TH ST","VALENCIA ST",8.00,E,N,B,C,N,,,,,,,,,,N,4,0,1,2,A,-,10,21950,A,N,G,B,B,B,H,-,A,A,0,Y,,,,Y,,A,01,0,0,1,0,1,0,0,0,0,"- ","- ",,,"SAN FRANCISCO","SAN FRANCISCO",-122.42185974121094,37.764911651611328
9239147,2021,2021-04-20,3801,2021-03-14,1340,1052,RICHM,7,5,7,3801,0,0,0,,0,3G4C,"FULTON ST","14TH AV",14.00,W,N,A,-,N,,,,,,,,,,N,4,0,1,2,A,-,08,22107,,N,H,A,A,A,H,-,A,D,0,,,Y,,Y,,A,01,0,0,1,0,0,0,0,0,1,"- ","- ",,,"SAN FRANCISCO","SAN FRANCISCO",-122.47236633300781,37.773097991943359
9239148,2021,2021-04-23,3801,2021-03-14,1315,1394,TARAV,7,5,7,3801,0,0,0,,0,TARAV,"NORIEGA ST","20TH AV",0.00,,Y,A,-,N,,,,,,,,,,N,4,0,1,2,A,-,03,22350,,N,C,E,A,A,H,-,A,A,0,,,,,Y,,A,01,0,0,1,0,0,0,0,0,0,"- ","- ",,,"SAN FRANCISCO","SAN FRANCISCO",-122.47756958007812,37.754173278808594
9239149,2021,2021-04-20,3801,2021-03-14,1220,2439,CENTR,7,5,7,3801,0,0,0,,0,3A11C,"FRANCISCO ST","POWELL ST",250.00,E,N,A,-,N,,,,,,,,,,Y,4,0,1,4,A,-,06,21751,,M,B,E,A,A,H,-,A,D,0,,,,,Y,,A,01,0,0,1,0,0,0,0,0,0,"- ","- ",,,"SAN FRANCISCO","SAN FRANCISCO",-122.41091918945312,37.805015563964844
9239150,2021,2021-04-20,3801,2021-03-14,0630,1418,TARAV,7,5,7,3801,0,0,0,,0,0I2,"NORIEGA ST","28TH AV",97.00,W,N,B,-,N,,,,,,,,,,Y,3,0,3,4,A,-,08,22107,,M,B,E,A,A,H,-,D,D,0,,,,,Y,,A,01,0,1,2,0,0,0,0,0,0,"- ","- ",,,"SAN FRANCISCO","SAN FRANCISCO",-122.48645782470703,37.753795623779297
9239151,2021,2021-04-20,3801,2021-03-13,2103,1480,MISSI,6,5,7,3801,0,0,0,,0,3D15E,"16TH ST","POTRERO AV",0.00,,Y,A,-,N,,,,,,,,,,N,4,0,1,2,A,-,12,21453,A,N,-,C,A,-,H,-,C,A,0,,,,,Y,,A,01,0,0,1,0,0,0,0,0,0,"- ","- ",,,"SAN FRANCISCO","SAN FRANCISCO",-122.40756225585938,37.765773773193359
9239152,2021,2021-04-20,3801,2021-03-13,1900,2089,BAYVI,6,5,7,3801,0,0,0,,0,3C61,"LA SALLE AV","OSCEOLA LN",50.00,E,N,A,-,N,,,,,,,,,,Y,3,0,2,3,A,-,05,21650,,F,B,E,A,A,H,-,C,A,0,,,,,Y,,A,01,0,1,1,0,0,0,0,0,0,"- ","- ",,,"SAN FRANCISCO","SAN FRANCISCO",-122.38367462158203,37.732395172119141
9239153,2021,2021-04-20,3801,2021-03-13,1934,2089,BAYVI,6,5,7,3801,0,0,0,,0,003,"INGALLS ST","GEORGE CT",25.00,N,N,A,-,N,,,,,,,,,,Y,4,0,1,2,A,-,07,21658,A,N,B,E,A,A,H,-,C,A,0,,,,,Y,,A,01,0,0,1,0,0,0,0,0,0,"- ","- ",,,"SAN FRANCISCO","SAN FRANCISCO",-122.38225555419922,37.730628967285156
9239154,2021,2021-04-20,3801,2021-03-13,1714,1244,TARAV,6,5,7,3801,0,0,0,,0,3I2,"IRVING ST","20TH AV",45.00,E,N,A,-,N,,,,,,,,,,N,3,0,1,2,A,-,08,22102,,N,D,G,A,A,H,-,A,A,0,,Y,,,Y,,-,,0,1,0,0,0,0,1,0,0,"- ","- ",,,"SAN FRANCISCO","SAN FRANCISCO",-122.47805786132812,37.763515472412109
9239155,2021,2021-04-20,3801,2021-03-13,1716,1876,NORTH,6,5,7,3801,0,0,0,,0,3E12D,"STEINER ST","GOLDEN GATE AV",0.00,,Y,A,-,N,,,,,,,,,,N,3,0,1,2,A,-,12,21453,A,N,B,J,A,A,H,-,A,A,0,,,Y,,Y,,O,05,0,1,0,0,0,0,0,0,1,"- ","- ",,,"SAN FRANCISCO","SAN FRANCISCO",-122.43357849121094,37.779354095458984
9239156,2021,2021-04-20,3801,2021-03-13,1703,1173,RICHM,6,5,7,3801,0,0,0,,0,901,"34TH AV","BALBOA ST",0.00,,Y,A,-,N,,,,,,,,,,N,2,0,1,1,D,-,00,,,N,-,-,A,A,H,-,A,D,0,,Y,,,Y,,-,"- ",1,0,0,0,0,0,1,0,0,"- ","- ",,,"SAN FRANCISCO","SAN FRANCISCO",-122.49412536621094,37.775871276855469
9239157,2021,2021-04-20,3801,2021-03-13,1430,4046,MISSI,6,5,7,3801,0,0,0,,0,3D16D,"DOLORES ST","23RD ST",0.00,,Y,A,-,N,,,,,,,,,,N,4,0,1,2,A,-,10,21950,A,N,A,B,B,A,H,-,A,A,0,Y,,,,Y,,A,01,0,0,1,0,1,0,0,0,0,"- ","- ",,,"SAN FRANCISCO","SAN FRANCISCO",-122.42539978027344,37.753414154052734
9239158,2021,2021-04-20,3801,2021-03-14,2250,901,INGLE,7,5,7,3801,0,0,0,,0,3H13E,"SAN JOSE AV","THERESA ST",125.00,E,N,B,-,N,,,,,,,,,,Y,3,0,3,1,A,-,03,22350,,N,E,I,A,B,H,-,C,D,0,,,,,Y,,A,01,0,2,1,0,0,0,0,0,0,"- ","- ",,,"SAN FRANCISCO","SAN FRANCISCO",-122.43607330322266,37.730518341064453
9239159,2021,2021-04-20,3801,2021-03-10,2205,2483,NORTH,3,5,7,3801,0,0,0,,0,3E13E,"HAIGHT ST","OCTAVIA ST",0.00,,Y,C,-,N,,,,,,,,,,N,4,0,1,2,A,-,03,22350,,N,H,G,A,B,H,-,C,A,0,,Y,,,Y,,L,04,0,0,1,0,0,0,1,0,0,"- ","- ",,,"SAN FRANCISCO","SAN FRANCISCO",-122.42392730712891,37.772964477539062
9239160,2021,2021-04-20,3801,2021-03-10,1754,2435,BAYVI,3,5,7,3801,0,0,0,,0,001,"MARIPOSA ST","PENNSYLVANIA AV",0.00,,Y,B,-,N,,,,,,,,,,Y,4,0,1,2,A,-,01,23152,A,N,A,D,A,A,H,-,C,A,0,,,,,Y,Y,A,01,0,0,1,0,0,0,0,0,0,"- ","- ",,,"SAN FRANCISCO","SAN FRANCISCO",-122.39375305175781,37.764034271240234
9239161,2021,2021-04-21,3801,2021-03-10,1145,1701,TARAV,3,5,7,3801,0,0,0,,0,2CAR,"NORIEGA ST","32ND AV",0.00,,Y,-,-,N,,,,,,,,,,N,4,0,1,2,A,-,21,22106,,F,-,-,-,-,-,-,-,-,0,Y,,,,Y,,D,22,0,0,1,0,1,0,0,0,0,"- ","- ",,,"SAN FRANCISCO","SAN FRANCISCO",-122.49040222167969,37.753631591796875
9239162,2021,2021-04-20,3801,2021-03-03,1450,1347,NORTH,3,5,7,3801,0,0,0,,0,003,"GOUGH ST","GROVE ST",0.00,,Y,A,-,N,,,,,,,,,,N,4,0,1,3,A,-,03,22350,,F,C,C,A,A,H,-,A,A,0,,,,,Y,,A,07,0,0,1,0,0,0,0,0,0,"- ","- ",,,"SAN FRANCISCO","SAN FRANCISCO",-122.42316436767578,37.777805328369141
9239163,2021,2021-04-20,3801,2021-03-03,1350,2089,BAYVI,3,5,7,3801,0,0,0,,0,3CAR,"INNES AV","NEWHALL ST",0.00,,Y,A,-,N,,,,,,,,,,Y,4,0,1,3,A,-,05,21650,,N,D,E,A,A,H,-,A,A,0,,,,,Y,,A,01,0,0,1,0,0,0,0,0,0,"- ","- ",,,"SAN FRANCISCO","SAN FRANCISCO",-122.38882446289062,37.739421844482422
9239164,2021,2021-04-20,3801,2021-03-02,1836,426,NORTH,2,5,7,3801,0,0,0,,0,3E13D,"OFARRELL ST","POLK ST",60.00,W,N,A,-,N,,,,,,,,,,,4,0,1,2,A,-,08,22107,,N,C,C,A,A,H,-,C,A,0,,,,,Y,,A,01,0,0,1,0,0,0,0,0,0,"- ","- ",,,"SAN FRANCISCO","SAN FRANCISCO",-122.41975402832031,37.784942626953125
9239165,2021,2021-04-23,3801,2021-03-01,1900,2408,MISSI,1,5,7,3801,0,0,0,,0,3D13D,"CESAR CHAVEZ ST","FOLSOM ST",0.00,,Y,-,-,N,,,,,,,,,,N,4,0,1,2,A,-,10,21950,A,N,-,-,-,-,-,-,-,-,0,Y,,,,Y,,A,01,0,0,1,0,1,0,0,0,0,"- ","- ",,,"SAN FRANCISCO","SAN FRANCISCO",-122.41368103027344,37.748313903808594
9239166,2021,2021-04-19,3801,2021-03-02,1535,4102,SOUTH,2,5,7,3801,0,0,0,,0,3B15C,"MARKET ST","OCTAVIA ST",0.00,,Y,A,-,N,,,,,,,,,,N,3,0,1,2,A,-,12,21453,A,N,D,G,A,A,H,-,A,A,0,,Y,,,Y,,L,04,0,1,0,0,0,0,1,0,0,"- ","- ",,,"SAN FRANCISCO","SAN FRANCISCO",-122.42359161376953,37.771774291992188
9239167,2021,2021-04-19,3801,2021-03-02,1228,905,MISSI,2,5,7,3801,0,0,0,,0,3D13C,"GUERRERO ST","20TH ST",0.00,,Y,A,-,N,,,,,,,,,,Y,3,0,1,2,A,-,08,22107,,N,D,C,A,A,H,-,A,A,0,,,Y,,Y,,A,01,0,1,0,0,0,0,0,0,1,"- ","- ",,,"SAN FRANCISCO","SAN FRANCISCO",-122.42346954345703,37.758358001708984
9239168,2021,2021-04-19,3801,2021-03-01,1909,2496,SOUTH,1,5,7,3801,0,0,0,,0,3B12D,"MISSION ST","5TH ST",41.00,W,N,A,-,N,,,,,,,,,,Y,2,0,1,2,A,-,03,22350,,N,G,B,D,A,H,-,C,A,0,Y,,,,Y,,A,07,1,0,0,0,1,0,0,0,0,"- ","- ",,,"SAN FRANCISCO","SAN FRANCISCO",-122.40658569335938,37.782661437988281
9239169,2021,2021-04-19,3801,2021-03-01,1843,2081,CENTR,1,5,7,3801,0,0,0,,0,004,"COLUMBUS AV","GREEN ST",143.00,S,N,A,-,N,,,,,,,,,,N,2,0,1,2,A,-,11,21954,A,N,G,B,E,A,H,-,C,D,0,Y,,,,Y,,N,60,1,0,0,0,1,0,0,0,0,"- ","- ",,,"SAN FRANCISCO","SAN FRANCISCO",-122.40862274169922,37.799224853515625
9239170,2021,2021-04-19,3801,2021-03-08,1510,1644,TENDE,1,5,7,3801,0,0,0,,0,3J15D,"OFARRELL ST","LARKIN ST",0.00,,Y,A,-,N,,,,,,,,,,N,4,0,1,2,A,-,10,21950,A,F,G,B,B,A,-,-,A,A,0,Y,,,,Y,,-,99,0,0,1,0,1,0,0,0,0,"- ","- ",,,"SAN FRANCISCO","SAN FRANCISCO",-122.41790008544922,37.785167694091797
9239171,2021,2021-04-23,3801,2021-03-08,0831,156,BAYVI,1,5,7,3801,0,0,0,,0,3C60,"3RD ST","VANDYKE AV",0.00,,Y,A,-,N,,,,,,,,,,Y,4,0,1,1,C,-,18,,,N,A,I,A,A,H,-,A,A,0,,,,,Y,,-,"- ",0,0,1,0,0,0,0,0,0,"- ","- ",,,"SAN FRANCISCO","SAN FRANCISCO",-122.39257049560547,37.729206085205078
9239172,2021,2021-04-19,3801,2021-03-07,1425,2465,BAYVI,7,5,7,3801,0,0,0,,0,3C13C,"ROSIE LEE LN","ESPANOLA ST",19.00,W,N,A,-,N,,,,,,,,,,N,2,0,1,2,A,-,08,22100,B,N,A,C,A,A,H,-,A,D,0,,,Y,,Y,,C,03,1,0,0,0,0,0,0,0,1,"- ","- ",,,"SAN FRANCISCO","SAN FRANCISCO",-122.37972259521484,37.73175048828125
9239173,2021,2021-04-19,3801,2021-03-07,1417,2375,RICHM,7,5,7,3801,0,0,0,,0,3G3A,"CLEMENT ST","FUNSTON AV",0.00,,Y,A,-,N,,,,,,,,,,Y,4,0,2,2,A,-,09,21802,A,N,D,C,A,A,H,-,A,A,0,,,,,Y,,A,01,0,0,2,0,0,0,0,0,0,"- ","- ",,,"SAN FRANCISCO","SAN FRANCISCO",-122.47191619873047,37.7825927734375
9239174,2021,2021-04-19,3801,2021-03-06,1855,2080,CENTR,6,5,7,3801,0,0,0,,0,,"MARKET ST","NEW MONTGOMERY ST",0.00,,Y,A,-,N,,,,,,,,,,Y,4,0,2,1,A,-,07,21658,A,N,F,I,A,A,H,-,C,A,0,,,,,Y,,A,01,0,0,2,0,0,0,0,0,0,"- ","- ",,,"SAN FRANCISCO","SAN FRANCISCO",-122.40199279785156,37.788768768310547
9239175,2021,2021-04-19,3801,2021-03-06,0915,242,NORTH,6,5,7,3801,0,0,0,,0,901,"LAGUNA ST","UNION ST",0.00,,Y,A,-,N,,,,,,,,,,N,3,0,2,3,A,-,12,22450,A,N,D,G,A,A,H,-,A,D,0,,Y,,,Y,,L,04,0,2,0,0,0,0,2,0,0,"- ","- ",,,"SAN FRANCISCO","SAN FRANCISCO",-122.4305419921875,37.797714233398438
9239176,2021,2021-04-19,3801,2021-03-04,2031,1111,BAYVI,4,5,7,3801,0,0,0,,0,3C90,"JAMESTOWN AV","3RD ST",155.00,E,N,A,-,N,,,,,,,,,,Y,4,0,1,2,A,-,01,23152,A,N,A,E,A,A,H,-,C,A,0,,,,,Y,Y,A,01,0,0,1,0,0,0,0,0,0,"- ","- ",,,"SAN FRANCISCO","SAN FRANCISCO",-122.39626312255859,37.720024108886719
9239177,2021,2021-04-20,3801,2021-03-04,1104,73,TRAFF,4,5,7,3801,0,0,0,,0,4K1G,"GUERRERO ST","14TH ST",65.00,N,N,A,-,N,,,,,,,,,,Y,2,0,2,3,C,-,18,,,N,B,C,A,A,H,-,A,D,0,,,,,Y,,-,"- ",1,0,1,0,0,0,0,0,0,"- ","- ",,,"SAN FRANCISCO","SAN FRANCISCO",-122.42443084716797,37.768199920654297
9239178,2021,2021-04-19,3801,2021-03-04,0730,4307,NORTH,4,5,7,3801,0,0,0,,0,3E12A,"DIVISADERO ST","OAK ST",0.00,,Y,A,-,N,,,,,,,,,,N,3,0,1,2,D,-,00,,,N,H,A,A,A,H,-,A,A,0,,Y,,,Y,,-,"- ",0,1,0,0,0,0,1,0,0,"- ","- ",,,"SAN FRANCISCO","SAN FRANCISCO",-122.43743133544922,37.773143768310547
9239179,2021,2021-04-20,3801,2021-03-15,1155,1968,NORTH,1,5,7,3801,0,0,0,,0,3E41C,"OCTAVIA ST","OAK ST",0.00,,Y,A,-,N,,,,,,,,,,Y,4,0,1,2,A,-,12,21453,A,N,B,C,A,A,H,-,A,A,0,,,,,Y,,A,01,0,0,1,0,0,0,0,0,0,"- ","- ",,,"SAN FRANCISCO","SAN FRANCISCO",-122.42430114746094,37.774799346923828
9239202,2021,2021-04-29,3801,2021-03-18,1908,2441,INGLE,4,5,7,3801,0,0,0,,0,3H15D,"AMAZON AV","EDINBURGH ST",34.00,,N,A,C,N,,,,,,,,,,Y,4,0,1,3,A,-,03,22350,,N,F,E,A,B,H,-,C,-,0,,,,,Y,,A,07,0,0,1,0,0,0,0,0,0,"- ","- ",,,"SAN FRANCISCO","SAN FRANCISCO",-122.43619537353516,37.715679168701172
9239206,2021,2021-04-23,3801,2021-03-18,1200,504,NORTH,4,5,7,3801,0,0,0,,0,3A41C,"FELL ST","FRANKLIN ST",0.00,,Y,C,-,N,,,,,,,,,,Y,4,0,1,2,A,-,12,21453,A,N,D,C,A,B,H,-,A,A,0,,,,,Y,,I,11,0,0,1,0,0,0,0,0,0,"- ","- ",,,"SAN FRANCISCO","SAN FRANCISCO",-122.421142578125,37.776142120361328
9239210,2021,2021-04-21,3801,2021-03-23,0859,1210,INGLE,2,5,7,3801,0,0,0,,0,0H3,"MISSION ST","EXCELSIOR AV",0.00,,Y,A,-,N,,,,,,,,,,Y,4,0,1,2,A,-,03,22350,,N,C,C,A,A,H,-,A,A,0,,,,,Y,,A,01,0,0,1,0,0,0,0,0,0,"- ","- ",,,"SAN FRANCISCO","SAN FRANCISCO",-122.43363952636719,37.726234436035156
9239214,2021,2021-05-04,3801,2021-03-24,2227,2288,INGLE,3,5,7,3801,0,0,0,,0,3H13E,"ALEMANY BL","JUSTIN DR",231.00,N,N,A,-,N,,,,,,,,,,Y,3,0,1,2,-,-,"- ",,A,N,A,C,A,A,H,-,C,D,0,,,,,Y,Y,A,01,0,1,0,0,0,0,0,0,0,"- ","- ",,,"SAN FRANCISCO","SAN FRANCISCO",-122.42595672607422,37.731800079345703
9239222,2021,2021-05-04,3801,2021-03-29,1215,624,NORTH,1,5,7,3801,0,0,0,,0,006,"VAN NESS AV","CHESTNUT ST",0.00,,Y,A,-,N,,,,,,,,,,Y,4,0,1,3,A,-,12,21453,A,N,-,C,A,A,H,-,A,A,0,,,,,Y,,A,01,0,0,1,0,0,0,0,0,0,"- ","- ",,,"SAN FRANCISCO","SAN FRANCISCO",-122.42478179931641,37.802257537841797
9239226,2021,2021-04-21,3801,2021-03-05,1603,299,CENTR,5,5,7,3801,0,0,0,,0,3A12D,"MONTGOMERY ST","BUSH ST",0.00,,Y,A,-,N,,,,,,,,,,Y,4,0,1,2,A,-,08,22107,,N,B,C,A,A,H,-,A,A,0,,,,Y,Y,,A,01,0,0,1,0,0,0,0,0,0,"- ","- ",,,"SAN FRANCISCO","SAN FRANCISCO",-122.40235900878906,37.790973663330078
9239242,2021,2021-05-04,3801,2021-03-26,2324,2741,INGLE,5,5,7,3801,0,0,0,,0,3HI5E,"POPE ST","MORSE ST",235.00,W,N,A,-,N,,,,,,,,,,Y,4,0,1,2,A,-,00,21650,D,N,A,E,A,A,H,-,C,D,0,,,,,Y,,A,01,0,0,1,0,0,0,0,0,0,"- ","- ",,,"SAN FRANCISCO","SAN FRANCISCO",-122.44086456298828,37.713249206542969
92392450,2023,2024-05-17,9335,2023-11-19,1650,023338,,7,2,7,3801,0,1,1,,1,083,"I-80 E/B","THE BEALE STREET UNDERCROSSING",240.00,E,N,A,-,Y,SF,,80," "," ",5.773,H,,R,N,3,0,1,2,A,-,07,21658,A,F,B,C,A,A,H,-,A,D,0,,,Y,,Y,,-,99,0,1,0,0,0,0,0,0,1,"- ","- ",37.787311553955078,-122.38970184326172,"SAN FRANCISCO","SAN FRANCISCO",-122.38961029052734,37.787250518798828