CASE_ID,ACCIDENT_YEAR,PROC_DATE,JURIS,COLLISION_DATE,COLLISION_TIME,OFFICER_ID,REPORTING_DISTRICT,DAY_OF_WEEK,CHP_SHIFT,POPULATION,CNTY_CITY_LOC,SPECIAL_COND,BEAT_TYPE,CHP_BEAT_TYPE,CITY_DIVISION_LAPD,CHP_BEAT_CLASS,BEAT_NUMBER,PRIMARY_RD,SECONDARY_RD,DISTANCE,DIRECTION,INTERSECTION,WEATHER_1,WEATHER_2,STATE_HWY_IND,CALTRANS_COUNTY,CALTRANS_DISTRICT,STATE_ROUTE,ROUTE_SUFFIX,POSTMILE_PREFIX,POSTMILE,LOCATION_TYPE,RAMP_INTERSECTION,SIDE_OF_HWY,TOW_AWAY,COLLISION_SEVERITY,NUMBER_KILLED,NUMBER_INJURED,PARTY_COUNT,PRIMARY_COLL_FACTOR,PCF_CODE_OF_VIOL,PCF_VIOL_CATEGORY,PCF_VIOLATION,PCF_VIOL_SUBSECTION,HIT_AND_RUN,TYPE_OF_COLLISION,MVIW,PED_ACTION,ROAD_SURFACE,ROAD_COND_1,ROAD_COND_2,LIGHTING,CONTROL_DEVICE,CHP_ROAD_TYPE,PEDESTRIAN_ACCIDENT,BICYCLE_ACCIDENT,MOTORCYCLE_ACCIDENT,TRUCK_ACCIDENT,NOT_PRIVATE_PROPERTY,ALCOHOL_INVOLVED,STWD_VEHTYPE_AT_FAULT,CHP_VEHTYPE_AT_FAULT,COUNT_SEVERE_INJ,COUNT_VISIBLE_INJ,COUNT_COMPLAINT_PAIN,COUNT_PED_KILLED,COUNT_PED_INJURED,COUNT_BICYCLIST_KILLED,COUNT_BICYCLIST_INJURED,COUNT_MC_KILLED,COUNT_MC_INJURED,PRIMARY_RAMP,SECONDARY_RAMP,LATITUDE,LONGITUDE,COUNTY,CITY,POINT_X,POINT_Y
9239266,2021,2021-05-04,3801,2021-03-03,0652,4115,SOUTH,3,5,7,3801,0,0,0,,0,3B14A,"MARKET ST","GOUGH ST",0.00,,Y,A,-,N,,,,,,,,,,N,3,0,1,2,A,-,08,22100,A,N,D,G,A,A,H,-,A,A,0,,Y,,,Y,,D,22,0,1,0,0,0,0,1,0,0,"- ","- ",,,"SAN FRANCISCO","SAN FRANCISCO",-122.42221069335938,37.772872924804688
9239270,2021,2021-04-29,3801,2021-01-18,1321,2195,SOUTH,1,5,7,3801,0,0,0,,0,004,"OTIS ST","MCCOPPIN ST",107.00,S,N,A,-,N,,,,,,,,,,N,4,0,1,3,A,-,03,22350,,N,C,E,A,A,H,-,A,A,0,,,,Y,Y,,A,07,0,0,1,0,0,0,0,0,0,"- ","- ",,,"SAN FRANCISCO","SAN FRANCISCO",-122.42030334472656,37.771488189697266
9239277,2021,2021-04-23,3801,2021-03-19,1230,2439,CENTR,5,5,7,3801,0,0,0,,0,3A11C,"1ST ST","STEVENSON ST",35.00,S,N,A,-,N,,,,,,,,,,Y,4,0,1,2,D,-,00,,,N,B,C,A,A,H,-,A,D,0,,,,Y,Y,,-,"- ",0,0,1,0,0,0,0,0,0,"- ","- ",,,"SAN FRANCISCO","SAN FRANCISCO",-122.39851379394531,37.790531158447266
9239608,2021,2021-03-27,3801,2021-02-05,2225,2702,NORTH,5,5,7,3801,0,0,0,,0,3E13E,"POLK ST","GOLDEN GATE AV",0.00,,Y,A,-,N,,,,,,,,,,N,4,0,2,2,A,-,03,22350,,N,C,C,A,A,H,-,C,A,0,,,,,Y,,A,01,0,0,2,0,0,0,0,0,0,"- ","- ",,,"SAN FRANCISCO","SAN FRANCISCO",-122.41880035400391,37.781227111816406
92396124,2023,2024-05-22,9335,2023-08-27,"230 ",023082,,7,3,7,3801,0,1,1,,2,024,"I-280 S/B","OAKDALE AVENUE",53.00,S,N,A,-,Y,SF,,280," ",R,4.821,H,,L,Y,1,1,1,2,A,-,11,21954,A,N,G,B,E,A,H,-,D,D,0,Y,,,,Y,Y,N,60,0,0,1,1,0,0,0,0,0,"- ","- ",37.739688873291016,-122.39984130859375,"SAN FRANCISCO","SAN FRANCISCO",-122.39987945556641,37.739711761474609
9239625,2021,2021-03-22,3801,2021-02-23,2159,899,MISSI,2,5,7,3801,0,0,0,,0,3D14E,"24TH AV","POTRERO AV",0.00,,Y,A,-,N,,,,,,,,,,N,4,0,1,2,A,-,04,21703,,N,C,D,A,A,H,-,C,A,0,,,,,Y,,A,01,0,0,1,0,0,0,0,0,0,"- ","- ",,,"SAN FRANCISCO","SAN FRANCISCO",-122.40631866455078,37.752994537353516
9239627,2021,2021-03-22,3801,2021-02-24,1210,1003,,3,5,7,3801,0,0,0,,0,001,"MISSION ST","VIRGINA AV",0.00,,Y,A,-,N,,,,,,,,,,Y,3,0,1,2,A,-,07,21658,A,N,B,C,A,A,H,-,A,A,0,,,,,Y,,A,01,0,1,0,0,0,0,0,0,0,"- ","- ",,,"SAN FRANCISCO","SAN FRANCISCO",-122.42150115966797,37.743148803710938
9239637,2021,2021-03-22,3801,2021-02-15,1425,1359,INGLE,1,5,7,3801,0,0,0,,0,3G15C,"ALEMANY BL","FOOTE AV",25.00,S,N,B,-,N,,,,,,,,,,Y,4,0,1,2,A,-,03,22350,,F,C,C,A,B,-,-,A,A,0,,,,,Y,,A,01,0,0,1,0,0,0,0,0,0,"- ","- ",,,"SAN FRANCISCO","SAN FRANCISCO",-122.44739532470703,37.714637756347656
9239638,2021,2021-03-22,3801,2021-02-14,1817,668,NORTH,7,5,7,3801,0,0,0,,0,3E14D,"SCOTT ST","POST ST",0.00,,Y,C,-,N,,,,,,,,,,N,4,0,1,2,A,-,03,22350,,N,B,E,A,B,H,-,D,D,0,,,,,Y,,A,01,0,0,1,0,0,0,0,0,0,"- ","- ",,,"SAN FRANCISCO","SAN FRANCISCO",-122.43799591064453,37.784530639648438
9239681,2021,2021-04-13,3801,2021-01-17,1429,1994,TRAFF,7,5,7,3801,0,0,0,,0,4B3G,"OCEAN AV","JULES AV",0.00,,Y,-,-,N,,,,,,,,,,Y,2,0,1,2,A,-,08,22100,B,N,D,C,A,A,H,-,A,A,0,,,Y,,Y,,A,01,1,0,0,0,0,0,0,0,1,"- ","- ",,,"SAN FRANCISCO","SAN FRANCISCO",-122.46123504638672,37.724948883056641
9240131,2021,2021-04-23,3801,2021-03-07,2048,1166,TARAV,7,5,7,3801,0,0,0,,0,5CAR,"19TH AV","WINSTON DR",0.00,,Y,A,G,Y,SF,4,1,-,-,1.350,I,5,N,Y,2,0,2,3,A,-,12,21453,A,N,D,C,A,A,H,-,C,A,0,,,,,Y,,A,01,1,1,0,0,0,0,0,0,0,"- ","- ",,,"SAN FRANCISCO","SAN FRANCISCO",-122.47480773925781,37.726924896240234
92401990,2023,2024-05-30,9335,2023-12-01,1105,023357,,5,1,7,3801,0,1,1,,2,080,"I-80 E/B","BRANNAN ST",90.00,W,N,A,-,Y,SF,,80," "," ",4.172,H,,R,N,4,0,1,3,A,-,03,22350,,N,C,C,A,A,H,-,A,D,0,,,,,Y,,D,22,0,0,1,0,0,0,0,0,0,"- ","- ",37.770778656005859,-122.40563201904297,"SAN FRANCISCO","SAN FRANCISCO",-122.40562438964844,37.770782470703125
9240414,2021,2022-02-17,3801,2021-03-21,2130,382,NORTH,7,5,7,3801,0,0,0,,0,,"LOMBARD ST","SCOTT ST",105.00,E,N,A,-,Y,SF,4,101,-,-,7.630,H,-,S,N,3,0,1,2,A,-,03,22350,,F,C,G,A,A,H,-,C,A,0,,Y,,,Y,,-,,0,1,0,0,0,0,1,0,0,"- ","- ",,,"SAN FRANCISCO","SAN FRANCISCO",-122.44145202636719,37.799129486083984
9240418,2021,2022-02-17,3801,2021-03-25,1701,472,TARAV,4,5,7,3801,0,0,0,,0,3I15D,"19TH AV","SLOAT BL",0.00,,Y,A,-,Y,SF,4,1,-,-,1.897,I,5,N,N,4,0,1,2,A,-,12,21453,A,N,D,C,A,A,H,-,A,A,0,,,,,Y,,A,01,0,0,1,0,0,0,0,0,0,"- ","- ",,,"SAN FRANCISCO","SAN FRANCISCO",-122.47508239746094,37.734642028808594
9240442,2021,2022-02-17,3801,2021-03-11,1755,2419,RICHM,4,5,7,3801,0,0,0,,0,901,"PARK PRESIDIO BYPASS DR","FULTON ST",1584.00,S,N,A,-,Y,SF,4,1,-,-,4.680,H,-,S,Y,4,0,1,2,A,-,04,21703,,N,C,C,A,A,H,-,B,A,0,,,,,Y,,A,01,0,0,1,0,0,0,0,0,0,"- ","- ",,,"SAN FRANCISCO","SAN FRANCISCO",-122.47718811035156,37.772445678710938
92414841,2023,2024-06-14,9335,2023-12-07,2011,023312,,4,2,7,3801,0,1,2,,2,015,"US-101 N/B","MISSION ST U/C",153.00,N,N,A,-,Y,SF,,101," ",M,5.263,H,,R,N,4,0,1,4,A,-,03,22350,,M,C,C,A,A,H,-,C,D,0,,,,,Y,,A,07,0,0,1,0,0,0,0,0,0,"- ","- ",37.770118713378906,-122.42051696777344,"SAN FRANCISCO","SAN FRANCISCO",-122.42051696777344,37.7701416015625
92415470,2023,2024-06-17,9335,2023-08-27,"252 ",023111,,7,3,7,3801,0,1,2,,2,013,"US-101 N/B","BAYSHORE BLVD OVERCROSSING",1129.00,N,N,A,-,Y,SF,,101," "," ",0.772,H,,R,Y,1,2,1,2,A,-,01,23152,A,N,A,C,A,A,H,-,C,D,0,,,,,Y,Y,A,01,1,0,0,0,0,0,0,0,0,"- ","- ",37.718978881835938,-122.39949798583984,"SAN FRANCISCO","SAN FRANCISCO",-122.39943695068359,37.718990325927734
9246885,2021,2021-04-20,3801,2021-03-12,1614,2727,NORTH,5,5,7,3801,0,0,0,,0,3A15D,"MARINA BL","WEBSTER ST",0.00,,Y,A,-,N,,,,,,,,,,Y,4,0,1,2,A,-,03,22350,,F,C,C,A,A,H,-,A,A,0,,,,,Y,,A,01,0,0,1,0,0,0,0,0,0,"- ","- ",,,"SAN FRANCISCO","SAN FRANCISCO",-122.43563079833984,37.806175231933594
9247106,2021,2021-04-29,3801,2021-03-03,2104,1252,RICHM,3,5,7,3801,0,0,0,,0,0G3,"6TH AV","ANZA ST",0.00,,Y,A,-,N,,,,,,,,,,,4,0,1,2,A,-,12,22450,A,N,G,G,A,A,H,-,C,C,0,,Y,,,Y,,-,"- ",0,0,1,0,0,0,1,0,0,"- ","- ",,,"SAN FRANCISCO","SAN FRANCISCO",-122.46414947509766,37.779102325439453
9247405,2021,2021-04-30,3801,2021-03-12,1953,1994,TRAFF,5,5,7,3801,0,0,0,,0,4B3G,"LINCOLN WY","7TH AV",2.00,W,N,A,-,N,,,,,,,,,,N,3,0,1,2,A,-,11,21456,C,N,G,B,B,A,H,-,C,A,0,Y,,,,Y,,N,60,0,1,0,0,1,0,0,0,0,"- ","- ",,,"SAN FRANCISCO","SAN FRANCISCO",-122.46430969238281,37.766040802001953
9247417,2021,2021-04-28,3801,2021-02-19,0910,2722,PARK,5,5,7,3801,0,0,0,,0,3F13A,"HAIGHT ST","MASONIC AV",0.00,,Y,B,C,N,,,,,,,,,,N,4,0,2,2,A,-,09,21453,B,N,D,-,A,B,H,-,A,A,0,,,Y,,Y,,C,06,0,0,2,0,0,0,0,0,0,"- ","- ",,,"SAN FRANCISCO","SAN FRANCISCO",-122.44535064697266,37.770210266113281
9247449,2021,2021-04-20,3801,2021-03-07,0230,1845,TARAV,7,5,7,3801,0,0,0,,0,3I15E,"SKYLINE BL","LAKE MERCED BL",0.00,,Y,A,-,N,,,,,,,,,,N,4,0,1,2,A,-,10,21950,A,F,G,B,B,A,H,-,C,A,0,Y,,,,Y,,-,,0,0,1,0,1,0,0,0,0,"- ","- ",,,"SAN FRANCISCO","SAN FRANCISCO",-122.49894714355469,37.731536865234375
9247450,2021,2021-04-20,3801,2021-03-06,2124,4125,RICHM,6,5,7,3801,0,0,0,,0,3G12E,"CALIFORNIA AV","LYON ST",0.00,,Y,A,-,N,,,,,,,,,,Y,3,0,3,2,A,-,09,21453,B,N,B,C,A,A,H,-,C,A,0,,,,,Y,,A,01,0,1,2,0,0,0,0,0,0,"- ","- ",,,"SAN FRANCISCO","SAN FRANCISCO",-122.44540405273438,37.787418365478516
9247451,2021,2021-04-20,3801,2021-03-06,1635,4314,RICHM,6,5,7,3801,0,0,0,,0,0G4,"28TH AV","CLEMENT ST",0.00,,Y,A,-,N,,,,,,,,,,Y,4,0,1,2,A,-,09,21801,A,N,D,C,A,A,H,-,A,A,0,,,,,Y,,A,01,0,0,1,0,0,0,0,0,0,"- ","- ",,,"SAN FRANCISCO","SAN FRANCISCO",-122.48807525634766,37.781856536865234
9247452,2021,2021-04-20,3801,2021-03-06,1345,1385,MISSI,6,5,7,3801,0,0,0,,0,3S41A,"MARKET ST","CASTRO ST",0.00,,Y,A,-,N,,,,,,,,,,N,3,0,1,2,A,-,03,22350,,N,B,G,A,A,H,-,A,A,0,,Y,,,Y,,L,04,0,1,0,0,0,0,1,0,0,"- ","- ",,,"SAN FRANCISCO","SAN FRANCISCO",-122.43515777587891,37.762641906738281
9247453,2021,2021-04-20,3801,2021-03-04,1221,1246,MISSI,4,5,7,3801,0,0,0,,0,3D16D,"14TH ST","FOLSOM ST",5.00,W,N,A,-,N,,,,,,,,,,N,4,0,1,2,A,-,08,22107,,N,B,C,A,A,H,-,A,A,0,,,Y,,Y,,A,01,0,0,1,0,0,0,0,0,1,"- ","- ",,,"SAN FRANCISCO","SAN FRANCISCO",-122.41562652587891,37.768539428710938
9247454,2021,2021-04-22,3801,2021-03-09,2046,2111,MISSI,2,5,7,3801,0,0,0,,0,3D14D,"POTRERO AV","25TH ST",350.00,S,N,C,-,N,,,,,,,,,,Y,4,0,1,1,A,-,03,22350,,N,E,I,A,B,H,-,C,D,0,,,,,Y,,A,07,0,0,1,0,0,0,0,0,0,"- ","- ",,,"SAN FRANCISCO","SAN FRANCISCO",-122.40606689453125,37.750785827636719
9247456,2021,2021-04-21,3801,2021-03-08,1755,540,SOUTH,1,5,7,3801,0,0,0,,0,0B3,"TOWNSEND ST","7TH ST",0.00,,Y,A,-,N,,,,,,,,,,Y,4,0,2,3,A,-,12,21453,A,N,D,C,A,A,H,-,A,A,0,,,,,Y,,A,01,0,0,2,0,0,0,0,0,0,"- ","- ",,,"SAN FRANCISCO","SAN FRANCISCO",-122.40165710449219,37.771831512451172
9247457,2021,2021-04-22,3801,2021-03-08,0850,2148,MISSI,1,5,7,3801,0,0,0,,0,3D11C,"MARKET ST","SANCHEZ ST",0.00,,Y,-,-,N,,,,,,,,,,N,3,0,1,2,A,-,"- ",,,N,-,-,A,-,-,-,-,-,0,,,Y,,Y,,A,01,0,1,0,0,0,0,0,0,1,"- ","- ",,,"SAN FRANCISCO","SAN FRANCISCO",-122.43100738525391,37.765979766845703
9247458,2021,2021-04-20,3801,2021-03-07,1500,905,MISSI,7,5,7,3801,0,0,0,,0,3D15C,"MISSION ST","21ST ST",39.00,S,N,A,-,N,,,,,,,,,,N,3,0,1,2,A,-,08,22102,,N,D,C,A,A,H,-,A,A,0,,,Y,,Y,,A,01,0,1,0,0,0,0,0,0,1,"- ","- ",,,"SAN FRANCISCO","SAN FRANCISCO",-122.41890716552734,37.756912231445312
9247459,2021,2021-04-20,3801,2021-03-07,1700,4314,RICHM,7,5,7,3801,0,0,0,,0,0G5,"BALBOA ST","47TH AV",0.00,,Y,B,-,N,,,,,,,,,,Y,3,0,1,2,A,-,09,21802,A,N,D,C,A,A,H,-,A,A,0,,,,,Y,,A,01,0,1,0,0,0,0,0,0,0,"- ","- ",,,"SAN FRANCISCO","SAN FRANCISCO",-122.50804901123047,37.775230407714844
9247460,2021,2021-04-20,3801,2021-03-06,1006,4286,RICHM,6,5,7,3801,0,0,0,,0,0G1,"MARTIN LUTHER KING JR DR","LINCOLN WY",200.00,N,N,A,-,N,,,,,,,,,,N,3,0,1,2,A,-,21,22106,,N,B,G,A,A,H,-,A,D,0,,Y,,,Y,,A,01,0,1,0,0,0,0,1,0,0,"- ","- ",,,"SAN FRANCISCO","SAN FRANCISCO",-122.50917816162109,37.764495849609375
9247461,2021,2021-04-17,3801,2021-03-14,2021,4187,NORTH,7,5,7,3801,0,0,0,,0,3E15D,"MARINA GREEN","FILLMORE ST",135.00,W,N,B,C,N,,,,,,,,,,N,4,0,1,1,A,-,03,22350,,N,H,J,A,B,H,-,B,D,0,,,,,Y,,A,01,0,0,1,0,0,0,0,0,0,"- ","- ",,,"SAN FRANCISCO","SAN FRANCISCO",-122.43790435791016,37.806339263916016
9247462,2021,2021-04-17,3801,2021-03-13,0523,4347,TARAV,6,5,7,3801,0,0,0,,0,3I11E,"LINCOLN WY","35TH AV",14.00,W,N,A,-,N,,,,,,,,,,Y,4,0,1,2,A,-,08,22107,,N,E,I,A,A,H,-,C,D,0,,,,,Y,,-,99,0,0,1,0,0,0,0,0,0,"- ","- ",,,"SAN FRANCISCO","SAN FRANCISCO",-122.49443817138672,37.764698028564453
9247463,2021,2021-06-03,3801,2021-03-12,2017,2140,MISSI,5,5,7,3801,0,0,0,,0,3D11E,"18TH ST","18TH ST 3638",0.00,,-,A,-,N,,,,,,,,,,N,2,0,1,2,A,-,17,22517,,N,A,G,A,A,H,-,C,D,0,,Y,,,Y,,-,,1,0,0,0,0,0,1,0,0,"- ","- ",,,"SAN FRANCISCO","SAN FRANCISCO",-122.42470899999999,37.761536
9247464,2021,2021-04-17,3801,2021-03-12,1807,,MISSI,5,5,7,3801,0,0,0,,0,3D1,"MISSION ST","MISSION ST 2480",0.00,,-,A,-,N,,,,,,,,,,Y,4,0,1,2,A,-,08,22107,,N,B,C,A,A,H,-,A,D,0,,,,,Y,,A,01,0,0,1,0,0,0,0,0,0,"- ","- ",,,"SAN FRANCISCO","SAN FRANCISCO",-122.41979217529297,37.7705078125
9247465,2021,2021-04-17,3801,2021-03-12,1622,335,TARAV,5,5,7,3801,0,0,0,,0,3I16D,"OCEAN AV","OCEAN AV 1936",0.00,,-,A,-,N,,,,,,,,,,N,3,0,1,2,A,-,17,22517,,N,H,G,A,A,H,-,A,B,0,,Y,,,Y,,-,,0,1,0,0,0,0,1,0,0,"- ","- ",,,"SAN FRANCISCO","SAN FRANCISCO",,
9247466,2021,2021-04-21,3801,2021-03-12,0817,2359,NORTH,5,5,7,3801,0,0,0,,0,0E3,"FRANKLIN ST","MCALLISTER ST",0.00,,Y,A,-,N,,,,,,,,,,N,3,0,1,2,A,-,06,21750,A,N,D,C,A,A,H,-,A,A,0,,,Y,,Y,,C,02,0,1,0,0,0,0,0,0,1,"- ","- ",,,"SAN FRANCISCO","SAN FRANCISCO",-122.42189025878906,37.779876708984375
9247467,2021,2021-04-17,3801,2021-03-12,0723,1418,TARAV,5,5,7,3801,0,0,0,,0,0I3,NORIEGA,"44TH AV",11.00,W,N,A,-,N,,,,,,,,,,N,3,0,1,2,A,-,10,21950,A,N,G,B,B,A,H,-,A,A,0,Y,,,,Y,,A,07,0,1,0,0,1,0,0,0,0,"- ","- ",,,"SAN FRANCISCO","SAN FRANCISCO",-122.5032958984375,37.753040313720703
9247468,2021,2021-04-17,3801,2021-03-11,1734,2163,,4,5,7,3801,0,0,0,,0,,"LAGUNA ST","LAGUNA ST 2806",0.00,,-,A,-,N,,,,,,,,,,Y,3,0,2,2,A,-,05,21650,,N,A,C,A,A,H,-,A,D,0,,,,,Y,,A,01,0,1,1,0,0,0,0,0,0,"- ","- ",,,"SAN FRANCISCO","SAN FRANCISCO",,
9247469,2021,2021-05-26,3801,2021-03-11,1216,1198,MISSI,4,5,7,3801,0,0,0,,0,3D14A,"BARTLETT ST","24TH ST",0.00,,Y,A,-,N,,,,,,,,,,N,3,0,1,2,A,-,17,22517,,N,G,G,A,A,H,-,A,D,0,,Y,,,Y,,A,01,0,1,0,0,0,0,1,0,0,"- ","- ",,,"SAN FRANCISCO","SAN FRANCISCO",-122.41954803466797,37.752182006835938
9247470,2021,2021-04-17,3801,2021-03-11,1130,4307,NORTH,4,5,7,3801,0,0,0,,0,,"FILLMORE ST","EDDY ST",0.00,,Y,A,-,N,,,,,,,,,,Y,4,0,2,2,A,-,08,22107,,N,D,C,A,A,H,-,A,A,0,,,,,Y,,A,01,0,0,2,0,0,0,0,0,0,"- ","- ",,,"SAN FRANCISCO","SAN FRANCISCO",-122.43231964111328,37.781425476074219
9247471,2021,2021-04-17,3801,2021-03-31,1552,9,CENTR,3,5,7,3801,0,0,0,,0,3A13D,"MASON ST","VALLEJO ST",0.00,,Y,A,-,N,,,,,,,,,,Y,4,0,1,2,A,-,05,21460,A,N,D,C,A,A,H,-,A,A,0,,,,,Y,,A,01,0,0,1,0,0,0,0,0,0,"- ","- ",,,"SAN FRANCISCO","SAN FRANCISCO",-122.41209411621094,37.798171997070312
9247472,2021,2021-04-17,3801,2021-03-17,0527,1602,SOUTH,3,5,7,3801,0,0,0,,0,3B14E,"BRYANT ST","5TH ST",0.00,,Y,A,-,N,,,,,,,,,,N,4,0,1,2,A,-,11,21456,C,N,G,B,B,A,H,-,C,A,0,Y,,,,Y,,N,60,0,0,1,0,1,0,0,0,0,"- ","- ",,,"SAN FRANCISCO","SAN FRANCISCO",-122.40029144287109,37.777797698974609
9247473,2021,2021-04-17,3801,2021-03-16,2018,2196,NORTH,2,5,7,3801,0,0,0,,0,,"FILLMORE ST","GOLDEN GATE AV",0.00,,Y,A,-,N,,,,,,,,,,Y,4,0,1,2,A,-,12,21453,A,N,D,D,A,A,H,-,C,A,0,,,,,Y,,-,"- ",0,0,1,0,0,0,0,0,0,"- ","- ",,,"SAN FRANCISCO","SAN FRANCISCO",-122.43193817138672,37.779560089111328
9247474,2021,2021-04-17,3801,2021-03-16,1917,4012,TARAV,2,5,7,3801,0,0,0,,0,3I11D,"19TH AV","ULLOA ST",0.00,,Y,A,-,N,,,,,,,,,,Y,2,0,1,2,A,-,12,21453,A,N,D,C,A,A,H,-,B,A,0,,,,,Y,,A,01,1,0,0,0,0,0,0,0,0,"- ","- ",,,"SAN FRANCISCO","SAN FRANCISCO",-122.47557067871094,37.741195678710938
9247475,2021,2021-04-17,3801,2021-03-13,1635,33,RICHM,6,5,7,3801,0,0,0,,0,901,"12TH AV","GEARY BL",96.00,S,N,B,-,N,,,,,,,,,,Y,3,0,1,3,C,-,18,,,N,B,E,A,A,H,-,A,B,0,,,,,Y,,-,"- ",0,1,0,0,0,0,0,0,0,"- ","- ",,,"SAN FRANCISCO","SAN FRANCISCO",-122.47068023681641,37.780525207519531
9247477,2021,2021-04-17,3801,2021-03-28,0533,2368,NORTH,7,5,7,3801,0,0,0,,0,3E5A,"BAY ST","BUCHANAN ST",51.00,E,N,A,-,N,,,,,,,,,,,3,0,1,1,A,-,01,23152,A,N,A,J,A,A,H,-,C,A,0,,,,,Y,Y,-,,0,1,0,0,0,0,0,0,0,"- ","- ",,,"SAN FRANCISCO","SAN FRANCISCO",-122.43315887451172,37.803092956542969
9247478,2021,2021-04-17,3801,2021-03-28,0128,2740,RICHM,7,5,7,3801,0,0,0,,0,0G3,"GEARY BL","4TH AV",1.00,E,N,A,-,N,,,,,,,,,,N,3,0,1,1,A,-,03,22350,,N,H,A,-,A,H,-,C,-,0,Y,,,,Y,,N,60,0,1,0,0,1,0,0,0,0,"- ","- ",,,"SAN FRANCISCO","SAN FRANCISCO",-122.46214294433594,37.78118896484375
9247479,2021,2021-04-17,3801,2021-03-31,2152,2091,NORTH,3,5,7,3801,0,0,0,,0,3E13E,"GOUGH ST",MCALLISTER,0.00,,Y,A,-,N,,,,,,,,,,Y,2,0,7,4,A,-,01,23152,A,N,D,C,A,A,H,-,C,A,0,,,,,Y,Y,A,01,1,2,4,0,0,0,0,0,0,"- ","- ",,,"SAN FRANCISCO","SAN FRANCISCO",-122.42353820800781,37.779670715332031
9247480,2021,2021-04-17,3801,2021-03-18,1650,76,TRAFF,4,5,7,3801,0,0,0,,0,4B3B,"CALIFORNIA AV",HYDE,55.00,E,N,C,-,N,,,,,,,,,,Y,3,0,1,3,A,-,08,22108,,N,B,C,A,B,H,-,-,D,0,,,,,Y,,A,01,0,1,0,0,0,0,0,0,0,"- ","- ",,,"SAN FRANCISCO","SAN FRANCISCO",-122.41721343994141,37.791011810302734
9247481,2021,2021-04-21,3801,2021-03-27,2314,1490,TARAV,6,5,7,3801,0,0,0,,0,3I15E,"BROTHERHOOD WY","BROTHERHOOD WY 999",0.00,,Y,A,-,N,,,,,,,,,,Y,4,0,1,1,A,-,03,22350,,N,A,I,A,A,H,-,C,A,0,,,,,Y,,A,01,0,0,1,0,0,0,0,0,0,"- ","- ",,,"SAN FRANCISCO","SAN FRANCISCO",,
9247482,2021,2021-04-16,3801,2021-03-27,2126,740,MISSI,6,5,7,3801,0,0,0,,0,0D4,"MISSION ST","24TH ST",41.00,S,N,A,-,N,,,,,,,,,,Y,3,0,5,11,A,-,03,22350,,F,G,E,E,A,H,-,C,D,0,Y,,Y,,Y,,A,01,0,2,3,0,4,0,0,0,1,"- ","- ",,,"SAN FRANCISCO","SAN FRANCISCO",-122.41847991943359,37.752147674560547
9250546,2021,2021-04-28,3801,2021-02-13,1635,143,CENTR,6,5,7,3801,0,0,0,,0,,"STEINER ST","CHESTNUT ST",0.00,,Y,A,-,N,,,,,,,,,,,3,0,1,2,A,-,10,21950,A,N,G,-,B,A,H,-,A,A,0,Y,,,,Y,,A,01,0,1,0,0,1,0,0,0,0,"- ","- ",,,"SAN FRANCISCO","SAN FRANCISCO",-122.43792724609375,37.800601959228516
9252243,2021,2021-04-19,3801,2021-03-21,1841,2732,CENTR,7,5,7,3801,0,0,0,,0,3A13D,"BAY ST",LEAVENWORTH,84.00,E,N,A,-,N,,,,,,,,,,N,4,0,1,2,A,-,00,21400,A,N,B,C,A,A,H,-,A,A,0,,,,,Y,,A,01,0,0,1,0,0,0,0,0,0,"- ","- ",,,"SAN FRANCISCO","SAN FRANCISCO",-122.41827392578125,37.805065155029297
9252244,2021,2021-04-19,3801,2021-03-22,2230,2122,NORTH,1,5,7,3801,0,0,0,,0,3E14E,"WEBSTER ST","CALIFORNIA ST",50.00,S,N,A,-,N,,,,,,,,,,Y,3,0,1,2,A,-,03,22350,,N,B,E,A,A,H,-,C,D,0,,,,,Y,,A,01,0,1,0,0,0,0,0,0,0,"- ","- ",,,"SAN FRANCISCO","SAN FRANCISCO",-122.43215942382812,37.788963317871094
9252245,2021,2021-04-19,3801,2021-03-14,1230,2116,PARK,7,5,7,3801,0,0,0,,0,,"PORTOLA AV","PORTOLA AV 580",0.00,,Y,C,-,N,,,,,,,,,,N,4,0,1,2,A,-,03,22350,,N,C,C,A,B,H,-,A,A,0,,,,,Y,,A,01,0,0,1,0,0,0,0,0,0,"- ","- ",,,"SAN FRANCISCO","SAN FRANCISCO",,
9252246,2021,2021-04-19,3801,2021-03-20,1344,1489,SOUTH,6,5,7,3801,0,0,0,,0,2V14A,"MISSION ST","10TH ST",80.00,S,N,A,-,N,,,,,,,,,,Y,4,0,1,2,A,-,04,21703,,N,C,C,A,A,H,-,A,A,0,,,,,Y,,A,01,0,0,1,0,0,0,0,0,0,"- ","- ",,,"SAN FRANCISCO","SAN FRANCISCO",-122.41610717773438,37.775123596191406
9252247,2021,2021-04-19,3801,2021-03-19,2210,2486,BAYVI,5,5,7,3801,0,0,0,,0,3C15E,"SAN BRUNO AV","SILLIMAN ST",0.00,,Y,A,-,N,,,,,,,,,,N,3,0,1,2,A,-,11,21453,D,F,G,B,B,A,H,-,C,A,0,Y,,,,Y,Y,N,60,0,1,0,0,1,0,0,0,0,"- ","- ",,,"SAN FRANCISCO","SAN FRANCISCO",-122.40512084960938,37.731231689453125
9252248,2021,2021-04-19,3801,2021-03-19,1452,2357,NORTH,5,5,7,3801,0,0,0,,0,3E13A,"VAN NESS AV","FRANCISCO ST",0.00,,Y,A,-,N,,,,,,,,,,N,3,0,1,2,A,-,12,21453,A,N,D,G,A,A,H,-,A,A,0,,Y,,,Y,,A,01,0,1,0,0,0,0,1,0,0,"- ","- ",,,"SAN FRANCISCO","SAN FRANCISCO",-122.42496490478516,37.803203582763672