CASE_ID,ACCIDENT_YEAR,PROC_DATE,JURIS,COLLISION_DATE,COLLISION_TIME,OFFICER_ID,REPORTING_DISTRICT,DAY_OF_WEEK,CHP_SHIFT,POPULATION,CNTY_CITY_LOC,SPECIAL_COND,BEAT_TYPE,CHP_BEAT_TYPE,CITY_DIVISION_LAPD,CHP_BEAT_CLASS,BEAT_NUMBER,PRIMARY_RD,SECONDARY_RD,DISTANCE,DIRECTION,INTERSECTION,WEATHER_1,WEATHER_2,STATE_HWY_IND,CALTRANS_COUNTY,CALTRANS_DISTRICT,STATE_ROUTE,ROUTE_SUFFIX,POSTMILE_PREFIX,POSTMILE,LOCATION_TYPE,RAMP_INTERSECTION,SIDE_OF_HWY,TOW_AWAY,COLLISION_SEVERITY,NUMBER_KILLED,NUMBER_INJURED,PARTY_COUNT,PRIMARY_COLL_FACTOR,PCF_CODE_OF_VIOL,PCF_VIOL_CATEGORY,PCF_VIOLATION,PCF_VIOL_SUBSECTION,HIT_AND_RUN,TYPE_OF_COLLISION,MVIW,PED_ACTION,ROAD_SURFACE,ROAD_COND_1,ROAD_COND_2,LIGHTING,CONTROL_DEVICE,CHP_ROAD_TYPE,PEDESTRIAN_ACCIDENT,BICYCLE_ACCIDENT,MOTORCYCLE_ACCIDENT,TRUCK_ACCIDENT,NOT_PRIVATE_PROPERTY,ALCOHOL_INVOLVED,STWD_VEHTYPE_AT_FAULT,CHP_VEHTYPE_AT_FAULT,COUNT_SEVERE_INJ,COUNT_VISIBLE_INJ,COUNT_COMPLAINT_PAIN,COUNT_PED_KILLED,COUNT_PED_INJURED,COUNT_BICYCLIST_KILLED,COUNT_BICYCLIST_INJURED,COUNT_MC_KILLED,COUNT_MC_INJURED,PRIMARY_RAMP,SECONDARY_RAMP,LATITUDE,LONGITUDE,COUNTY,CITY,POINT_X,POINT_Y
9252249,2021,2021-04-19,3801,2021-03-19,1520,2419,RICHM,5,5,7,3801,0,0,0,,0,901,"CLEMENT ST","3RD AV",107.00,E,N,A,-,N,,,,,,,,,,N,4,0,1,2,A,-,10,21954,B,N,G,B,D,A,H,-,A,D,0,Y,,,,Y,,A,01,0,0,1,0,1,0,0,0,0,"- ","- ",,,"SAN FRANCISCO","SAN FRANCISCO",-122.46083831787109,37.783107757568359
9252250,2021,2021-04-19,3801,2021-03-19,2037,1713,NORTH,5,5,7,3801,0,0,0,,0,3E13E,"FILLMORE ST","OFARRELL ST",21.00,S,N,A,-,N,,,,,,,,,,N,3,0,1,2,A,-,10,21954,B,F,G,B,E,A,H,-,C,A,0,Y,,,,Y,Y,-,,0,1,0,0,1,0,0,0,0,"- ","- ",,,"SAN FRANCISCO","SAN FRANCISCO",-122.43270111083984,37.783222198486328
9252251,2021,2021-04-19,3801,2021-03-18,1845,2727,NORTH,4,5,7,3801,0,0,0,,0,3E11D,"FELL ST","WEBSTER ST",0.00,,Y,B,-,N,,,,,,,,,,Y,2,0,2,2,A,-,12,21453,A,F,D,C,A,B,H,-,A,A,0,,,,,Y,,A,01,1,1,0,0,0,0,0,0,0,"- ","- ",,,"SAN FRANCISCO","SAN FRANCISCO",-122.42932891845703,37.775123596191406
9252252,2021,2021-04-19,3801,2021-03-20,1739,2408,MISSI,6,5,7,3801,0,0,0,,0,3D11D,"DOLORES ST","DORLAND ST",0.00,,Y,A,-,N,,,,,,,,,,Y,4,0,1,1,A,-,08,22107,,N,E,I,A,A,H,-,A,A,0,,,,,Y,,A,01,0,0,1,0,0,0,0,0,0,"- ","- ",,,"SAN FRANCISCO","SAN FRANCISCO",-122.42623138427734,37.762191772460938
9252253,2021,2021-04-19,3801,2021-03-20,2149,308,RICHM,6,5,7,3801,0,0,0,,0,3G5E,"POINT LOBOS AV","44TH AV",0.00,,Y,A,-,N,,,,,,,,,,Y,4,0,1,2,D,-,00,,,N,D,C,A,A,H,-,C,D,0,,,,,Y,,-,"- ",0,0,1,0,0,0,0,0,0,"- ","- ",,,"SAN FRANCISCO","SAN FRANCISCO",-122.50511932373047,37.779823303222656
9252254,2021,2021-04-19,3801,2021-03-20,2245,2749,TARAV,6,5,7,3801,0,0,0,,0,3I5E,"BROTHERHOOD WY","SUMMIT WY",0.00,,Y,A,-,N,,,,,,,,,,N,3,0,1,1,D,-,00,,,N,E,I,A,A,H,-,C,D,0,,,,,Y,,-,"- ",0,1,0,0,0,0,0,0,0,"- ","- ",,,"SAN FRANCISCO","SAN FRANCISCO",-122.47457885742188,37.713619232177734
9252255,2021,2021-04-19,3801,2021-03-21,0847,2375,RICHM,7,5,7,3801,0,0,0,,0,3G2A,"CLEMENT ST","38TH AV",47.00,W,N,A,-,N,,,,,,,,,,N,3,0,1,1,A,-,03,22350,,N,F,A,A,A,H,-,A,D,0,,,Y,,Y,,C,02,0,1,0,0,0,0,0,0,1,"- ","- ",,,"SAN FRANCISCO","SAN FRANCISCO",-122.49896240234375,37.7813720703125
9252256,2021,2021-04-19,3801,2021-03-21,1742,1920,MISSI,7,5,7,3801,0,0,0,,0,3D14D,"S VAN NESS AV","21ST ST",0.00,,Y,A,-,N,,,,,,,,,,Y,4,0,1,3,A,-,00,22354,,N,H,C,A,A,H,-,A,A,0,,,,,Y,,A,01,0,0,1,0,0,0,0,0,0,"- ","- ",,,"SAN FRANCISCO","SAN FRANCISCO",-122.416748046875,37.757160186767578
9252257,2021,2021-04-19,3801,2021-03-19,0802,2453,MISSI,5,5,7,3801,0,0,0,,0,3D13A,"MISSION ST","21ST ST",100.00,S,N,B,-,N,,,,,,,,,,Y,4,0,1,2,A,-,04,21703,,N,C,C,A,B,H,-,A,D,0,,,,,Y,,A,01,0,0,1,0,0,0,0,0,0,"- ","- ",,,"SAN FRANCISCO","SAN FRANCISCO",-122.41889190673828,37.756748199462891
9252258,2021,2021-04-19,3801,2021-03-15,0256,1453,SOUTH,1,5,7,3801,0,0,0,,0,3B14E,"MISSION ST","S VAN NESS AV",0.00,,Y,A,-,N,,,,,,,,,,Y,3,0,1,1,A,-,01,23152,A,N,E,I,A,A,H,-,C,A,0,,,,,Y,Y,-,,0,1,0,0,0,0,0,0,0,"- ","- ",,,"SAN FRANCISCO","SAN FRANCISCO",-122.41863250732422,37.773109436035156
9252259,2021,2021-04-19,3801,2021-03-24,1754,463,INGLE,3,5,7,3801,0,0,0,,0,3H11D,"DIAMOND ST","BEACON ST",0.00,,Y,A,-,N,,,,,,,,,,Y,3,0,1,2,A,-,09,21802,A,N,C,E,A,A,H,-,A,D,0,,,,,Y,,A,01,0,1,0,0,0,0,0,0,0,"- ","- ",,,"SAN FRANCISCO","SAN FRANCISCO",-122.43550872802734,37.742599487304688
9252261,2021,2021-04-27,3801,2021-03-15,0915,392,MISSI,1,5,7,3801,0,0,0,,0,3D14A,"POTRERO AV","24TH ST",36.00,E,N,A,-,N,,,,,,,,,,Y,3,0,2,2,A,-,03,22350,,N,C,C,A,A,H,-,A,A,0,,,,,Y,,A,01,0,1,1,0,0,0,0,0,0,"- ","- ",,,"SAN FRANCISCO","SAN FRANCISCO",-122.40631103515625,37.752891540527344
9252263,2021,2021-04-27,3801,2021-03-14,2307,1350,BAYVI,7,5,7,3801,0,0,0,,0,3C13E,"3RD ST","OAKDALE AV",0.00,,Y,B,-,N,,,,,,,,,,Y,4,0,1,2,D,-,00,,,N,D,C,A,B,H,-,C,A,0,,,,,Y,,-,"- ",0,0,1,0,0,0,0,0,0,"- ","- ",,,"SAN FRANCISCO","SAN FRANCISCO",-122.39076995849609,37.734832763671875
9252264,2021,2021-04-27,3801,2021-03-15,1620,2132,PARK,1,5,7,3801,0,0,0,,0,3F3D,"ANZA ST","BLAKE ST",20.00,W,N,A,-,N,,,,,,,,,,N,4,0,1,3,A,-,03,22350,,M,C,C,A,A,H,-,A,D,0,,,,,Y,,A,01,0,0,1,0,0,0,0,0,0,"- ","- ",,,"SAN FRANCISCO","SAN FRANCISCO",-122.45088958740234,37.780632019042969
9252265,2021,2021-04-27,3801,2021-03-15,1505,952,CENTR,1,5,7,3801,0,0,0,,0,910,"THE EMBARCADERO","FERRY BUILDING",0.00,,N,A,-,N,,,,,,,,,,Y,3,0,4,2,A,-,03,22350,,N,C,C,A,A,H,-,A,A,0,,,,,Y,,A,01,0,1,3,0,0,0,0,0,0,"- ","- ",,,"SAN FRANCISCO","SAN FRANCISCO",-122.39302825927734,37.794403076171875
9252266,2021,2021-04-27,3801,2021-03-14,1400,2113,SOUTH,7,5,7,3801,0,0,0,,0,3B14D,"17TH ST","VERMONT ST",0.00,,Y,-,-,N,,,,,,,,,,N,3,0,1,2,D,-,00,,,N,H,G,A,-,-,-,-,-,0,,Y,,,Y,,-,"- ",0,1,0,0,0,0,1,0,0,"- ","- ",,,"SAN FRANCISCO","SAN FRANCISCO",-122.40448760986328,37.764682769775391
9252267,2021,2021-04-27,3801,2021-03-15,1420,1364,NORTH,1,5,7,3801,0,0,0,,0,,"GOUGH ST","HAYES ST",0.00,,Y,A,-,N,,,,,,,,,,N,2,0,1,2,A,-,11,21453,D,N,D,B,-,A,H,-,A,A,0,Y,,,,Y,,N,60,1,0,0,0,1,0,0,0,0,"- ","- ",,,"SAN FRANCISCO","SAN FRANCISCO",-122.42296600341797,37.776878356933594
9252268,2021,2021-04-27,3801,2021-03-11,0920,574,MISSI,4,5,7,3801,0,0,0,,0,3D13A,"20TH ST","MISSION ST",0.00,,Y,A,-,N,,,,,,,,,,N,4,0,1,2,A,-,12,21453,A,F,D,C,A,A,H,-,A,A,0,,,,,Y,,A,07,0,0,1,0,0,0,0,0,0,"- ","- ",,,"SAN FRANCISCO","SAN FRANCISCO",-122.41903686523438,37.758628845214844
9252269,2021,2021-04-27,3801,2021-03-11,0838,891,PARK,4,5,7,3801,0,0,0,,0,3F4A,"WALLER ST","STEINER ST",92.00,W,N,A,-,N,,,,,,,,,,N,3,0,1,2,A,-,21,22106,,N,D,G,A,B,H,-,A,D,0,,Y,,,Y,,A,01,0,1,0,0,0,0,1,0,0,"- ","- ",,,"SAN FRANCISCO","SAN FRANCISCO",-122.43220520019531,37.770938873291016
9252270,2021,2021-04-27,3801,2021-03-01,0930,2337,INGLE,1,5,7,3801,0,0,0,,0,3H1A,"ANDERSON ST","EUGENIA AV",0.00,,Y,A,-,N,,,,,,,,,,N,4,0,2,2,A,-,03,22350,,N,C,C,A,A,H,-,A,D,0,,,Y,,Y,,C,02,0,0,2,0,0,0,0,0,0,"- ","- ",,,"SAN FRANCISCO","SAN FRANCISCO",-122.4151611328125,37.7403564453125
9252271,2021,2021-04-27,3801,2021-03-01,0928,1956,TARAV,1,5,7,3801,0,0,0,,0,3CAR,"48TH AV","IRVING ST",262.00,S,N,A,-,N,,,,,,,,,,Y,3,0,1,3,A,-,01,23152,F,N,B,E,A,-,H,-,A,D,0,,,,,Y,,A,01,0,1,0,0,0,0,0,0,0,"- ","- ",,,"SAN FRANCISCO","SAN FRANCISCO",-122.50817108154297,37.761459350585938
9252272,2021,2021-04-27,3801,2021-03-15,1800,2143,BAYVI,1,5,7,3801,0,0,0,,0,,"NAPOLEON ST","NAPOLEON ST 190",0.00,,N,A,-,N,,,,,,,,,,N,3,0,1,2,A,-,04,21703,,N,C,C,A,A,H,-,A,D,0,,,,,Y,,A,01,0,1,0,0,0,0,0,0,0,"- ","- ",,,"SAN FRANCISCO","SAN FRANCISCO",,
9252273,2021,2021-04-27,3801,2021-03-15,1752,670,INGLE,1,5,7,3801,0,0,0,,0,3H16D,"BAYSHORE BL","ARLETA AV",0.00,,Y,A,-,N,,,,,,,,,,Y,4,0,6,4,A,-,03,22350,A,N,-,C,A,A,H,-,A,A,0,,,,,Y,,-,,0,0,6,0,0,0,0,0,0,"- ","- ",,,"SAN FRANCISCO","SAN FRANCISCO",-122.40261077880859,37.712268829345703
9252274,2021,2021-04-27,3801,2021-03-31,1700,1052,RICHM,3,5,7,3801,0,0,0,,0,3G4C,"CABRILLO ST","PARK PRESIDIO BL",1.00,N,N,A,-,N,,,,,,,,,,N,4,0,1,2,A,-,09,21801,A,N,D,G,A,A,H,-,A,A,0,,Y,,,Y,,A,01,0,0,1,0,0,0,1,0,0,"- ","- ",,,"SAN FRANCISCO","SAN FRANCISCO",-122.47191619873047,37.775001525878906
9252275,2021,2021-04-27,3801,2021-03-30,0650,2002,PARK,2,5,7,3801,0,0,0,,0,3F13A,"TURK BL","STANYAN ST",0.00,,Y,A,-,N,,,,,,,,,,N,3,0,1,2,A,-,09,21801,A,N,A,G,A,A,H,-,A,A,0,,Y,,,Y,,A,01,0,1,0,0,0,0,1,0,0,"- ","- ",,,"SAN FRANCISCO","SAN FRANCISCO",-122.45523071289062,37.777591705322266
9252522,2021,2021-04-29,3801,2021-02-28,1623,1931,SOUTH,7,5,7,3801,0,0,0,,0,3B13C,"BRYANT ST","6TH ST",0.00,,Y,A,-,N,,,,,,,,,,Y,4,0,2,2,A,-,12,21453,A,N,D,C,A,A,H,-,A,A,0,,,,,Y,,A,08,0,0,2,0,0,0,0,0,0,"- ","- ",,,"SAN FRANCISCO","SAN FRANCISCO",-122.40250396728516,37.776058197021484
9252596,2021,2021-04-22,3801,2021-03-22,1031,156,BAYVI,1,5,7,3801,0,0,0,,0,3C60,"WAYLAND ST","BRUSSELS ST",0.00,,Y,A,-,N,,,,,,,,,,Y,4,0,3,2,A,-,12,22450,A,N,F,C,A,A,H,-,A,D,0,,,,,Y,,A,01,0,0,3,0,0,0,0,0,0,"- ","- ",,,"SAN FRANCISCO","SAN FRANCISCO",-122.40509033203125,37.725921630859375
9252605,2021,2021-04-22,3801,2021-03-10,1830,1125,TARAV,3,5,7,3801,0,0,0,,0,3I11D,"LINCOLN WY","12TH AV",0.00,,Y,C,-,N,,,,,,,,,,Y,3,0,1,2,A,-,03,22350,A,N,C,E,A,B,H,-,B,A,0,,,,,Y,,A,01,0,1,0,0,0,0,0,0,0,"- ","- ",,,"SAN FRANCISCO","SAN FRANCISCO",-122.46966552734375,37.765781402587891
9252606,2021,2021-04-20,3801,2021-03-10,2500,2465,BAYVI,3,5,7,3801,0,0,0,,0,3C13C,"3RD ST","NEWCOMB AV",110.00,N,N,A,-,N,,,,,,,,,,N,4,0,1,2,A,-,08,22107,,N,C,E,A,B,H,-,A,A,0,,,Y,,Y,,C,02,0,0,1,0,0,0,0,0,1,"- ","- ",,,"SAN FRANCISCO","SAN FRANCISCO",-122.39038848876953,37.735919952392578
9252626,2021,2021-04-24,3801,2021-03-20,1400,4267,TARAV,6,5,7,3801,0,0,0,,0,3I41,"LAKE MERCED BL","SUNSET BL",0.00,,Y,A,-,N,,,,,,,,,,Y,4,0,1,1,A,-,03,22350,,N,F,I,A,A,H,-,A,D,0,,,,,Y,,A,07,0,0,1,0,0,0,0,0,0,"- ","- ",,,"SAN FRANCISCO","SAN FRANCISCO",-122.49356079101562,37.729591369628906
9252721,2021,2021-04-24,3801,2021-03-28,1805,4300,NORTH,7,5,7,3801,0,0,0,,0,0E1,"DIVISADERO ST","HAIGHT ST",0.00,,Y,A,-,N,,,,,,,,,,N,3,0,1,2,A,-,11,21453,D,N,D,B,E,A,H,-,A,A,0,Y,,,,Y,,N,60,0,1,0,0,1,0,0,0,0,"- ","- ",,,"SAN FRANCISCO","SAN FRANCISCO",-122.43704223632812,37.771270751953125
9252722,2021,2021-04-24,3801,2021-03-28,2047,2220,NORTH,7,5,7,3801,0,0,0,,0,3E16E,"VAN NESS AV","JACKSON ST",0.00,,Y,A,-,N,,,,,,,,,,Y,4,0,2,2,D,-,00,,,N,D,C,A,A,D,-,C,A,0,,,,,Y,,-,"- ",0,0,2,0,0,0,0,0,0,"- ","- ",,,"SAN FRANCISCO","SAN FRANCISCO",-122.42299652099609,37.793941497802734
9252723,2021,2021-04-27,3801,2021-03-29,0244,1252,RICHM,1,5,7,3801,0,0,0,,0,0G3,"BALBOA ST","4TH AV",80.00,E,N,A,-,N,,,,,,,,,,Y,4,0,1,2,A,-,01,23152,A,N,C,E,A,A,H,-,C,D,0,,,,,Y,Y,-,,0,0,1,0,0,0,0,0,0,"- ","- ",,,"SAN FRANCISCO","SAN FRANCISCO",-122.46161651611328,37.777336120605469
9252724,2021,2021-04-24,3801,2021-03-05,0914,2307,PARK,5,5,7,3801,0,0,0,,0,3F13A,"KEZAR DR","MARTIN LUTHER KING JR DR",0.00,,Y,A,-,N,,,,,,,,,,N,4,0,1,2,A,-,10,21950,A,N,G,B,B,A,H,-,A,A,0,Y,,,,Y,,A,01,0,0,1,0,1,0,0,0,0,"- ","- ",,,"SAN FRANCISCO","SAN FRANCISCO",-122.45867919921875,37.767185211181641
9252725,2021,2021-04-24,3801,2021-03-05,0930,4301,NORTH,5,5,7,3801,0,0,0,,0,3E15A,"CHESTNUT ST","FRAKLIN ST",0.00,,Y,A,-,N,,,,,,,,,,N,4,0,1,2,A,-,12,21453,A,N,D,G,A,A,H,-,A,A,0,,Y,,,Y,,L,04,0,0,1,0,0,0,1,0,0,"- ","- ",,,"SAN FRANCISCO","SAN FRANCISCO",-122.42637634277344,37.802070617675781
9252726,2021,2021-04-24,3801,2021-03-02,1225,2727,NORTH,2,5,7,3801,0,0,0,,0,3E11A,"MONTGOMERY SRT","CHESTNUT ST",15.00,N,N,A,-,N,,,,,,,,,,N,3,0,1,1,A,-,08,22107,,N,F,A,A,A,H,-,A,A,0,,,,,Y,,-,,0,1,0,0,0,0,0,0,0,"- ","- ",,,"SAN FRANCISCO","SAN FRANCISCO",-122.40516662597656,37.804821014404297
9252727,2021,2021-04-24,3801,2021-03-08,1754,1860,SOUTH,1,5,7,3801,0,0,0,,0,3B11D,"EMBARCADERO SOUTH","MISSION ST",0.00,,Y,A,-,N,,,,,,,,,,N,3,0,1,1,A,-,03,22350,,N,-,J,A,A,H,-,A,D,0,,,,,Y,,-,,0,1,0,0,0,0,0,0,0,"- ","- ",,,"SAN FRANCISCO","SAN FRANCISCO",-122.39263153076172,37.793708801269531
9252728,2021,2021-04-24,3801,2021-03-08,1927,2157,SOUTH,1,5,7,3801,0,0,0,,0,3B14D,"10TH ST","HARRISON ST",1.00,S,N,A,-,N,,,,,,,,,,N,4,0,1,2,A,-,00,20950,A,N,G,B,B,-,H,-,C,A,0,Y,,,,Y,,A,07,0,0,1,0,1,0,0,0,0,"- ","- ",,,"SAN FRANCISCO","SAN FRANCISCO",-122.41124725341797,37.771598815917969
9252729,2021,2021-04-24,3801,2021-03-08,0927,4267,TARAV,1,5,7,3801,0,0,0,,0,3I41,"IRVING ST","IRVING ST 2341",0.00,,N,A,-,N,,,,,,,,,,Y,4,0,1,1,A,-,03,22350,,N,E,I,A,A,H,-,A,D,0,,,,,Y,,A,01,0,0,1,0,0,0,0,0,0,"- ","- ",,,"SAN FRANCISCO","SAN FRANCISCO",,
9252730,2021,2021-04-24,3801,2021-03-27,2028,2384,MISSI,6,5,7,3801,0,0,0,,0,1500,"VALENCIA ST","16TH STR",0.00,,Y,A,-,N,,,,,,,,,,N,2,0,1,2,A,-,10,21950,A,N,G,B,B,A,H,-,C,A,0,Y,,,,Y,,A,01,1,0,0,0,1,0,0,0,0,"- ","- ",,,"SAN FRANCISCO","SAN FRANCISCO",-122.42189025878906,37.764907836914062
9252731,2021,2021-04-24,3801,2021-03-27,2114,2708,MISIO,6,5,7,3801,0,0,0,,0,,"MARKET ST","CHURCH ST",0.00,,Y,A,-,N,,,,,,,,,,Y,4,0,1,2,A,-,08,22102,,F,D,C,A,A,H,-,C,A,0,,,,,Y,,A,01,0,0,1,0,0,0,0,0,0,"- ","- ",,,"SAN FRANCISCO","SAN FRANCISCO",-122.42893981933594,37.767608642578125
9252732,2021,2021-04-23,3801,2021-03-07,1040,1540,TARAV,7,5,7,3801,0,0,0,,0,3I11A,"ULLOA ST","39TH AV",0.00,,Y,A,-,N,,,,,,,,,,Y,3,0,1,2,A,-,12,22450,A,N,D,A,A,A,H,-,A,A,0,,,,,Y,,A,01,0,1,0,0,0,0,0,0,0,"- ","- ",,,"SAN FRANCISCO","SAN FRANCISCO",-122.49700164794922,37.740238189697266
9252733,2021,2021-04-24,3801,2021-03-27,1500,1246,MISSI,6,5,7,3801,0,0,0,,0,3D15D,"GRAND VIEW AV","25TH ST",75.00,N,N,A,-,N,,,,,,,,,,Y,2,0,1,2,A,-,21,22106,,N,F,E,A,A,H,-,A,D,0,,,,,Y,,A,01,1,0,0,0,0,0,0,0,0,"- ","- ",,,"SAN FRANCISCO","SAN FRANCISCO",-122.44261169433594,37.749355316162109
9252734,2021,2021-04-23,3801,2021-03-27,0930,976,CENTR,6,5,7,3801,0,0,0,,0,3A11A,"PINE ST","LARKIN ST",0.00,,Y,A,-,N,,,,,,,,,,N,4,0,2,2,A,-,12,21453,A,N,D,C,A,A,H,-,A,A,0,,,,,Y,,A,01,0,0,2,0,0,0,0,0,0,"- ","- ",,,"SAN FRANCISCO","SAN FRANCISCO",-122.41886138916016,37.789829254150391
9252735,2021,2021-04-24,3801,2021-03-27,0816,2728,TENDE,6,5,7,3801,0,0,0,,0,,"EDDY ST","JONES ST",162.00,E,N,A,-,N,,,,,,,,,,N,2,0,1,2,A,-,17,21663,,F,G,B,F,A,H,-,A,D,0,Y,,,,Y,,A,01,1,0,0,0,1,0,0,0,0,"- ","- ",,,"SAN FRANCISCO","SAN FRANCISCO",-122.41204071044922,37.784015655517578
9252736,2021,2021-04-24,3801,2021-03-27,0516,1024,TENDE,6,5,7,3801,0,0,0,,0,3J13E,"GOLDEN GATE AV","HYDE ST",0.00,,Y,A,-,N,,,,,,,,,,N,4,0,1,2,A,-,00,20001,A,F,G,B,E,A,H,-,C,D,0,Y,,,,Y,,-,,0,0,1,0,1,0,0,0,0,"- ","- ",,,"SAN FRANCISCO","SAN FRANCISCO",-122.41549682617188,37.781650543212891
9252737,2021,2021-04-24,3801,2021-03-23,1654,1166,TARAF,2,5,7,3801,0,0,0,,0,5CAR,"CHUMASERO DR","CHUMASERO DR 50",0.00,,N,A,-,N,,,,,,,,,,Y,3,0,1,1,A,-,03,22350,,N,E,I,A,A,H,-,A,D,0,,,,,Y,,A,08,0,1,0,0,0,0,0,0,0,"- ","- ",,,"SAN FRANCISCO","SAN FRANCISCO",,
9252738,2021,2021-04-23,3801,2021-03-22,2500,2088,INGLE,1,5,7,3801,0,0,0,,0,3H15C,"MISSION ST","PERSIA AV",107.00,S,N,A,-,N,,,,,,,,,,Y,4,0,2,3,A,-,05,21460,A,N,A,E,A,A,H,-,A,D,0,,,,,Y,,-,,0,0,2,0,0,0,0,0,0,"- ","- ",,,"SAN FRANCISCO","SAN FRANCISCO",-122.43617248535156,37.722892761230469
9252801,2021,2021-04-28,3801,2021-03-30,1412,1500,CENTR,2,5,7,3801,0,0,0,,0,,"THE EMBARCADERO","CHESTER AV",166.00,N,N,A,-,N,,,,,,,,,,Y,4,0,1,2,A,-,03,22350,,F,C,C,A,A,H,-,A,A,0,,,,,Y,,A,01,0,0,1,0,0,0,0,0,0,"- ","- ",,,"SAN FRANCISCO","SAN FRANCISCO",,
9252802,2021,2021-04-28,3801,2021-03-30,1434,2196,NORTH,2,5,7,3801,0,0,0,,0,3E13D,"FRANKLIN ST","TURK ST",0.00,,Y,A,-,N,,,,,,,,,,N,3,0,1,2,A,-,03,22350,,N,B,C,A,A,H,-,A,A,0,,,Y,,Y,,-,"- ",0,1,0,0,0,0,0,0,1,"- ","- ",,,"SAN FRANCISCO","SAN FRANCISCO",-122.42224884033203,37.781730651855469
9252803,2021,2021-04-28,3801,2021-03-30,1635,4314,RICHM,2,5,7,3801,0,0,0,,0,0G4,"CLEMENT ST","26TH AV",0.00,,Y,A,-,N,,,,,,,,,,Y,3,0,2,2,A,-,09,21802,B,F,D,C,A,A,H,-,A,A,0,,,,,Y,,A,01,0,1,1,0,0,0,0,0,0,"- ","- ",,,"SAN FRANCISCO","SAN FRANCISCO",-122.48593902587891,37.781974792480469
9252804,2021,2021-04-28,3801,2021-03-30,1936,890,BAYVI,2,5,7,3801,0,0,0,,0,BAYVIE,"PRINCETON ST","SWEENY ST",48.00,S,N,A,-,N,,,,,,,,,,Y,4,0,1,3,A,-,01,23152,A,N,H,E,A,A,H,-,C,D,0,,,,,Y,Y,A,01,0,0,1,0,0,0,0,0,0,"- ","- ",,,"SAN FRANCISCO","SAN FRANCISCO",-122.41632080078125,37.730091094970703
9252805,2021,2021-04-27,3801,2021-03-30,0902,1849,TENDE,2,5,7,3801,0,0,0,,0,3J14A,"HYDE ST","TURK ST",0.00,,Y,A,-,N,,,,,,,,,,N,4,0,1,2,D,-,00,,,F,G,B,B,A,-,-,A,A,0,Y,,,,Y,,-,"- ",0,0,1,0,1,0,0,0,0,"- ","- ",,,"SAN FRANCISCO","SAN FRANCISCO",-122.41569519042969,37.782566070556641
9252806,2021,2021-04-27,3801,2021-03-30,0955,2750,PARK,2,5,7,3801,0,0,0,,0,0F4,"SANCHEZ ST",14TH,27.00,N,N,A,-,N,,,,,,,,,,N,3,0,1,1,C,-,18,,,N,E,I,A,A,A,-,A,D,0,,Y,,,Y,,-,"- ",0,1,0,0,0,0,1,0,0,"- ","- ",,,"SAN FRANCISCO","SAN FRANCISCO",-122.43119049072266,37.767673492431641
9252807,2021,2021-04-27,3801,2021-03-30,1900,2008,MISSI,2,5,7,3801,0,0,0,,0,3D15D,"ALABAMA ST","18TH ST",0.00,,Y,A,-,N,,,,,,,,,,N,3,0,1,2,A,-,09,21802,A,N,D,G,A,A,H,-,A,A,0,,Y,,,Y,Y,L,04,0,1,0,0,0,0,1,0,0,"- ","- ",,,"SAN FRANCISCO","SAN FRANCISCO",-122.41201782226562,37.761661529541016
9252808,2021,2021-04-28,3801,2021-03-29,1230,2256,INGLE,1,5,7,3801,0,0,0,,0,3H6C,"SAN JOSE AV","SAINT MARYS AV",217.00,N,N,A,-,N,,,,,,,,,,,4,0,1,3,A,-,08,22107,,N,C,C,A,A,H,-,A,D,0,,,,,Y,,A,01,0,0,1,0,0,0,0,0,0,"- ","- ",,,"SAN FRANCISCO","SAN FRANCISCO",-122.42783355712891,37.735378265380859
9252809,2021,2021-04-28,3801,2021-03-29,1412,2475,CENTR,1,5,7,3801,0,0,0,,0,3A12C,"BUSH ST","MONTGOMERY ST",0.00,,Y,A,-,N,,,,,,,,,,,4,0,1,2,A,-,08,22107,,N,B,C,A,A,H,-,A,A,0,,,,,Y,,A,01,0,0,1,0,0,0,0,0,0,"- ","- ",,,"SAN FRANCISCO","SAN FRANCISCO",-122.40235900878906,37.790973663330078
9252810,2021,2021-04-28,3801,2021-03-29,1400,4314,RICHM,1,5,7,3801,0,0,0,,0,0G4,"FULTON ST","21ST AV",1.00,W,N,A,-,N,,,,,,,,,,Y,3,0,1,2,D,-,00,,,N,C,C,A,A,H,-,A,D,0,,,Y,,Y,,-,"- ",0,1,0,0,0,0,0,0,1,"- ","- ",,,"SAN FRANCISCO","SAN FRANCISCO",-122.47991180419922,37.772750854492188
9252811,2021,2021-04-28,3801,2021-03-29,1635,132,TRAFF,1,5,7,3801,0,0,0,,0,4B4F,"MISSION ST","17TH ST",0.00,,Y,A,-,N,,,,,,,,,,Y,2,0,1,2,A,-,08,22107,,N,B,C,A,A,H,-,A,A,0,,,Y,,Y,,A,01,1,0,0,0,0,0,0,0,1,"- ","- ",,,"SAN FRANCISCO","SAN FRANCISCO",-122.41950225830078,37.763423919677734
9252812,2021,2021-04-28,3801,2021-03-05,1737,1160,SOUTH,5,5,7,3801,0,0,0,,0,0B5,"MISSISSIPPI ST","16TH ST",108.00,S,N,A,-,N,,,,,,,,,,N,4,0,1,3,A,-,17,22517,,N,B,G,A,A,H,-,B,D,0,,Y,,,Y,,-,,0,0,1,0,0,0,1,0,0,"- ","- ",,,"SAN FRANCISCO","SAN FRANCISCO",-122.39493560791016,37.766269683837891
9252813,2021,2021-04-28,3801,2021-03-05,1800,1225,SOURT,5,5,7,3801,0,0,0,,0,3B12D,"3RD ST","MINNA ST",0.00,,Y,A,-,N,,,,,,,,,,Y,3,0,1,2,A,-,08,22107,,N,E,C,A,A,H,-,B,A,0,,,Y,,Y,,A,01,0,1,0,0,0,0,0,0,1,"- ","- ",,,"SAN FRANCISCO","SAN FRANCISCO",-122.40148162841797,37.785842895507812