CASE_ID,ACCIDENT_YEAR,PROC_DATE,JURIS,COLLISION_DATE,COLLISION_TIME,OFFICER_ID,REPORTING_DISTRICT,DAY_OF_WEEK,CHP_SHIFT,POPULATION,CNTY_CITY_LOC,SPECIAL_COND,BEAT_TYPE,CHP_BEAT_TYPE,CITY_DIVISION_LAPD,CHP_BEAT_CLASS,BEAT_NUMBER,PRIMARY_RD,SECONDARY_RD,DISTANCE,DIRECTION,INTERSECTION,WEATHER_1,WEATHER_2,STATE_HWY_IND,CALTRANS_COUNTY,CALTRANS_DISTRICT,STATE_ROUTE,ROUTE_SUFFIX,POSTMILE_PREFIX,POSTMILE,LOCATION_TYPE,RAMP_INTERSECTION,SIDE_OF_HWY,TOW_AWAY,COLLISION_SEVERITY,NUMBER_KILLED,NUMBER_INJURED,PARTY_COUNT,PRIMARY_COLL_FACTOR,PCF_CODE_OF_VIOL,PCF_VIOL_CATEGORY,PCF_VIOLATION,PCF_VIOL_SUBSECTION,HIT_AND_RUN,TYPE_OF_COLLISION,MVIW,PED_ACTION,ROAD_SURFACE,ROAD_COND_1,ROAD_COND_2,LIGHTING,CONTROL_DEVICE,CHP_ROAD_TYPE,PEDESTRIAN_ACCIDENT,BICYCLE_ACCIDENT,MOTORCYCLE_ACCIDENT,TRUCK_ACCIDENT,NOT_PRIVATE_PROPERTY,ALCOHOL_INVOLVED,STWD_VEHTYPE_AT_FAULT,CHP_VEHTYPE_AT_FAULT,COUNT_SEVERE_INJ,COUNT_VISIBLE_INJ,COUNT_COMPLAINT_PAIN,COUNT_PED_KILLED,COUNT_PED_INJURED,COUNT_BICYCLIST_KILLED,COUNT_BICYCLIST_INJURED,COUNT_MC_KILLED,COUNT_MC_INJURED,PRIMARY_RAMP,SECONDARY_RAMP,LATITUDE,LONGITUDE,COUNTY,CITY,POINT_X,POINT_Y
9252814,2021,2021-04-27,3801,2021-03-06,1330,2743,SOUTH,6,5,7,3801,0,0,0,,0,3B2,"6TH ST","BRYANT ST",0.00,,Y,A,-,N,,,,,,,,,,Y,4,0,2,2,A,-,09,21801,A,F,A,C,A,A,H,-,A,A,0,,,,,Y,,A,01,0,0,2,0,0,0,0,0,0,"- ","- ",,,"SAN FRANCISCO","SAN FRANCISCO",-122.40250396728516,37.776058197021484
9252815,2021,2021-04-28,3801,2021-03-06,1325,4102,SOUTH,6,5,7,3801,0,0,0,,0,3B14C,"FREMONT ST","RT 80 SFOBB",0.00,,Y,A,-,N,,,,,,,,,,Y,4,0,1,3,A,-,05,21460,A,N,D,C,A,A,H,-,A,A,0,,,,,Y,,A,07,0,0,1,0,0,0,0,0,0,"- ",WF,,,"SAN FRANCISCO","SAN FRANCISCO",-122.39431500000001,37.788547999999999
9252816,2021,2021-04-28,3801,2021-03-06,2137,933,CENTR,6,5,7,3801,0,0,0,,0,0A3,"BAY ST","COLUMBUS AV",0.00,,Y,A,-,N,,,,,,,,,,Y,4,0,5,2,A,-,12,21453,A,N,A,C,A,A,H,-,C,A,0,,,,,Y,,A,01,0,0,5,0,0,0,0,0,0,"- ","- ",,,"SAN FRANCISCO","SAN FRANCISCO",-122.41719818115234,37.805194854736328
9252818,2021,2021-04-28,3801,2021-03-28,1047,1725,RICHM,7,5,7,3801,0,0,0,,0,3G2A,"BRODERICK ST","CLAY ST",0.00,,Y,A,-,N,,,,,,,,,,N,4,0,1,2,A,-,12,22450,A,N,B,G,A,A,H,-,A,A,0,,Y,,,Y,,L,04,0,0,1,0,0,0,1,0,0,"- ","- ",,,"SAN FRANCISCO","SAN FRANCISCO",-122.44248199462891,37.789649963378906
9252819,2021,2021-04-29,3801,2021-03-28,1212,2745,BAYVI,7,5,7,3801,0,0,0,,0,3C12C,"PALOU AV","3RD ST",0.00,,Y,A,-,N,,,,,,,,,,N,4,0,1,2,A,-,05,21752,D,F,D,C,A,A,H,-,A,A,0,,,,,Y,,A,01,0,0,1,0,0,0,0,0,0,"- ","- ",,,"SAN FRANCISCO","SAN FRANCISCO",-122.39105987548828,37.734039306640625
9252820,2021,2021-04-28,3801,2021-03-28,1144,86,TARAV,7,5,7,3801,0,0,0,,0,3I4,"JUNIPERRO SERRA","WINSTON DR",0.00,,Y,A,-,N,,,,,,,,,,Y,4,0,3,2,A,-,12,21453,A,N,D,C,A,A,H,-,A,A,0,,,,,Y,,A,07,0,0,3,0,0,0,0,0,0,"- ","- ",,,"SAN FRANCISCO","SAN FRANCISCO",-122.47236633300781,37.726837158203125
9253081,2021,2021-04-21,3801,2021-03-21,0250,1987,CENTR,7,5,7,3801,0,0,0,,0,0A4,EMBARCADERO,"WASHINGTON ST",0.00,,Y,A,-,N,,,,,,,,,,N,3,0,2,1,B,-,22,,,N,H,I,A,A,H,-,C,A,0,,,Y,,Y,Y,C,03,0,1,1,0,0,0,0,0,2,"- ","- ",,,"SAN FRANCISCO","SAN FRANCISCO",-122.39556121826172,37.796642303466797
9253082,2021,2021-04-21,3801,2021-03-18,1530,309,TARAV,4,5,7,3801,0,0,0,,0,,"SLOAT BL","34TH AV",0.00,,Y,C,-,N,,,,,,,,,,Y,4,0,1,2,A,-,12,21453,A,N,D,C,A,B,H,-,A,A,0,,,,,Y,,-,"- ",0,0,1,0,0,0,0,0,0,"- ","- ",,,"SAN FRANCISCO","SAN FRANCISCO",-122.49124908447266,37.734130859375
9253083,2021,2021-04-21,3801,2021-03-17,1940,2163,NORTH,3,5,7,3801,0,0,0,,0,3E16D,"VAN NESS ST","UNION ST",0.00,,Y,A,-,N,,,,,,,,,,Y,4,0,1,2,A,-,01,23152,B,N,D,C,A,A,H,-,C,A,0,,,,,Y,Y,A,01,0,0,1,0,0,0,0,0,0,"- ","- ",,,"SAN FRANCISCO","SAN FRANCISCO",-122.42391967773438,37.798561096191406
9253084,2021,2021-04-21,3801,2021-03-17,1505,1230,TENDE,3,5,7,3801,0,0,0,,0,3J53C,"6TH ST","MARKET ST",42.00,S,N,A,-,N,,,,,,,,,,N,4,0,1,2,A,-,21,22106,,N,D,C,A,A,H,-,A,D,0,,,,,Y,,A,01,0,0,1,0,0,0,0,0,0,"- ","- ",,,"SAN FRANCISCO","SAN FRANCISCO",-122.41019439697266,37.782161712646484
9253085,2021,2021-04-21,3801,2021-03-17,1455,4124,INGLE,3,5,7,3801,0,0,0,,0,3H45,"MISSION ST","GENEVA AV",0.00,,Y,A,-,N,,,,,,,,,,N,3,0,2,2,A,-,03,22350,,N,D,-,A,A,H,-,A,D,0,,Y,,,Y,,-,"- ",0,1,1,0,0,0,1,0,0,"- ","- ",,,"SAN FRANCISCO","SAN FRANCISCO",-122.44100189208984,37.716388702392578
9253086,2021,2021-04-21,3801,2021-03-26,2316,2391,SOUTH,5,5,7,3801,0,0,0,,0,,"MISSION ST","11TH ST",0.00,,Y,A,-,N,,,,,,,,,,Y,4,0,1,2,A,-,08,22102,,F,D,C,A,A,H,-,C,D,0,,,Y,,Y,,A,01,0,0,1,0,0,0,0,0,1,"- ","- ",,,"SAN FRANCISCO","SAN FRANCISCO",-122.41709899902344,37.774330139160156
9253087,2021,2021-04-21,3801,2021-03-26,2014,2384,MISSI,5,5,7,3801,0,0,0,,0,1500-0,"16TH ST","MISSION ST",0.00,,Y,A,B,N,,,,,,,,,,N,3,0,1,2,A,-,00,21955,A,N,A,B,-,A,-,-,C,A,0,Y,,,,Y,Y,N,60,0,1,0,0,1,0,0,0,0,"- ","- ",,,"SAN FRANCISCO","SAN FRANCISCO",-122.41967010498047,37.765052795410156
9253088,2021,2021-04-21,3801,2021-03-26,1901,312,TARAV,5,5,7,3801,0,0,0,,0,"2 CAR","SANTIAGO ST","33RD AV",0.00,,Y,A,-,N,,,,,,,,,,N,4,0,1,2,A,-,09,21802,A,N,D,C,A,A,H,-,A,A,0,,,,,Y,,A,01,0,0,1,0,0,0,0,0,0,"- ","- ",,,"SAN FRANCISCO","SAN FRANCISCO",-122.49082946777344,37.7442626953125
9253089,2021,2021-04-21,3801,2021-03-26,1855,2431,RICHM,5,5,7,3801,0,0,0,,0,3G14D,"FULTON ST","30TH AV",0.00,,Y,A,-,N,,,,,,,,,,N,4,0,1,2,A,-,12,21453,A,N,D,C,A,A,H,-,-,A,0,,,,,Y,,A,01,0,0,1,0,0,0,0,0,0,"- ","- ",,,"SAN FRANCISCO","SAN FRANCISCO",-122.48954010009766,37.772335052490234
9253090,2021,2021-04-21,3801,2021-03-26,1850,246,TARAV,5,5,7,3801,0,0,0,,0,"6 CAR","OCEAN AV","HAROLD ST",75.00,W,N,A,-,N,,,,,,,,,,N,4,0,1,2,A,-,17,22517,,F,G,G,A,A,H,-,A,A,0,,Y,,,Y,Y,A,01,0,0,1,0,0,0,1,0,0,"- ","- ",,,"SAN FRANCISCO","SAN FRANCISCO",-122.45337677001953,37.723323822021484
9253091,2021,2021-04-21,3801,2021-03-26,1620,299,CENTR,5,5,7,3801,0,0,0,,0,3A12D,"KEARNY ST","HARDIE PL",0.00,,Y,A,-,N,,,,,,,,,,N,3,0,1,2,A,-,08,22100,A,N,B,C,A,A,-,-,A,D,0,,,Y,,Y,,A,01,0,1,0,0,0,0,0,0,1,"- ","- ",,,"SAN FRANCISCO","SAN FRANCISCO",-122.40392303466797,37.790279388427734
9253092,2021,2021-04-21,3801,2021-03-26,1255,2495,BAYVI,5,5,7,3801,0,0,0,,0,3C15A,"GILMAN AV","HAWES ST",221.00,E,N,A,-,N,,,,,,,,,,N,4,0,1,2,A,-,05,21651,B,F,D,C,A,A,H,-,A,A,0,,,,,Y,,A,01,0,0,1,0,0,0,0,0,0,"- ","- ",,,"SAN FRANCISCO","SAN FRANCISCO",-122.38937377929688,37.718929290771484
9253093,2021,2021-04-21,3801,2021-03-26,0848,2395,TARAV,5,5,7,3801,0,0,0,,0,003,"SLOAT BL","45TH AV",0.00,,Y,A,-,N,,,,,,,,,,Y,4,0,1,1,A,-,01,23152,F,N,A,I,A,A,H,-,A,A,0,,,,,Y,,A,07,0,0,1,0,0,0,0,0,0,"- ","- ",,,"SAN FRANCISCO","SAN FRANCISCO",-122.50308990478516,37.735542297363281
9253094,2021,2021-04-21,3801,2021-03-26,0645,4307,NORTH,5,5,7,3801,0,0,0,,0,3E12A,"VAN NESS",OFARRELL,0.00,,Y,A,-,N,,,,,,,,,,Y,4,0,1,2,A,-,08,22101,D,F,D,C,A,A,D,H,A,A,0,,,,,Y,,-,99,0,0,1,0,0,0,0,0,0,"- ","- ",,,"SAN FRANCISCO","SAN FRANCISCO",-122.42111968994141,37.784763336181641
9253095,2021,2021-04-21,3801,2021-03-25,1620,417,TARAV,4,5,7,3801,0,0,0,,0,3I16D,"ASHTON AV","OCEAN AV",50.00,S,N,A,-,N,,,,,,,,,,N,3,0,1,2,A,-,11,21954,A,N,B,B,D,A,H,-,A,A,0,Y,Y,,,Y,,N,60,0,1,0,0,1,0,0,0,0,"- ","- ",,,"SAN FRANCISCO","SAN FRANCISCO",-122.46227264404297,37.725143432617188
9253096,2021,2021-04-21,3801,2021-03-25,1320,1688,TENDE,4,5,7,3801,0,0,0,,0,3J11C,"MARKET ST","VAN NESS AV",20.00,E,N,A,-,N,,,,,,,,,,N,4,0,1,2,A,-,"- ",,,N,-,B,F,A,H,-,A,D,0,Y,Y,,,Y,,-,"- ",0,0,1,0,1,0,0,0,0,"- ","- ",,,"SAN FRANCISCO","SAN FRANCISCO",-122.41921234130859,37.77520751953125
9253097,2021,2021-04-21,3801,2021-03-25,1035,1074,MISSI,4,5,7,3801,0,0,0,,0,3D11A,"GUERRERO ST","20TH ST",0.00,,Y,A,-,N,,,,,,,,,,,4,0,2,2,A,-,09,21801,A,N,A,D,A,A,H,-,A,A,0,,,Y,,Y,,A,01,0,0,2,0,0,0,0,0,1,"- ","- ",,,"SAN FRANCISCO","SAN FRANCISCO",-122.42346954345703,37.758358001708984
9253098,2021,2021-04-21,3801,2021-03-25,0720,2357,NORTH,4,5,7,3801,0,0,0,,0,3E13A,"FRANKLIN ST","AUSTIN ST",0.00,,Y,A,-,N,,,,,,,,,,N,3,0,1,2,A,-,08,22107,,N,B,C,A,A,H,-,A,D,0,,Y,,,Y,,L,04,0,1,0,0,0,0,1,0,0,"- ","- ",,,"SAN FRANCISCO","SAN FRANCISCO",-122.42367553710938,37.788730621337891
9253099,2021,2021-04-21,3801,2021-03-25,2325,2210,TARAV,4,5,7,3801,0,0,0,,0,0I4,"19TH AV","VICENTE ST",13.00,N,N,A,-,N,,,,,,,,,,Y,4,0,1,3,A,-,01,23153,A,N,C,C,A,A,H,-,C,A,0,,,,,Y,Y,A,01,0,0,1,0,0,0,0,0,0,"- ","- ",,,"SAN FRANCISCO","SAN FRANCISCO",-122.47543334960938,37.739345550537109
9253230,2021,2021-04-28,3801,2021-03-03,1335,2439,CENTR,3,5,7,3801,0,0,0,,0,3A15C,"SACRAMENTO ST","BATTERY ST",0.00,,Y,A,-,N,,,,,,,,,,Y,4,0,1,2,A,-,12,21453,A,N,D,-,A,A,H,-,A,A,0,,,,,Y,,A,01,0,0,1,0,0,0,0,0,0,"- ","- ",,,"SAN FRANCISCO","SAN FRANCISCO",-122.40016174316406,37.794178009033203
9253261,2021,2021-04-27,3801,2021-03-21,2300,2481,SOUTH,7,5,7,3801,0,0,0,,0,005,"3RD ST","16TH ST",0.00,,Y,A,-,N,,,,,,,,,,N,4,0,1,2,A,-,08,22107,,N,A,G,A,A,H,-,C,A,0,,Y,,,Y,,L,04,0,0,1,0,0,0,1,0,0,"- ","- ",,,"SAN FRANCISCO","SAN FRANCISCO",-122.38920593261719,37.766944885253906
9253281,2021,2021-04-21,3801,2021-03-24,0806,1250,SOUTH,3,5,7,3801,0,0,0,,0,3B12A,"2ND ST","MISSION ST",0.00,,Y,A,-,N,,,,,,,,,,N,4,0,1,2,A,-,08,22101,D,N,A,G,A,A,G,-,A,A,0,,Y,,,Y,,-,,0,0,1,0,0,0,1,0,0,"- ","- ",,,"SAN FRANCISCO","SAN FRANCISCO",-122.39978790283203,37.788013458251953
9253282,2021,2021-04-21,3801,2021-03-24,1349,556,SOUTH,3,5,7,3801,0,0,0,,0,,"FREMONT ST","FOLSOM ST",0.00,,Y,A,-,N,,,,,,,,,,Y,4,0,2,2,A,-,09,21801,A,N,A,C,A,A,H,-,A,A,0,,,,,Y,,A,01,0,0,2,0,0,0,0,0,0,"- ","- ",,,"SAN FRANCISCO","SAN FRANCISCO",-122.39360046386719,37.788002014160156
9253283,2021,2021-04-26,3801,2021-03-23,2500,328,CENTR,2,5,7,3801,0,0,0,,0,,"PACIFIC ST","KEARNY ST",0.00,,Y,A,-,N,,,,,,,,,,,4,0,1,2,A,-,08,22100,B,N,B,G,A,A,H,-,A,A,0,,Y,,,Y,,L,04,0,0,1,0,0,0,1,0,0,"- ","- ",,,"SAN FRANCISCO","SAN FRANCISCO",-122.40538787841797,37.79705810546875
9253284,2021,2021-04-21,3801,2021-03-19,2006,2239,INGLE,5,5,7,3801,0,0,0,,0,3H11D,"ALEMANY BL","COTTER ST",46.00,S,N,A,-,N,,,,,,,,,,N,4,0,1,2,A,-,17,22517,,N,H,J,A,A,H,-,D,D,0,,,,,Y,,A,07,0,0,1,0,0,0,0,0,0,"- ","- ",,,"SAN FRANCISCO","SAN FRANCISCO",-122.43511199951172,37.728096008300781
9253285,2021,2021-04-21,3801,2021-03-22,0020,1878,INGLE,1,5,7,3801,0,0,0,,0,0H5,"ALEMANY BL","FARRAGUT AV",0.00,,Y,A,-,N,,,,,,,,,,Y,4,0,1,2,A,-,03,22350,A,F,C,C,A,A,H,-,C,A,0,,,,,Y,,A,01,0,0,1,0,0,0,0,0,0,"- ","- ",,,"SAN FRANCISCO","SAN FRANCISCO",-122.45204162597656,37.71209716796875
9253286,2021,2021-04-21,3801,2021-03-22,1035,4267,TARAV,1,5,7,3801,0,0,0,,0,3I41,"JUDAH ST","27TH AV",0.00,,Y,A,-,N,,,,,,,,,,Y,3,0,1,1,A,-,03,22350,,N,E,I,A,A,H,-,A,D,0,,,,,Y,,A,01,0,1,0,0,0,0,0,0,0,"- ","- ",,,"SAN FRANCISCO","SAN FRANCISCO",-122.48555755615234,37.761325836181641
9253287,2021,2021-04-21,3801,2021-03-22,1440,2716,PARK,1,5,7,3801,0,0,0,,0,2CAR,"17TH ST","URANUS TR",145.00,E,N,A,-,N,,,,,,,,,,Y,4,0,1,2,A,-,03,22350,,N,C,C,A,A,H,-,A,D,0,,,,,Y,,A,01,0,0,1,0,0,0,0,0,0,"- ","- ",,,"SAN FRANCISCO","SAN FRANCISCO",-122.44480133056641,37.76190185546875
9253288,2021,2021-04-21,3801,2021-03-22,1526,2157,SOUTH,1,5,7,3801,0,0,0,,0,3B14D,"11TH ST","MISSION ST",0.00,,Y,A,-,N,,,,,,,,,,,3,0,1,2,A,-,03,22350,,F,G,B,E,A,H,-,A,A,0,Y,,,,Y,,-,,0,1,0,0,1,0,0,0,0,"- ","- ",,,"SAN FRANCISCO","SAN FRANCISCO",-122.41709899902344,37.774330139160156
9253289,2021,2021-04-21,3801,2021-03-22,1648,4047,MISSI,1,5,7,3801,0,0,0,,0,3D41D,"HARTFORD ST","18TH ST",0.00,,Y,A,-,N,,,,,,,,,,N,2,0,1,2,A,-,"- ",,,N,G,B,D,A,H,-,A,D,0,Y,,,,Y,,N,60,1,0,0,0,1,0,0,0,0,"- ","- ",,,"SAN FRANCISCO","SAN FRANCISCO",-122.43388366699219,37.760948181152344
9253290,2021,2021-04-21,3801,2021-03-08,1821,1435,TRAFF,1,5,7,3801,0,0,0,,0,4B41,"KEZAR DR","JOHN F KENNEDY DR",0.00,,Y,A,-,N,,,,,,,,,,N,2,0,1,2,A,-,12,22450,A,N,A,G,A,A,H,-,C,A,0,,Y,,,Y,,L,04,1,0,0,0,0,0,1,0,0,"- ","- ",,,"SAN FRANCISCO","SAN FRANCISCO",-122.45532989501953,37.770858764648438
9253291,2021,2021-04-21,3801,2021-03-25,0740,2310,BAYVI,4,5,7,3801,0,0,0,,0,3C13A,"HUNTERS POINT BL","HAWES ST",30.00,N,N,A,-,N,,,,,,,,,,Y,4,0,1,1,A,-,07,21658,A,N,E,I,A,A,H,-,A,D,0,,,,,Y,,A,01,0,0,1,0,0,0,0,0,0,"- ","- ",,,"SAN FRANCISCO","SAN FRANCISCO",-122.37698364257812,37.733711242675781
9253292,2021,2021-04-21,3801,2021-03-25,1920,FYLES,INGLE,4,5,7,3801,0,0,0,,0,3H16D,"BAYSHROE BL","TUNNEL AV",0.00,,Y,A,-,N,,,,,,,,,,Y,4,0,2,2,A,-,08,22107,,N,D,C,A,A,H,-,A,A,0,,,,,Y,,A,01,0,0,2,0,0,0,0,0,0,"- ","- ",,,"SAN FRANCISCO","SAN FRANCISCO",-122.4007568359375,37.713123321533203
9253293,2021,2021-04-21,3801,2021-03-25,2310,2479,NORTH,4,5,7,3801,0,0,0,,0,3E13E,"GOLDEN GATE AV","VAN NESS AV",0.00,,Y,B,-,N,,,,,,,,,,Y,4,0,1,1,A,-,17,21663,,M,E,J,A,A,H,-,C,A,0,,,,,Y,,A,01,0,0,1,0,0,0,0,0,0,"- ","- ",,,"SAN FRANCISCO","SAN FRANCISCO",-122.42038726806641,37.781028747558594
9253294,2021,2021-04-21,3801,2021-03-24,1521,1601,BAYVI,3,5,7,3801,0,0,0,,0,0CI,"CESAR CHAVEZ ST","VERMONT ST",0.00,,Y,A,-,N,,,,,,,,,,Y,4,0,1,1,A,-,03,22350,,N,E,I,A,A,H,-,A,D,0,,,,,Y,,A,01,0,0,1,0,0,0,0,0,0,"- ","- ",,,"SAN FRANCISCO","SAN FRANCISCO",-122.40283966064453,37.749393463134766
9253295,2021,2021-04-21,3801,2021-03-23,1614,1613,MISSI,2,5,7,3801,0,0,0,,0,004,"24TH ST","FOLSOM ST",0.00,,Y,A,-,N,,,,,,,,,,N,3,0,1,2,A,-,06,21750,A,N,D,C,A,A,H,-,A,A,0,,,,,Y,,A,01,0,1,0,0,0,0,0,0,0,"- ","- ",,,"SAN FRANCISCO","SAN FRANCISCO",-122.41409301757812,37.752506256103516
9253296,2021,2021-04-21,3801,2021-03-23,1814,1512,BAYVI,2,5,7,3801,0,0,0,,0,0C5,"VAN DYKE AV","INGALLS ST",0.00,,Y,A,-,N,,,,,,,,,,N,3,0,1,2,A,-,21,22106,,N,D,G,A,A,H,-,A,D,0,,Y,,,Y,,-,,0,1,0,0,0,0,1,0,0,"- ","- ",,,"SAN FRANCISCO","SAN FRANCISCO",-122.38680267333984,37.725994110107422
9253297,2021,2021-04-21,3801,2021-03-18,1729,575,TENDE,4,5,7,3801,0,0,0,,0,3J11D,"TURK ST","TURK ST 275",0.00,,Y,B,-,N,,,,,,,,,,N,4,0,1,2,A,-,04,21703,,N,C,C,A,B,H,-,A,A,0,,,,,Y,,A,01,0,0,1,0,0,0,0,0,0,"- ","- ",,,"SAN FRANCISCO","SAN FRANCISCO",-122.44535064697266,37.778839111328125
9253298,2021,2021-04-21,3801,2021-03-31,1106,2745,BAYVI,3,5,7,3801,0,0,0,,0,3C14C,"LA SALLE AV","NEWCOMB AV",343.00,W,N,A,-,N,,,,,,,,,,Y,3,0,1,2,A,-,03,22350,,N,F,E,A,A,H,-,A,D,0,,,,,Y,,A,01,0,1,0,0,0,0,0,0,0,"- ","- ",,,"SAN FRANCISCO","SAN FRANCISCO",-122.38571166992188,37.733890533447266
9253299,2021,2021-04-21,3801,2021-03-30,1158,798,NORTH,2,5,7,3801,0,0,0,,0,3E44C,"MCALLISTER ST","LAGUNA ST",0.00,,Y,A,-,N,,,,,,,,,,N,4,0,1,2,A,-,08,22107,,N,B,C,A,A,H,-,A,A,0,,Y,,,Y,,A,01,0,0,1,0,0,0,1,0,0,"- ","- ",,,"SAN FRANCISCO","SAN FRANCISCO",-122.42681884765625,37.779262542724609
9256152,2021,2021-06-08,3801,2021-04-03,1308,845,TRAFF,6,5,7,3801,0,0,0,,0,4B2D,"3RD ST","FOLSOM ST",32.00,N,N,A,-,N,,,,,,,,,,Y,1,1,0,2,A,-,11,21954,A,F,G,B,D,A,H,-,A,A,0,Y,,,,Y,,N,60,0,0,0,1,0,0,0,0,0,"- ","- ",,,"SAN FRANCISCO","SAN FRANCISCO",-122.39903259277344,37.783843994140625
9256170,2021,2021-06-03,3801,2021-04-07,1319,73,TRAFF,3,5,7,3801,0,0,0,,0,4B1H,"18TH ST","CHURCH ST",353.00,E,N,A,-,N,,,,,,,,,,Y,2,0,2,7,C,-,18,,,N,C,C,A,A,H,-,A,D,0,,,,,Y,,-,"- ",1,0,1,0,0,0,0,0,0,"- ","- ",,,"SAN FRANCISCO","SAN FRANCISCO",-122.42716217041016,37.761375427246094
9256317,2021,2021-07-09,3801,2021-01-20,2235,76,TRAFF,3,5,7,3801,0,0,0,,0,4B3B,"JUNIPERO SERRA BL","PALMETTO AV",578.00,S,N,A,-,Y,SF,4,1,-,-,0.070,H,-,N,Y,1,1,0,2,A,-,03,22350,,N,E,I,A,A,H,-,D,D,0,,,,,Y,,A,01,0,0,0,0,0,0,0,0,0,"- ","- ",,,"SAN FRANCISCO","SAN FRANCISCO",-122.47103881835938,37.709053039550781
9256326,2021,2021-07-06,3801,2021-04-07,1549,2305,NORTH,3,5,7,3801,0,0,0,,0,1549,"FILLMORE ST","GOLDEN STATE AV",7.00,S,N,A,-,N,,,,,,,,,,Y,1,1,1,2,A,-,11,21453,D,N,G,B,D,A,H,-,A,A,0,Y,,Y,,Y,,N,60,0,1,0,1,0,0,0,0,1,"- ","- ",,,"SAN FRANCISCO","SAN FRANCISCO",,
9256328,2021,2021-07-09,3801,2021-04-24,0020,4022,RICHM,6,5,7,3801,0,0,0,,0,3G13E,"PARK PRESIDIO BL","RT 1",10.00,S,N,F,-,Y,SF,4,1,-,-,5.500,I,5,N,N,1,1,0,2,A,-,11,21456,C,F,G,B,B,B,H,-,C,A,0,Y,,,,Y,,N,60,0,0,0,1,0,0,0,0,0,"- ","- ",,,"SAN FRANCISCO","SAN FRANCISCO",-122.47225952148438,37.780567169189453
9256356,2021,2021-07-20,3801,2021-03-27,1153,1994,TRAFF,6,5,7,3801,0,0,0,,0,4B3G,"JOHN F KENNEDY DR","CAMBRIDGE ST",78.00,W,N,A,-,N,,,,,,,,,,Y,1,1,0,1,A,-,03,22350,,N,E,I,A,A,G,-,A,D,0,,,Y,,Y,,C,02,0,0,0,0,0,0,0,1,0,"- ","- ",,,"SAN FRANCISCO","SAN FRANCISCO",,
9256391,2021,2023-06-20,3801,2021-02-04,0755,202,TRAFF,4,5,7,3801,0,0,0,,0,4B1D,"LAKE MERCED BL","HIGUERA AV",18.00,N,N,A,-,N,,,,,,,,,,Y,1,1,4,9,A,-,01,23152,A,F,G,B,B,A,H,-,A,A,0,Y,,,,Y,Y,A,07,1,2,1,1,0,0,0,0,0,"- ","- ",,,"SAN FRANCISCO","SAN FRANCISCO",-122.48509979248047,37.718360900878906
9256488,2021,2021-08-12,3801,2021-03-02,1253,120,TRAFF,2,5,7,3801,0,0,0,,0,COH,"GENEVA AV","MISSION ST",0.00,,Y,B,-,N,,,,,,,,,,Y,1,1,0,3,A,-,08,22100,A,F,B,D,B,A,H,-,A,A,0,Y,,Y,,Y,,A,01,0,0,0,1,0,0,0,0,0,"- ","- ",,,"SAN FRANCISCO","SAN FRANCISCO",-122.44100189208984,37.716388702392578
9256801,2021,2021-05-19,3801,2021-04-03,2207,2479,NORTH,6,5,7,3801,0,0,0,,0,3E15E,"LOMBARD ST","SCOTT ST",0.00,,Y,B,-,N,,,,,,,,,,N,2,0,1,1,A,-,03,22350,,N,-,J,A,A,C,-,C,A,0,,,Y,,Y,,C,02,1,0,0,0,0,0,0,0,1,"- ","- ",,,"SAN FRANCISCO","SAN FRANCISCO",-122.44100189208984,37.799209594726562
9256805,2021,2021-05-13,3801,2021-04-07,1553,1920,MISSI,3,5,7,3801,0,0,0,,0,2D200,"DUBOCE AV","MISSION ST",0.00,,Y,A,-,N,,,,,,,,,,Y,4,0,3,2,A,-,08,22101,D,N,D,C,A,A,H,-,A,A,0,,,,,Y,,A,01,0,0,3,0,0,0,0,0,0,"- ","- ",,,"SAN FRANCISCO","SAN FRANCISCO",-122.42018127441406,37.769992828369141
9256809,2021,2021-05-19,3801,2021-04-01,1710,2088,INGLE,4,5,7,3801,0,0,0,,0,,"EDNA ST","JUDSON AV",0.00,,Y,-,-,N,,,,,,,,,,,4,0,1,2,-,-,"- ",,,N,D,G,A,-,-,-,-,A,0,,Y,,,Y,,-,"- ",0,0,1,0,0,0,1,0,0,"- ","- ",,,"SAN FRANCISCO","SAN FRANCISCO",-122.44657135009766,37.728271484375
9256813,2021,2021-05-13,3801,2021-04-07,1120,2743,SOUTH,3,5,7,3801,0,0,0,,0,3B5,"4TH ST","CHINA BASIN ST",0.00,,Y,A,-,N,,,,,,,,,,N,4,0,1,2,A,-,09,21801,A,N,D,G,A,A,H,-,A,A,0,,Y,,,Y,,L,04,0,0,1,0,0,0,1,0,0,"- ","- ",,,"SAN FRANCISCO","SAN FRANCISCO",-122.39132690429688,37.771900177001953
9256817,2021,2021-05-13,3801,2021-04-07,1005,104,TRAFF,3,5,7,3801,0,0,0,,0,4B1I,"LINCOLN WY","21ST AV",5.00,W,N,B,-,N,,,,,,,,,,N,2,0,1,2,A,-,10,21950,A,N,G,B,B,A,H,-,A,D,0,Y,,,,Y,,A,01,1,0,0,0,1,0,0,0,0,"- ","- ",,,"SAN FRANCISCO","SAN FRANCISCO",-122.47947692871094,37.765357971191406
9256873,2021,2021-05-13,3801,2021-03-29,0910,2088,INGLE,1,5,7,3801,0,0,0,,0,3H13C,"DOLORES ST","29TH ST",0.00,,Y,A,-,N,,,,,,,,,,Y,4,0,1,2,A,-,08,22107,,N,D,C,A,A,H,-,A,A,0,,,,,Y,,A,01,0,0,1,0,0,0,0,0,0,"- ","- ",,,"SAN FRANCISCO","SAN FRANCISCO",-122.42446899414062,37.743839263916016
9257360,2021,2021-04-28,3801,2021-02-10,1627,2153,SOUTH,3,5,7,3801,0,0,0,,0,3B15C,"MISSION BAY BL N","4TH ST",0.00,,Y,A,-,N,,,,,,,,,,N,4,0,1,2,A,-,10,21950,A,N,G,B,B,A,H,-,A,A,0,Y,,,,Y,,A,01,0,0,1,0,1,0,0,0,0,"- ","- ",,,"SAN FRANCISCO","SAN FRANCISCO",-122.39127349853516,37.770965576171875