CASE_ID,ACCIDENT_YEAR,PROC_DATE,JURIS,COLLISION_DATE,COLLISION_TIME,OFFICER_ID,REPORTING_DISTRICT,DAY_OF_WEEK,CHP_SHIFT,POPULATION,CNTY_CITY_LOC,SPECIAL_COND,BEAT_TYPE,CHP_BEAT_TYPE,CITY_DIVISION_LAPD,CHP_BEAT_CLASS,BEAT_NUMBER,PRIMARY_RD,SECONDARY_RD,DISTANCE,DIRECTION,INTERSECTION,WEATHER_1,WEATHER_2,STATE_HWY_IND,CALTRANS_COUNTY,CALTRANS_DISTRICT,STATE_ROUTE,ROUTE_SUFFIX,POSTMILE_PREFIX,POSTMILE,LOCATION_TYPE,RAMP_INTERSECTION,SIDE_OF_HWY,TOW_AWAY,COLLISION_SEVERITY,NUMBER_KILLED,NUMBER_INJURED,PARTY_COUNT,PRIMARY_COLL_FACTOR,PCF_CODE_OF_VIOL,PCF_VIOL_CATEGORY,PCF_VIOLATION,PCF_VIOL_SUBSECTION,HIT_AND_RUN,TYPE_OF_COLLISION,MVIW,PED_ACTION,ROAD_SURFACE,ROAD_COND_1,ROAD_COND_2,LIGHTING,CONTROL_DEVICE,CHP_ROAD_TYPE,PEDESTRIAN_ACCIDENT,BICYCLE_ACCIDENT,MOTORCYCLE_ACCIDENT,TRUCK_ACCIDENT,NOT_PRIVATE_PROPERTY,ALCOHOL_INVOLVED,STWD_VEHTYPE_AT_FAULT,CHP_VEHTYPE_AT_FAULT,COUNT_SEVERE_INJ,COUNT_VISIBLE_INJ,COUNT_COMPLAINT_PAIN,COUNT_PED_KILLED,COUNT_PED_INJURED,COUNT_BICYCLIST_KILLED,COUNT_BICYCLIST_INJURED,COUNT_MC_KILLED,COUNT_MC_INJURED,PRIMARY_RAMP,SECONDARY_RAMP,LATITUDE,LONGITUDE,COUNTY,CITY,POINT_X,POINT_Y
9275215,2021,2021-08-03,3801,2021-05-25,1150,2118,MISSI,2,5,7,3801,0,0,0,,0,3D11A,"FAIR AV","MISSION ST & VALENCIA ST",0.00,,Y,A,-,N,,,,,,,,,,N,4,0,1,2,D,-,00,,,N,B,E,A,A,H,-,A,D,0,,,,,Y,,-,"- ",0,0,1,0,0,0,0,0,0,"- ","- ",,,"SAN FRANCISCO","SAN FRANCISCO",-122.41986846923828,37.745586395263672
9275960,2021,2021-07-02,3801,2021-05-26,2303,1709,INGLE,3,5,7,3801,0,0,0,,0,001,"LIPPARD AV","BOSWORTH ST",0.00,,Y,A,-,N,,,,,,,,,,N,4,0,1,2,A,-,12,22450,,N,D,C,A,A,H,-,C,D,0,,,,,Y,,A,01,0,0,1,0,0,0,0,0,0,"- ","- ",,,"SAN FRANCISCO","SAN FRANCISCO",-122.43581390380859,37.73388671875
9276105,2021,2021-08-26,3801,2021-07-16,0751,1825,,5,5,7,3801,0,0,0,,0,3B15A,"PENNSYLVANIA AVE","25TH ST",0.00,,Y,B,-,N,,,,,,,,,,N,4,0,1,2,A,-,21,22106,,N,C,C,A,A,H,-,A,A,0,,,,,Y,,J,48,0,0,1,0,0,0,0,0,0,"- ","- ",,,"SAN FRANCISCO","SAN FRANCISCO",-122.39266204833984,37.752544403076172
9276119,2021,2021-08-30,3801,2021-07-03,1830,4178,TRAFF,6,5,7,3801,0,0,0,,0,4B3A,"BUCHANAN ST","FELL ST",0.00,,Y,A,-,N,,,,,,,,,,Y,4,0,2,2,A,-,00,21055,,N,D,C,A,A,H,-,A,A,0,,,,,Y,,J,48,0,0,2,0,0,0,0,0,0,"- ","- ",,,"SAN FRANCISCO","SAN FRANCISCO",-122.42771148681641,37.77532958984375
9276247,2021,2021-08-26,3801,2021-05-13,1050,104,TRAFF,4,5,7,3801,0,0,0,,0,4B11,"STEINER ST","GEARY BL",0.00,,Y,A,B,N,,,,,,,,,,Y,4,0,2,2,B,-,22,,,N,D,C,A,A,H,-,-,A,0,,,,,Y,,J,48,0,0,2,0,0,0,0,0,0,"- ","- ",,,"SAN FRANCISCO","SAN FRANCISCO",-122.43457794189453,37.784320831298828
9280514,2021,2021-07-06,3801,2021-05-04,0948,4270,NORTH,2,5,7,3801,0,0,0,,0,3E14A,"POST ST","FILLMORE ST",0.00,,Y,A,-,N,,,,,,,,,,Y,4,0,1,2,A,-,09,21801,A,N,D,C,A,A,H,-,A,A,0,,,,,Y,,I,11,0,0,1,0,0,0,0,0,0,"- ","- ",,,"SAN FRANCISCO","SAN FRANCISCO",-122.43308258056641,37.785160064697266
9280530,2021,2021-07-02,3801,2021-05-13,1746,2044,SOUTH,4,5,7,3801,0,0,0,,0,3B14D,"MARKET ST","GOUGH ST",0.00,,Y,B,-,N,,,,,,,,,,N,4,0,1,2,A,-,03,22350,,F,C,C,A,A,H,-,A,A,0,,,Y,,Y,,C,02,0,0,1,0,0,0,0,0,0,"- ","- ",,,"SAN FRANCISCO","SAN FRANCISCO",-122.42221069335938,37.772872924804688
9280534,2021,2021-07-02,3801,2021-05-17,0623,2375,RICHM,1,5,7,3801,0,0,0,,0,3G3A,"FULTON ST","10TH AV",0.00,,Y,B,-,N,,,,,,,,,,Y,3,0,1,3,A,-,09,21801,A,N,D,C,A,B,H,-,A,A,0,,,,,Y,,A,07,0,1,0,0,0,0,0,0,0,"- ","- ",,,"SAN FRANCISCO","SAN FRANCISCO",-122.46804046630859,37.773288726806641
9280808,2021,2021-06-30,3801,2021-05-07,2339,1660,SOUTH,5,5,7,3801,0,0,0,,0,3B11E,"FOLSOM ST","2ND ST",0.00,,Y,A,-,N,,,,,,,,,,N,2,0,1,2,A,-,03,22350,,F,G,B,B,A,H,-,C,A,0,Y,,,,Y,Y,A,01,1,0,0,0,1,0,0,0,0,"- ","- ",,,"SAN FRANCISCO","SAN FRANCISCO",-122.396728515625,37.785564422607422
9280809,2021,2021-06-30,3801,2021-05-04,1856,1116,MISSI,2,5,7,3801,0,0,0,,0,3D16D,"14TH ST","FOLSOM ST",0.00,,Y,A,-,N,,,,,,,,,,Y,4,0,1,4,A,-,06,21750,A,F,D,C,A,A,H,-,A,A,0,,,,,Y,,A,07,0,0,1,0,0,0,0,0,0,"- ","- ",,,"SAN FRANCISCO","SAN FRANCISCO",-122.41561126708984,37.768535614013672
9280811,2021,2021-06-30,3801,2021-05-03,1256,392,MISSI,1,5,7,3801,0,0,0,,0,3D14A,"MISSION ST","20TH ST",256.00,N,N,A,-,N,,,,,,,,,,N,4,0,1,2,A,-,21,22106,,N,C,C,A,A,H,-,A,D,0,,,Y,,Y,,A,08,0,0,1,0,0,0,0,0,1,"- ","- ",,,"SAN FRANCISCO","SAN FRANCISCO",-122.41911315917969,37.759330749511719
9280812,2021,2021-06-30,3801,2021-05-15,2224,1466,SOUTH,6,5,7,3801,0,0,0,,0,03B,"6TH ST","HOWARD ST",0.00,,Y,A,-,N,,,,,,,,,,N,4,0,1,2,A,-,11,21456,B,N,G,B,B,A,H,-,C,A,0,Y,,,,Y,Y,N,60,0,0,1,0,1,0,0,0,0,"- ","- ",,,"SAN FRANCISCO","SAN FRANCISCO",-122.40714263916016,37.779750823974609
9280813,2021,2021-06-30,3801,2021-05-15,1715,1740,CENTR,6,5,7,3801,0,0,0,,0,1715,"UNION ST","EASTMAN ST",0.00,,Y,A,-,N,,,,,,,,,,N,4,0,1,2,A,-,08,22107,,F,D,C,A,A,H,-,A,D,0,,,,,Y,,A,01,0,0,1,0,0,0,0,0,0,"- ","- ",,,"SAN FRANCISCO","SAN FRANCISCO",-122.42008209228516,37.799072265625
9280814,2021,2021-07-08,3801,2021-05-14,1333,2151,PARK,5,5,7,3801,0,0,0,,0,3F43C,"OAK ST","BAKER ST",200.00,E,N,B,-,N,,,,,,,,,,N,2,0,1,1,A,-,03,22350,,N,H,J,A,A,H,-,A,D,0,,Y,,,Y,,L,04,1,0,0,0,0,0,1,0,0,"- ","- ",,,"SAN FRANCISCO","SAN FRANCISCO",-122.44007873535156,37.772781372070312
9280815,2021,2021-07-08,3801,2021-05-14,0747,311,PARK,5,5,7,3801,0,0,0,,0,3F12A,"FREDERICK ST","WILLARD ST",0.00,,Y,C,-,N,,,,,,,,,,N,3,0,1,1,A,-,03,22350,,N,F,-,A,B,H,-,A,D,0,,Y,,,Y,,L,04,0,1,0,0,0,0,1,0,0,"- ","- ",,,"SAN FRANCISCO","SAN FRANCISCO",-122.45458221435547,37.766159057617188
9280816,2021,2021-06-30,3801,2021-05-13,1112,2493,PARK,4,5,7,3801,0,0,0,,0,3F43C,"MASONIC AV","HAIGHT ST",0.00,,Y,A,-,N,,,,,,,,,,N,4,0,2,2,A,-,04,21703,,N,C,-,A,A,H,-,A,A,0,,,,,Y,,A,01,0,0,2,0,0,0,0,0,0,"- ","- ",,,"SAN FRANCISCO","SAN FRANCISCO",-122.44535064697266,37.770210266113281
9280817,2021,2021-06-30,3801,2021-05-16,2054,1732,MISSI,7,5,7,3801,0,0,0,,0,,"FOLSOM ST","16TH ST",0.00,,Y,A,-,N,,,,,,,,,,Y,4,0,2,2,A,-,01,23152,A,N,D,C,A,A,H,-,C,A,0,,,,,Y,Y,A,01,0,0,2,0,0,0,0,0,0,"- ","- ",,,"SAN FRANCISCO","SAN FRANCISCO",-122.41529846191406,37.765312194824219
9280818,2021,2021-06-30,3801,2021-05-16,2255,2341,INGLE,7,5,7,3801,0,0,0,,0,3H15E,"GENEVA AV","PARIS ST",0.00,,Y,A,-,N,,,,,,,,,,Y,4,0,2,2,A,-,00,22801,A,N,D,C,A,A,H,-,C,A,0,,,,,Y,,A,01,0,0,2,0,0,0,0,0,0,"- ","- ",,,"SAN FRANCISCO","SAN FRANCISCO",-122.43943023681641,37.715679168701172
9280819,2021,2021-06-30,3801,2021-05-12,1256,2202,INGLE,3,5,7,3801,0,0,0,,0,3H11A,"ALEMANY BL","COTTER ST",0.00,,Y,A,-,N,,,,,,,,,,Y,4,0,2,2,A,-,09,21801,A,N,D,C,A,A,H,-,A,D,0,,,,,Y,,A,01,0,0,2,0,0,0,0,0,0,"- ","- ",,,"SAN FRANCISCO","SAN FRANCISCO",-122.43502044677734,37.728199005126953
9280832,2021,2021-07-02,3801,2021-05-13,0053,2424,SOUTH,4,5,7,3801,0,0,0,,0,5CAR,"3RD ST","BERRY ST",0.00,,Y,A,-,N,,,,,,,,,,Y,3,0,1,1,A,-,01,23152,A,M,E,I,A,A,H,-,C,A,0,,,,,Y,Y,A,01,0,1,0,0,0,0,0,0,0,"- ","- ",,,"SAN FRANCISCO","SAN FRANCISCO",-122.39110565185547,37.77752685546875
9280837,2021,2021-07-02,3801,2021-05-15,0955,2339,PARK,6,5,7,3801,0,0,0,,0,3F3A,"OAK ST","MASONIC AV",0.00,,Y,C,-,N,,,,,,,,,,N,2,0,1,1,A,-,03,22350,,N,-,J,A,B,H,-,A,A,0,,,Y,,Y,,C,02,1,0,0,0,0,0,0,0,1,"- ","- ",,,"SAN FRANCISCO","SAN FRANCISCO",-122.44575500488281,37.772083282470703
9280861,2021,2021-07-01,3801,2021-05-17,1925,2704,SOUTH,1,5,7,3801,0,0,0,,0,14D,"9TH ST","BRYANT ST",0.00,,Y,A,-,N,,,,,,,,,,N,4,0,1,2,D,-,00,,,N,D,C,A,A,H,-,A,A,0,,,,,Y,,-,"- ",0,0,1,0,0,0,0,0,0,"- ","- ",,,"SAN FRANCISCO","SAN FRANCISCO",-122.40853118896484,37.771289825439453
9280862,2021,2021-07-01,3801,2021-05-17,1308,798,NORTH,1,5,7,3801,0,0,0,,0,3E12C,"FULTON ST","WEBSTER ST",0.00,,Y,A,-,N,,,,,,,,,,N,4,0,1,2,A,-,10,21950,A,N,G,-,B,A,H,-,A,A,0,Y,,,,Y,,A,01,0,0,1,0,1,0,0,0,0,"- ","- ",,,"SAN FRANCISCO","SAN FRANCISCO",-122.42990875244141,37.777912139892578
9280863,2021,2021-07-01,3801,2021-05-16,1520,2050,NORTH,7,5,7,3801,0,0,0,,0,3E14D,"DIVISADERO ST","BUSH ST",0.00,,Y,B,-,N,,,,,,,,,,Y,4,0,1,2,A,-,09,21801,A,F,B,C,A,A,H,-,A,A,0,,,,,Y,,A,01,0,0,1,0,0,0,0,0,0,"- ","- ",,,"SAN FRANCISCO","SAN FRANCISCO",-122.44004821777344,37.78619384765625
9280864,2021,2021-07-01,3801,2021-05-15,1850,2435,BAYVI,6,5,7,3801,0,0,0,,0,002,"EGBERT AV","PHELPS ST",0.00,,Y,A,-,N,,,,,,,,,,N,4,0,1,2,A,-,10,21950,A,F,A,B,C,A,H,-,B,A,0,Y,,,,Y,Y,A,01,0,0,1,0,1,0,0,0,0,"- ","- ",,,"SAN FRANCISCO","SAN FRANCISCO",-122.40193939208984,37.727962493896484
9280865,2021,2021-07-08,3801,2021-05-14,1430,4132,MISSI,5,5,7,3801,0,0,0,,0,"3 CAR","24TH ST",HOFFMAN,49.00,E,N,A,-,N,,,,,,,,,,Y,4,0,2,3,A,-,21,22106,,N,E,I,A,A,H,-,A,D,0,,,,,Y,,A,01,0,0,2,0,0,0,0,0,0,"- ","- ",,,"SAN FRANCISCO","SAN FRANCISCO",-122.44045257568359,37.750888824462891
9280866,2021,2021-07-01,3801,2021-05-14,1920,1803,BAYVI,5,5,7,3801,0,0,0,,0,3C61,"MISSOURI ST","MISSOURI ST 351",0.00,,-,A,-,N,,,,,,,,,,Y,4,0,1,2,A,-,08,22107,,N,D,C,A,A,H,-,A,A,0,,,Y,,Y,,A,01,0,0,1,0,0,0,0,0,1,"- ","- ",,,"SAN FRANCISCO","SAN FRANCISCO",,
9280867,2021,2021-07-01,3801,2021-05-13,2118,2708,MISSI,4,5,7,3801,0,0,0,,0,3D11E,"GUERRERO ST","14TH ST",0.00,,Y,A,-,N,,,,,,,,,,Y,4,0,1,2,A,-,09,21801,A,N,B,C,A,A,H,-,C,A,0,,,,,Y,,A,01,0,0,1,0,0,0,0,0,0,"- ","- ",,,"SAN FRANCISCO","SAN FRANCISCO",-122.42440795898438,37.768024444580078
9280868,2021,2021-07-01,3801,2021-05-13,1130,1118,SOUTH,4,5,7,3801,0,0,0,,0,3B13C,"MISSION ST","8TH ST",10.00,E,N,A,-,N,,,,,,,,,,N,3,0,2,2,A,-,00,22650,1,N,G,B,F,A,H,-,A,D,0,Y,Y,,,Y,,L,04,0,1,1,0,1,0,1,0,0,"- ","- ",,,"SAN FRANCISCO","SAN FRANCISCO",-122.41313171386719,37.777481079101562
9280869,2021,2021-07-01,3801,2021-05-14,1204,1574,SOUTH,5,5,7,3801,0,0,0,,0,3B11C,"HOWARD ST","5TH ST",0.00,,Y,B,-,N,,,,,,,,,,N,4,0,1,3,A,-,03,22350,,M,B,D,A,A,H,-,A,D,0,,,,,Y,,-,,0,0,1,0,0,0,0,0,0,"- ","- ",,,"SAN FRANCISCO","SAN FRANCISCO",-122.40493011474609,37.781513214111328
9280870,2021,2021-07-01,3801,2021-05-11,1542,2050,NORTH,2,5,7,3801,0,0,0,,0,,"FILLMORE ST",BROADWAY,0.00,,Y,A,-,N,,,,,,,,,,N,4,0,1,2,D,-,00,,,N,B,C,A,A,H,-,A,D,0,,,,,Y,,-,"- ",0,0,1,0,0,0,0,0,0,"- ","- ",,,"SAN FRANCISCO","SAN FRANCISCO",-122.43489837646484,37.794277191162109
9280871,2021,2021-07-01,3801,2021-05-18,0805,310,SOUTH,2,5,7,3801,0,0,0,,0,3B12A,"3RD ST","FOLSOM ST",135.00,S,N,A,-,N,,,,,,,,,,Y,4,0,2,2,A,-,08,22107,,N,B,C,A,A,H,-,A,D,0,,,,,Y,,A,01,0,0,2,0,0,0,0,0,0,"- ","- ",,,"SAN FRANCISCO","SAN FRANCISCO",-122.39862823486328,37.783519744873047
9280959,2021,2021-07-01,3801,2021-05-08,0133,1557,TARAV,6,5,7,3801,0,0,0,,0,3I13E,"JUDAH ST","27TH AV",20.00,W,N,A,-,N,,,,,,,,,,N,4,0,1,1,A,-,08,22107,,N,E,I,A,A,H,-,C,D,0,,,,,Y,,A,01,0,0,1,0,0,0,0,0,0,"- ","- ",,,"SAN FRANCISCO","SAN FRANCISCO",-122.48562622070312,37.761325836181641
9281568,2021,2021-08-09,3801,2021-06-30,1453,2088,INGLE,3,5,7,3801,0,0,0,,0,3H16C,"VISITACION AV","MANSELL ST",1279.00,S,N,A,-,N,,,,,,,,,,Y,4,0,1,2,A,-,03,22350,,N,C,C,A,A,H,-,A,D,0,,,,,Y,,A,01,0,0,1,0,0,0,0,0,0,"- ","- ",,,"SAN FRANCISCO","SAN FRANCISCO",-122.41394805908203,37.716304779052734
9281569,2021,2021-08-10,3801,2021-06-17,2108,2100,MISSI,4,5,7,3801,0,0,0,,0,3D11D,"DOLORES ST","19TH ST",0.00,,Y,A,-,N,,,,,,,,,,N,2,0,1,2,A,-,10,21950,A,N,G,B,B,A,H,-,C,A,0,Y,,,,Y,,A,01,1,0,0,0,1,0,0,0,0,"- ","- ",,,"SAN FRANCISCO","SAN FRANCISCO",-122.42600250244141,37.759849548339844
9281898,2021,2021-07-01,3801,2021-05-19,1744,540,SOUTH,3,5,7,3801,0,0,0,,0,0B1,"1ST ST","FOLSOM ST",140.00,N,N,A,-,N,,,,,,,,,,N,4,0,1,2,A,-,08,22107,,N,B,G,A,A,H,-,A,A,0,,Y,,,Y,,L,04,0,0,1,0,0,0,1,0,0,"- ","- ",,,"SAN FRANCISCO","SAN FRANCISCO",-122.39481353759766,37.787593841552734
9281899,2021,2021-07-01,3801,2021-05-18,1909,1355,TARAV,2,5,7,3801,0,0,0,,0,3I16D,"SAN JOSE AV","LIEBIG ST",0.00,,Y,A,-,N,,,,,,,,,,N,4,0,2,3,A,-,03,22350,,N,C,C,A,A,-,-,A,A,0,,,,,Y,,A,07,0,0,2,0,0,0,0,0,0,"- ","- ",,,"SAN FRANCISCO","SAN FRANCISCO",-122.45767974853516,37.70953369140625
9281900,2021,2021-07-01,3801,2021-05-19,0737,563,TARAV,3,5,7,3801,0,0,0,,0,001,"JUDAH ST","17TH AV",0.00,,Y,A,-,N,,,,,,,,,,N,4,0,1,2,A,-,09,21802,A,N,D,C,A,A,H,-,A,D,0,,,Y,,Y,,A,01,0,0,1,0,0,0,0,0,1,"- ","- ",,,"SAN FRANCISCO","SAN FRANCISCO",-122.47483062744141,37.761848449707031
9282129,2021,2021-07-01,3801,2021-05-19,1344,2723,INGLE,3,5,7,3801,0,0,0,,0,3H16C,"SAN JOSE AV","ROUSSEAU ST",30.00,S,N,A,-,N,,,,,,,,,,N,3,0,1,3,-,-,"- ",,,M,D,I,A,A,H,-,A,A,0,,,,,Y,,A,01,0,1,0,0,0,0,0,0,0,"- ","- ",,,"SAN FRANCISCO","SAN FRANCISCO",-122.4305419921875,37.733856201171875
9282277,2021,2021-07-09,3801,2021-05-18,1306,2375,RICHM,2,5,7,3801,0,0,0,,0,3G60,"46TH AV","CABRILLO ST",0.00,,Y,A,-,N,,,,,,,,,,,2,0,1,2,A,I,"- ",,,N,D,B,D,A,H,-,A,A,0,Y,,,,Y,,N,60,1,0,0,0,1,0,0,0,0,"- ","- ",,,"SAN FRANCISCO","SAN FRANCISCO",-122.50682830810547,37.773395538330078
9282341,2021,2021-06-30,3801,2021-05-07,1001,1114,RICHM,5,5,7,3801,0,0,0,,0,3G62,"6TH AV","CORNWALL ST",6.00,S,N,A,-,N,,,,,,,,,,N,3,0,1,2,A,-,03,22350,,N,G,-,B,A,H,-,A,A,0,Y,,,,Y,,A,01,0,1,0,0,1,0,0,0,0,"- ","- ",,,"SAN FRANCISCO","SAN FRANCISCO",-122.46456146240234,37.784797668457031
9282342,2021,2021-06-30,3801,2021-05-20,1520,2378,BAYVI,4,5,7,3801,0,0,0,,0,002,"INDUSTRIAL ST","BOUTWELL ST",0.00,,Y,A,-,N,,,,,,,,,,Y,3,0,2,2,A,-,09,21801,,N,B,C,A,A,H,-,A,D,0,,,,,Y,,-,,0,1,1,0,0,0,0,0,0,"- ","- ",,,"SAN FRANCISCO","SAN FRANCISCO",-122.40565490722656,37.738376617431641
9282343,2021,2021-06-30,3801,2021-05-06,1524,4187,NORTH,4,5,7,3801,0,0,0,,0,3E15D,"OAK ST","OCTAVIA BL",66.00,W,N,A,-,N,,,,,,,,,,N,4,0,3,4,A,-,03,22350,,F,C,C,A,A,H,-,A,D,0,,,,,Y,,A,01,0,0,3,0,0,0,0,0,0,"- ","- ",,,"SAN FRANCISCO","SAN FRANCISCO",-122.42452239990234,37.774768829345703
9282344,2021,2021-06-30,3801,2021-05-06,0820,885,BAYVI,4,5,7,3801,0,0,0,,0,03C,"INDUSTRIAL ST",BARNEVELD,0.00,,Y,A,-,N,,,,,,,,,,Y,4,0,1,2,A,-,08,22100,B,N,B,C,A,A,H,-,A,D,0,,,,,Y,,A,01,0,0,1,0,0,0,0,0,0,"- ","- ",,,"SAN FRANCISCO","SAN FRANCISCO",-122.40430450439453,37.738735198974609
9282346,2021,2021-06-30,3801,2021-05-05,1036,4286,RICHM,3,5,7,3801,0,0,0,,0,0G5,"45TH AV","BALBOA ST",0.00,,Y,A,-,N,,,,,,,,,,N,3,0,1,2,A,-,09,21802,A,N,D,C,A,A,H,-,A,A,0,,,,,Y,,A,01,0,1,0,0,0,0,0,0,0,"- ","- ",,,"SAN FRANCISCO","SAN FRANCISCO",-122.50592041015625,37.775321960449219
9282347,2021,2021-06-30,3801,2021-05-04,1754,2725,RICHM,2,5,7,3801,0,0,0,,0,,"BUSH ST","PRESIDIO BL",0.00,,Y,A,-,N,,,,,,,,,,N,3,0,1,2,A,-,08,22107,,F,A,B,B,A,H,-,A,D,0,Y,,,,Y,,-,,0,1,0,0,1,0,0,0,0,"- ","- ",,,"SAN FRANCISCO","SAN FRANCISCO",-122.44641876220703,37.785366058349609
9282467,2021,2021-07-06,3801,2021-04-23,1200,924,CENTR,5,5,7,3801,0,0,0,,0,3A12E,"MCALLISTER ST","JONES ST",0.00,,Y,F,-,N,,,,,,,,,,N,4,0,1,2,A,-,09,21453,B,F,G,B,B,-,H,-,A,A,0,Y,,,,Y,,A,01,0,0,1,0,1,0,0,0,0,"- ","- ",,,"SAN FRANCISCO","SAN FRANCISCO",-122.41202545166016,37.7811279296875
9282480,2021,2021-07-07,3801,2021-04-30,1021,807,INGLE,5,5,7,3801,0,0,0,,0,4CAR,"OCEAN AV","LIGHT POLE",6.00,N,N,B,-,N,,,,,,,,,,N,3,0,1,1,A,-,03,22350,,N,F,J,A,A,G,-,A,D,0,,Y,,,Y,,L,04,0,1,0,0,0,0,1,0,0,"- ","- ",,,"SAN FRANCISCO","SAN FRANCISCO",,
9283482,2021,2021-07-12,3801,2021-02-19,1635,1730,TRAFF,5,5,7,3801,0,0,0,,0,4B1H,"LINCOLN WY","48TH AV",0.00,,Y,A,-,N,,,,,,,,,,Y,2,0,1,2,A,-,09,21802,A,N,D,C,A,A,H,-,A,A,0,,,Y,,Y,,A,01,1,0,0,0,0,0,0,0,1,"- ","- ",,,"SAN FRANCISCO","SAN FRANCISCO",-122.50833892822266,37.764080047607422
9283506,2021,2021-07-12,3801,2021-02-19,2030,4026,BAYVI,5,5,7,3801,0,0,0,,0,SOUTHE,"3RD ST","TERRY A FRANCOIS BL",0.00,,Y,F,-,N,,,,,,,,,,Y,4,0,1,2,A,-,04,21703,,F,H,C,A,-,G,-,-,-,0,,,,,Y,,A,01,0,0,1,0,0,0,0,0,0,"- ","- ",,,"SAN FRANCISCO","SAN FRANCISCO",-122.39002227783203,37.776294708251953
9285465,2021,2021-07-27,3801,2021-05-19,1543,1613,MISSI,3,5,7,3801,0,0,0,,0,004,"CESAR CHAVEZ ST","YORK ST",0.00,,Y,A,-,N,,,,,,,,,,N,3,0,1,2,A,-,08,22107,,N,D,C,A,A,H,-,A,D,0,,,Y,,Y,,A,01,0,1,0,0,0,0,0,0,1,"- ","- ",,,"SAN FRANCISCO","SAN FRANCISCO",-122.40789031982422,37.748329162597656
9285466,2021,2021-07-13,3801,2021-05-20,1346,1347,NORTH,4,5,7,3801,0,0,0,,0,003,"BUSH ST","VAN NESS AV",94.00,E,N,A,-,N,,,,,,,,,,Y,3,0,1,2,A,-,03,22350,,N,B,E,A,A,D,-,A,A,0,,,Y,,Y,,C,02,0,1,0,0,0,0,0,0,1,"- ","- ",,,"SAN FRANCISCO","SAN FRANCISCO",-122.42158508300781,37.788528442382812
9285468,2021,2021-07-13,3801,2021-05-03,1656,2157,SOUTH,1,5,7,3801,0,0,0,,0,004,"MARKET ST","ROSE ST",0.00,,Y,A,-,N,,,,,,,,,,N,3,0,1,2,C,-,18,,,N,G,G,A,A,H,-,A,D,0,,Y,,,Y,,-,"- ",0,1,0,0,0,0,1,0,0,"- ","- ",,,"SAN FRANCISCO","SAN FRANCISCO",-122.421142578125,37.773693084716797
9285469,2021,2021-08-02,3801,2021-04-29,2305,488,INGLE,4,5,7,3801,0,0,0,,0,3H11E,"MONTCALM ST","YORK ST",45.00,N,N,A,-,N,,,,,,,,,,Y,3,0,1,7,A,-,01,23152,A,M,C,E,A,A,H,-,C,A,0,,,,,Y,Y,D,22,0,1,0,0,0,0,0,0,0,"- ","- ",,,"SAN FRANCISCO","SAN FRANCISCO",-122.40599822998047,37.747112274169922
9285470,2021,2021-07-13,3801,2021-05-04,1606,556,SOUTH,2,5,7,3801,0,0,0,,0,3B14D,"11TH ST","FOLSOM ST",0.00,,Y,A,-,N,,,,,,,,,,Y,4,0,1,2,A,-,12,21453,A,N,D,C,A,A,H,-,A,A,0,,,,,Y,,D,22,0,0,1,0,0,0,0,0,0,"- ","- ",,,"SAN FRANCISCO","SAN FRANCISCO",-122.41400909423828,37.771884918212891
9285471,2021,2021-07-22,3801,2021-05-12,0730,1185,SOUTH,3,5,7,3801,0,0,0,,0,3B14A,"10TH ST","BRYANT ST",112.00,N,N,B,-,N,,,,,,,,,,Y,3,0,2,2,A,-,03,22350,,N,C,C,A,A,H,-,A,A,0,,,,,Y,,A,01,0,1,1,0,0,0,0,0,0,"- ","- ",,,"SAN FRANCISCO","SAN FRANCISCO",-122.41001129150391,37.770557403564453
9285472,2021,2021-07-27,3801,2021-05-28,0524,821,SOUTH,5,5,7,3801,0,0,0,,0,3B4,"10TH ST","FOLSOM ST",0.00,,Y,A,-,N,,,,,,,,,,N,4,0,1,2,A,-,08,22107,,N,D,D,A,A,H,-,B,A,0,,,,Y,Y,Y,A,01,0,0,1,0,0,0,0,0,0,"- ","- ",,,"SAN FRANCISCO","SAN FRANCISCO",-122.41281890869141,37.772819519042969
9285473,2021,2021-07-13,3801,2021-05-19,1513,327,MISSI,3,5,7,3801,0,0,0,,0,901,"CHURCH ST","20TH ST",10.00,N,N,A,-,N,,,,,,,,,,N,2,0,1,2,A,-,03,22350,,N,C,C,A,A,H,-,A,A,0,,,,,Y,,D,22,1,0,0,0,0,0,0,0,0,"- ","- ",,,"SAN FRANCISCO","SAN FRANCISCO",-122.42805480957031,37.758087158203125
9285474,2021,2021-07-13,3801,2021-05-22,1945,2239,INGLE,6,5,7,3801,0,0,0,,0,3H11D,"ALEMANY BL","NAGLEE AV",90.00,S,N,A,-,N,,,,,,,,,,Y,4,0,1,3,A,-,01,23152,A,N,D,E,A,A,H,-,A,D,0,,,,,Y,Y,D,22,0,0,1,0,0,0,0,0,0,"- ","- ",,,"SAN FRANCISCO","SAN FRANCISCO",-122.44928741455078,37.713829040527344
9285476,2021,2021-07-27,3801,2021-05-19,1737,2494,INGLE,3,5,7,3801,0,0,0,,0,3H11D,"CHURCH ST","27TH ST",22.00,S,N,A,-,N,,,,,,,,,,N,4,0,1,2,A,-,11,21954,A,N,G,B,D,A,H,-,A,D,0,Y,,,,Y,,N,60,0,0,1,0,1,0,0,0,0,"- ","- ",,,"SAN FRANCISCO","SAN FRANCISCO",-122.42696380615234,37.746841430664062
9285478,2021,2021-07-27,3801,2021-05-21,1425,4006,TARAV,5,5,7,3801,0,0,0,,0,3I15B,"SAN JOSE AV","SAGAMORE ST",126.00,N,N,A,-,N,,,,,,,,,,N,4,0,1,2,A,-,03,22350,,N,C,E,A,A,H,-,A,A,0,,,,,Y,,A,01,0,0,1,0,0,0,0,0,0,"- ","- ",,,"SAN FRANCISCO","SAN FRANCISCO",-122.45556640625,37.711521148681641
9285479,2021,2021-07-23,3801,2021-05-10,1220,156,BAYVI,1,5,7,3801,0,0,0,,0,3C60,"CESAR CHAVEZ ST","EVANS AV",0.00,,Y,A,-,N,,,,,,,,,,Y,4,0,1,2,A,-,06,21755,A,N,B,C,A,A,H,-,A,D,0,,,,,Y,,A,01,0,0,1,0,0,0,0,0,0,"- ","- ",,,"SAN FRANCISCO","SAN FRANCISCO",-122.39731597900391,37.749691009521484