CASE_ID,ACCIDENT_YEAR,PROC_DATE,JURIS,COLLISION_DATE,COLLISION_TIME,OFFICER_ID,REPORTING_DISTRICT,DAY_OF_WEEK,CHP_SHIFT,POPULATION,CNTY_CITY_LOC,SPECIAL_COND,BEAT_TYPE,CHP_BEAT_TYPE,CITY_DIVISION_LAPD,CHP_BEAT_CLASS,BEAT_NUMBER,PRIMARY_RD,SECONDARY_RD,DISTANCE,DIRECTION,INTERSECTION,WEATHER_1,WEATHER_2,STATE_HWY_IND,CALTRANS_COUNTY,CALTRANS_DISTRICT,STATE_ROUTE,ROUTE_SUFFIX,POSTMILE_PREFIX,POSTMILE,LOCATION_TYPE,RAMP_INTERSECTION,SIDE_OF_HWY,TOW_AWAY,COLLISION_SEVERITY,NUMBER_KILLED,NUMBER_INJURED,PARTY_COUNT,PRIMARY_COLL_FACTOR,PCF_CODE_OF_VIOL,PCF_VIOL_CATEGORY,PCF_VIOLATION,PCF_VIOL_SUBSECTION,HIT_AND_RUN,TYPE_OF_COLLISION,MVIW,PED_ACTION,ROAD_SURFACE,ROAD_COND_1,ROAD_COND_2,LIGHTING,CONTROL_DEVICE,CHP_ROAD_TYPE,PEDESTRIAN_ACCIDENT,BICYCLE_ACCIDENT,MOTORCYCLE_ACCIDENT,TRUCK_ACCIDENT,NOT_PRIVATE_PROPERTY,ALCOHOL_INVOLVED,STWD_VEHTYPE_AT_FAULT,CHP_VEHTYPE_AT_FAULT,COUNT_SEVERE_INJ,COUNT_VISIBLE_INJ,COUNT_COMPLAINT_PAIN,COUNT_PED_KILLED,COUNT_PED_INJURED,COUNT_BICYCLIST_KILLED,COUNT_BICYCLIST_INJURED,COUNT_MC_KILLED,COUNT_MC_INJURED,PRIMARY_RAMP,SECONDARY_RAMP,LATITUDE,LONGITUDE,COUNTY,CITY,POINT_X,POINT_Y
9285481,2021,2021-07-13,3801,2021-05-10,0650,2224,MISSI,1,5,7,3801,0,0,0,,0,3D11A,"GUERRERO ST","19TH ST",0.00,,Y,A,-,N,,,,,,,,,,N,4,0,1,2,A,-,04,21703,,N,C,C,A,A,H,-,B,A,0,,,,,Y,Y,-,,0,0,1,0,0,0,0,0,0,"- ","- ",,,"SAN FRANCISCO","SAN FRANCISCO",-122.42362976074219,37.759975433349609
9285590,2021,2021-06-29,3801,2021-05-28,2108,4103,SOUTH,5,5,7,3801,0,0,0,,0,3B14D,"FOLSOM ST","ESSEX ST",0.00,,Y,A,-,N,,,,,,,,,,Y,4,0,1,3,A,-,03,22350,,N,C,-,A,A,H,-,C,A,0,,,,,Y,Y,A,01,0,0,1,0,0,0,0,0,0,"- ","- ",,,"SAN FRANCISCO","SAN FRANCISCO",-122.39569091796875,37.786384582519531
9285602,2021,2021-07-15,3801,2021-05-20,2000,2044,SOUTH,4,5,7,3801,0,0,0,,0,,"POST ST","POWELL ST",0.00,,Y,A,-,N,,,,,,,,,,N,4,0,2,2,A,-,03,22350,,F,C,C,A,A,H,-,C,D,0,,,,,Y,,A,01,0,0,2,0,0,0,0,0,0,"- ","- ",,,"SAN FRANCISCO","SAN FRANCISCO",-122.40840148925781,37.788291931152344
9285607,2021,2021-07-06,3801,2021-05-25,1303,2290,CENTR,2,5,7,3801,0,0,0,,0,,"KEARNY ST","POST ST",0.00,,Y,A,-,N,,,,,,,,,,,4,0,1,1,C,-,18,,,N,-,I,A,A,H,-,A,A,0,,,,,Y,,-,"- ",0,0,1,0,0,0,0,0,0,"- ","- ",,,"SAN FRANCISCO","SAN FRANCISCO",-122.40365600585938,37.788902282714844
9285621,2021,2021-06-30,3801,2021-05-23,1106,4035,TENDE,7,5,7,3801,0,0,0,,0,3J14A,"TAYLOR ST","EDDY ST",0.00,,Y,A,-,N,,,,,,,,,,Y,3,0,1,2,D,-,00,,,N,D,C,A,A,H,-,A,A,0,,,,,Y,,-,"- ",0,1,0,0,0,0,0,0,0,"- ","- ",,,"SAN FRANCISCO","SAN FRANCISCO",-122.41094970703125,37.784160614013672
9285622,2021,2021-06-30,3801,2021-05-02,1730,2113,SOUTH,7,5,7,3801,0,0,0,,0,3B12D,"HOWARD ST","5TH ST",30.00,W,N,A,-,N,,,,,,,,,,N,4,0,1,2,-,-,"- ",,,N,G,B,D,A,H,-,A,A,0,Y,,,,Y,Y,A,01,0,0,1,0,1,0,0,0,0,"- ","- ",,,"SAN FRANCISCO","SAN FRANCISCO",-122.40500640869141,37.781452178955078
9285623,2021,2021-06-30,3801,2021-05-04,2345,2341,INGLE,2,5,7,3801,0,0,0,,0,3H15E,"PERSIA AV","MOSCOW ST",0.00,,Y,A,-,N,,,,,,,,,,Y,4,0,1,2,A,-,12,22450,,F,D,C,A,A,H,-,C,D,0,,,,,Y,,A,01,0,0,1,0,0,0,0,0,0,"- ","- ",,,"SAN FRANCISCO","SAN FRANCISCO",-122.42880249023438,37.719692230224609
9285624,2021,2021-06-30,3801,2021-05-04,1045,1769,INGLE,2,5,7,3801,0,0,0,,0,3H15C,"AMAZON AV","PARIS ST",0.00,,Y,A,-,N,,,,,,,,,,N,2,0,1,2,A,-,10,21950,A,F,G,B,D,A,H,-,A,D,0,Y,,,,Y,,A,01,1,0,0,0,1,0,0,0,0,"- ","- ",,,"SAN FRANCISCO","SAN FRANCISCO",-122.43875122070312,37.716625213623047
9285625,2021,2021-06-30,3801,2021-05-04,1950,524,INGLE,2,5,7,3801,0,0,0,,0,3H15D,"MISSION ST","ITALY AV",0.00,,Y,A,-,N,,,,,,,,,,Y,4,0,2,3,A,-,12,21453,A,F,G,B,B,A,H,-,A,A,0,Y,,,,Y,,A,01,0,0,2,0,2,0,0,0,0,"- ","- ",,,"SAN FRANCISCO","SAN FRANCISCO",-122.43952941894531,37.718467712402344
9285626,2021,2021-06-30,3801,2021-05-04,0823,1917,TARAV,2,5,7,3801,0,0,0,,0,3I16A,"ALEMANY BL","SAN JOSE AV",212.00,W,N,A,-,N,,,,,,,,,,N,4,0,1,2,A,-,03,22350,,N,C,C,A,A,H,-,A,A,0,,,,,Y,,A,01,0,0,1,0,0,0,0,0,0,"- ","- ",,,"SAN FRANCISCO","SAN FRANCISCO",-122.45783233642578,37.710010528564453
9285627,2021,2021-06-30,3801,2021-05-03,1459,2088,INGLE,1,5,7,3801,0,0,0,,0,,"ALEMANY BL","SANTA ROSA AV",0.00,,Y,A,-,N,,,,,,,,,,,4,0,1,2,A,-,08,22107,,N,D,C,A,A,H,-,A,A,0,,,,,Y,,A,01,0,0,1,0,0,0,0,0,0,"- ","- ",,,"SAN FRANCISCO","SAN FRANCISCO",-122.43605804443359,37.726757049560547
9285628,2021,2021-06-30,3801,2021-05-03,1300,4267,TARAV,1,5,7,3801,0,0,0,,0,3I41,"PACHECO ST","PACHECO ST  460",0.00,,Y,A,-,N,,,,,,,,,,Y,3,0,1,2,A,-,03,22350,,N,H,E,A,A,H,-,A,D,0,,,,,Y,,A,01,0,1,0,0,0,0,0,0,0,"- ","- ",,,"SAN FRANCISCO","SAN FRANCISCO",,
9285641,2021,2021-06-29,3801,2021-05-25,1709,1368,CENTR,2,5,7,3801,0,0,0,,0,3A11D,"GEARY ST","LEAVENWORTH ST",0.00,,Y,A,-,N,,,,,,,,,,N,3,0,1,2,A,-,11,21950,B,N,G,B,B,A,H,-,A,A,0,Y,,,,Y,,N,60,0,1,0,0,1,0,0,0,0,"- ","- ",,,"SAN FRANCISCO","SAN FRANCISCO",-122.41480255126953,37.786537170410156
9285642,2021,2021-06-29,3801,2021-05-25,1555,737,NORTH,2,5,7,3801,0,0,0,,0,3E77,"ELLIS ST","LAGUNA ST",250.00,E,N,A,-,N,,,,,,,,,,N,4,0,2,2,A,-,21,22106,,N,D,C,A,A,H,-,A,D,0,,,,,Y,,A,01,0,0,2,0,0,0,0,0,0,"- ","- ",,,"SAN FRANCISCO","SAN FRANCISCO",-122.42672729492188,37.783088684082031
9285643,2021,2021-07-07,3801,2021-05-28,2300,1350,BAYVI,5,5,7,3801,0,0,0,,0,3C14E,"RT 101","MANSELL ST",0.00,,Y,A,-,Y,SF,4,101,-,-,1.049,R,2,S,Y,4,0,1,1,A,-,03,22350,,N,E,I,A,A,H,-,C,A,0,,,,,Y,,A,01,0,0,1,0,0,0,0,0,0,SF,"- ",,,"SAN FRANCISCO","SAN FRANCISCO",-122.40094757080078,37.722724914550781
9285644,2021,2021-06-29,3801,2021-05-01,0735,1892,INGLE,6,5,7,3801,0,0,0,,0,3H14A,"SAN JOSE AV","SANTA ROSA AV",0.00,,Y,B,E,N,,,,,,,,,,Y,2,0,1,1,A,-,07,21658,,N,A,F,A,B,H,-,A,A,0,,,,,Y,Y,A,01,1,0,0,0,0,0,0,0,0,"- ","- ",,,"SAN FRANCISCO","SAN FRANCISCO",-122.44010162353516,37.728954315185547
9285645,2021,2021-07-14,3801,2021-05-03,2156,1732,MISSI,1,5,7,3801,0,0,0,,0,3D16E,"GUERRERO ST","20TH ST",0.00,,Y,A,-,N,,,,,,,,,,Y,4,0,1,2,A,-,09,21801,A,N,D,C,A,A,H,-,C,A,0,,,,,Y,,A,01,0,0,1,0,0,0,0,0,0,"- ","- ",,,"SAN FRANCISCO","SAN FRANCISCO",-122.42346954345703,37.758358001708984
9285646,2021,2021-07-14,3801,2021-05-06,0005,400,SOUTH,4,5,7,3801,0,0,0,,0,3B14E,"MARKET ST","VALENCIA ST",0.00,,Y,A,-,N,,,,,,,,,,N,3,0,1,2,A,-,08,22107,,N,B,C,A,A,H,-,C,A,0,,,,,Y,,-,,0,1,0,0,0,0,0,0,0,"- ","- ",,,"SAN FRANCISCO","SAN FRANCISCO",-122.42262268066406,37.772548675537109
9285647,2021,2021-06-30,3801,2021-05-05,1650,540,SOUTH,3,5,7,3801,0,0,0,,0,0B5,"RHODE ISLAND ST","16TH ST",0.00,,Y,A,-,N,,,,,,,,,,N,4,0,1,2,A,-,08,22107,,N,D,G,A,A,H,-,A,A,0,,Y,,,Y,,L,04,0,0,1,0,0,0,1,0,0,"- ","- ",,,"SAN FRANCISCO","SAN FRANCISCO",-122.40267944335938,37.766098022460938
9285648,2021,2021-07-02,3801,2021-05-04,1554,2475,CENTR,2,5,7,3801,0,0,0,,0,3A15C,"MARKET ST","MARKET ST 685",0.00,,N,A,-,N,,,,,,,,,,N,2,0,1,1,-,-,"- ",,,N,E,I,A,A,G,-,A,A,0,,,,,Y,,M,94,1,0,0,0,0,0,0,0,0,"- ","- ",,,"SAN FRANCISCO","SAN FRANCISCO",,
9285649,2021,2021-06-29,3801,2021-05-04,1330,1657,BAYVI,2,5,7,3801,0,0,0,,0,901,"SELBY ST","KIRKWOOD AV",0.00,,Y,A,-,N,,,,,,,,,,N,4,0,1,2,A,-,08,22100,A,F,D,G,A,A,H,-,A,D,0,,Y,,,Y,,L,04,0,0,1,0,0,0,1,0,0,"- ","- ",,,"SAN FRANCISCO","SAN FRANCISCO",-122.39743804931641,37.742435455322266
9285650,2021,2021-06-29,3801,2021-05-04,0758,390,PARK,2,5,7,3801,0,0,0,,0,003,"TURK BL","BRODERICK ST",11.00,E,N,A,-,N,,,,,,,,,,Y,2,0,1,3,A,-,12,21453,A,N,D,C,A,A,H,-,A,A,0,,,,,Y,,A,01,1,0,0,0,0,0,0,0,0,"- ","- ",,,"SAN FRANCISCO","SAN FRANCISCO",-122.44038391113281,37.779434204101562
9285651,2021,2021-06-29,3801,2021-05-06,2240,1371,NORTH,4,5,7,3801,0,0,0,,0,006,"VAN NESS AV","LOMBARD ST",0.00,,Y,A,-,N,,,,,,,,,,N,4,0,1,2,D,-,00,,,N,D,C,A,A,H,-,C,A,0,,,,,Y,,-,"- ",0,0,1,0,0,0,0,0,0,"- ","- ",,,"SAN FRANCISCO","SAN FRANCISCO",-122.42446899414062,37.80133056640625
9285652,2021,2021-06-29,3801,2021-05-06,1841,2494,INGLE,4,5,7,3801,0,0,0,,0,3H15D,"MISSION ST","AMAZON AV",0.00,,Y,B,-,N,,,,,,,,,,Y,2,0,1,2,A,-,09,21801,A,N,D,C,A,A,H,-,A,D,0,,,Y,,Y,,A,08,1,0,0,0,0,0,0,0,1,"- ","- ",,,"SAN FRANCISCO","SAN FRANCISCO",-122.4404296875,37.717235565185547
9285653,2021,2021-06-29,3801,2021-05-31,1306,156,BAYVI,1,5,7,3801,0,0,0,,0,3C60,"3RD ST","EVANS AV",179.00,S,N,A,-,N,,,,,,,,,,,4,0,1,3,C,-,18,,,N,C,I,A,A,H,-,A,D,0,,,,,Y,,-,"- ",0,0,1,0,0,0,0,0,0,"- ","- ",,,"SAN FRANCISCO","SAN FRANCISCO",-122.38818359375,37.742259979248047
9285654,2021,2021-07-14,3801,2021-05-31,2210,1856,INGLE,1,5,7,3801,0,0,0,,0,0H5,"MISSION ST","GUTTENBERG ST",85.00,N,N,A,-,N,,,,,,,,,,Y,4,0,1,2,A,-,00,22103,A,F,D,C,A,A,H,-,C,A,0,,,,,Y,,A,01,0,0,1,0,0,0,0,0,0,"- ","- ",,,"SAN FRANCISCO","SAN FRANCISCO",-122.44440460205078,37.712966918945312
9285655,2021,2021-06-29,3801,2021-05-29,2258,1078,INGLE,6,5,7,3801,0,0,0,,0,3H11E,"BAY SHORE BL","VISITACION AV",17.00,N,N,A,-,N,,,,,,,,,,Y,4,0,1,2,A,-,03,22350,,F,C,C,A,A,H,-,C,A,0,,,,,Y,,A,01,0,0,1,0,0,0,0,0,0,"- ","- ",,,"SAN FRANCISCO","SAN FRANCISCO",-122.40430450439453,37.710479736328125
9285656,2021,2021-06-29,3801,2021-05-30,0735,2224,MISSI,7,5,7,3801,0,0,0,,0,3D11A,"ALAMEDA ST","BRYANT ST",0.00,,Y,A,-,N,,,,,,,,,,N,4,0,1,2,A,-,03,22350,,F,D,C,A,-,-,-,A,-,0,,,,,Y,,-,,0,0,1,0,0,0,0,0,0,"- ","- ",,,"SAN FRANCISCO","SAN FRANCISCO",-122.41072082519531,37.768177032470703
9285657,2021,2021-06-29,3801,2021-05-19,2314,2181,CENTR,3,5,7,3801,0,0,0,,0,3A15E,"1ST ST","MISSION ST",24.00,N,N,A,-,N,,,,,,,,,,N,4,0,4,2,D,-,00,,,N,B,-,A,A,-,-,C,A,0,,,,,Y,,-,"- ",0,0,4,0,0,0,0,0,0,"- ","- ",,,"SAN FRANCISCO","SAN FRANCISCO",-122.39762878417969,37.789825439453125
9285658,2021,2021-06-29,3801,2021-05-23,1717,637,SOUTH,7,5,7,3801,0,0,0,,0,3CAR,"6TH ST","NATOMA ST",0.00,,Y,A,-,N,,,,,,,,,,Y,3,0,3,2,A,-,03,22350,,F,D,C,A,A,H,-,A,D,0,,,,,Y,,A,01,0,1,2,0,0,0,0,0,0,"- ","- ",,,"SAN FRANCISCO","SAN FRANCISCO",-122.40766906738281,37.780181884765625
9285659,2021,2021-06-29,3801,2021-05-23,1445,1830,NORTH,7,5,7,3801,0,0,0,,0,3E12D,"MCALLISTER ST","STEINER ST",0.00,,Y,A,-,N,,,,,,,,,,N,4,0,1,2,A,-,03,22350,,M,G,B,E,A,H,-,A,D,0,Y,,,,Y,Y,A,01,0,0,1,0,1,0,0,0,0,"- ","- ",,,"SAN FRANCISCO","SAN FRANCISCO",-122.43339538574219,37.778419494628906
9285660,2021,2021-06-29,3801,2021-05-23,1221,2378,BAYVI,7,5,7,3801,0,0,0,,0,005,"3RD ST","THOMAS AV",75.00,S,N,A,-,N,,,,,,,,,,N,4,0,2,2,A,-,03,22350,,N,C,C,A,A,H,-,A,A,0,,,,,Y,,A,01,0,0,2,0,0,0,0,0,0,"- ","- ",,,"SAN FRANCISCO","SAN FRANCISCO",-122.39224243164062,37.73065185546875
9285661,2021,2021-06-29,3801,2021-05-21,1640,2149,BAYVI,5,5,7,3801,0,0,0,,0,3C15D,"JAMESTOWN AV","REDONDO ST",0.00,,Y,A,-,N,,,,,,,,,,N,4,0,1,3,A,-,06,21750,A,N,B,C,A,A,H,-,A,D,0,,,Y,,Y,,C,02,0,0,1,0,0,0,0,0,1,"- ","- ",,,"SAN FRANCISCO","SAN FRANCISCO",-122.39261627197266,37.717929840087891
9285662,2021,2021-07-12,3801,2021-05-21,1510,969,MISSI,5,5,7,3801,0,0,0,,0,3D13D,"MISSION ST","PLUM ST",0.00,,Y,A,-,N,,,,,,,,,,N,4,0,1,2,A,-,03,22350,,N,D,C,A,A,H,-,A,D,0,,,,,Y,Y,M,94,0,0,1,0,0,0,0,0,0,"- ","- ",,,"SAN FRANCISCO","SAN FRANCISCO",-122.41963958740234,37.770984649658203
9285663,2021,2021-06-30,3801,2021-05-21,1300,1359,INGLE,5,5,7,3801,0,0,0,,0,3H16A,"CONGDON ST","MAYNARD ST",6.00,S,N,A,-,N,,,,,,,,,,N,3,0,1,2,A,-,03,22350,,F,C,G,A,A,H,-,A,D,0,,Y,,,Y,,L,04,0,1,0,0,0,0,1,0,0,"- ","- ",,,"SAN FRANCISCO","SAN FRANCISCO",-122.42604064941406,37.729393005371094
9285664,2021,2021-06-30,3801,2021-05-21,0710,2728,TENDE,5,5,7,3801,0,0,0,,0,908,"TURK ST","HYDE ST",180.00,E,N,A,-,N,,,,,,,,,,N,4,0,1,2,A,-,11,21950,B,N,G,B,E,A,-,-,A,D,0,Y,,,,Y,,N,60,0,0,1,0,1,0,0,0,0,"- ","- ",,,"SAN FRANCISCO","SAN FRANCISCO",-122.41507720947266,37.78265380859375
9285665,2021,2021-06-30,3801,2021-05-20,1444,1377,INGLE,4,5,7,3801,0,0,0,,0,3H13C,"MISSION ST","BOSWORTH ST",197.00,S,N,A,-,N,,,,,,,,,,N,4,0,1,2,A,-,08,22103,,N,D,C,A,A,H,-,A,D,0,,,Y,,Y,,A,01,0,0,1,0,0,0,0,0,1,"- ","- ",,,"SAN FRANCISCO","SAN FRANCISCO",-122.42685699462891,37.733242034912109
9285666,2021,2021-06-30,3801,2021-05-11,0704,1972,NORTH,2,5,7,3801,0,0,0,,0,3E13A,"MCALLISTER ST","LARKIN ST",0.00,,Y,A,-,N,,,,,,,,,,N,4,0,1,2,A,-,04,21703,,F,C,J,A,A,H,-,A,-,0,,,Y,,Y,,C,03,0,0,1,0,0,0,0,0,1,"- ","- ",,,"SAN FRANCISCO","SAN FRANCISCO",-122.41693878173828,37.780498504638672
9285667,2021,2021-06-30,3801,2021-05-10,2033,1736,NORTH,1,5,7,3801,0,0,0,,0,3E13D,"GOLDEN GATE AV","FRANKLIN ST",0.00,,Y,A,-,N,,,,,,,,,,Y,3,0,5,2,A,-,12,21453,A,N,B,C,A,A,H,-,C,A,0,,,,,Y,,A,01,0,2,3,0,0,0,0,0,0,"- ","- ",,,"SAN FRANCISCO","SAN FRANCISCO",-122.42209625244141,37.78082275390625
9285668,2021,2021-06-30,3801,2021-05-10,1347,751,RICHM,1,5,7,3801,0,0,0,,0,3G4A,"ANZA ST","26TH AV",0.00,,Y,A,-,N,,,,,,,,,,Y,3,0,2,2,A,-,21,22106,,N,D,C,A,A,H,-,A,A,0,,,,,Y,,A,01,0,1,1,0,0,0,0,0,0,"- ","- ",,,"SAN FRANCISCO","SAN FRANCISCO",-122.48567199707031,37.778110504150391
9285669,2021,2021-06-29,3801,2021-05-30,2051,4358,BAYVI,7,5,7,3801,0,0,0,,0,2033,"OAKDALE AV","LANE ST",0.00,,Y,A,-,N,,,,,,,,,,Y,4,0,1,3,A,-,03,22350,,N,D,C,A,A,H,-,C,A,0,,,,,Y,Y,A,01,0,0,1,0,0,0,0,0,0,"- ","- ",,,"SAN FRANCISCO","SAN FRANCISCO",-122.38849639892578,37.733543395996094
9285670,2021,2021-06-30,3801,2021-05-30,0848,892,SOUTH,7,5,7,3801,0,0,0,,0,0B4,"9TH ST","HOWARD ST",0.00,,Y,A,-,N,,,,,,,,,,Y,2,0,2,2,A,-,12,21453,A,N,D,C,A,A,H,-,A,A,0,,,,,Y,,A,01,1,0,1,0,0,0,0,0,0,"- ","- ",,,"SAN FRANCISCO","SAN FRANCISCO",-122.41315460205078,37.774997711181641
9285671,2021,2021-06-30,3801,2021-05-29,1016,2162,SOUTH,6,5,7,3801,0,0,0,,0,001,"HARRISON ST","FREMONT ST",0.00,,Y,A,-,N,,,,,,,,,,N,4,0,1,2,A,-,09,21801,A,N,D,C,A,A,H,-,A,A,0,,,,,Y,,A,07,0,0,1,0,0,0,0,0,0,"- ","- ",,,"SAN FRANCISCO","SAN FRANCISCO",-122.39205932617188,37.786788940429688
9285672,2021,2021-06-29,3801,2021-05-29,0058,1336,NORTH,6,5,7,3801,0,0,0,,0,0E4,"PINE ST","DIVISADERO ST",0.00,,Y,A,-,N,,,,,,,,,,Y,4,0,2,3,A,-,12,21453,A,N,D,C,A,A,H,-,C,A,0,,,,,Y,,A,01,0,0,2,0,0,0,0,0,0,"- ","- ",,,"SAN FRANCISCO","SAN FRANCISCO",-122.44023895263672,37.787120819091797
9285673,2021,2021-06-30,3801,2021-05-28,2229,2741,INGLE,5,5,7,3801,0,0,0,,0,901,"MISSION ST","GENEVA AV",0.00,,Y,A,-,N,,,,,,,,,,N,4,0,1,2,A,-,08,22107,,N,G,B,B,-,H,-,C,A,0,Y,,,,Y,,A,01,0,0,1,0,1,0,0,0,0,"- ","- ",,,"SAN FRANCISCO","SAN FRANCISCO",-122.44100189208984,37.716388702392578
9285674,2021,2021-06-29,3801,2021-05-29,1225,A21165,NORTH,6,5,7,3801,0,0,0,,0,3E41C,"OAK ST","STEINER ST",207.00,E,N,A,-,N,,,,,,,,,,N,4,0,1,2,A,-,21,22106,,N,-,B,A,A,H,-,A,-,0,,,,,Y,,A,01,0,0,1,0,0,0,0,0,0,"- ","- ",,,"SAN FRANCISCO","SAN FRANCISCO",-122.43175506591797,37.773841857910156
9285675,2021,2021-06-30,3801,2021-05-28,1615,4356,INGLE,5,5,7,3801,0,0,0,,0,3H16C,"PLYMOUTH AV","MONTEREY BL",0.00,,Y,A,-,N,,,,,,,,,,N,3,0,1,2,A,-,12,22450,A,N,D,G,A,A,H,-,A,A,0,,Y,,,Y,,L,04,0,1,0,0,0,0,1,0,0,"- ","- ",,,"SAN FRANCISCO","SAN FRANCISCO",-122.45806121826172,37.730808258056641
9285676,2021,2021-06-29,3801,2021-05-28,1644,129,SOUTH,5,5,7,3801,0,0,0,,0,3B11C,"2ND ST","KING ST",0.00,,Y,A,-,N,,,,,,,,,,N,3,0,1,2,A,-,06,21755,,N,B,C,A,A,H,-,A,A,0,,,Y,,Y,,C,02,0,1,0,0,0,0,0,0,1,"- ","- ",,,"SAN FRANCISCO","SAN FRANCISCO",-122.38970184326172,37.779956817626953
9285677,2021,2021-06-30,3801,2021-05-28,1648,2342,NORTH,5,5,7,3801,0,0,0,,0,3E6D,"POLK ST","ELLIS ST",30.00,S,N,A,-,N,,,,,,,,,,N,3,0,1,2,A,-,04,21703,,F,C,G,A,A,H,-,A,D,0,,Y,,,Y,,A,01,0,1,0,0,0,0,1,0,0,"- ","- ",,,"SAN FRANCISCO","SAN FRANCISCO",-122.41933441162109,37.783958435058594
9285678,2021,2021-06-30,3801,2021-05-28,1518,1118,SOUTH,5,5,7,3801,0,0,0,,0,3B13C,"FOLSOM ST","6TH ST",0.00,,Y,A,-,N,,,,,,,,,,N,3,0,1,2,A,-,12,21453,A,F,D,G,A,A,H,-,A,A,0,,Y,,,Y,,A,01,0,1,0,0,0,0,1,0,0,"- ","- ",,,"SAN FRANCISCO","SAN FRANCISCO",-122.40560150146484,37.778499603271484
9285679,2021,2021-07-12,3801,2021-05-28,1426,1118,SOUTH,5,5,7,3801,0,0,0,,0,3B13C,"HOWARD ST","5TH ST",0.00,,Y,A,-,N,,,,,,,,,,N,3,0,1,2,A,-,08,22107,,N,D,C,A,A,H,-,A,A,0,,,,,Y,,M,94,0,1,0,0,0,0,0,0,0,"- ","- ",,,"SAN FRANCISCO","SAN FRANCISCO",-122.40493011474609,37.781513214111328
9285680,2021,2021-06-30,3801,2021-05-28,1000,1605,NORTH,5,5,7,3801,0,0,0,,0,3E11A,"OCTAVIA ST","FELL ST",33.00,N,N,A,-,N,,,,,,,,,,N,4,0,1,2,A,-,11,21954,A,F,G,B,E,A,H,-,A,D,0,Y,,,,Y,,N,60,0,0,1,0,1,0,0,0,0,"- ","- ",,,"SAN FRANCISCO","SAN FRANCISCO",-122.42449951171875,37.775810241699219
9285681,2021,2021-06-30,3801,2021-05-01,1045,1242,CENTR,6,5,7,3801,0,0,0,,0,3A00,"STOCKTON ST","OFARELL ST",0.00,,Y,A,-,N,,,,,,,,,,N,4,0,1,2,A,-,04,21703,,F,C,C,A,A,H,-,A,D,0,,,,,Y,,A,01,0,0,1,0,0,0,0,0,0,"- ","- ",,,"SAN FRANCISCO","SAN FRANCISCO",-122.40638732910156,37.786624908447266
9285682,2021,2021-06-30,3801,2021-05-01,0115,385,CENTR,6,5,7,3801,0,0,0,,0,3A14E,"LOMBARD ST","POWELL ST",0.00,,Y,A,-,N,,,,,,,,,,Y,3,0,2,2,A,-,01,23152,A,N,D,C,A,A,H,-,C,D,0,,,,,Y,Y,A,01,0,1,1,0,0,0,0,0,0,"- ","- ",,,"SAN FRANCISCO","SAN FRANCISCO",-122.411376953125,37.803031921386719
9285683,2021,2021-06-30,3801,2021-05-02,0935,179,NORTH,7,5,7,3801,0,0,0,,0,3E12A,"FILLMORE ST","TURK ST",179.00,S,N,A,-,N,,,,,,,,,,Y,2,0,2,4,A,-,09,21801,,N,A,C,A,A,H,-,A,A,0,,,,,Y,,A,01,1,1,0,0,0,0,0,0,0,"- ","- ",,,"SAN FRANCISCO","SAN FRANCISCO",-122.43203735351562,37.780002593994141
9285684,2021,2021-07-06,3801,2021-05-23,0840,1482,TENDE,7,5,7,3801,0,0,0,,0,3J13A,"EDDY ST","JONES ST",0.00,,Y,A,-,N,,,,,,,,,,N,4,0,1,2,A,-,12,21453,A,N,H,J,A,A,H,-,A,A,0,,,,,Y,,-,,0,0,1,0,0,0,0,0,0,"- ","- ",,,"SAN FRANCISCO","SAN FRANCISCO",-122.41259002685547,37.783943176269531
9285685,2021,2021-06-30,3801,2021-05-23,0427,2496,SOUTH,7,5,7,3801,0,0,0,,0,3B13E,"9TH ST","HOWARD ST",0.00,,Y,A,-,N,,,,,,,,,,N,4,0,2,2,A,-,03,22350,,N,C,C,A,A,H,-,C,A,0,,,,,Y,,A,01,0,0,2,0,0,0,0,0,0,"- ","- ",,,"SAN FRANCISCO","SAN FRANCISCO",-122.41315460205078,37.774997711181641
9285686,2021,2021-06-30,3801,2021-05-23,0130,1240,TENDE,7,5,7,3801,0,0,0,,0,3J13E,"MARKET ST","5TH ST",0.00,,Y,A,-,N,,,,,,,,,,N,3,0,1,1,D,-,00,,,N,H,G,A,A,H,-,C,A,0,,Y,,,Y,,-,"- ",0,1,0,0,0,0,1,0,0,"- ","- ",,,"SAN FRANCISCO","SAN FRANCISCO",-122.40805816650391,37.78399658203125
9285687,2021,2021-06-30,3801,2021-05-22,1930,717,CENTR,6,5,7,3801,0,0,0,,0,"5 CAR","MARKET ST","FRONT ST",0.00,,Y,A,-,N,,,,,,,,,,N,3,0,1,2,A,-,12,21453,A,F,D,-,A,A,H,-,A,A,0,,,,,Y,,-,,0,1,0,0,0,0,0,0,0,"- ","- ",,,"SAN FRANCISCO","SAN FRANCISCO",-122.39833831787109,37.791694641113281
9285688,2021,2021-07-06,3801,2021-05-20,0853,1825,SOUTH,4,5,7,3801,0,0,0,,0,3B12A,"11TH ST","BRYANT ST",0.00,,Y,A,-,N,,,,,,,,,,N,3,0,1,2,A,-,12,21453,A,N,D,G,A,A,H,-,A,A,0,,Y,,,Y,,L,04,0,1,0,0,0,0,1,0,0,"- ","- ",,,"SAN FRANCISCO","SAN FRANCISCO",-122.41082000732422,37.769309997558594
9285689,2021,2021-07-02,3801,2021-05-19,1732,4012,TARAV,3,5,7,3801,0,0,0,,0,3I1D,"IRVING ST","18TH AV",0.00,,Y,A,-,N,,,,,,,,,,N,3,0,1,2,A,-,06,21750,A,N,D,G,A,A,H,-,A,D,0,,Y,,,Y,,L,04,0,1,0,0,0,0,1,0,0,"- ","- ",,,"SAN FRANCISCO","SAN FRANCISCO",-122.47605133056641,37.763614654541016