CASE_ID,ACCIDENT_YEAR,PROC_DATE,JURIS,COLLISION_DATE,COLLISION_TIME,OFFICER_ID,REPORTING_DISTRICT,DAY_OF_WEEK,CHP_SHIFT,POPULATION,CNTY_CITY_LOC,SPECIAL_COND,BEAT_TYPE,CHP_BEAT_TYPE,CITY_DIVISION_LAPD,CHP_BEAT_CLASS,BEAT_NUMBER,PRIMARY_RD,SECONDARY_RD,DISTANCE,DIRECTION,INTERSECTION,WEATHER_1,WEATHER_2,STATE_HWY_IND,CALTRANS_COUNTY,CALTRANS_DISTRICT,STATE_ROUTE,ROUTE_SUFFIX,POSTMILE_PREFIX,POSTMILE,LOCATION_TYPE,RAMP_INTERSECTION,SIDE_OF_HWY,TOW_AWAY,COLLISION_SEVERITY,NUMBER_KILLED,NUMBER_INJURED,PARTY_COUNT,PRIMARY_COLL_FACTOR,PCF_CODE_OF_VIOL,PCF_VIOL_CATEGORY,PCF_VIOLATION,PCF_VIOL_SUBSECTION,HIT_AND_RUN,TYPE_OF_COLLISION,MVIW,PED_ACTION,ROAD_SURFACE,ROAD_COND_1,ROAD_COND_2,LIGHTING,CONTROL_DEVICE,CHP_ROAD_TYPE,PEDESTRIAN_ACCIDENT,BICYCLE_ACCIDENT,MOTORCYCLE_ACCIDENT,TRUCK_ACCIDENT,NOT_PRIVATE_PROPERTY,ALCOHOL_INVOLVED,STWD_VEHTYPE_AT_FAULT,CHP_VEHTYPE_AT_FAULT,COUNT_SEVERE_INJ,COUNT_VISIBLE_INJ,COUNT_COMPLAINT_PAIN,COUNT_PED_KILLED,COUNT_PED_INJURED,COUNT_BICYCLIST_KILLED,COUNT_BICYCLIST_INJURED,COUNT_MC_KILLED,COUNT_MC_INJURED,PRIMARY_RAMP,SECONDARY_RAMP,LATITUDE,LONGITUDE,COUNTY,CITY,POINT_X,POINT_Y
9290713,2021,2021-08-11,3801,2021-06-27,1902,1527,PARK,7,5,7,3801,0,0,0,,0,0F3,"OAK ST","CLAYTON ST",0.00,,Y,A,-,N,,,,,,,,,,N,4,0,1,2,A,-,03,22350,,M,B,C,A,A,H,-,A,A,0,,,,,Y,,-,,0,0,1,0,0,0,0,0,0,"- ","- ",,,"SAN FRANCISCO","SAN FRANCISCO",-122.448974609375,37.77166748046875
9290714,2021,2021-08-11,3801,2021-06-26,2218,2143,TARVA,6,5,7,3801,0,0,0,,0,3I13E,"33RD AV","TARAVAL ST",0.00,,Y,A,-,N,,,,,,,,,,N,3,0,1,2,A,-,03,22350,,F,A,B,E,A,H,-,C,D,0,Y,,,,Y,,A,01,0,1,0,0,1,0,0,0,0,"- ","- ",,,"SAN FRANCISCO","SAN FRANCISCO",-122.49069976806641,37.742401123046875
9290715,2021,2021-08-11,3801,2021-06-24,2119,2023,PARK,4,5,7,3801,0,0,0,,0,003,"MASONIC AV","ANZA ST",0.00,,Y,A,-,N,,,,,,,,,,N,3,0,1,1,A,-,03,22350,,N,A,I,A,A,H,-,C,A,0,,,,,Y,,M,94,0,1,0,0,0,0,0,0,0,"- ","- ",,,"SAN FRANCISCO","SAN FRANCISCO",-122.44754028320312,37.781036376953125
9290716,2021,2021-08-11,3801,2021-06-26,0126,2249,TARAV,6,5,7,3801,0,0,0,,0,3I15E,"LAKE MERCED BL","HIGUERA AV",0.00,,Y,A,-,N,,,,,,,,,,Y,3,0,2,2,A,-,08,22107,,N,D,C,A,A,H,-,C,A,0,,,,,Y,,A,01,0,1,1,0,0,0,0,0,0,"- ","- ",,,"SAN FRANCISCO","SAN FRANCISCO",-122.48509979248047,37.718307495117188
9290717,2021,2021-08-11,3801,2021-06-19,1349,1931,SOUTH,6,5,7,3801,0,0,0,,0,3B13C,"MISSION ST","PLUM ST",0.00,,Y,A,-,N,,,,,,,,,,N,4,0,1,2,A,-,08,22107,,N,D,G,A,A,H,-,A,A,0,,Y,Y,,Y,,L,04,0,0,1,0,0,0,1,0,0,"- ","- ",,,"SAN FRANCISCO","SAN FRANCISCO",-122.41963958740234,37.770984649658203
9290718,2021,2021-08-11,3801,2021-06-19,2004,637,SOUTH,6,5,7,3801,0,0,0,,0,004,"8TH ST","MISSION ST",0.00,,Y,A,-,N,,,,,,,,,,N,4,0,1,2,A,-,08,22107,,N,B,C,A,A,H,-,A,A,0,,,,,Y,,A,01,0,0,1,0,0,0,0,0,0,"- ","- ",,,"SAN FRANCISCO","SAN FRANCISCO",-122.41315460205078,37.7774658203125
9290719,2021,2021-08-11,3801,2021-06-18,1704,1118,SOUTH,5,5,7,3801,0,0,0,,0,3B13C,"16TH ST","VERMONT ST",0.00,,Y,A,-,N,,,,,,,,,,N,4,0,1,2,A,-,08,22107,,N,B,C,A,A,H,-,A,A,0,,,,,Y,,A,01,0,0,1,0,0,0,0,0,0,"- ","- ",,,"SAN FRANCISCO","SAN FRANCISCO",-122.40463256835938,37.765960693359375
9290720,2021,2021-08-11,3801,2021-06-30,2236,1286,SOUTH,3,5,7,3801,0,0,0,,0,3B2,"HARRISON ST","3RD ST",142.00,W,N,A,-,N,,,,,,,,,,Y,2,0,1,2,A,-,11,21954,A,N,G,B,D,A,H,-,C,A,0,Y,,,,Y,,N,60,1,0,0,0,1,0,0,0,0,"- ","- ",,,"SAN FRANCISCO","SAN FRANCISCO",-122.39774322509766,37.782276153564453
9292815,2021,2021-08-09,3801,2021-06-12,1220,4267,TARAV,6,5,7,3801,0,0,0,,0,3I41,"NORIEGA ST","NORIEGA ST 2549",0.00,,-,A,-,N,,,,,,,,,,Y,4,0,1,2,A,-,03,22350,,N,E,I,F,A,H,-,A,D,0,Y,,,,Y,,A,07,0,0,1,0,1,0,0,0,0,"- ","- ",,,"SAN FRANCISCO","SAN FRANCISCO",,
9292819,2021,2021-08-09,3801,2021-06-24,2032,2209,MISSI,4,5,7,3801,0,0,0,,0,3D16D,"POTRERO AV","16TH ST",0.00,,Y,A,-,N,,,,,,,,,,N,3,0,1,2,A,-,09,21801,A,N,D,C,A,A,H,-,C,A,0,,,Y,,Y,,A,01,0,1,0,0,0,0,0,0,1,"- ","- ",,,"SAN FRANCISCO","SAN FRANCISCO",-122.40756225585938,37.765773773193359
9293038,2021,2021-08-12,3801,2021-06-20,2034,1876,NORTH,7,5,7,3801,0,0,0,,0,3E12D,"GEARY BL","WEBSTER ST",0.00,,Y,A,-,N,,,,,,,,,,N,2,0,1,2,A,-,09,21453,B,N,D,B,B,A,H,-,C,A,0,Y,,,,Y,,N,60,1,0,0,0,1,0,0,0,0,"- ","- ",,,"SAN FRANCISCO","SAN FRANCISCO",-122.43130493164062,37.784725189208984
9293039,2021,2021-08-09,3801,2021-06-02,1230,1118,SOUTH,3,5,7,3801,0,0,0,,0,3B13C,"17TH ST","DE HARO ST",0.00,,Y,A,-,N,,,,,,,,,,N,4,0,1,2,A,-,10,21950,A,F,G,B,B,A,H,-,A,D,0,Y,Y,,,Y,,L,04,0,0,1,0,1,0,0,0,0,"- ","- ",,,"SAN FRANCISCO","SAN FRANCISCO",-122.40157318115234,37.764835357666016
9293040,2021,2021-08-09,3801,2021-06-01,2200,1351,MISSI,2,5,7,3801,0,0,0,,0,3D11E,"18TH ST","VALENCIA ST",110.00,W,N,-,-,N,,,,,,,,,,N,2,0,1,2,A,-,08,22107,,F,C,C,A,A,H,-,C,D,0,,,Y,,Y,,-,"- ",1,0,0,0,0,0,0,0,1,"- ","- ",,,"SAN FRANCISCO","SAN FRANCISCO",-122.42193603515625,37.761688232421875
9293041,2021,2021-08-09,3801,2021-06-01,1903,1601,BAYVI,2,5,7,3801,0,0,0,,0,0C2,"NEWHALL ST","NEWCOMB AV",68.00,N,N,A,-,N,,,,,,,,,,N,3,0,1,2,A,-,11,21955,,N,G,B,D,A,H,-,A,D,0,Y,,,,Y,,N,60,0,1,0,0,1,0,0,0,0,"- ","- ",,,"SAN FRANCISCO","SAN FRANCISCO",-122.39152526855469,37.736423492431641
9293042,2021,2021-08-09,3801,2021-06-01,1051,1956,TARAV,2,5,7,3801,0,0,0,,0,6CAR,"GARFIELD ST","HEAD ST",0.00,,Y,A,-,N,,,,,,,,,,Y,4,0,1,2,A,-,09,21802,A,N,D,C,A,A,H,-,A,A,0,,,,,Y,,A,01,0,0,1,0,0,0,0,0,0,"- ","- ",,,"SAN FRANCISCO","SAN FRANCISCO",-122.46446990966797,37.719684600830078
9293043,2021,2021-08-09,3801,2021-06-02,1801,4239,PARK,3,5,7,3801,0,0,0,,0,3F13D,"FELL ST","BRODERICK ST",70.00,E,N,B,-,N,,,,,,,,,,N,4,0,1,2,A,-,06,21760,C,N,D,G,A,A,H,-,A,D,0,,Y,,,Y,,A,01,0,0,1,0,0,0,1,0,0,"- ","- ",,,"SAN FRANCISCO","SAN FRANCISCO",-122.43904876708984,37.773872375488281
9293044,2021,2022-08-23,3801,2021-06-02,1320,1741,RICHM,3,5,7,3801,0,0,0,,0,901,"LAUREL ST","WASHINGTON ST",0.00,,Y,A,-,N,,,,,,,,,,N,4,0,2,2,A,-,12,22450,A,N,D,C,A,A,H,-,A,A,0,,,,,Y,,A,01,0,0,2,0,0,0,0,0,0,"- ","- ",,,"SAN FRANCISCO","SAN FRANCISCO",-122.45066833496094,37.789524078369141
9293045,2021,2021-08-09,3801,2021-06-02,1712,445,INGLE,3,5,7,3801,0,0,0,,0,004,"CIRUCLAR AV","CONGO ST",20.00,W,N,B,-,N,,,,,,,,,,N,3,0,1,2,A,-,03,22350,,N,C,E,A,A,H,-,A,D,0,,Y,,,Y,,L,04,0,1,0,0,0,0,1,0,0,"- ","- ",,,"SAN FRANCISCO","SAN FRANCISCO",-122.44207000732422,37.729316711425781
9293046,2021,2021-08-09,3801,2021-06-06,0036,1402,SOUTH,7,5,7,3801,0,0,0,,0,3B13E,"HOWARD ST","8TH ST",0.00,,Y,A,-,N,,,,,,,,,,Y,2,0,2,3,A,-,01,23152,F,N,F,E,A,A,H,-,C,A,0,,,,,Y,,A,01,1,0,1,0,0,0,0,0,0,"- ","- ",,,"SAN FRANCISCO","SAN FRANCISCO",-122.41159057617188,37.776229858398438
9293047,2021,2021-08-09,3801,2021-06-05,2300,1660,SOUTH,6,5,7,3801,0,0,0,,0,3B1E,"BRANNAN ST","2ND ST",0.00,,Y,A,-,N,,,,,,,,,,N,4,0,1,2,A,-,10,21950,A,F,G,B,B,A,H,-,B,A,0,Y,,,,Y,,-,,0,0,1,0,1,0,0,0,0,"- ","- ",,,"SAN FRANCISCO","SAN FRANCISCO",-122.39205932617188,37.781837463378906
9293048,2021,2021-08-09,3801,2021-06-05,2027,472,TARAV,6,5,7,3801,0,0,0,,0,3I15D,"19TH AV","HOLLOWAY AV",206.00,N,N,A,-,N,,,,,,,,,,Y,3,0,1,1,A,-,03,22350,,N,A,I,A,A,H,-,A,D,0,,,,,Y,,A,01,0,1,0,0,0,0,0,0,0,"- ","- ",,,"SAN FRANCISCO","SAN FRANCISCO",-122.47534942626953,37.721515655517578
9293049,2021,2021-08-09,3801,2021-06-02,1930,335,TARAV,3,5,7,3801,0,0,0,,0,3I16D,"GENEVA AV","HOWTH ST",0.00,,Y,A,-,N,,,,,,,,,,Y,3,0,1,2,A,-,09,21801,A,N,A,C,A,A,H,-,A,A,0,,,,,Y,,A,01,0,1,0,0,0,0,0,0,0,"- ","- ",,,"SAN FRANCISCO","SAN FRANCISCO",-122.45011901855469,37.722076416015625
9293050,2021,2021-08-09,3801,2021-06-05,1918,2342,NORTH,6,5,7,3801,0,0,0,,0,3E14D,"FRANKLIN ST","FILBERT ST",0.00,,Y,A,-,N,,,,,,,,,,Y,4,0,3,2,A,-,12,21453,A,N,D,C,A,A,H,-,A,A,0,,,,,Y,,A,01,0,0,3,0,0,0,0,0,0,"- ","- ",,,"SAN FRANCISCO","SAN FRANCISCO",-122.42581176757812,37.799289703369141
9293051,2021,2021-08-09,3801,2021-06-05,1627,1113,PAR,6,5,7,3801,0,0,0,,0,3F14D,"16TH ST","MARKET ST",0.00,,Y,A,-,N,,,,,,,,,,N,4,0,2,3,A,-,03,22350,,N,C,C,A,A,H,-,A,A,0,,,,,Y,,A,01,0,0,2,0,0,0,0,0,0,"- ","- ",,,"SAN FRANCISCO","SAN FRANCISCO",-122.43313598632812,37.764244079589844
9293052,2021,2021-08-09,3801,2021-06-05,1521,1961,SOUTH,6,5,7,3801,0,0,0,,0,0B5,"3RD ST","TERRY A FRANCOIS BL",0.00,,Y,A,-,N,,,,,,,,,,Y,2,0,2,1,A,-,03,22350,,N,E,I,A,A,H,-,A,C,0,,,,,Y,,A,01,1,0,1,0,0,0,0,0,0,"- ","- ",,,"SAN FRANCISCO","SAN FRANCISCO",-122.39002227783203,37.776294708251953
9293053,2021,2021-08-09,3801,2021-06-05,1500,1118,SOUTH,6,5,7,3801,0,0,0,,0,3B13C,"7TH ST","MISSION ST",0.00,,Y,A,-,N,,,,,,,,,,N,3,0,1,2,A,-,10,21950,A,F,G,B,B,A,H,-,A,A,0,Y,,,,Y,,A,01,0,1,0,0,1,0,0,0,0,"- ","- ",,,"SAN FRANCISCO","SAN FRANCISCO",-122.41089630126953,37.779209136962891
9293054,2021,2021-08-17,3801,2021-06-05,0321,2400,NORTH,6,5,7,3801,0,0,0,,0,6CAR,"VAN NESS AV","PACIFIC AV",0.00,,Y,A,-,N,,,,,,,,,,Y,3,0,2,1,A,-,01,23152,B,N,E,I,A,A,D,E,C,A,0,,,,,Y,Y,A,01,0,1,1,0,0,0,0,0,0,"- ","- ",,,"SAN FRANCISCO","SAN FRANCISCO",-122.42314147949219,37.794841766357422
9293055,2021,2021-08-09,3801,2021-06-05,0221,1371,NORTH,6,5,7,3801,0,0,0,,0,005,"MARINA BL","DIVISADERO ST",0.00,,Y,A,-,N,,,,,,,,,,Y,3,0,1,1,A,-,01,23152,A,N,A,I,A,A,H,-,C,A,0,,,,,Y,Y,A,01,0,1,0,0,0,0,0,0,0,"- ","- ",,,"SAN FRANCISCO","SAN FRANCISCO",-122.44400024414062,37.805587768554688
9293056,2021,2021-08-09,3801,2021-06-04,1800,1160,SOUTH,5,5,7,3801,0,0,0,,0,0B1,"3RD ST","MINNA ST",155.00,S,N,A,-,N,,,,,,,,,,N,4,0,1,2,A,-,00,21954,,N,G,B,E,A,H,-,A,A,0,Y,,,,Y,,N,60,0,0,1,0,1,0,0,0,0,"- ","- ",,,"SAN FRANCISCO","SAN FRANCISCO",-122.40110778808594,37.785533905029297
9293057,2021,2021-08-09,3801,2021-06-04,1535,9,CENTR,5,5,7,3801,0,0,0,,0,3A13D,"LOMBARD ST","LEAVENWORTH ST",0.00,,Y,A,-,N,,,,,,,,,,N,3,0,1,2,A,-,10,21950,A,N,G,B,B,A,H,-,A,A,0,Y,,,,Y,,A,01,0,1,0,0,1,0,0,0,0,"- ","- ",,,"SAN FRANCISCO","SAN FRANCISCO",-122.41798400878906,37.802196502685547
9293058,2021,2021-08-17,3801,2021-06-04,1410,1886,TENDE,5,5,7,3801,0,0,0,,0,3J97C,"6TH ST","MARKET ST",92.00,S,N,A,-,N,,,,,,,,,,N,4,0,1,2,A,-,07,21658,A,N,H,J,A,A,H,-,A,D,0,,,,,Y,,-,,0,0,1,0,0,0,0,0,0,"- ","- ",,,"SAN FRANCISCO","SAN FRANCISCO",-122.41006469726562,37.782070159912109
9293059,2021,2021-08-09,3801,2021-06-04,1308,2493,PARK,5,5,7,3801,0,0,0,,0,3F13C,"STANYAN ST","HAYES ST",0.00,,Y,A,-,N,,,,,,,,,,N,3,0,1,2,A,-,06,21755,A,N,B,C,A,A,H,-,A,A,0,,,Y,,Y,,C,03,0,1,0,0,0,0,0,0,1,"- ","- ",,,"SAN FRANCISCO","SAN FRANCISCO",-122.45429992675781,37.772872924804688
9293060,2021,2021-08-09,3801,2021-06-03,2348,2400,NORTH,4,5,7,3801,0,0,0,,0,2CAR,"LAGUNA ST","FULTON ST",0.00,,Y,A,-,N,,,,,,,,,,Y,4,0,1,3,A,-,12,21453,A,F,D,C,A,A,H,-,C,A,0,,,,,Y,,A,01,0,0,1,0,0,0,0,0,0,"- ","- ",,,"SAN FRANCISCO","SAN FRANCISCO",-122.42664337158203,37.778327941894531
9293061,2021,2021-08-19,3801,2021-06-03,1747,2044,SOUTH,4,5,7,3801,0,0,0,,0,3B12D,"5TH ST","CLARA ST",0.00,,Y,A,-,N,,,,,,,,,,Y,4,0,1,2,A,-,09,21804,A,N,D,C,A,A,H,-,A,D,0,,,,,Y,,A,01,0,0,1,0,0,0,0,0,0,"- ","- ",,,"SAN FRANCISCO","SAN FRANCISCO",-122.40238189697266,37.779453277587891
9293062,2021,2021-08-19,3801,2021-06-09,1345,1118,SOUTH,3,5,7,3801,0,0,0,,0,3B13C,"6TH ST","MINNA ST",0.00,,Y,A,-,N,,,,,,,,,,N,3,0,1,2,A,-,08,22107,,F,B,C,A,A,H,-,A,A,0,,,Y,,Y,,A,01,0,1,0,0,0,0,0,0,1,"- ","- ",,,"SAN FRANCISCO","SAN FRANCISCO",-122.40813446044922,37.780551910400391
9293063,2021,2021-08-19,3801,2021-06-11,1730,2089,BAYVI,5,5,7,3801,0,0,0,,0,C560,"ARMSTRONG AV","3RD ST",0.00,,Y,A,-,N,,,,,,,,,,Y,4,0,1,2,A,-,12,21453,A,F,D,C,A,A,H,-,A,A,0,,,,,Y,,A,01,0,0,1,0,0,0,0,0,0,"- ","- ",,,"SAN FRANCISCO","SAN FRANCISCO",-122.39366912841797,37.727035522460938
9293064,2021,2021-08-19,3801,2021-06-11,1402,1680,MISSI,5,5,7,3801,0,0,0,,0,6CAR,"POTRERO AV","16TH ST",25.00,N,N,A,-,N,,,,,,,,,,N,3,0,1,2,A,-,09,21804,A,F,G,B,E,A,H,-,A,D,0,Y,,,,Y,,A,01,0,1,0,0,1,0,0,0,0,"- ","- ",,,"SAN FRANCISCO","SAN FRANCISCO",-122.40756988525391,37.765838623046875
9293065,2021,2021-08-19,3801,2021-06-11,0819,118,MISSI,5,5,7,3801,0,0,0,,0,3D15A,"BRYANT ST","15TH ST",151.00,S,N,A,-,N,,,,,,,,,,Y,4,0,3,2,A,-,04,21703,,N,A,C,A,A,H,-,A,-,0,,,,,Y,,A,01,0,0,3,0,0,0,0,0,0,"- ","- ",,,"SAN FRANCISCO","SAN FRANCISCO",-122.41058349609375,37.766487121582031
9293066,2021,2021-08-19,3801,2021-06-10,1802,2100,MISSI,4,5,7,3801,0,0,0,,0,3D15D,"16TH ST","RONDEL PL",0.00,,Y,A,-,N,,,,,,,,,,N,4,0,1,2,A,-,08,22107,,N,B,C,A,A,H,-,A,-,0,,,Y,,Y,,A,01,0,0,1,0,0,0,0,0,1,"- ","- ",,,"SAN FRANCISCO","SAN FRANCISCO",-122.42124176025391,37.76495361328125
9293067,2021,2021-08-19,3801,2021-06-10,1340,1052,RICHM,4,5,7,3801,0,0,0,,0,3G4C,"GEARY BL","31ST AV",15.00,E,N,A,-,N,,,,,,,,,,Y,4,0,3,2,A,-,09,21801,A,N,D,-,A,A,H,-,A,D,0,,,,,Y,,A,01,0,0,3,0,0,0,0,0,0,"- ","- ",,,"SAN FRANCISCO","SAN FRANCISCO",-122.49112701416016,37.779872894287109
9293068,2021,2021-08-19,3801,2021-06-10,0900,298,PARK,4,5,7,3801,0,0,0,,0,3F13A,"DUBOCE AV","SCOTT ST",5.00,W,N,A,-,N,,,,,,,,,,N,3,0,1,2,A,-,10,21950,A,N,G,B,B,A,H,-,A,A,0,Y,,,,Y,,A,01,0,1,0,0,1,0,0,0,0,"- ","- ",,,"SAN FRANCISCO","SAN FRANCISCO",-122.43492889404297,37.769107818603516
9293069,2021,2021-08-19,3801,2021-06-09,2149,740,MISSI,3,5,7,3801,0,0,0,,0,0D2,"CHURCH ST","HILL ST",0.00,,Y,A,-,N,,,,,,,,,,N,2,0,1,1,A,-,03,22350,,N,A,I,A,A,H,-,C,A,0,,Y,,,Y,,L,04,1,0,0,0,0,0,1,0,0,"- ","- ",,,"SAN FRANCISCO","SAN FRANCISCO",-122.42781829833984,37.755691528320312
9293071,2021,2021-08-20,3801,2021-06-05,1600,1148,MISSI,6,5,7,3801,0,0,0,,0,3D14D,"MISSION ST","15TH ST",0.00,,Y,A,-,N,,,,,,,,,,N,3,0,1,2,A,-,09,21804,A,F,B,B,A,A,H,-,A,A,0,,,,,Y,,A,01,0,1,0,0,0,0,0,0,0,"- ","- ",,,"SAN FRANCISCO","SAN FRANCISCO",-122.41981506347656,37.766674041748047
9293072,2021,2021-08-20,3801,2021-06-11,1640,2111,MISSI,5,5,7,3801,0,0,0,,0,3D11D,"18TH ST","CHURCH ST",15.00,E,N,A,-,N,,,,,,,,,,N,3,0,1,2,A,-,08,22107,,F,D,G,A,A,H,-,A,A,0,,Y,,,Y,,A,01,0,1,0,0,0,0,1,0,0,"- ","- ",,,"SAN FRANCISCO","SAN FRANCISCO",-122.42832946777344,37.761302947998047
9293073,2021,2021-08-20,3801,2021-06-05,1745,2094,MISSI,6,5,7,3801,0,0,0,,0,,"18TH ST","CHURCH ST",24.00,W,N,A,-,N,,,,,,,,,,N,3,0,1,2,A,-,03,22350,,N,B,E,A,A,H,-,A,A,0,,,Y,,Y,,C,03,0,1,0,0,0,0,0,0,1,"- ","- ",,,"SAN FRANCISCO","SAN FRANCISCO",-122.42845916748047,37.761295318603516
9293076,2021,2021-08-20,3801,2021-06-27,1800,1119,SOUTH,7,5,7,3801,0,0,0,,0,3B2,"4TH ST","MISSION ST",17.00,S,N,A,-,N,,,,,,,,,,N,4,0,1,2,A,-,11,21456,C,N,G,B,B,A,H,-,A,A,0,Y,,,,Y,,N,60,0,0,1,0,1,0,0,0,0,"- ","- ",,,"SAN FRANCISCO","SAN FRANCISCO",-122.40422058105469,37.78448486328125
9293077,2021,2021-08-20,3801,2021-06-27,1423,2403,CENTR,7,5,7,3801,0,0,0,,0,3A14C,BROADWAY,"POWELL ST",0.00,,Y,A,-,N,,,,,,,,,,N,4,0,1,2,A,-,08,22107,,N,B,G,A,A,H,-,A,A,0,,Y,,,Y,,L,04,0,0,1,0,0,0,1,0,0,"- ","- ",,,"SAN FRANCISCO","SAN FRANCISCO",-122.41024017333984,37.797409057617188
9293078,2021,2021-09-02,3801,2021-06-26,2121,1414,MISSI,6,5,7,3801,0,0,0,,0,3D11E,"DUBOCE AV","VALENCIA ST",0.00,,Y,A,-,N,,,,,,,,,,N,4,0,1,1,A,-,"- ",,,N,-,A,A,A,H,-,C,A,0,,,,,Y,,-,,0,0,1,0,0,0,0,0,0,"- ","- ",,,"SAN FRANCISCO","SAN FRANCISCO",-122.42236328125,37.769866943359375
9293079,2021,2021-08-20,3801,2021-06-26,0020,2735,MISSI,6,5,7,3801,0,0,0,,0,3D14E,"DOLORES ST","22ND ST",0.00,,Y,A,-,N,,,,,,,,,,Y,4,0,1,2,A,-,01,23153,A,N,C,D,A,A,-,-,D,A,0,,,,,Y,Y,A,01,0,0,1,0,0,0,0,0,0,"- ","- ",,,"SAN FRANCISCO","SAN FRANCISCO",-122.42552947998047,37.755035400390625
9293080,2021,2021-08-20,3801,2021-06-25,2355,1096,CENTR,5,5,7,3801,0,0,0,,0,3A11E,"CALIFORNIA ST","HYDE ST",10.00,W,N,A,-,N,,,,,,,,,,N,4,0,1,2,A,-,03,22350,,N,C,C,A,A,H,-,C,A,0,,,Y,,Y,,C,03,0,0,1,0,0,0,0,0,1,"- ","- ",,,"SAN FRANCISCO","SAN FRANCISCO",-122.41743469238281,37.790985107421875
9293081,2021,2021-08-04,3801,2021-06-25,2244,1225,NORTH,5,5,7,3801,0,0,0,,0,3E14E,"LOMBARD ST","FRANKLIN ST",40.00,E,N,A,-,N,,,,,,,,,,N,2,0,2,4,A,-,03,22350,,F,G,B,E,A,H,-,C,D,0,Y,,,,Y,,-,,1,0,1,0,2,0,0,0,0,"- ","- ",,,"SAN FRANCISCO","SAN FRANCISCO",-122.42606353759766,37.801128387451172
9293082,2021,2021-08-04,3801,2021-06-29,1139,2413,CENTR,2,5,7,3801,0,0,0,,0,,"JONES ST","POST ST",0.00,,Y,A,-,N,,,,,,,,,,,2,0,1,1,A,-,03,22350,,N,H,J,A,A,H,-,A,A,0,,Y,,,Y,,L,04,1,0,0,0,0,0,1,0,0,"- ","- ",,,"SAN FRANCISCO","SAN FRANCISCO",-122.41333770751953,37.787689208984375
9293083,2021,2021-08-04,3801,2021-06-28,1215,1122,NORTH,1,5,7,3801,0,0,0,,0,0E2,"GROVE ST","WEBSTER ST",0.00,,Y,B,-,N,,,,,,,,,,Y,4,0,2,2,A,-,12,21453,A,N,-,C,A,A,H,-,A,A,0,,,,,Y,,A,01,0,0,2,0,0,0,0,0,0,"- ","- ",,,"SAN FRANCISCO","SAN FRANCISCO",-122.42974853515625,37.776969909667969
9293084,2021,2021-08-09,3801,2021-06-28,1046,714,MISSI,1,5,7,3801,0,0,0,,0,005,"S VAN NESS AV","13TH ST",73.00,S,N,A,-,N,,,,,,,,,,Y,4,0,1,1,A,-,07,21658,A,N,E,I,A,A,-,-,A,-,0,,,,,Y,,A,01,0,0,1,0,0,0,0,0,0,"- ","- ",,,"SAN FRANCISCO","SAN FRANCISCO",-122.41781616210938,37.769451141357422
9293085,2021,2021-08-04,3801,2021-06-29,1811,2157,SOUTH,2,5,7,3801,0,0,0,,0,003,"7TH ST","MISSION ST",0.00,,Y,A,-,N,,,,,,,,,,N,4,0,1,2,A,-,08,22101,D,F,G,B,B,A,H,-,A,A,0,Y,,,,Y,,A,01,0,0,1,0,1,0,0,0,0,"- ","- ",,,"SAN FRANCISCO","SAN FRANCISCO",-122.41089630126953,37.779209136962891
9293086,2021,2021-08-04,3801,2021-06-15,1316,1817,CENTR,2,5,7,3801,0,0,0,,0,3A12C,"CALIFORNIA ST","POWELL ST",192.00,E,N,A,-,N,,,,,,,,,,N,4,0,1,2,A,-,05,21460,,N,B,E,A,A,H,-,A,D,0,,,,,Y,,A,01,0,0,1,0,0,0,0,0,0,"- ","- ",,,"SAN FRANCISCO","SAN FRANCISCO",-122.40851593017578,37.792129516601562
9293087,2021,2021-08-04,3801,2021-06-15,1122,1987,CENTR,2,5,7,3801,0,0,0,,0,3A13C,"BATTERY ST","UNION ST",0.00,,Y,A,-,N,,,,,,,,,,N,4,0,1,2,A,-,04,21703,,N,C,C,A,A,H,-,A,A,0,,,,,Y,,A,01,0,0,1,0,0,0,0,0,0,"- ","- ",,,"SAN FRANCISCO","SAN FRANCISCO",-122.40160369873047,37.801414489746094
9293088,2021,2021-08-04,3801,2021-06-15,0737,796,NORTH,2,5,7,3801,0,0,0,,0,3E13A,"FRANKLIN ST","SUTTER ST",0.00,,Y,A,-,N,,,,,,,,,,N,3,0,1,2,A,-,03,22350,,N,C,C,A,A,H,-,A,A,0,,,,,Y,,A,01,0,1,0,0,0,0,0,0,0,"- ","- ",,,"SAN FRANCISCO","SAN FRANCISCO",-122.42340087890625,37.787345886230469
9293089,2021,2021-08-04,3801,2021-06-12,1949,890,BAYVI,6,5,7,3801,0,0,0,,0,BYVEW3,"INGALLS ST","HARBOR RD",0.00,,Y,A,-,N,,,,,,,,,,N,4,0,2,2,A,-,12,22450,A,N,D,C,A,A,-,-,A,A,0,,,,,Y,,-,,0,0,2,0,0,0,0,0,0,"- ","- ",,,"SAN FRANCISCO","SAN FRANCISCO",-122.37992858886719,37.733409881591797
9293090,2021,2021-08-09,3801,2021-06-12,1954,1644,TENDE,6,5,7,3801,0,0,0,,0,3J11D,"EDDY ST","MASON ST",0.00,,Y,A,-,N,,,,,,,,,,N,3,0,1,2,D,-,00,,,N,B,G,A,A,H,-,A,A,0,,Y,,,Y,,-,"- ",0,1,0,0,0,0,1,0,0,"- ","- ",,,"SAN FRANCISCO","SAN FRANCISCO",-122.4093017578125,37.784374237060547
9293091,2021,2021-08-04,3801,2021-06-12,1301,905,MISSI,6,5,7,3801,0,0,0,,0,3D13C,"SAN CARLOS ST","20TH ST",0.00,,Y,A,-,N,,,,,,,,,,N,3,0,1,2,A,-,08,22107,,N,D,G,A,A,H,-,A,A,0,,Y,,,Y,,A,01,0,1,0,0,0,0,1,0,0,"- ","- ",,,"SAN FRANCISCO","SAN FRANCISCO",-122.41981506347656,37.758583068847656