CASE_ID,ACCIDENT_YEAR,PROC_DATE,JURIS,COLLISION_DATE,COLLISION_TIME,OFFICER_ID,REPORTING_DISTRICT,DAY_OF_WEEK,CHP_SHIFT,POPULATION,CNTY_CITY_LOC,SPECIAL_COND,BEAT_TYPE,CHP_BEAT_TYPE,CITY_DIVISION_LAPD,CHP_BEAT_CLASS,BEAT_NUMBER,PRIMARY_RD,SECONDARY_RD,DISTANCE,DIRECTION,INTERSECTION,WEATHER_1,WEATHER_2,STATE_HWY_IND,CALTRANS_COUNTY,CALTRANS_DISTRICT,STATE_ROUTE,ROUTE_SUFFIX,POSTMILE_PREFIX,POSTMILE,LOCATION_TYPE,RAMP_INTERSECTION,SIDE_OF_HWY,TOW_AWAY,COLLISION_SEVERITY,NUMBER_KILLED,NUMBER_INJURED,PARTY_COUNT,PRIMARY_COLL_FACTOR,PCF_CODE_OF_VIOL,PCF_VIOL_CATEGORY,PCF_VIOLATION,PCF_VIOL_SUBSECTION,HIT_AND_RUN,TYPE_OF_COLLISION,MVIW,PED_ACTION,ROAD_SURFACE,ROAD_COND_1,ROAD_COND_2,LIGHTING,CONTROL_DEVICE,CHP_ROAD_TYPE,PEDESTRIAN_ACCIDENT,BICYCLE_ACCIDENT,MOTORCYCLE_ACCIDENT,TRUCK_ACCIDENT,NOT_PRIVATE_PROPERTY,ALCOHOL_INVOLVED,STWD_VEHTYPE_AT_FAULT,CHP_VEHTYPE_AT_FAULT,COUNT_SEVERE_INJ,COUNT_VISIBLE_INJ,COUNT_COMPLAINT_PAIN,COUNT_PED_KILLED,COUNT_PED_INJURED,COUNT_BICYCLIST_KILLED,COUNT_BICYCLIST_INJURED,COUNT_MC_KILLED,COUNT_MC_INJURED,PRIMARY_RAMP,SECONDARY_RAMP,LATITUDE,LONGITUDE,COUNTY,CITY,POINT_X,POINT_Y
9293092,2021,2021-08-04,3801,2021-06-12,0440,2330,TARAV,6,5,7,3801,0,0,0,,0,3I13E,"36TH AV","IRVING ST",150.00,N,N,A,-,N,,,,,,,,,,Y,4,0,1,1,A,-,03,22350,A,N,F,I,A,A,H,-,C,D,0,,,,,Y,Y,A,01,0,0,1,0,0,0,0,0,0,"- ","- ",,,"SAN FRANCISCO","SAN FRANCISCO",-122.49539184570312,37.763179779052734
9293093,2021,2021-08-04,3801,2021-06-11,1100,1185,SOUTH,5,5,7,3801,0,0,0,,0,3B14A,"NEW MONTGOMERY ST","STEVENSON ST",0.00,,Y,A,-,N,,,,,,,,,,N,4,0,1,2,A,-,12,22450,A,F,B,C,A,A,H,-,A,A,0,,,,,Y,,A,01,0,0,1,0,0,0,0,0,0,"- ","- ",,,"SAN FRANCISCO","SAN FRANCISCO",-122.40151214599609,37.788299560546875
9293094,2021,2021-08-04,3801,2021-06-11,1204,1388,TARAV,5,5,7,3801,0,0,0,,0,3I15A,"LAKE MERCED BL","MIDDLEFIELD DR",191.00,S,N,A,-,N,,,,,,,,,,Y,4,0,2,3,A,-,04,21703,,N,C,C,A,A,H,-,A,D,0,,,,,Y,,A,01,0,0,2,0,0,0,0,0,0,"- ","- ",,,"SAN FRANCISCO","SAN FRANCISCO",-122.48596954345703,37.729408264160156
9293096,2021,2021-08-04,3801,2021-06-10,2003,4178,TRAFF,4,5,7,3801,0,0,0,,0,4B3A,"GILMAN AV","JENNINGS ST",0.00,,Y,A,-,N,,,,,,,,,,Y,2,0,1,3,A,-,01,23152,A,N,D,C,A,A,H,-,B,A,0,,,,,Y,Y,A,01,1,0,0,0,0,0,0,0,0,"- ","- ",,,"SAN FRANCISCO","SAN FRANCISCO",-122.39375305175781,37.721393585205078
9293097,2021,2021-08-04,3801,2021-06-10,1601,2105,CENTR,4,5,7,3801,0,0,0,,0,3A42C,"COLUMBUS AV","PACIFIC AV",150.00,N,N,A,-,N,,,,,,,,,,Y,4,0,2,2,A,-,04,21703,,N,C,C,A,A,H,-,A,A,0,,,,,Y,,A,01,0,0,2,0,0,0,0,0,0,"- ","- ",,,"SAN FRANCISCO","SAN FRANCISCO",-122.40579986572266,37.797317504882812
9293098,2021,2021-08-04,3801,2021-06-24,1657,2431,RICHM,4,5,7,3801,0,0,0,,0,3G4D,"CLEMENT ST","26TH AV",0.00,,Y,A,-,N,,,,,,,,,,N,4,0,1,2,A,-,12,22450,A,N,D,G,A,A,H,-,A,A,0,,Y,,,Y,,L,04,0,0,1,0,0,0,1,0,0,"- ","- ",,,"SAN FRANCISCO","SAN FRANCISCO",-122.48593902587891,37.781974792480469
9293099,2021,2021-08-04,3801,2021-06-23,1120,1987,CENTR,3,5,7,3801,0,0,0,,0,,"TAYLOR ST","PINE ST",0.00,,Y,A,-,N,,,,,,,,,,,3,0,1,2,A,-,10,21950,A,N,B,B,B,A,H,-,A,A,0,Y,,,,Y,,A,01,0,1,0,0,1,0,0,0,0,"- ","- ",,,"SAN FRANCISCO","SAN FRANCISCO",-122.41224670410156,37.790657043457031
9293100,2021,2021-08-04,3801,2021-06-24,1740,2419,RICHM,4,5,7,3801,0,0,0,,0,908,"PINE ST","PRESIDIO AV",0.00,,Y,A,-,N,,,,,,,,,,Y,4,0,1,2,A,-,12,21453,A,N,D,C,A,A,H,-,A,A,0,,,,,Y,,A,01,0,0,1,0,0,0,0,0,0,"- ","- ",,,"SAN FRANCISCO","SAN FRANCISCO",-122.44660186767578,37.786293029785156
9293269,2021,2021-08-27,3801,2021-06-27,2114,524,ING,7,5,7,3801,0,0,0,,0,3H11E,"BANKS ST","TOMPKINS AV",158.00,S,N,A,-,N,,,,,,,,,,Y,4,0,1,3,A,-,01,23152,A,N,C,E,A,A,H,-,C,D,0,,,,,Y,Y,A,01,0,0,1,0,0,0,0,0,0,"- ","- ",,,"SAN FRANCISCO","SAN FRANCISCO",-122.41289520263672,37.736618041992188
9293288,2021,2021-07-30,3801,2021-06-16,1400,2305,TRAFF,3,5,7,3801,0,0,0,,0,4B31,"FOLSOM ST","11TH ST",0.00,,Y,A,-,N,,,,,,,,,,N,3,0,1,3,A,-,03,22350,,N,E,E,A,A,H,-,A,A,0,,,,,Y,,M,94,0,1,0,0,0,0,0,0,0,"- ","- ",,,"SAN FRANCISCO","SAN FRANCISCO",-122.41400909423828,37.771884918212891
9293289,2021,2021-07-30,3801,2021-06-25,1644,1848,PARK,5,5,7,3801,0,0,0,,0,002,"7TH AV","HUGO ST",0.00,,Y,A,-,N,,,,,,,,,,Y,4,0,3,2,A,-,09,21802,A,N,D,C,A,A,H,-,A,A,0,,,,,Y,,A,01,0,0,3,0,0,0,0,0,0,"- ","- ",,,"SAN FRANCISCO","SAN FRANCISCO",-122.46424102783203,37.765060424804688
9293290,2021,2021-07-30,3801,2021-06-24,1845,2044,SOUTH,4,5,7,3801,0,0,0,,0,3B13D,"POST ST","STEINER ST",0.00,,Y,A,-,N,,,,,,,,,,N,3,0,1,1,C,-,18,,,N,-,A,A,A,C,-,A,D,0,,Y,,,Y,,-,"- ",0,1,0,0,0,0,1,0,0,"- ","- ",,,"SAN FRANCISCO","SAN FRANCISCO",-122.43472290039062,37.784942626953125
9293291,2021,2021-07-30,3801,2021-06-25,1422,707,TRAFF,5,5,7,3801,0,0,0,,0,901,"BUSH ST","LARKIN ST",0.00,,Y,A,-,N,,,,,,,,,,N,2,0,2,2,A,-,12,21453,A,N,D,C,A,A,H,-,A,A,0,,,Y,,Y,,C,03,1,1,0,0,0,0,0,0,2,"- ","- ",,,"SAN FRANCISCO","SAN FRANCISCO",-122.41867065429688,37.788902282714844
9293292,2021,2021-07-30,3801,2021-06-24,1827,2305,TRAFF,4,5,7,3801,0,0,0,,0,4B31,"MISSION ST","11TH ST",0.00,,Y,A,-,N,,,,,,,,,,N,4,0,1,2,A,-,17,21235,G,N,D,C,A,A,H,-,A,A,0,,,,,Y,,M,94,0,0,1,0,0,0,0,0,0,"- ","- ",,,"SAN FRANCISCO","SAN FRANCISCO",-122.41709899902344,37.774330139160156
9293293,2021,2021-07-30,3801,2021-06-09,1543,4175,TRAFF,3,5,7,3801,0,0,0,,0,0B1,"BEALE ST","NATOMA ST",8.00,S,N,A,-,N,,,,,,,,,,N,2,0,3,4,A,-,06,21755,,N,B,C,F,A,H,-,A,A,0,Y,,Y,,Y,,C,02,1,1,1,0,1,0,0,0,1,"- ","- ",,,"SAN FRANCISCO","SAN FRANCISCO",,
9293294,2021,2021-08-25,3801,2021-06-08,2201,2094,MISSI,2,5,7,3801,0,0,0,,0,004,"SOUTH VAN NESS AV","14TH ST",0.00,,Y,A,-,N,,,,,,,,,,Y,4,0,3,3,A,-,12,21453,A,N,D,C,A,A,H,-,C,A,0,,,,,Y,Y,A,01,0,0,3,0,0,0,0,0,0,"- ","- ",,,"SAN FRANCISCO","SAN FRANCISCO",-122.41780090332031,37.768417358398438
9293295,2021,2021-07-30,3801,2021-06-23,2249,2166,TENDE,3,5,7,3801,0,0,0,,0,3J15E,"MASON ST","ELLIS ST",0.00,,Y,A,-,N,,,,,,,,,,Y,4,0,1,2,A,-,04,21703,,F,C,C,A,A,H,-,C,A,0,,,,,Y,,A,01,0,0,1,0,0,0,0,0,0,"- ","- ",,,"SAN FRANCISCO","SAN FRANCISCO",-122.40946197509766,37.785331726074219
9293296,2021,2021-07-30,3801,2021-06-17,2005,1888,RICHM,4,5,7,3801,0,0,0,,0,,"LAKE ST","23RD AV",65.00,E,N,A,-,N,,,,,,,,,,,4,0,1,1,A,-,03,22350,,N,F,A,A,A,G,-,A,D,0,,,Y,,Y,,C,03,0,0,1,0,0,0,0,0,1,"- ","- ",,,"SAN FRANCISCO","SAN FRANCISCO",-122.48277282714844,37.785858154296875
9293297,2021,2021-07-30,3801,2021-06-04,1319,1994,TRAFF,5,5,7,3801,0,0,0,,0,4B36,"JONES ST","ELLIS ST",29.00,N,N,A,-,N,,,,,,,,,,N,3,0,1,1,A,-,03,22350,,N,H,-,A,A,H,-,A,-,0,,Y,,,Y,,L,04,0,1,0,0,0,0,1,0,0,"- ","- ",,,"SAN FRANCISCO","SAN FRANCISCO",-122.41279602050781,37.784976959228516
9293298,2021,2021-08-11,3801,2021-06-16,1851,1961,SOUTH,3,5,7,3801,0,0,0,,0,3B15E,"FOLSOM ST","5TH ST",0.00,,Y,A,-,N,,,,,,,,,,,4,0,1,2,A,-,10,21950,A,N,G,B,B,A,H,-,A,A,0,Y,,,,Y,,A,01,0,0,1,0,1,0,0,0,0,"- ","- ",,,"SAN FRANCISCO","SAN FRANCISCO",-122.40340423583984,37.7802734375
9293299,2021,2021-07-30,3801,2021-06-16,1049,104,TRAFF,3,5,7,3801,0,0,0,,0,104,"PAGE ST","OCTAVIA ST",23.00,E,N,A,-,N,,,,,,,,,,N,2,0,1,2,A,-,12,22450,,N,C,G,A,A,H,-,A,A,0,,Y,,,Y,,L,04,1,0,0,0,0,0,1,0,0,"- ","- ",,,"SAN FRANCISCO","SAN FRANCISCO",-122.42403411865234,37.773887634277344
9293555,2021,2021-08-02,3801,2021-06-10,2233,614,TARAV,4,5,7,3801,0,0,0,,0,3I11E,"19TH AV","IRVING ST",162.00,S,N,A,C,N,,,,,,,,,,N,4,0,1,2,A,-,03,22350,,N,C,D,A,A,H,-,-,A,0,,,Y,,Y,,D,22,0,0,1,0,0,0,0,0,1,"- ","- ",,,"SAN FRANCISCO","SAN FRANCISCO",-122.47716522216797,37.763114929199219
9293563,2021,2021-08-09,3801,2021-06-27,1535,2081,CENTR,7,5,7,3801,0,0,0,,0,002,"STOCKTON ST","GEARY ST",0.00,,N,A,-,N,,,,,,,,,,Y,3,0,2,4,A,-,03,22350,A,N,C,-,A,A,H,-,A,A,0,,,,,Y,,A,07,0,2,0,0,0,0,0,0,0,"- ","- ",,,"SAN FRANCISCO","SAN FRANCISCO",-122.40657806396484,37.787563323974609
9293575,2021,2021-07-30,3801,2021-06-23,1018,1628,RICHM,3,5,7,3801,0,0,0,,0,2CAR,"CALIFORNIA ST","DIVISADERO ST",0.00,,Y,A,-,N,,,,,,,,,,N,4,0,2,2,A,-,04,21703,,F,C,C,A,A,H,-,A,A,0,,,,,Y,,A,01,0,0,2,0,0,0,0,0,0,"- ","- ",,,"SAN FRANCISCO","SAN FRANCISCO",-122.44045257568359,37.788082122802734
9293583,2021,2021-08-09,3801,2021-06-25,2500,1118,SOUTH,5,5,7,3801,0,0,0,,0,3B13C,"KING ST","4TH ST",0.00,,Y,A,-,N,,,,,,,,,,Y,4,0,3,2,A,-,12,21453,A,N,D,C,A,A,H,-,A,A,0,,,,,Y,,-,"- ",0,0,3,0,0,0,0,0,0,"- ","- ",,,"SAN FRANCISCO","SAN FRANCISCO",-122.39414978027344,37.77642822265625
9293587,2021,2021-09-20,3801,2021-06-24,1945,1244,TARAV,4,5,7,3801,0,0,0,,0,001,"19TH AV","JUDAH ST",60.00,S,N,A,-,Y,SF,4,1,-,-,3.760,H,-,S,Y,3,0,3,3,A,-,08,22107,,N,B,C,A,A,C,-,A,A,0,,,,Y,Y,,A,01,0,1,2,0,0,0,0,0,0,"- ","- ",,,"SAN FRANCISCO","SAN FRANCISCO",-122.47708129882812,37.761386871337891
9293591,2021,2021-09-20,3801,2021-06-30,1230,1435,TRAFF,3,5,7,3801,0,0,0,,0,4B4I,"PARK PRESIDIO BL","LAKE ST",126.00,S,N,B,-,Y,SF,4,1,-,-,5.850,H,-,N,Y,4,0,2,6,D,-,00,,,N,B,C,A,A,H,-,A,A,0,,,,Y,Y,,-,"- ",0,0,2,0,0,0,0,0,0,"- ","- ",,,"SAN FRANCISCO","SAN FRANCISCO",-122.47260284423828,37.785877227783203
9293595,2021,2021-08-12,3801,2021-06-29,1554,2157,SOUTH,2,5,7,3801,0,0,0,,0,003,"HOWARD ST","6TH ST",0.00,,Y,A,-,N,,,,,,,,,,N,4,0,1,2,A,-,07,21658,A,F,G,B,B,A,H,-,A,A,0,Y,,,,Y,,D,22,0,0,1,0,1,0,0,0,0,"- ","- ",,,"SAN FRANCISCO","SAN FRANCISCO",-122.40714263916016,37.779750823974609
9293677,2021,2021-07-30,3801,2021-06-01,1718,1520,BAYVI,2,5,7,3801,0,0,0,,0,0C2,"ALEMANY BL","BAYSHORE BL",124.00,W,N,A,-,N,,,,,,,,,,Y,4,0,2,6,A,-,03,22350,,F,D,C,A,A,H,-,A,D,0,,,,Y,Y,,F,26,0,0,2,0,0,0,0,0,0,"- ","- ",,,"SAN FRANCISCO","SAN FRANCISCO",-122.40737152099609,37.737899780273438
9294113,2021,2021-08-02,3801,2021-06-07,0739,2476,BAYVI,1,5,7,3801,0,0,0,,0,3C15A,"BLANKEN AV","NUEVA AV",0.00,,Y,A,-,N,,,,,,,,,,N,4,0,1,2,A,-,08,22100,A,N,D,C,A,A,-,-,A,A,0,,,,Y,Y,,A,01,0,0,1,0,0,0,0,0,0,"- ","- ",,,"SAN FRANCISCO","SAN FRANCISCO",-122.39736175537109,37.71124267578125
9294125,2021,2021-08-02,3801,2021-06-14,0730,1871,INGLE,1,5,7,3801,0,0,0,,0,901,"NIAGARA AV","ALEMANY BL",0.00,,Y,B,F,N,,,,,,,,,,N,3,0,1,2,D,-,00,,,N,D,G,A,B,-,-,A,A,0,,Y,,,Y,,-,"- ",0,1,0,0,0,0,1,0,0,"- ","- ",,,"SAN FRANCISCO","SAN FRANCISCO",-122.44346618652344,37.717002868652344
9294129,2021,2021-08-02,3801,2021-06-14,0249,460,INGLE,1,5,7,3801,0,0,0,,0,3H11E,"HOLLY PARK CIR","HIGHLAND AV",30.00,E,N,E,-,N,,,,,,,,,,N,4,0,1,2,A,-,03,22350,,N,B,E,A,B,H,-,C,D,0,,,,,Y,,D,22,0,0,1,0,0,0,0,0,0,"- ","- ",,,"SAN FRANCISCO","SAN FRANCISCO",-122.42106628417969,37.737339019775391
9294282,2021,2021-08-11,3801,2021-06-16,1450,1571,MISSI,3,5,7,3801,0,0,0,,0,3D41D,"17TH ST","CHURCH ST",0.00,,Y,A,-,N,,,,,,,,,,N,4,0,1,2,A,-,08,22107,,N,D,-,A,A,H,-,A,A,0,,,Y,,Y,,A,01,0,0,1,0,0,0,0,0,1,"- ","- ",,,"SAN FRANCISCO","SAN FRANCISCO",-122.42851257324219,37.762882232666016
9294283,2021,2021-08-11,3801,2021-06-19,1740,1631,SOUTH,6,5,7,3801,0,0,0,,0,3B1D,"SPEAR ST","FOLSOM ST",0.00,,Y,A,-,N,,,,,,,,,,Y,4,0,1,2,A,-,08,22100,B,N,D,C,A,A,H,-,A,A,0,,,Y,,Y,,A,01,0,0,1,0,0,0,0,0,1,"- ","- ",,,"SAN FRANCISCO","SAN FRANCISCO",-122.39099884033203,37.790081024169922
9294285,2021,2021-08-02,3801,2021-06-19,2140,145,CENTR,6,5,7,3801,0,0,0,,0,3A15E,"MARKET ST","SUTTER ST",90.00,S,N,A,-,N,,,,,,,,,,,3,0,1,1,A,-,03,22350,,N,E,I,A,A,H,-,C,A,0,,,Y,,Y,,C,03,0,1,0,0,0,0,0,0,1,"- ","- ",,,"SAN FRANCISCO","SAN FRANCISCO",-122.40036010742188,37.790122985839844
9294286,2021,2021-08-02,3801,2021-06-18,1230,4132,MISSI,5,5,7,3801,0,0,0,,0,1CAR,"DOLORES ST","18TH ST",25.00,S,N,A,-,N,,,,,,,,,,N,3,0,1,2,A,-,03,22350,,N,C,G,A,A,H,-,A,D,0,,Y,,,Y,,L,04,0,1,0,0,0,0,1,0,0,"- ","- ",,,"SAN FRANCISCO","SAN FRANCISCO",-122.42615509033203,37.761371612548828
9294288,2021,2021-08-05,3801,2021-06-03,1010,1796,RICHA,4,5,7,3801,0,0,0,,0,3G4A,"18TH AV","18TH AV 771",0.00,,N,B,-,N,,,,,,,,,,N,3,0,1,2,A,-,21,22106,,N,G,I,E,A,H,-,A,D,0,Y,,,,Y,,A,01,0,1,0,0,1,0,0,0,0,"- ","- ",,,"SAN FRANCISCO","SAN FRANCISCO",-119.78028869628906,36.189430236816406
9294289,2021,2021-08-02,3801,2021-06-03,0450,1386,SOUTH,4,5,7,3801,0,0,0,,0,004,"9TH ST","FOLSOM ST",0.00,,Y,A,-,N,,,,,,,,,,Y,4,0,2,2,A,-,12,21453,A,N,D,C,A,A,H,-,C,A,0,,,,,Y,,A,01,0,0,2,0,0,0,0,0,0,"- ","- ",,,"SAN FRANCISCO","SAN FRANCISCO",-122.41161346435547,37.773773193359375
9294290,2021,2021-08-02,3801,2021-06-02,2101,2153,SOUTH,3,5,7,3801,0,0,0,,0,3B13D,"6TH ST","FOLSOM ST",0.00,,Y,F,-,N,,,,,,,,,,Y,4,0,1,2,A,-,00,12500,A,N,B,G,A,A,H,-,C,A,0,,Y,,,Y,,L,04,0,0,1,0,0,0,1,0,0,"- ","- ",,,"SAN FRANCISCO","SAN FRANCISCO",-122.40560150146484,37.778499603271484
9294291,2021,2021-08-02,3801,2021-06-02,1423,392,MISSI,3,5,7,3801,0,0,0,,0,3D14A,"18TH ST","SANCHEZ ST",31.00,E,N,A,-,N,,,,,,,,,,N,4,0,1,2,A,-,17,22517,,N,D,G,A,A,H,-,A,D,0,,Y,,,Y,,-,,0,0,1,0,0,0,1,0,0,"- ","- ",,,"SAN FRANCISCO","SAN FRANCISCO",-122.43046569824219,37.761157989501953
9294292,2021,2021-08-02,3801,2021-06-02,0736,4294,NORTH,3,5,7,3801,0,0,0,,0,0E5,"LOMBARD ST","SCOTT ST",0.00,,Y,A,-,N,,,,,,,,,,Y,4,0,2,3,A,-,08,22107,,N,B,C,A,A,H,-,A,A,0,,,,,Y,,A,01,0,0,2,0,0,0,0,0,0,"- ","- ",,,"SAN FRANCISCO","SAN FRANCISCO",-122.44100189208984,37.799209594726562
9294293,2021,2021-08-02,3801,2021-06-01,1704,2050,NORTH,2,5,7,3801,0,0,0,,0,,DIVISADERO,"PINE ST",0.00,,Y,A,-,N,,,,,,,,,,N,4,0,1,2,A,-,10,21950,A,N,-,B,B,A,H,-,A,A,0,Y,,,,Y,,A,01,0,0,1,0,1,0,0,0,0,"- ","- ",,,"SAN FRANCISCO","SAN FRANCISCO",-122.44023895263672,37.787120819091797
9294294,2021,2021-08-02,3801,2021-06-01,1236,1987,CENTR,2,5,7,3801,0,0,0,,0,,"CLAY ST","LEAVENWORTH ST",0.00,,Y,A,-,N,,,,,,,,,,N,4,0,1,2,A,-,12,22450,A,N,D,C,A,A,H,-,A,D,0,,,,,Y,,A,01,0,0,1,0,0,0,0,0,0,"- ","- ",,,"SAN FRANCISCO","SAN FRANCISCO",-122.41610717773438,37.793006896972656
9294549,2021,2021-08-12,3801,2021-06-26,1500,1769,INGLE,6,5,7,3801,0,0,0,,0,3H15C,"BROMPTON AV","BOSWORTH ST",0.00,,Y,A,-,N,,,,,,,,,,Y,3,0,2,2,A,-,09,21801,,N,B,C,A,A,H,-,A,D,0,,,,,Y,Y,A,01,0,1,1,0,0,0,0,0,0,"- ","- ",,,"SAN FRANCISCO","SAN FRANCISCO",-122.43499755859375,37.733688354492188
9294551,2021,2021-08-06,3801,2021-06-27,1615,2744,SOUTH,7,5,7,3801,0,0,0,,0,3B5,"3RD ST","KING ST",0.00,,Y,A,-,N,,,,,,,,,,N,4,0,1,2,A,-,00,20001,,F,G,B,B,A,H,-,A,A,0,Y,,Y,,Y,,C,02,0,0,1,0,1,0,0,0,0,"- ","- ",,,"SAN FRANCISCO","SAN FRANCISCO",-122.39195251464844,37.778202056884766
9294552,2021,2021-08-12,3801,2021-06-27,0128,365,RICHM,7,5,7,3801,0,0,0,,0,3G14E,"GEARY BL","25TH AV",0.00,,Y,C,-,N,,,,,,,,,,Y,4,0,2,2,A,-,12,21453,A,N,D,C,A,A,H,-,C,A,0,,,,,Y,,-,"- ",0,0,2,0,0,0,0,0,0,"- ","- ",,,"SAN FRANCISCO","SAN FRANCISCO",-122.4847412109375,37.780162811279297
9294553,2021,2021-08-06,3801,2021-06-26,1145,1972,NORTH,6,5,7,3801,0,0,0,,0,3E15E,"MALLORCA WY","BEACH ST",140.00,S,N,A,-,N,,,,,,,,,,N,3,0,1,2,A,-,03,22350,,N,B,E,A,C,A,-,A,D,0,,,,,Y,Y,M,94,0,1,0,0,0,0,0,0,0,"- ","- ",,,"SAN FRANCISCO","SAN FRANCISCO",-122.43930816650391,37.803680419921875
9294554,2021,2021-08-06,3801,2021-06-26,1450,209,NORTH,6,5,7,3801,0,0,0,,0,03E,"FULTON ST","WEBSTER ST",85.00,E,N,A,-,N,,,,,,,,,,N,4,0,1,2,A,-,03,22350,,N,C,C,A,A,H,-,A,A,0,,,,,Y,,A,01,0,0,1,0,0,0,0,0,0,"- ","- ",,,"SAN FRANCISCO","SAN FRANCISCO",-122.42961883544922,37.777946472167969
9294555,2021,2021-08-16,3801,2021-06-25,1645,1830,NORTH,5,5,7,3801,0,0,0,,0,3E13D,"FRANKLIN ST","FRANKLIN ST 1301",0.00,,N,A,-,N,,,,,,,,,,N,4,0,1,2,A,-,08,22107,,N,B,C,A,A,H,-,A,A,0,,,Y,,Y,Y,A,01,0,0,1,0,0,0,0,0,1,"- ","- ",,,"SAN FRANCISCO","SAN FRANCISCO",,
9294557,2021,2021-08-06,3801,2021-06-24,1530,637,SOUTH,4,5,7,3801,0,0,0,,0,3CAR,"MISSION ST","6TH ST",0.00,,Y,A,-,N,,,,,,,,,,N,2,0,1,2,A,-,11,21453,D,N,D,B,B,A,-,-,A,A,0,Y,,,,Y,,N,60,1,0,0,0,1,0,0,0,0,"- ","- ",,,"SAN FRANCISCO","SAN FRANCISCO",-122.40869140625,37.780982971191406
9294558,2021,2021-08-06,3801,2021-06-24,1158,1931,SOUTH,4,5,7,3801,0,0,0,,0,3B13C,"BRANNAN ST","8TH ST",0.00,,Y,A,-,N,,,,,,,,,,N,4,0,1,2,A,-,04,21703,,N,C,C,A,A,H,-,A,A,0,,,,,Y,,A,01,0,0,1,0,0,0,0,0,0,"- ","- ",,,"SAN FRANCISCO","SAN FRANCISCO",-122.40543365478516,37.771289825439453
9294559,2021,2021-08-12,3801,2021-06-24,1211,1118,SOUTH,4,5,7,3801,0,0,0,,0,3B13C,"8TH ST","BRYANT ST",0.00,,Y,A,-,N,,,,,,,,,,N,4,0,4,3,A,-,12,21453,A,M,D,C,A,A,H,-,A,A,0,,,,,Y,,-,"- ",0,0,4,0,0,0,0,0,0,"- ","- ",,,"SAN FRANCISCO","SAN FRANCISCO",-122.406982421875,37.772514343261719
9294560,2021,2021-08-12,3801,2021-06-20,0910,4307,NORTH,7,5,7,3801,0,0,0,,0,3E12A,"GEARY BL","DIVISADERO ST",0.00,,Y,A,-,N,,,,,,,,,,Y,4,0,3,2,A,-,12,21453,A,N,D,C,A,A,H,-,A,A,0,,,,,Y,,A,01,0,0,3,0,0,0,0,0,0,"- ","- ",,,"SAN FRANCISCO","SAN FRANCISCO",-122.43947601318359,37.783359527587891
9294561,2021,2021-08-09,3801,2021-06-19,1543,1848,PARK,6,5,7,3801,0,0,0,,0,003,"STANYAN ST","HAIGHT ST",46.00,N,N,A,-,N,,,,,,,,,,N,4,0,1,1,A,-,03,22350,,N,F,A,A,A,H,-,A,D,0,,,Y,,Y,,C,02,0,0,1,0,0,0,0,0,1,"- ","- ",,,"SAN FRANCISCO","SAN FRANCISCO",-122.45355224609375,37.769275665283203
9294562,2021,2021-08-03,3801,2021-06-18,1135,2147,NORTH,5,5,7,3801,0,0,0,,0,3E11A,"HAYES ST","STEINER ST",305.00,W,N,A,-,N,,,,,,,,,,Y,2,0,2,2,A,-,03,22350,,N,C,C,A,A,H,-,A,D,0,,,,,Y,,A,01,1,0,1,0,0,0,0,0,0,"- ","- ",,,"SAN FRANCISCO","SAN FRANCISCO",-122.43387603759766,37.775485992431641
9294563,2021,2021-08-03,3801,2021-06-18,1200,2439,CENTR,5,5,7,3801,0,0,0,,0,3A13C,"MARKET ST","SPEAR ST",0.00,,Y,A,-,N,,,,,,,,,,N,2,0,1,1,A,-,03,22350,,N,-,A,A,A,A,-,A,D,0,,Y,,,Y,,L,04,1,0,0,0,0,0,1,0,0,"- ","- ",,,"SAN FRANCISCO","SAN FRANCISCO",-122.39572906494141,37.793754577636719
9294564,2021,2021-08-03,3801,2021-06-15,1215,392,MISSI,2,5,7,3801,0,0,0,,0,3D14A,"MISSION ST","19TH ST",150.00,N,N,A,-,N,,,,,,,,,,N,3,0,1,2,A,-,07,21658,A,F,B,C,A,A,H,-,A,D,0,,,,,Y,,A,01,0,1,0,0,0,0,0,0,0,"- ","- ",,,"SAN FRANCISCO","SAN FRANCISCO",-122.41925811767578,37.760631561279297
9294565,2021,2021-08-03,3801,2021-06-16,1800,2111,MISSI,3,5,7,3801,0,0,0,,0,3D15D,"PORTOLA DR","CLIPPER ST",0.00,,Y,A,-,N,,,,,,,,,,Y,2,0,1,2,A,-,08,22107,,N,D,C,A,A,H,-,A,A,0,,,,,Y,,A,01,1,0,0,0,0,0,0,0,0,"- ","- ",,,"SAN FRANCISCO","SAN FRANCISCO",-122.44483947753906,37.746936798095703
9294566,2021,2021-08-03,3801,2021-06-16,2122,970,SOUTH,3,5,7,3801,0,0,0,,0,0B2,"3RD ST","BRYANT ST",0.00,,Y,A,-,N,,,,,,,,,,Y,3,0,2,2,A,-,12,21453,A,F,D,C,A,A,H,-,C,A,0,,,,,Y,,A,01,0,2,0,0,0,0,0,0,0,"- ","- ",,,"SAN FRANCISCO","SAN FRANCISCO",-122.39585113525391,37.781307220458984
9294567,2021,2021-08-03,3801,2021-06-18,2139,2463,SOUTH,5,5,7,3801,0,0,0,,0,3B5E,"GOUGH ST","HAIGHT ST",0.00,,Y,A,-,N,,,,,,,,,,N,3,0,1,2,D,-,00,,,N,B,G,A,A,H,-,C,A,0,,Y,,,Y,,-,"- ",0,1,0,0,0,0,1,0,0,"- ","- ",,,"SAN FRANCISCO","SAN FRANCISCO",-122.42219543457031,37.773162841796875
9294568,2021,2021-08-03,3801,2021-06-16,0554,1442,NORTH,3,5,7,3801,0,0,0,,0,3E13E,"OAK ST","BUCHANAN ST",0.00,,Y,A,-,N,,,,,,,,,,N,3,0,1,2,A,-,08,22107,,N,B,C,A,A,H,-,A,A,0,,,Y,,Y,,A,01,0,1,0,0,0,0,0,0,1,"- ","- ",,,"SAN FRANCISCO","SAN FRANCISCO",-122.42754364013672,37.774402618408203