CASE_ID,ACCIDENT_YEAR,PROC_DATE,JURIS,COLLISION_DATE,COLLISION_TIME,OFFICER_ID,REPORTING_DISTRICT,DAY_OF_WEEK,CHP_SHIFT,POPULATION,CNTY_CITY_LOC,SPECIAL_COND,BEAT_TYPE,CHP_BEAT_TYPE,CITY_DIVISION_LAPD,CHP_BEAT_CLASS,BEAT_NUMBER,PRIMARY_RD,SECONDARY_RD,DISTANCE,DIRECTION,INTERSECTION,WEATHER_1,WEATHER_2,STATE_HWY_IND,CALTRANS_COUNTY,CALTRANS_DISTRICT,STATE_ROUTE,ROUTE_SUFFIX,POSTMILE_PREFIX,POSTMILE,LOCATION_TYPE,RAMP_INTERSECTION,SIDE_OF_HWY,TOW_AWAY,COLLISION_SEVERITY,NUMBER_KILLED,NUMBER_INJURED,PARTY_COUNT,PRIMARY_COLL_FACTOR,PCF_CODE_OF_VIOL,PCF_VIOL_CATEGORY,PCF_VIOLATION,PCF_VIOL_SUBSECTION,HIT_AND_RUN,TYPE_OF_COLLISION,MVIW,PED_ACTION,ROAD_SURFACE,ROAD_COND_1,ROAD_COND_2,LIGHTING,CONTROL_DEVICE,CHP_ROAD_TYPE,PEDESTRIAN_ACCIDENT,BICYCLE_ACCIDENT,MOTORCYCLE_ACCIDENT,TRUCK_ACCIDENT,NOT_PRIVATE_PROPERTY,ALCOHOL_INVOLVED,STWD_VEHTYPE_AT_FAULT,CHP_VEHTYPE_AT_FAULT,COUNT_SEVERE_INJ,COUNT_VISIBLE_INJ,COUNT_COMPLAINT_PAIN,COUNT_PED_KILLED,COUNT_PED_INJURED,COUNT_BICYCLIST_KILLED,COUNT_BICYCLIST_INJURED,COUNT_MC_KILLED,COUNT_MC_INJURED,PRIMARY_RAMP,SECONDARY_RAMP,LATITUDE,LONGITUDE,COUNTY,CITY,POINT_X,POINT_Y
9308175,2021,2021-08-31,3801,2021-07-15,1900,2268,INGLE,4,5,7,3801,0,0,0,,0,3H13D,"LISBON ST","AMAZON AV",0.00,,Y,A,-,N,,,,,,,,,,Y,4,0,1,2,A,-,12,22450,A,F,D,C,A,A,H,-,A,A,0,,,,,Y,,A,01,0,0,1,0,0,0,0,0,0,"- ","- ",,,"SAN FRANCISCO","SAN FRANCISCO",-122.43788146972656,37.716316223144531
9308176,2021,2021-08-26,3801,2021-07-09,0036,1184,MISSI,5,5,7,3801,0,0,0,,0,3D16E,"DIAMOND ST","CLIPPER ST",0.00,,Y,A,-,N,,,,,,,,,,Y,4,0,1,3,A,-,09,21804,A,N,D,C,A,A,H,-,C,A,0,,,,,Y,,A,01,0,0,1,0,0,0,0,0,0,"- ","- ",,,"SAN FRANCISCO","SAN FRANCISCO",-122.43607330322266,37.748779296875
9308178,2021,2021-08-26,3801,2021-07-14,1733,1907,INGLE,3,5,7,3801,0,0,0,,0,3H16D,"ALEMANY BL","SICKLES AV",0.00,,Y,A,-,N,,,,,,,,,,Y,4,0,3,2,A,-,08,22107,,N,D,C,A,A,H,-,A,A,0,,,,,Y,,A,01,0,0,3,0,0,0,0,0,0,"- ","- ",,,"SAN FRANCISCO","SAN FRANCISCO",-122.45491790771484,37.710514068603516
9308179,2021,2021-08-26,3801,2021-07-21,0204,2038,PARK,3,5,7,3801,0,0,0,,0,3F14E,"SCOTT ST","HAIGHT ST",75.00,S,N,A,-,N,,,,,,,,,,N,4,0,1,1,A,-,03,22350,,N,H,A,A,A,H,-,C,D,0,,,Y,,Y,,C,03,0,0,1,0,0,0,0,0,1,"- ","- ",,,"SAN FRANCISCO","SAN FRANCISCO",-122.43534851074219,37.771278381347656
9308180,2021,2021-08-26,3801,2021-07-20,1833,2725,RICHM,2,5,7,3801,0,0,0,,0,,"EL CAMINO DEL MAR","25TH AV",109.00,E,N,A,-,N,,,,,,,,,,,4,0,1,2,A,-,03,22350,,N,D,G,A,A,H,-,A,A,0,,Y,,,Y,,L,04,0,0,1,0,0,0,1,0,0,"- ","- ",,,"SAN FRANCISCO","SAN FRANCISCO",-122.48490142822266,37.787628173828125
9308182,2021,2021-08-26,3801,2021-07-20,1727,463,INGLE,2,5,7,3801,0,0,0,,0,3H16D,"ALEMANY BL","SENECA AV",0.00,,Y,A,-,N,,,,,,,,,,N,4,0,1,2,D,-,00,,,N,-,C,A,A,H,-,A,D,0,,,,,Y,,-,"- ",0,0,1,0,0,0,0,0,0,"- ","- ",,,"SAN FRANCISCO","SAN FRANCISCO",-122.44136047363281,37.718658447265625
9308183,2021,2021-08-26,3801,2021-07-20,1254,834,MISSI,2,5,7,3801,0,0,0,,0,,"18TH ST","OAKWOOD ST",69.00,E,N,A,-,N,,,,,,,,,,N,3,0,1,2,A,-,06,21755,A,N,B,G,A,A,H,-,A,D,0,,Y,,,Y,,L,04,0,1,0,0,0,0,1,0,0,"- ","- ",,,"SAN FRANCISCO","SAN FRANCISCO",-122.42477416992188,37.761508941650391
9308184,2021,2021-08-26,3801,2021-07-20,1200,905,MISSI,2,5,7,3801,0,0,0,,0,3D13C,"FOLSOM ST","22ND ST",0.00,,Y,A,-,N,,,,,,,,,,N,4,0,1,2,A,-,12,21453,A,N,D,B,A,A,H,-,A,A,0,,,,,Y,,A,07,0,0,1,0,0,0,0,0,0,"- ","- ",,,"SAN FRANCISCO","SAN FRANCISCO",-122.41439056396484,37.755718231201172
9308186,2021,2021-08-26,3801,2021-07-19,1945,2732,CENTR,1,5,7,3801,0,0,0,,0,3A12D,SODEWA;L,"NORTH POINT ST",132.00,N,N,A,-,N,,,,,,,,,,N,3,0,1,1,A,-,03,22350,,N,F,A,A,A,H,-,B,D,0,,,,,Y,,M,94,0,1,0,0,0,0,0,0,0,"- ","- ",,,"SAN FRANCISCO","SAN FRANCISCO",,
9308187,2021,2021-08-26,3801,2021-07-19,1709,1100,TENDE,1,5,7,3801,0,0,0,,0,3J5D,"OFARRELL ST","POLK ST",210.00,E,N,A,-,N,,,,,,,,,,Y,4,0,2,4,A,-,03,22350,A,F,C,E,A,-,H,-,A,D,0,,,,,Y,,A,01,0,0,2,0,0,0,0,0,0,"- ","- ",,,"SAN FRANCISCO","SAN FRANCISCO",-122.41883087158203,37.785057067871094
9308188,2021,2021-08-26,3801,2021-07-19,1552,2377,TENDE,1,5,7,3801,0,0,0,,0,3J11D,"9TH ST","MARKET ST",0.00,,Y,A,-,N,,,,,,,,,,N,4,0,1,2,A,-,04,21703,,N,C,C,A,A,H,-,A,D,0,,,Y,,Y,,-,"- ",0,0,1,0,0,0,0,0,1,"- ","- ",,,"SAN FRANCISCO","SAN FRANCISCO",-122.41632843017578,37.777500152587891
9308190,2021,2021-08-26,3801,2021-07-19,1249,938,SOUTH,1,5,7,3801,0,0,0,,0,3B13C,"BRANNAN ST","9TH ST",0.00,,Y,A,-,N,,,,,,,,,,N,4,0,2,2,A,-,09,21801,A,N,A,C,A,A,H,-,A,A,0,,,,,Y,,A,01,0,0,2,0,0,0,0,0,0,"- ","- ",,,"SAN FRANCISCO","SAN FRANCISCO",-122.40699005126953,37.770057678222656
9308191,2021,2021-08-26,3801,2021-07-19,1245,1875,TARAV,1,5,7,3801,0,0,0,,0,3I15B,"BROTHERHOOD WY","ARCH ST",0.00,,Y,B,-,N,,,,,,,,,,Y,4,0,2,2,A,-,12,21453,A,N,D,C,A,A,H,-,A,A,0,,,,,Y,,A,01,0,0,2,0,0,0,0,0,0,"- ","- ",,,"SAN FRANCISCO","SAN FRANCISCO",-122.46707916259766,37.712368011474609
9308192,2021,2021-08-26,3801,2021-07-19,1109,2375,RICHM,1,5,7,3801,0,0,0,,0,3G12A,"PRESIDIO AV","MASONIC AV",0.00,,Y,A,-,N,,,,,,,,,,Y,4,0,1,3,A,-,"- ",,,F,D,-,A,A,H,-,A,A,0,,,,,Y,,A,01,0,0,1,0,0,0,0,0,0,"- ","- ",,,"SAN FRANCISCO","SAN FRANCISCO",-122.44660186767578,37.786293029785156
9308283,2021,2021-08-27,3801,2021-07-21,1443,1118,SOUTH,3,5,7,3801,0,0,0,,0,3B13C,"9TH ST","HOWARD ST",0.00,,Y,A,-,N,,,,,,,,,,N,3,0,1,2,A,-,11,21453,D,N,H,A,B,A,H,-,A,A,0,Y,,Y,,Y,,N,60,0,1,0,0,0,0,0,0,1,"- ","- ",,,"SAN FRANCISCO","SAN FRANCISCO",-122.41315460205078,37.774997711181641
9308284,2021,2021-08-27,3801,2021-07-22,0407,709,BAYVI,4,5,7,3801,0,0,0,,0,3C14E,"JERROLD AV","NAPOLEON ST",0.00,,Y,A,-,N,,,,,,,,,,N,3,0,1,2,A,-,11,21954,A,N,G,B,D,A,H,-,D,D,0,Y,,,,Y,,N,60,0,1,0,0,1,0,0,0,0,"- ","- ",,,"SAN FRANCISCO","SAN FRANCISCO",-122.40200805664062,37.7459716796875
9308286,2021,2021-08-27,3801,2021-07-18,1631,1148,MISSI,7,5,7,3801,0,0,0,,0,3D14D,"DOUGLASS ST","CESAR CHAVEZ ST",0.00,,Y,A,-,N,,,,,,,,,,N,3,0,1,2,A,-,21,22106,,F,G,B,E,A,H,-,A,D,0,Y,,,,Y,Y,-,,0,1,0,0,1,0,0,0,0,"- ","- ",,,"SAN FRANCISCO","SAN FRANCISCO",-122.43807220458984,37.747043609619141
9308287,2021,2021-08-27,3801,2021-07-24,1639,4041,TARAV,6,5,7,3801,0,0,0,,0,3I11D,"15TH AV","LINCOLN WY",0.00,,Y,A,-,N,,,,,,,,,,N,2,0,1,2,A,-,11,21950,B,N,G,B,B,A,H,-,A,D,0,Y,,,,Y,,N,60,1,0,0,0,1,0,0,0,0,"- ","- ",,,"SAN FRANCISCO","SAN FRANCISCO",-122.47291564941406,37.765636444091797
9308290,2021,2021-08-31,3801,2021-07-22,1145,82,MISSI,4,5,7,3801,0,0,0,,0,3D11C,"VALENCIA ST","14TH ST",297.00,S,N,A,-,N,,,,,,,,,,N,4,0,1,2,A,-,04,21703,,N,C,C,A,A,H,-,A,D,0,,,,,Y,,A,01,0,0,1,0,0,0,0,0,0,"- ","- ",,,"SAN FRANCISCO","SAN FRANCISCO",-122.42210388183594,37.767337799072266
9308291,2021,2021-08-27,3801,2021-07-22,1215,574,MISSI,4,5,7,3801,0,0,0,,0,3D00,DIVISADERO,"HAYES ST",0.00,,Y,-,-,N,,,,,,,,,,N,4,0,1,2,A,-,"- ",,,F,-,-,A,-,-,-,-,-,0,,,,,Y,,-,"- ",0,0,1,0,0,0,0,0,0,"- ","- ",,,"SAN FRANCISCO","SAN FRANCISCO",-122.43778991699219,37.774978637695312
9308292,2021,2021-08-27,3801,2021-07-22,0730,1198,MISSI,4,5,7,3801,0,0,0,,0,,"SOUTH VAN NESS AV","CESAR CHAVEZ ST",0.00,,Y,A,-,N,,,,,,,,,,Y,4,0,2,2,A,-,06,21750,,F,B,C,A,A,H,-,A,A,0,,,,,Y,,-,,0,0,2,0,0,0,0,0,0,"- ","- ",,,"SAN FRANCISCO","SAN FRANCISCO",-122.41593170166016,37.748260498046875
9308295,2021,2021-08-27,3801,2021-07-27,1411,1342,NORTH,2,5,7,3801,0,0,0,,0,,"GOUGH ST","FULTON ST",0.00,,Y,A,-,N,,,,,,,,,,,3,0,1,2,A,-,08,22107,,N,B,G,A,A,H,-,A,A,0,,Y,,,Y,,A,01,0,1,0,0,0,0,1,0,0,"- ","- ",,,"SAN FRANCISCO","SAN FRANCISCO",-122.42334747314453,37.778751373291016
9308296,2021,2021-08-26,3801,2021-07-26,2110,1066,NORTH,1,5,7,3801,0,0,0,,0,314E,"SACRAMENTO ST","BUCHANAN ST",0.00,,Y,A,-,N,,,,,,,,,,N,4,0,1,2,A,-,09,21800,C,N,-,G,A,A,H,-,C,D,0,,Y,,,Y,,L,04,0,0,1,0,0,0,1,0,0,"- ","- ",,,"SAN FRANCISCO","SAN FRANCISCO",-122.43073272705078,37.790252685546875
9308298,2021,2021-08-26,3801,2021-07-26,1354,156,BAYVI,1,5,7,3801,0,0,0,,0,3C60,"CESAR CHAVEZ ST","EVANS AV",0.00,,Y,B,-,N,,,,,,,,,,Y,4,0,2,3,A,-,12,22450,A,N,B,C,A,A,H,-,A,A,0,,,,,Y,,A,01,0,0,2,0,0,0,0,0,0,"- ","- ",,,"SAN FRANCISCO","SAN FRANCISCO",-122.39731597900391,37.749691009521484
9308299,2021,2021-08-26,3801,2021-07-26,2320,1451,NORTH,1,5,7,3801,0,0,0,,0,3E1E,"OAK ST","OCTAVIA ST",0.00,,Y,A,-,N,,,,,,,,,,Y,4,0,2,2,A,-,12,21453,A,N,D,C,A,A,H,-,C,A,0,,,,,Y,,A,01,0,0,2,0,0,0,0,0,0,"- ","- ",,,"SAN FRANCISCO","SAN FRANCISCO",-122.42430114746094,37.774799346923828
9308300,2021,2021-08-26,3801,2021-07-26,0558,1978,BAYVI,1,5,7,3801,0,0,0,,0,001,"CESAR CHAVEZ ST","KANSAS ST",122.00,E,N,-,-,N,,,,,,,,,,N,3,0,1,2,A,-,05,21460,A,F,C,C,A,-,H,-,C,A,0,,,Y,,Y,,-,99,0,1,0,0,0,0,0,0,1,"- ","- ",,,"SAN FRANCISCO","SAN FRANCISCO",-122.40164184570312,37.749416351318359
9308368,2021,2021-08-31,3801,2021-07-18,2248,1336,NORTH,7,5,7,3801,0,0,0,,0,0E2,"GEARY BL","WEBSTER ST",0.00,,Y,A,-,N,,,,,,,,,,Y,4,0,2,3,A,-,03,22350,,F,B,C,A,A,H,-,C,A,0,,,,,Y,,A,01,0,0,2,0,0,0,0,0,0,"- ","- ",,,"SAN FRANCISCO","SAN FRANCISCO",-122.43130493164062,37.784725189208984
9308442,2021,2021-08-26,3801,2021-07-16,2129,1961,SOUTH,5,5,7,3801,0,0,0,,0,3B14E,"9TH ST","MISSION ST",0.00,,Y,A,-,N,,,,,,,,,,N,4,0,1,1,D,-,00,,,N,H,G,A,A,H,-,C,A,0,,Y,,,Y,,-,"- ",0,0,1,0,0,0,1,0,0,"- ","- ",,,"SAN FRANCISCO","SAN FRANCISCO",-122.41471862792969,37.776241302490234
9308980,2021,2021-10-07,3801,2021-07-15,0931,4115,SOUTH,4,5,7,3801,0,0,0,,0,3B3A,"RUSS ST","FOLSOM ST",45.00,N,N,A,-,N,,,,,,,,,,N,4,0,1,2,A,-,11,21955,,N,B,-,D,A,H,-,A,A,0,Y,,,,Y,,N,60,0,0,1,0,1,0,0,0,0,"- ","- ",,,"SAN FRANCISCO","SAN FRANCISCO",-122.40683746337891,37.777725219726562
9308982,2021,2021-10-18,3801,2021-07-08,1120,4115,SOUTH,4,5,7,3801,0,0,0,,0,3B5,"4TH ST","CHINA BASEN",0.00,,Y,A,-,N,,,,,,,,,,N,4,0,1,2,A,-,"- ",,,N,D,G,A,A,-,-,A,A,0,,Y,Y,,Y,,L,04,0,0,1,0,0,0,1,0,0,"- ","- ",,,"SAN FRANCISCO","SAN FRANCISCO",-122.39132690429688,37.771900177001953
9312239,2021,2021-09-03,3801,2021-07-23,1715,2342,NORTH,5,5,7,3801,0,0,0,,0,3E15D,"VALLEJO ST","VAN NESS AV",0.00,,Y,A,-,Y,SF,4,101,-,-,6.380,I,5,N,Y,4,0,2,2,A,-,09,21801,A,N,A,C,A,A,D,-,A,D,0,,,,,Y,,A,01,0,0,2,0,0,0,0,0,0,"- ","- ",,,"SAN FRANCISCO","SAN FRANCISCO",-122.42351531982422,37.796703338623047
9312975,2021,2021-09-20,3801,2021-07-05,1750,2080,CENTR,1,5,7,3801,0,0,0,,0,3A15D,"THE EMBARCADERO","DON CHEE WY",0.00,,Y,A,-,N,,,,,,,,,,N,4,0,1,2,D,-,00,,,N,G,B,B,A,H,-,A,A,0,Y,,,,Y,,-,"- ",0,0,1,0,1,0,0,0,0,"- ","- ",,,"SAN FRANCISCO","SAN FRANCISCO",-122.39325714111328,37.794239044189453
9312977,2021,2021-09-14,3801,2021-07-09,2019,1830,NORTH,5,5,7,3801,0,0,0,,0,3E3D,"VAN NESS AV","GROVE ST",0.00,,Y,A,-,N,,,,,,,,,,Y,4,0,3,2,A,-,09,21801,A,N,D,C,A,D,-,-,A,A,0,,,,,Y,,B,01,0,0,3,0,0,0,0,0,0,"- ","- ",,,"SAN FRANCISCO","SAN FRANCISCO",-122.41981506347656,37.778255462646484
9312980,2021,2021-09-13,3801,2021-07-06,1830,1116,MISSI,2,5,7,3801,0,0,0,,0,3D16D,"OAKDALE AV","SELBY ST",0.00,,Y,F,-,N,,,,,,,,,,N,4,0,1,2,-,-,"- ",,,F,H,G,A,-,G,-,A,-,0,,Y,,,Y,,-,"- ",0,0,1,0,0,0,1,0,0,"- ","- ",,,"SAN FRANCISCO","SAN FRANCISCO",-122.39969635009766,37.739933013916016
9312981,2021,2021-09-13,3801,2021-07-06,1610,1601,BAYVI,2,5,7,3801,0,0,0,,0,0C5,"HAWES ST","QUESADA AV",0.00,,Y,A,-,N,,,,,,,,,,N,4,0,2,2,A,-,12,22450,A,F,D,C,A,A,H,-,A,A,0,,,,,Y,,-,,0,0,2,0,0,0,0,0,0,"- ","- ",,,"SAN FRANCISCO","SAN FRANCISCO",-122.38211822509766,37.728054046630859
9312982,2021,2021-09-08,3801,2021-07-06,1338,156,BAYVI,2,5,7,3801,0,0,0,,0,3C60,"EGBERT AV","JENNINGS AV",0.00,,Y,A,-,N,,,,,,,,,,Y,4,0,1,3,A,-,12,22450,A,N,D,C,A,A,H,-,A,D,0,,,,Y,Y,,A,01,0,0,1,0,0,0,0,0,0,"- ","- ",,,"SAN FRANCISCO","SAN FRANCISCO",-122.39260864257812,37.722671508789062
9313241,2021,2021-09-09,3801,2021-07-05,1953,2195,NORTH,1,5,7,3801,0,0,0,,0,004,"PINE ST","WEBSTER ST",0.00,,Y,A,-,N,,,,,,,,,,Y,3,0,3,2,A,-,08,22107,,F,B,D,A,A,-,-,A,A,0,,,,,Y,,A,01,0,1,2,0,0,0,0,0,0,"- ","- ",,,"SAN FRANCISCO","SAN FRANCISCO",-122.43199157714844,37.788154602050781
9313242,2021,2021-09-09,3801,2021-07-17,2200,2745,BAYVI,6,5,7,3801,0,0,0,,0,3C105,"EVANS AV","RANKIN ST",55.00,W,N,A,-,N,,,,,,,,,,N,2,0,1,2,A,-,11,21453,D,N,G,B,D,A,H,-,C,A,0,Y,,,,Y,,N,60,1,0,0,0,1,0,0,0,0,"- ","- ",,,"SAN FRANCISCO","SAN FRANCISCO",-122.39235687255859,37.745197296142578
9313243,2021,2021-09-09,3801,2021-07-07,1317,2151,PARK,3,5,7,3801,0,0,0,,0,3F12C,"WALLER ST","KEZAR DR",0.00,,Y,B,-,N,,,,,,,,,,N,4,0,2,2,A,-,03,22350,,N,C,C,A,A,H,-,A,D,0,,,,,Y,,A,08,0,0,2,0,0,0,0,0,0,"- ","- ",,,"SAN FRANCISCO","SAN FRANCISCO",-122.45516967773438,37.768257141113281
9313244,2021,2021-09-09,3801,2021-07-08,1053,311,PARK,4,5,7,3801,0,0,0,,0,3F13A,"COLE ST","RIVOLI ST",98.00,N,N,A,-,N,,,,,,,,,,N,3,0,1,1,A,-,03,22350,,N,E,I,A,A,H,-,A,D,0,,,,,Y,,A,01,0,1,0,0,0,0,0,0,0,"- ","- ",,,"SAN FRANCISCO","SAN FRANCISCO",-122.44934844970703,37.762775421142578
9313245,2021,2021-09-09,3801,2021-07-08,1134,2466,RICHM,4,5,7,3801,0,0,0,,0,TWO2,"BUSH ST","PRESIDIO AV",0.00,,Y,A,-,N,,,,,,,,,,Y,4,0,1,2,A,-,09,21801,A,N,D,C,A,A,H,-,A,A,0,,,,,Y,,A,01,0,0,1,0,0,0,0,0,0,"- ","- ",,,"SAN FRANCISCO","SAN FRANCISCO",-122.44641876220703,37.785366058349609
9313246,2021,2021-09-09,3801,2021-07-02,1553,1967,TENDE,5,5,7,3801,0,0,0,,0,3J11A,"EDDY ST","LARKIN ST",0.00,,Y,A,-,N,,,,,,,,,,N,4,0,1,2,A,-,05,21651,A,M,B,C,A,A,H,-,A,A,0,,,,,Y,Y,A,01,0,0,1,0,0,0,0,0,0,"- ","- ",,,"SAN FRANCISCO","SAN FRANCISCO",-122.41751861572266,37.783294677734375
9313247,2021,2021-09-09,3801,2021-07-09,2500,362,RICHM,5,5,7,3801,0,0,0,,0,3G3,"FULTON ST","15TH AV",0.00,,Y,A,-,N,,,,,,,,,,N,4,0,1,2,A,-,09,21804,,N,D,C,A,A,H,-,A,A,0,,,Y,,Y,Y,A,01,0,0,1,0,0,0,0,0,1,"- ","- ",,,"SAN FRANCISCO","SAN FRANCISCO",-122.47344207763672,37.773063659667969
9313248,2021,2021-09-10,3801,2021-07-09,0910,1273,CENTR,5,5,7,3801,0,0,0,,0,,"ELLIS ST","POWELL ST",0.00,,Y,A,-,N,,,,,,,,,,N,4,0,1,2,A,-,21,22106,,M,H,C,A,A,H,-,A,A,0,,,,,Y,,A,01,0,0,1,0,0,0,0,0,0,"- ","- ",,,"SAN FRANCISCO","SAN FRANCISCO",-122.40782928466797,37.785499572753906
9313249,2021,2021-09-10,3801,2021-07-03,1403,80,RICHM,6,5,7,3801,0,0,0,,0,3G4C,"PARK PRESIDIO BL","GEARY BL",0.00,,Y,A,-,N,,,,,,,,,,N,4,0,1,5,A,-,03,22350,,N,C,C,A,-,H,-,A,A,0,,,,,Y,,A,07,0,0,1,0,0,0,0,0,0,"- ","- ",,,"SAN FRANCISCO","SAN FRANCISCO",-122.47234344482422,37.780723571777344
9313250,2021,2021-09-10,3801,2021-07-09,1015,2247,NORTH,5,5,7,3801,0,0,0,,0,03E,"CALIFORNIA ST","CALIFORNIA ST 1765",0.00,,-,-,-,N,,,,,,,,,,N,4,0,1,2,A,-,17,21235,G,M,D,J,A,A,H,-,A,D,0,,,,,Y,,M,94,0,0,1,0,0,0,0,0,0,"- ","- ",,,"SAN FRANCISCO","SAN FRANCISCO",-122.79540252685547,38.252620697021484
9313251,2021,2021-09-10,3801,2021-07-09,1527,1574,NORTH,5,5,7,3801,0,0,0,,0,3E12D,"GEARY BL","STEINER ST",0.00,,Y,A,-,N,,,,,,,,,,Y,4,0,1,2,A,-,12,21453,A,N,D,C,A,A,H,-,A,A,0,,,,,Y,,A,01,0,0,1,0,0,0,0,0,0,"- ","- ",,,"SAN FRANCISCO","SAN FRANCISCO",-122.43457794189453,37.784320831298828
9313253,2021,2021-09-10,3801,2021-07-05,1453,1512,BAYVI,1,5,7,3801,0,0,0,,0,0C5,"KEITH ST","SHAFTER AV",0.00,,Y,A,-,N,,,,,,,,,,Y,3,0,4,2,A,-,12,22450,A,N,D,C,A,A,H,-,A,A,0,,,,,Y,,A,01,0,2,2,0,0,0,0,0,0,"- ","- ",,,"SAN FRANCISCO","SAN FRANCISCO",-122.38887023925781,37.72998046875
9313254,2021,2021-09-10,3801,2021-07-17,0203,2179,CENTR,6,5,7,3801,0,0,0,,0,3A12D,"CALIFORNIA ST","TAYLOR ST",18.00,W,N,A,-,N,,,,,,,,,,Y,4,0,2,2,A,-,12,21453,A,N,D,E,A,A,H,-,C,D,0,,,,,Y,,A,01,0,0,2,0,0,0,0,0,0,"- ","- ",,,"SAN FRANCISCO","SAN FRANCISCO",-122.41252136230469,37.791603088378906
9313255,2021,2021-09-10,3801,2021-07-22,2122,1454,NORTH,4,5,7,3801,0,0,0,,0,3E15E,"FELL ST","PIERCE ST",0.00,,Y,A,-,N,,,,,,,,,,Y,2,0,1,2,A,-,17,21657,,N,A,C,A,A,H,-,C,A,0,,,Y,,Y,,A,01,1,0,0,0,0,0,0,0,1,"- ","- ",,,"SAN FRANCISCO","SAN FRANCISCO",-122.43429565429688,37.77447509765625
9313256,2021,2021-09-10,3801,2021-07-17,1959,335,,6,5,7,3801,0,0,0,,0,,"SARGENT ST","HEAD ST",0.00,,Y,A,-,N,,,,,,,,,,Y,4,0,3,2,A,-,12,22450,A,N,D,C,A,A,H,-,A,A,0,,,,,Y,,A,01,0,0,3,0,0,0,0,0,0,"- ","- ",,,"SAN FRANCISCO","SAN FRANCISCO",-122.46443176269531,37.716110229492188
9313257,2021,2021-09-10,3801,2021-07-02,1116,4307,NORTH,5,5,7,3801,0,0,0,,0,3E12A,"FILLMORE ST","EDDY ST",0.00,,Y,A,-,N,,,,,,,,,,Y,3,0,2,3,A,-,12,21453,A,F,D,C,A,A,H,-,A,A,0,,,,,Y,,A,01,0,1,1,0,0,0,0,0,0,"- ","- ",,,"SAN FRANCISCO","SAN FRANCISCO",-122.43231964111328,37.781425476074219
9313258,2021,2021-09-10,3801,2021-07-02,1236,231,BAYVI,5,5,7,3801,0,0,0,,0,901,"SAN BRUNO AV","MANSELL ST",0.00,,Y,A,-,N,,,,,,,,,,N,4,0,3,2,A,-,03,22350,,N,D,C,A,-,H,-,A,A,0,,,,,Y,,A,07,0,0,3,0,0,0,0,0,0,"- ","- ",,,"SAN FRANCISCO","SAN FRANCISCO",-122.401123046875,37.721637725830078
9313259,2021,2021-09-10,3801,2021-07-02,1642,1148,MISSI,5,5,7,3801,0,0,0,,0,3D11D,"19TH ST",VALENCIA,15.00,N,N,A,-,N,,,,,,,,,,N,3,0,1,1,A,-,08,22107,,N,G,B,A,A,H,-,A,A,0,,,,,Y,,M,94,0,1,0,0,0,0,0,0,0,"- ","- ",,,"SAN FRANCISCO","SAN FRANCISCO",-122.42134857177734,37.760112762451172
9313260,2021,2021-09-10,3801,2021-07-19,2210,4178,TRAFF,1,5,7,3801,0,0,0,,0,4B3A,"GUERRERO ST","DUBOCE AV",14.00,S,N,A,-,N,,,,,,,,,,N,3,0,1,2,A,-,11,21956,A,N,G,B,E,A,H,-,C,A,0,Y,,,,Y,,N,60,0,1,0,0,1,0,0,0,0,"- ","- ",,,"SAN FRANCISCO","SAN FRANCISCO",-122.42458343505859,37.769702911376953
9313261,2021,2021-09-03,3801,2021-07-12,1600,1511,BAYVI,1,5,7,3801,0,0,0,,0,,"BAYSHORE BL","FLOWER ST",0.00,,Y,A,-,N,,,,,,,,,,N,3,0,1,2,A,-,11,21954,A,N,B,C,A,A,H,-,A,D,0,,,,,Y,,-,,0,1,0,0,0,0,0,0,0,"- ","- ",,,"SAN FRANCISCO","SAN FRANCISCO",-122.40565490722656,37.742500305175781
9313262,2021,2021-09-03,3801,2021-07-14,0809,392,MISSI,3,5,7,3801,0,0,0,,0,3D14A,"FOLSOM ST","21ST ST",0.00,,Y,A,-,N,,,,,,,,,,Y,4,0,3,2,D,-,00,,,N,D,C,A,A,H,-,A,A,0,,,,,Y,,-,"- ",0,0,3,0,0,0,0,0,0,"- ","- ",,,"SAN FRANCISCO","SAN FRANCISCO",-122.41452026367188,37.757305145263672
9313263,2021,2021-09-03,3801,2021-07-14,1443,4023,MISSI,3,5,7,3801,0,0,0,,0,3D13C,"VALENCIA ST","25TH ST",7.00,S,N,A,-,N,,,,,,,,,,N,4,0,1,2,A,-,10,21950,A,N,G,B,B,A,H,-,A,A,0,Y,,,,Y,,A,01,0,0,1,0,1,0,0,0,0,"- ","- ",,,"SAN FRANCISCO","SAN FRANCISCO",-122.42049407958984,37.750492095947266
9313264,2021,2021-09-03,3801,2021-07-13,2016,2081,CENTR,2,5,7,3801,0,0,0,,0,004,"KEARNY ST","JACKSON ST",26.00,N,N,A,-,N,,,,,,,,,,N,3,0,1,2,A,-,05,21651,B,N,A,G,A,A,H,-,C,D,0,,Y,,,Y,,L,04,0,1,0,0,0,0,1,0,0,"- ","- ",,,"SAN FRANCISCO","SAN FRANCISCO",-122.4051513671875,37.796291351318359
9313265,2021,2021-09-03,3801,2021-07-13,2001,1194,SOUTH,2,5,7,3801,0,0,0,,0,0B2,"3RD ST","HOWARD ST",0.00,,Y,A,-,N,,,,,,,,,,N,4,0,1,2,A,-,09,21453,C,N,D,G,A,A,H,-,B,A,0,,Y,,,Y,Y,A,07,0,0,1,0,0,0,1,0,0,"- ","- ",,,"SAN FRANCISCO","SAN FRANCISCO",-122.40049743652344,37.785007476806641
9313266,2021,2021-09-03,3801,2021-07-12,1005,1540,TARAV,1,5,7,3801,0,0,0,,0,3I11A,"19TH AV","LAWTON ST",12.00,S,N,B,-,N,,,,,,,,,,N,4,0,1,2,A,-,03,22350,,M,G,B,E,A,H,-,A,A,0,Y,,,,Y,,A,01,0,0,1,0,1,0,0,0,0,"- ","- ",,,"SAN FRANCISCO","SAN FRANCISCO",-122.47669982910156,37.757907867431641