CASE_ID,ACCIDENT_YEAR,PROC_DATE,JURIS,COLLISION_DATE,COLLISION_TIME,OFFICER_ID,REPORTING_DISTRICT,DAY_OF_WEEK,CHP_SHIFT,POPULATION,CNTY_CITY_LOC,SPECIAL_COND,BEAT_TYPE,CHP_BEAT_TYPE,CITY_DIVISION_LAPD,CHP_BEAT_CLASS,BEAT_NUMBER,PRIMARY_RD,SECONDARY_RD,DISTANCE,DIRECTION,INTERSECTION,WEATHER_1,WEATHER_2,STATE_HWY_IND,CALTRANS_COUNTY,CALTRANS_DISTRICT,STATE_ROUTE,ROUTE_SUFFIX,POSTMILE_PREFIX,POSTMILE,LOCATION_TYPE,RAMP_INTERSECTION,SIDE_OF_HWY,TOW_AWAY,COLLISION_SEVERITY,NUMBER_KILLED,NUMBER_INJURED,PARTY_COUNT,PRIMARY_COLL_FACTOR,PCF_CODE_OF_VIOL,PCF_VIOL_CATEGORY,PCF_VIOLATION,PCF_VIOL_SUBSECTION,HIT_AND_RUN,TYPE_OF_COLLISION,MVIW,PED_ACTION,ROAD_SURFACE,ROAD_COND_1,ROAD_COND_2,LIGHTING,CONTROL_DEVICE,CHP_ROAD_TYPE,PEDESTRIAN_ACCIDENT,BICYCLE_ACCIDENT,MOTORCYCLE_ACCIDENT,TRUCK_ACCIDENT,NOT_PRIVATE_PROPERTY,ALCOHOL_INVOLVED,STWD_VEHTYPE_AT_FAULT,CHP_VEHTYPE_AT_FAULT,COUNT_SEVERE_INJ,COUNT_VISIBLE_INJ,COUNT_COMPLAINT_PAIN,COUNT_PED_KILLED,COUNT_PED_INJURED,COUNT_BICYCLIST_KILLED,COUNT_BICYCLIST_INJURED,COUNT_MC_KILLED,COUNT_MC_INJURED,PRIMARY_RAMP,SECONDARY_RAMP,LATITUDE,LONGITUDE,COUNTY,CITY,POINT_X,POINT_Y
9314689,2021,2021-09-13,3801,2021-07-30,2130,1096,CENTR,5,5,7,3801,0,0,0,,0,3A11E,"SACRAMENTO ST","TAYLOR ST",9.00,S,N,A,-,N,,,,,,,,,,N,4,0,1,2,A,-,12,22450,A,F,D,C,A,A,H,-,C,A,0,,,Y,,Y,,-,,0,0,1,0,0,0,0,0,1,"- ","- ",,,"SAN FRANCISCO","SAN FRANCISCO",-122.41267395019531,37.792545318603516
9314690,2021,2021-09-13,3801,2021-07-30,2120,2357,RICHM,5,5,7,3801,0,0,0,,0,3G12E,"BALBOA ST","25TH AV",13.00,E,N,A,-,N,,,,,,,,,,N,4,0,1,2,A,-,04,21703,,F,C,C,A,A,H,-,C,A,0,,,,,Y,,A,01,0,0,1,0,0,0,0,0,0,"- ","- ",,,"SAN FRANCISCO","SAN FRANCISCO",-122.48439788818359,37.776302337646484
9314691,2021,2021-09-13,3801,2021-07-28,0957,2224,MISSI,3,5,7,3801,0,0,0,,0,3D13A,"TREAT AV","23RD ST",12.00,N,N,A,-,N,,,,,,,,,,N,4,0,1,3,A,-,03,22350,,F,A,C,A,A,H,-,A,D,0,,,,,Y,Y,-,,0,0,1,0,0,0,0,0,0,"- ","- ",,,"SAN FRANCISCO","SAN FRANCISCO",-122.41312408447266,37.754203796386719
9314692,2021,2021-09-13,3801,2021-07-28,1040,1342,NORTH,3,5,7,3801,0,0,0,,0,3E14A,"SUTTER ST","PIERCE ST",0.00,,Y,A,-,N,,,,,,,,,,N,3,0,1,2,A,-,10,21950,A,N,-,B,B,A,H,-,A,D,0,Y,,,,Y,,A,01,0,1,0,0,1,0,0,0,0,"- ","- ",,,"SAN FRANCISCO","SAN FRANCISCO",-122.43656158447266,37.785671234130859
9314693,2021,2021-09-17,3801,2021-07-27,1805,2008,MISSI,2,5,7,3801,0,0,0,,0,3D15D,"23RD ST","CAPP ST",0.00,,Y,A,-,N,,,,,,,,,,N,3,0,2,2,A,-,12,22450,A,N,D,C,A,A,H,-,A,A,0,,,,,Y,,-,"- ",0,1,1,0,0,0,0,0,0,"- ","- ",,,"SAN FRANCISCO","SAN FRANCISCO",-122.41748046875,37.753910064697266
9314694,2021,2021-09-13,3801,2021-07-27,1727,233,MISSI,2,5,7,3801,0,0,0,,0,03D,"S VAN NESS AV","22ND ST",0.00,,Y,A,-,N,,,,,,,,,,N,4,0,1,2,A,-,12,21453,,N,D,G,A,A,H,-,A,A,0,,Y,,,Y,,L,04,0,0,1,0,0,0,1,0,0,"- ","- ",,,"SAN FRANCISCO","SAN FRANCISCO",-122.41658782958984,37.755565643310547
9314695,2021,2021-09-13,3801,2021-07-27,1415,1422,TRAFF,2,5,7,3801,0,0,0,,0,,"MARKET ST","7TH ST",0.00,,Y,A,-,N,,,,,,,,,,N,4,0,1,2,A,-,10,21950,A,N,G,B,B,A,H,-,A,A,0,Y,,,,Y,,A,01,0,0,1,0,1,0,0,0,0,"- ","- ",,,"SAN FRANCISCO","SAN FRANCISCO",-122.41251373291016,37.780479431152344
9314696,2021,2021-09-13,3801,2021-07-25,2145,4222,INGLE,7,5,7,3801,0,0,0,,0,3H13E,"PALOU AVE","SILVER AV",0.00,,Y,F,-,N,,,,,,,,,,N,3,0,1,2,A,-,03,22350,,F,-,B,B,-,G,-,-,D,0,Y,,,,Y,,A,01,0,1,0,0,1,0,0,0,0,"- ","- ",,,"SAN FRANCISCO","SAN FRANCISCO",-122.39650726318359,37.737205505371094
9314697,2021,2021-09-13,3801,2021-07-28,2316,2479,NORTH,3,5,7,3801,0,0,0,,0,3E3E,"GOUGH ST","EDDY ST",0.00,,Y,A,-,N,,,,,,,,,,N,2,0,1,2,A,-,00,21954,,N,G,B,E,A,G,-,C,A,0,Y,,,,Y,,N,60,1,0,0,0,1,0,0,0,0,"- ","- ",,,"SAN FRANCISCO","SAN FRANCISCO",-122.42411804199219,37.782466888427734
9314698,2021,2021-09-13,3801,2021-07-28,2103,2008,MISSI,3,5,7,3801,0,0,0,,0,3D15D,"MISSION ST","13TH ST",0.00,,Y,A,-,N,,,,,,,,,,N,3,0,1,2,A,-,12,21453,A,N,D,J,A,A,H,-,C,A,0,,,,,Y,,M,94,0,1,0,0,0,0,0,0,0,"- ","- ",,,"SAN FRANCISCO","SAN FRANCISCO",-122.419921875,37.769977569580078
9314699,2021,2021-09-13,3801,2021-07-28,1445,737,NORTH,3,5,7,3801,0,0,0,,0,3E77,FRANKLIN,CHESTNUT,62.00,S,N,A,-,N,,,,,,,,,,N,4,0,1,2,A,-,13,22500,,N,B,J,A,A,H,-,A,D,0,,,Y,,Y,,A,01,0,0,1,0,0,0,0,0,1,"- ","- ",,,"SAN FRANCISCO","SAN FRANCISCO",-122.42634582519531,37.801902770996094
9314700,2021,2021-09-13,3801,2021-07-29,1145,1118,SOUTH,4,5,7,3801,0,0,0,,0,3B13C,"MARKET ST","VAN NESS AV",0.00,,Y,A,-,N,,,,,,,,,,N,4,0,1,3,A,-,12,21453,A,F,D,C,A,A,H,-,A,A,0,,,,,Y,,A,01,0,0,1,0,0,0,0,0,0,"- ","- ",,,"SAN FRANCISCO","SAN FRANCISCO",-122.41925811767578,37.775169372558594
9314788,2021,2021-09-16,3801,2021-07-01,2157,2741,INGLE,4,5,7,3801,0,0,0,,0,3H14E,"GENEVA AV","RT 280",36.00,E,N,F,-,N,,,,,,,,,,Y,3,0,1,1,A,-,07,21658,A,N,E,I,A,B,H,-,C,D,0,,,,,Y,,A,01,0,1,0,0,0,0,0,0,0,"- ","- ",,,"SAN FRANCISCO","SAN FRANCISCO",-122.44788360595703,37.721229553222656
9314789,2021,2021-09-16,3801,2021-07-01,2237,901,INGLE,4,5,7,3801,0,0,0,,0,3H13E,ALEMANY,"SAN JOSE AV",0.00,,Y,C,-,N,,,,,,,,,,N,4,0,1,2,A,-,12,21453,A,F,D,D,A,B,H,-,C,A,0,,,,,Y,,-,,0,0,1,0,0,0,0,0,0,"- ","- ",,,"SAN FRANCISCO","SAN FRANCISCO",-122.45709991455078,37.710071563720703
9314790,2021,2021-09-09,3801,2021-07-01,1710,2433,INGLI,4,5,7,3801,0,0,0,,0,3H11D,"SAN JOSE AV","RANDALL ST",0.00,,Y,A,-,N,,,,,,,,,,N,3,0,1,2,A,-,10,21950,A,N,G,B,B,A,H,-,A,A,0,Y,,,,Y,,A,07,0,1,0,0,1,0,0,0,0,"- ","- ",,,"SAN FRANCISCO","SAN FRANCISCO",-122.42426300048828,37.739860534667969
9314791,2021,2021-09-09,3801,2021-07-05,1259,230,TENDE,1,5,7,3801,0,0,0,,0,3J98C,"6TH ST","MISSION ST",55.00,N,N,A,-,N,,,,,,,,,,N,3,0,1,2,A,-,11,21954,A,F,B,B,E,A,H,-,A,A,0,Y,,,,Y,,N,60,0,1,0,0,1,0,0,0,0,"- ","- ",,,"SAN FRANCISCO","SAN FRANCISCO",-122.40882110595703,37.781085968017578
9314792,2021,2021-09-09,3801,2021-07-05,0213,715,MISSI,1,5,7,3801,0,0,0,,0,3DE1,"HARRISON ST","24TH ST",227.00,S,N,A,-,N,,,,,,,,,,Y,3,0,1,1,A,-,03,22350,,N,H,J,A,A,B,-,E,D,0,,,,,Y,,-,,0,1,0,0,0,0,0,0,0,"- ","- ",,,"SAN FRANCISCO","SAN FRANCISCO",-122.41183471679688,37.752029418945312
9314793,2021,2021-09-09,3801,2021-07-05,0130,821,SOUTH,1,5,7,3801,0,0,0,,0,3B2,"HOWARD ST","3RD ST",25.00,S,N,A,-,N,,,,,,,,,,,4,0,1,2,A,-,03,22350,,N,C,D,A,A,H,-,C,A,0,,,,,Y,,-,"- ",0,0,1,0,0,0,0,0,0,"- ","- ",,,"SAN FRANCISCO","SAN FRANCISCO",-122.40056610107422,37.784961700439453
9314794,2021,2021-09-09,3801,2021-07-04,1120,1296,INGLI,7,5,7,3801,0,0,0,,0,3H15A,"OCEAN AV","SAN JOSE AV",20.00,W,N,A,-,N,,,,,,,,,,N,4,0,1,2,A,-,04,21703,,N,C,C,A,A,H,-,A,A,0,,,,,Y,,A,01,0,0,1,0,0,0,0,0,0,"- ","- ",,,"SAN FRANCISCO","SAN FRANCISCO",-122.44487762451172,37.722930908203125
9314795,2021,2021-09-09,3801,2021-07-25,1352,4333,NORTH,7,5,7,3801,0,0,0,,0,3E13A,"GOUGH ST","MCALLISTER ST",0.00,,Y,A,-,N,,,,,,,,,,N,2,0,2,2,D,-,00,,,N,D,C,A,A,H,-,A,A,0,,,Y,,Y,,-,"- ",1,0,1,0,0,0,0,0,1,"- ","- ",,,"SAN FRANCISCO","SAN FRANCISCO",-122.42353820800781,37.779670715332031
9314796,2021,2021-09-09,3801,2021-07-25,0556,319,CENTR,7,5,7,3801,0,0,0,,0,3A12A,"STOCKTON ST","WASHINGTON ST",0.00,,Y,A,-,N,,,,,,,,,,N,3,0,1,2,A,-,03,22350,A,N,G,B,B,A,H,-,B,A,0,Y,,,,Y,,A,01,0,1,0,0,1,0,0,0,0,"- ","- ",,,"SAN FRANCISCO","SAN FRANCISCO",-122.40802764892578,37.794960021972656
9314797,2021,2021-09-09,3801,2021-07-25,0255,1967,NORTH,7,5,7,3801,0,0,0,,0,3E13E,"GOUGH ST","SUTTER ST",0.00,,Y,A,-,N,,,,,,,,,,Y,2,0,1,5,A,-,12,21453,A,F,B,C,A,A,H,-,C,A,0,,,,,Y,,A,01,1,0,0,0,0,0,0,0,0,"- ","- ",,,"SAN FRANCISCO","SAN FRANCISCO",-122.42504119873047,37.787139892578125
9314798,2021,2021-09-09,3801,2021-07-24,1924,3H16D,INGLE,6,5,7,3801,0,0,0,,0,3H15D,"ALEMANY BL","FOOTE AV",131.00,N,N,A,-,N,,,,,,,,,,Y,3,0,1,1,A,-,03,22350,,N,H,J,A,A,H,-,A,-,0,,,Y,,Y,,C,02,0,1,0,0,0,0,0,0,1,"- ","- ",,,"SAN FRANCISCO","SAN FRANCISCO",-122.44692230224609,37.714847564697266
9314799,2021,2021-09-09,3801,2021-07-24,0211,2400,NORTH,6,5,7,3801,0,0,0,,0,4-CAR,"PINE ST","WEBSTER ST",0.00,,Y,A,-,N,,,,,,,,,,N,3,0,1,2,A,-,12,21453,A,N,D,C,A,A,H,-,C,A,0,,,Y,,Y,,C,02,0,1,0,0,0,0,0,0,1,"- ","- ",,,"SAN FRANCISCO","SAN FRANCISCO",-122.43199157714844,37.788154602050781
9314800,2021,2021-09-09,3801,2021-07-31,1557,001460,SOUTH,6,5,7,3801,0,0,0,,0,,"MISSION ST","10TH ST",0.00,,Y,A,-,N,,,,,,,,,,,3,0,1,2,A,-,06,21755,A,N,B,G,A,A,H,-,A,A,0,,Y,,,Y,,L,04,0,1,0,0,0,0,1,0,0,"- ","- ",,,"SAN FRANCISCO","SAN FRANCISCO",-122.41590881347656,37.775276184082031
9315061,2021,2021-09-21,3801,2021-07-05,0415,821,SOUTH,1,5,7,3801,0,0,0,,0,,"MISSION ST","MISSION ST 1401",0.00,,Y,A,-,N,,,,,,,,,,,4,0,1,1,A,-,17,21663,,N,B,I,A,-,H,-,C,A,0,,,,,Y,,-,,0,0,1,0,0,0,0,0,0,"- ","- ",,,"SAN FRANCISCO","SAN FRANCISCO",-122.41979217529297,37.7705078125
9315068,2021,2021-09-21,3801,2021-07-30,1615,309,TARAV,5,5,7,3801,0,0,0,,0,,"11TH AV","JUDAH ST",0.00,,Y,B,-,N,,,,,,,,,,N,4,0,1,2,A,-,12,22450,A,F,G,B,B,A,H,-,A,A,0,Y,,,,Y,,A,01,0,0,1,0,1,0,0,0,0,"- ","- ",,,"SAN FRANCISCO","SAN FRANCISCO",-122.46832275390625,37.762138366699219
9315081,2021,2021-09-13,3801,2021-07-15,2013,2731,RICHM,4,5,7,3801,0,0,0,,0,0G3,"FULTON ST","6TH AV",0.00,,Y,-,-,N,,,,,,,,,,N,4,0,1,2,A,-,05,21651,B,F,G,-,E,-,-,-,-,D,0,Y,Y,,,Y,,L,04,0,0,1,0,1,0,0,0,0,"- ","- ",,,"SAN FRANCISCO","SAN FRANCISCO",-122.46376037597656,37.773612976074219
9315082,2021,2021-09-13,3801,2021-07-09,2150,1994,TRAFF,5,5,7,3801,0,0,0,,0,4B3G,"3RD ST","KING ST",12.00,N,N,A,-,N,,,,,,,,,,N,2,0,1,2,A,-,10,21950,A,F,G,B,B,A,H,-,C,A,0,Y,,,,Y,,A,01,1,0,0,0,1,0,0,0,0,"- ","- ",,,"SAN FRANCISCO","SAN FRANCISCO",-122.39197540283203,37.778224945068359
9315083,2021,2021-09-13,3801,2021-07-22,1147,104,TRAFF,4,5,7,3801,0,0,0,,0,104,"LARKIN ST","TURK ST",0.00,,Y,A,-,N,,,,,,,,,,Y,4,0,1,2,A,-,08,22100,B,N,F,C,A,A,H,-,A,A,0,,,,,Y,,A,01,0,0,1,0,0,0,0,0,0,"- ","- ",,,"SAN FRANCISCO","SAN FRANCISCO",-122.41733551025391,37.782379150390625
9315084,2021,2021-09-13,3801,2021-07-29,2335,1371,NORTH,4,5,7,3801,0,0,0,,0,002,"TURK ST","WEBSTER ST",0.00,,-,A,-,N,,,,,,,,,,N,3,0,1,2,A,-,11,21950,B,F,G,B,D,A,H,-,C,D,0,Y,,,,Y,,N,60,0,1,0,0,1,0,0,0,0,"- ","- ",,,"SAN FRANCISCO","SAN FRANCISCO",-122.43048858642578,37.780685424804688
9315086,2021,2021-09-13,3801,2021-07-29,1720,386,MISSI,4,5,7,3801,0,0,0,,0,3D14D,"13TH ST","HARRISON ST",0.00,,Y,A,-,N,,,,,,,,,,N,2,0,1,2,A,-,12,21453,A,N,D,J,A,A,H,-,A,A,0,,,,,Y,,M,94,1,0,0,0,0,0,0,0,0,"- ","- ",,,"SAN FRANCISCO","SAN FRANCISCO",-122.41340637207031,37.769454956054688
9315087,2021,2021-09-13,3801,2021-07-29,1656,1931,NORTH,4,5,7,3801,0,0,0,,0,3E13D,"TURK ST","VAN NESS AV",0.00,,Y,A,-,N,,,,,,,,,,N,3,0,1,2,A,-,11,21453,D,N,G,B,-,A,D,-,A,A,0,Y,,,,Y,,N,60,0,1,0,0,1,0,0,0,0,"- ","- ",,,"SAN FRANCISCO","SAN FRANCISCO",-122.42057800292969,37.781936645507812
9315088,2021,2021-09-13,3801,2021-07-31,2212,421,PARK,6,5,7,3801,0,0,0,,0,4CAR,"HAIGHT ST","BRODERICK ST",0.00,,Y,B,-,N,,,,,,,,,,N,4,0,1,2,A,-,04,21703,,F,C,C,A,A,H,-,C,A,0,,,,,Y,,A,01,0,0,1,0,0,0,0,0,0,"- ","- ",,,"SAN FRANCISCO","SAN FRANCISCO",-122.438720703125,37.771045684814453
9315089,2021,2021-09-13,3801,2021-07-31,1910,1858,BAYVI,6,5,7,3801,0,0,0,,0,3C13D,"BAYSHORE BL",CORTLAND,50.00,N,N,A,-,N,,,,,,,,,,Y,4,0,2,3,A,-,03,22350,,N,B,C,A,A,H,-,A,A,0,,,,,Y,,A,01,0,0,2,0,0,0,0,0,0,"- ","- ",,,"SAN FRANCISCO","SAN FRANCISCO",-122.40697479248047,37.739715576171875
9315090,2021,2021-09-13,3801,2021-07-31,1828,887,NORTH,6,5,7,3801,0,0,0,,0,3E13D,"LARKIN ST","GROVE ST",0.00,,Y,A,-,N,,,,,,,,,,Y,4,0,2,2,A,-,17,21451,A,N,D,C,A,A,H,-,A,A,0,,,,,Y,,A,01,0,0,2,0,0,0,0,0,0,"- ","- ",,,"SAN FRANCISCO","SAN FRANCISCO",-122.41658782958984,37.778659820556641
9315091,2021,2021-09-13,3801,2021-07-22,0927,4035,TENDE,4,5,7,3801,0,0,0,,0,3J14A,"JONES ST","ELLIS ST",0.00,,Y,A,-,N,,,,,,,,,,N,4,0,1,2,A,-,03,22350,,N,B,E,A,A,H,-,A,A,0,,,,,Y,,A,01,0,0,1,0,0,0,0,0,0,"- ","- ",,,"SAN FRANCISCO","SAN FRANCISCO",-122.41278076171875,37.784896850585938
9315092,2021,2021-09-13,3801,2021-07-21,2150,574,MISSI,3,5,7,3801,0,0,0,,0,3D00,"20TH ST","YORK ST",0.00,,Y,A,-,N,,,,,,,,,,N,4,0,1,2,A,-,08,22107,,F,B,B,B,A,H,-,C,A,0,Y,,,,Y,,A,01,0,0,1,0,1,0,0,0,0,"- ","- ",,,"SAN FRANCISCO","SAN FRANCISCO",-122.40883636474609,37.759258270263672
9315093,2021,2021-09-13,3801,2021-07-21,1756,2305,TRAFF,3,5,7,3801,0,0,0,,0,4B3I,"FULTON ST","PIERCE ST",1.00,W,N,A,-,N,,,,,,,,,,N,2,0,1,2,A,-,10,21950,A,F,G,B,B,A,H,-,A,D,0,Y,,,,Y,,-,99,1,0,0,0,1,0,0,0,0,"- ","- ",,,"SAN FRANCISCO","SAN FRANCISCO",-122.43488311767578,37.777290344238281
9315094,2021,2021-09-13,3801,2021-07-19,1639,2157,SOUTH,1,5,7,3801,0,0,0,,0,004,"HOWARD ST","8TH ST",180.00,W,N,A,-,N,,,,,,,,,,Y,4,0,1,2,A,-,22,23123,A,N,C,E,A,A,H,-,A,D,0,,,,,Y,,A,01,0,0,1,0,0,0,0,0,0,"- ","- ",,,"SAN FRANCISCO","SAN FRANCISCO",-122.41203308105469,37.775886535644531
9315096,2021,2021-09-16,3801,2021-07-25,2224,382,NORTH,7,5,7,3801,0,0,0,,0,,"FILLMORE ST","LOMBARD ST",66.00,N,N,A,-,N,,,,,,,,,,Y,2,0,1,4,A,-,01,23153,A,F,A,E,E,A,H,-,C,D,0,Y,,,,Y,Y,A,01,1,0,0,0,1,0,0,0,0,"- ","- ",,,"SAN FRANCISCO","SAN FRANCISCO",-122.43610382080078,37.800025939941406
9315493,2021,2021-09-07,3801,2021-07-16,1105,1377,INGLE,5,5,7,3801,0,0,0,,0,3H2C,"MISSION ST","PRECITA AV",225.00,N,N,A,-,N,,,,,,,,,,N,2,0,2,2,A,-,08,22102,,N,D,C,A,-,H,-,A,D,0,,,,,Y,,A,01,1,0,1,0,0,0,0,0,0,"- ","- ",,,"SAN FRANCISCO","SAN FRANCISCO",-122.41876220703125,37.747306823730469
9315528,2021,2021-09-10,3801,2021-07-23,1022,1477,MISSI,5,5,7,3801,0,0,0,,0,,"BRYANT ST","18TH ST",122.00,S,N,A,-,N,,,,,,,,,,Y,4,0,1,2,A,-,06,21750,A,N,C,-,A,A,H,-,A,D,0,,,,,Y,,A,01,0,0,1,0,0,0,0,0,0,"- ","- ",,,"SAN FRANCISCO","SAN FRANCISCO",-122.41011810302734,37.761417388916016
9315532,2021,2021-09-16,3801,2021-07-23,0007,2463,SOUTH,5,5,7,3801,0,0,0,,0,3B14E,"9TH ST","MISSION ST",0.00,,Y,A,-,N,,,,,,,,,,N,3,0,1,2,A,-,08,22101,D,N,A,B,B,A,H,-,C,-,0,Y,,,,Y,,D,22,0,1,0,0,1,0,0,0,0,"- ","- ",,,"SAN FRANCISCO","SAN FRANCISCO",-122.41471862792969,37.776241302490234
9315536,2021,2021-09-07,3801,2021-07-30,1340,1306,CENTR,5,5,7,3801,0,0,0,,0,3A44C,"WASHINGTON ST","WALTER U LUM PL",78.00,E,N,A,-,N,,,,,,,,,,N,3,0,1,2,A,-,21,22106,,N,G,B,E,A,C,-,A,D,0,Y,,,Y,Y,,F,26,0,1,0,0,1,0,0,0,0,"- ","- ",,,"SAN FRANCISCO","SAN FRANCISCO",-122.40554046630859,37.795265197753906
9315559,2021,2021-09-14,3801,2021-07-30,2013,812,BAYVI,5,5,7,3801,0,0,0,,0,005,"INGALLS ST","GILMAN AV",0.00,,Y,A,-,N,,,,,,,,,,Y,3,0,2,3,A,-,12,22450,A,N,D,C,A,A,H,-,A,A,0,,,,,Y,,A,01,0,2,0,0,0,0,0,0,0,"- ","- ",,,"SAN FRANCISCO","SAN FRANCISCO",-122.39188385009766,37.720340728759766
9316641,2021,2021-10-14,3801,2021-07-17,0723,1628,RICHM,6,5,7,3801,0,0,0,,0,2CAR,"GEARY BL","ARGUELLO BL",0.00,,Y,A,-,N,,,,,,,,,,N,4,0,1,2,A,-,12,21453,A,N,D,G,A,A,H,-,A,A,0,,Y,,,Y,,A,01,0,0,1,0,0,0,1,0,0,"- ","- ",,,"SAN FRANCISCO","SAN FRANCISCO",-122.45887756347656,37.781333923339844
9316642,2021,2021-10-14,3801,2021-07-17,0110,2158,TENDE,6,5,7,3801,0,0,0,,0,,"MARKET ST","MARKET ST 1000",0.00,,N,A,-,N,,,,,,,,,,Y,4,0,1,1,A,-,01,23152,A,N,A,I,A,B,G,-,C,D,0,,,,,Y,Y,A,01,0,0,1,0,0,0,0,0,0,"- ","- ",,,"SAN FRANCISCO","SAN FRANCISCO",,
9316643,2021,2021-10-01,3801,2021-07-16,2257,2139,TARAV,5,5,7,3801,0,0,0,,0,901,"URBANO DR","VICTORIA ST",140.00,E,N,A,-,N,,,,,,,,,,Y,3,0,1,2,A,-,08,22107,,F,F,E,A,A,H,-,C,D,0,,,,,Y,Y,A,01,0,1,0,0,0,0,0,0,0,"- ","- ",,,"SAN FRANCISCO","SAN FRANCISCO",-122.46380615234375,37.725067138671875
9316644,2021,2021-10-14,3801,2021-07-15,0212,1133,CENTR,4,5,7,3801,0,0,0,,0,04A,"STOCKTON ST","GREEN ST",0.00,,Y,A,-,N,,,,,,,,,,Y,3,0,1,1,A,-,07,21658,A,N,E,I,A,A,H,-,C,A,0,,,,,Y,,A,08,0,1,0,0,0,0,0,0,0,"- ","- ",,,"SAN FRANCISCO","SAN FRANCISCO",-122.40898132324219,37.799495697021484
9316646,2021,2021-10-14,3801,2021-07-14,1929,2704,SOUTH,3,5,7,3801,0,0,0,,0,3B1,"THE EMBARCADERO NORTH","HARRISON ST",268.00,S,N,A,-,N,,,,,,,,,,Y,4,0,3,3,A,-,03,22350,,F,C,C,A,A,H,-,A,A,0,,,,,Y,,A,01,0,0,3,0,0,0,0,0,0,"- ","- ",,,"SAN FRANCISCO","SAN FRANCISCO",-122.38821411132812,37.788837432861328
9316647,2021,2021-10-14,3801,2021-07-14,1823,2286,TRAFF,3,5,7,3801,0,0,0,,0,4B3E,"IRVING ST","40TH AV",0.00,,Y,A,-,N,,,,,,,,,,Y,3,0,2,2,A,-,09,21802,A,N,D,C,A,A,H,-,A,A,0,,,,,Y,,A,01,0,1,1,0,0,0,0,0,0,"- ","- ",,,"SAN FRANCISCO","SAN FRANCISCO",-122.49961090087891,37.762569427490234
9316648,2021,2021-10-14,3801,2021-07-14,1605,2178,PARK,3,5,7,3801,0,0,0,,0,3F13D,"STANYAN ST","FULTON ST",0.00,,Y,A,-,N,,,,,,,,,,N,4,0,2,2,A,-,12,21453,A,N,D,C,A,A,H,-,A,A,0,,,,,Y,,A,01,0,0,2,0,0,0,0,0,0,"- ","- ",,,"SAN FRANCISCO","SAN FRANCISCO",-122.45465850830078,37.774745941162109
9316649,2021,2021-10-01,3801,2021-07-14,0922,1590,PARK,3,5,7,3801,0,0,0,,0,3F70,"WEBSTER ST","TURK ST",0.00,,Y,A,-,N,,,,,,,,,,N,4,0,1,2,A,-,05,21650,,N,A,C,A,A,-,-,A,-,0,,,Y,,Y,,C,03,0,0,1,0,0,0,0,0,1,"- ","- ",,,"SAN FRANCISCO","SAN FRANCISCO",-122.43048858642578,37.780685424804688
9316650,2021,2021-10-14,3801,2021-07-13,0707,1684,NORTH,2,5,7,3801,0,0,0,,0,,GOUGH,FRANCISCO,0.00,,Y,A,-,N,,,,,,,,,,N,4,0,1,2,A,-,10,21950,A,N,G,B,B,B,-,-,A,A,0,Y,,,,Y,,A,01,0,0,1,0,1,0,0,0,0,"- ","- ",,,"SAN FRANCISCO","SAN FRANCISCO",-122.42822265625,37.802799224853516
9316651,2021,2021-10-01,3801,2021-07-13,0208,1352,MISSI,2,5,7,3801,0,0,0,,0,3D13E,"22ND ST","HARRISON ST",0.00,,Y,A,-,N,,,,,,,,,,Y,4,0,1,3,A,-,"- ",,,M,C,E,A,A,H,-,C,A,0,,,,,Y,Y,A,01,0,0,1,0,0,0,0,0,0,"- ","- ",,,"SAN FRANCISCO","SAN FRANCISCO",-122.41222381591797,37.755836486816406
9316652,2021,2021-10-14,3801,2021-07-12,2148,2490,TENDE,1,5,7,3801,0,0,0,,0,3J14E,"LEAVENWORTH ST","EDDY ST",0.00,,Y,A,-,N,,,,,,,,,,N,4,0,1,2,A,-,10,21950,A,F,G,B,B,A,H,-,C,A,0,Y,,,,Y,,A,07,0,0,1,0,1,0,0,0,0,"- ","- ",,,"SAN FRANCISCO","SAN FRANCISCO",-122.41423797607422,37.783729553222656
9316653,2021,2021-10-12,3801,2021-07-12,1041,143,CENTR,1,5,7,3801,0,0,0,,0,,"FRONT ST","CALIFORNIA ST",0.00,,Y,-,-,N,,,,,,,,,,N,4,0,1,4,A,-,12,21453,A,N,B,C,B,A,H,-,A,A,0,Y,,,,Y,,A,01,0,0,1,0,1,0,0,0,0,"- ","- ",,,"SAN FRANCISCO","SAN FRANCISCO",-122.39881896972656,37.793365478515625
9316654,2021,2021-10-12,3801,2021-07-12,1015,4333,NORTH,1,5,7,3801,0,0,0,,0,,"GEARY ST","FRANKLIN ST",130.00,W,N,A,-,N,,,,,,,,,,Y,3,0,2,4,A,-,03,22350,,N,C,C,A,A,H,-,A,A,0,,,,,Y,,A,01,0,1,1,0,0,0,0,0,0,"- ","- ",,,"SAN FRANCISCO","SAN FRANCISCO",-122.4234619140625,37.785427093505859
9316655,2021,2021-10-12,3801,2021-07-11,1722,1740,CENTR,7,5,7,3801,0,0,0,,0,3A3D,"LEAVENWORTH ST","LEAVENWORTH ST 2138",0.00,,N,A,-,N,,,,,,,,,,N,3,0,1,2,A,-,09,21800,A,N,D,G,A,-,H,-,A,D,0,,Y,,,Y,,L,04,0,1,0,0,0,0,1,0,0,"- ","- ",,,"SAN FRANCISCO","SAN FRANCISCO",,
9316656,2021,2021-10-12,3801,2021-07-11,1447,2148,MISSI,7,5,7,3801,0,0,0,,0,,"MISSION ST","24TH ST",0.00,,Y,A,-,N,,,,,,,,,,N,4,0,1,2,A,-,21,22106,,N,G,B,B,A,H,-,A,A,0,Y,,,,Y,,A,01,0,0,1,0,1,0,0,0,0,"- ","- ",,,"SAN FRANCISCO","SAN FRANCISCO",-122.41848754882812,37.752262115478516