CASE_ID,ACCIDENT_YEAR,PROC_DATE,JURIS,COLLISION_DATE,COLLISION_TIME,OFFICER_ID,REPORTING_DISTRICT,DAY_OF_WEEK,CHP_SHIFT,POPULATION,CNTY_CITY_LOC,SPECIAL_COND,BEAT_TYPE,CHP_BEAT_TYPE,CITY_DIVISION_LAPD,CHP_BEAT_CLASS,BEAT_NUMBER,PRIMARY_RD,SECONDARY_RD,DISTANCE,DIRECTION,INTERSECTION,WEATHER_1,WEATHER_2,STATE_HWY_IND,CALTRANS_COUNTY,CALTRANS_DISTRICT,STATE_ROUTE,ROUTE_SUFFIX,POSTMILE_PREFIX,POSTMILE,LOCATION_TYPE,RAMP_INTERSECTION,SIDE_OF_HWY,TOW_AWAY,COLLISION_SEVERITY,NUMBER_KILLED,NUMBER_INJURED,PARTY_COUNT,PRIMARY_COLL_FACTOR,PCF_CODE_OF_VIOL,PCF_VIOL_CATEGORY,PCF_VIOLATION,PCF_VIOL_SUBSECTION,HIT_AND_RUN,TYPE_OF_COLLISION,MVIW,PED_ACTION,ROAD_SURFACE,ROAD_COND_1,ROAD_COND_2,LIGHTING,CONTROL_DEVICE,CHP_ROAD_TYPE,PEDESTRIAN_ACCIDENT,BICYCLE_ACCIDENT,MOTORCYCLE_ACCIDENT,TRUCK_ACCIDENT,NOT_PRIVATE_PROPERTY,ALCOHOL_INVOLVED,STWD_VEHTYPE_AT_FAULT,CHP_VEHTYPE_AT_FAULT,COUNT_SEVERE_INJ,COUNT_VISIBLE_INJ,COUNT_COMPLAINT_PAIN,COUNT_PED_KILLED,COUNT_PED_INJURED,COUNT_BICYCLIST_KILLED,COUNT_BICYCLIST_INJURED,COUNT_MC_KILLED,COUNT_MC_INJURED,PRIMARY_RAMP,SECONDARY_RAMP,LATITUDE,LONGITUDE,COUNTY,CITY,POINT_X,POINT_Y
9340812,2021,2021-10-30,3801,2021-08-12,1630,724,INGLE,4,5,7,3801,0,0,0,,0,3H15D,"MISSION ST","ACTION ST",0.00,,Y,B,-,N,,,,,,,,,,N,3,0,1,2,A,-,03,22350,,N,A,D,A,A,H,-,A,A,0,,,Y,,Y,,C,02,0,1,0,0,0,0,0,0,1,"- ","- ",,,"SAN FRANCISCO","SAN FRANCISCO",-122.4527587890625,37.70880126953125
9340813,2021,2021-10-30,3801,2021-08-11,0855,642,TARAV,3,5,7,3801,0,0,0,,0,005,"SUNSET BL","OCEAN AV",20.00,N,N,B,-,N,,,,,,,,,,Y,4,0,1,2,A,-,04,21703,,N,C,C,A,A,H,-,A,A,0,,,,,Y,,A,01,0,0,1,0,0,0,0,0,0,"- ","- ",,,"SAN FRANCISCO","SAN FRANCISCO",-122.49381256103516,37.731956481933594
9340814,2021,2021-10-30,3801,2021-08-04,1500,4115,SOUTH,3,5,7,3801,0,0,0,,0,,"MISSION ST","JESSE W",160.00,E,N,A,-,N,,,,,,,,,,N,3,0,1,2,A,-,08,22107,,N,B,D,A,A,H,-,A,D,0,,,,,Y,,A,01,0,1,0,0,0,0,0,0,0,"- ","- ",,,"SAN FRANCISCO","SAN FRANCISCO",-122.40564727783203,37.783397674560547
9340817,2021,2021-10-29,3801,2021-08-12,0430,1286,SOUTH,4,5,7,3801,0,0,0,,0,,"CLARA ST","5TH ST",100.00,E,N,A,-,N,,,,,,,,,,Y,4,0,2,3,A,-,03,22350,,N,A,E,A,A,H,-,C,A,0,,,,,Y,,A,01,0,0,2,0,0,0,0,0,0,"- ","- ",,,"SAN FRANCISCO","SAN FRANCISCO",-122.40213775634766,37.779647827148438
9340818,2021,2021-10-29,3801,2021-08-04,2053,2305,TRAFF,3,5,7,3801,0,0,0,,0,4B31,"BOSWORTH ST","LIPPARD AV",15.00,E,N,B,-,N,,,,,,,,,,Y,3,0,2,1,A,-,12,22450,A,N,E,I,A,B,H,-,C,A,0,,,,,Y,,-,,0,1,1,0,0,0,0,0,0,"- ","- ",,,"SAN FRANCISCO","SAN FRANCISCO",-122.43576812744141,37.733867645263672
9340954,2021,2021-10-12,3801,2021-08-09,2057,209,NORTH,1,5,7,3801,0,0,0,,0,NORTHE,"SCOTT ST","TURK ST",0.00,,Y,A,-,N,,,,,,,,,,Y,3,0,2,4,A,-,12,21453,A,N,D,E,A,A,H,-,C,A,0,,,,,Y,,A,01,0,1,1,0,0,0,0,0,0,"- ","- ",,,"SAN FRANCISCO","SAN FRANCISCO",-122.43706512451172,37.779857635498047
9340955,2021,2021-10-13,3801,2021-08-09,1250,4267,TARAV,1,5,7,3801,0,0,0,,0,3I41,"IRVING ST","29TH AV",0.00,,Y,A,-,N,,,,,,,,,,Y,4,0,3,2,A,-,09,21802,A,N,D,C,A,A,H,-,A,A,0,,,,,Y,,A,01,0,0,3,0,0,0,0,0,0,"- ","- ",,,"SAN FRANCISCO","SAN FRANCISCO",-122.48783874511719,37.763092041015625
9340956,2021,2021-10-12,3801,2021-08-09,2129,2390,CENTR,1,5,7,3801,0,0,0,,0,0A1,"GEARY ST","TAYLOR ST",0.00,,Y,A,-,N,,,,,,,,,,N,4,0,1,2,A,-,10,21950,A,F,G,B,B,A,H,-,C,A,0,Y,,,,Y,Y,A,01,0,0,1,0,1,0,0,0,0,"- ","- ",,,"SAN FRANCISCO","SAN FRANCISCO",-122.41151428222656,37.786949157714844
9340957,2021,2021-10-12,3801,2021-08-08,1822,1389,BAYVI,7,5,7,3801,0,0,0,,0,3C12D,"BAY SHORE BL","PAUL AV",0.00,,Y,A,-,N,,,,,,,,,,Y,4,0,1,3,A,-,01,23152,A,F,C,C,A,A,H,-,A,A,0,,,,,Y,Y,A,01,0,0,1,0,0,0,0,0,0,"- ","- ",,,"SAN FRANCISCO","SAN FRANCISCO",-122.40079498291016,37.723606109619141
9341081,2021,2021-10-09,3801,2021-08-31,1007,892,SOUTH,2,5,7,3801,0,0,0,,0,3B4A,"3RD ST","HARRISON ST",0.00,,Y,A,-,N,,,,,,,,,,Y,4,0,2,2,A,-,09,21800,D,N,D,C,A,A,H,-,A,B,0,,,,,Y,,A,07,0,0,2,0,0,0,0,0,0,"- ","- ",,,"SAN FRANCISCO","SAN FRANCISCO",-122.39739227294922,37.782550811767578
9341082,2021,2021-10-09,3801,2021-08-31,0932,1978,BAYVI,2,5,7,3801,0,0,0,,0,001,"ILLINOIS ST","23RD ST",0.00,,Y,A,-,N,,,,,,,,,,N,4,0,1,2,A,-,09,21802,A,N,-,B,E,-,H,-,A,A,0,Y,,,,Y,,A,01,0,0,1,0,1,0,0,0,0,"- ","- ",,,"SAN FRANCISCO","SAN FRANCISCO",-122.38709259033203,37.75543212890625
9341083,2021,2021-10-09,3801,2021-08-31,0101,1286,SOUTH,2,5,7,3801,0,0,0,,0,3B4,"MISSION ST","PLUM ST",0.00,,Y,A,-,N,,,,,,,,,,Y,3,0,1,1,A,-,03,22350,,M,E,I,A,A,H,-,C,A,0,,,,,Y,,A,01,0,1,0,0,0,0,0,0,0,"- ","- ",,,"SAN FRANCISCO","SAN FRANCISCO",-122.41963958740234,37.770984649658203
9341084,2021,2021-10-14,3801,2021-08-30,2300,2143,TARAV,1,5,7,3801,0,0,0,,0,3I13E,"JUNIPERO SERRA BL","19TH AV",0.00,,Y,A,-,N,,,,,,,,,,N,3,0,1,2,A,-,03,22350,,F,G,B,B,A,H,-,C,A,0,Y,,,,Y,,A,07,0,1,0,0,1,0,0,0,0,"- ","- ",,,"SAN FRANCISCO","SAN FRANCISCO",-122.47271728515625,37.717182159423828
9341085,2021,2021-10-09,3801,2021-08-30,2005,1389,BAYVI,1,5,7,3801,0,0,0,,0,3C12D,"OAKDALE AV","TOLAND ST",0.00,,Y,A,-,N,,,,,,,,,,Y,4,0,1,2,A,-,01,23152,A,F,C,C,A,A,H,-,C,A,0,,,,,Y,Y,A,01,0,0,1,0,0,0,0,0,0,"- ","- ",,,"SAN FRANCISCO","SAN FRANCISCO",-122.40155029296875,37.740951538085938
9341086,2021,2021-10-09,3801,2021-08-30,2023,1520,BAYVI,1,5,7,3801,0,0,0,,0,0C2,"OAKDALE AV","BARNEVELD AV",0.00,,Y,A,-,N,,,,,,,,,,N,4,0,1,2,A,-,04,21703,,N,C,C,A,A,H,-,C,D,0,,,,,Y,,A,01,0,0,1,0,0,0,0,0,0,"- ","- ",,,"SAN FRANCISCO","SAN FRANCISCO",-122.40349578857422,37.742057800292969
9341087,2021,2021-10-09,3801,2021-08-30,1744,2725,RICHM,1,5,7,3801,0,0,0,,0,,MASONIC,"GEARY BL",443.00,N,N,A,-,N,,,,,,,,,,N,4,0,1,2,A,-,08,22107,,N,B,C,A,A,H,-,A,D,0,,,Y,,Y,,A,01,0,0,1,0,0,0,0,0,1,"- ","- ",,,"SAN FRANCISCO","SAN FRANCISCO",-122.44786834716797,37.782279968261719
9341088,2021,2021-10-09,3801,2021-08-30,1715,1389,BAYVI,1,5,7,3801,0,0,0,,0,3C12D,"GIRARD ST","GIRARD ST 212",0.00,,-,A,-,N,,,,,,,,,,N,4,0,4,2,A,-,09,21804,A,F,B,C,A,A,H,-,A,A,0,,,,,Y,,A,01,0,0,4,0,0,0,0,0,0,"- ","- ",,,"SAN FRANCISCO","SAN FRANCISCO",,
9341089,2021,2021-10-09,3801,2021-08-30,1029,2117,BAYVI,1,5,7,3801,0,0,0,,0,3C11A,"MINNESOTA ST","19TH ST",0.00,,Y,A,-,N,,,,,,,,,,Y,4,0,1,2,D,-,00,,,F,C,C,A,A,H,-,A,A,0,,,,,Y,,-,"- ",0,0,1,0,0,0,0,0,0,"- ","- ",,,"SAN FRANCISCO","SAN FRANCISCO",-122.39058685302734,37.761642456054688
9341090,2021,2021-10-09,3801,2021-08-30,1017,2375,RICHM,1,5,7,3801,0,0,0,,0,3G4A,"PRESIDIO AV","PINE ST",0.00,,Y,B,-,N,,,,,,,,,,Y,4,0,3,3,A,-,12,21453,A,N,D,C,A,A,H,-,A,A,0,,,,,Y,,A,07,0,0,3,0,0,0,0,0,0,"- ","- ",,,"SAN FRANCISCO","SAN FRANCISCO",-122.44660186767578,37.786293029785156
9341091,2021,2021-10-09,3801,2021-08-30,0926,156,BAYVI,1,5,7,3801,0,0,0,,0,3C60,"BOWDOIN ST","WOODLSEY ST",0.00,,Y,A,-,N,,,,,,,,,,Y,4,0,1,4,A,-,03,22350,,F,H,E,A,A,H,-,A,D,0,,,,,Y,,A,01,0,0,1,0,0,0,0,0,0,"- ","- ",,,"SAN FRANCISCO","SAN FRANCISCO",-122.40953826904297,37.723426818847656
9341092,2021,2021-10-09,3801,2021-08-17,2128,141,INGLE,2,5,7,3801,0,0,0,,0,3H16E,"PEABODY ST","SUNNYDALE AV",50.00,N,N,A,-,N,,,,,,,,,,N,4,0,1,3,A,-,03,22350,,N,C,B,E,A,H,-,C,D,0,Y,,,,Y,,A,01,0,0,1,0,1,0,0,0,0,"- ","- ",,,"SAN FRANCISCO","SAN FRANCISCO",-122.40766143798828,37.709720611572266
9341093,2021,2021-10-14,3801,2021-08-03,1531,2088,INGLE,2,5,7,3801,0,0,0,,0,3H12C,"ROANOKE ST","CHENERY ST",0.00,,Y,A,-,N,,,,,,,,,,Y,4,0,2,2,A,-,12,22450,,F,D,C,A,A,H,-,A,A,0,,,,,Y,,A,01,0,0,2,0,0,0,0,0,0,"- ","- ",,,"SAN FRANCISCO","SAN FRANCISCO",-122.43022918701172,37.735561370849609
9341094,2021,2021-10-08,3801,2021-08-31,1430,905,MISSI,2,5,7,3801,0,0,0,,0,3D13C,"VALENCIA ST","17TH ST",0.00,,Y,A,-,N,,,,,,,,,,N,2,0,1,2,A,-,06,21750,A,N,C,J,A,A,H,-,A,A,0,,,,,Y,,M,94,1,0,0,0,0,0,0,0,0,"- ","- ",,,"SAN FRANCISCO","SAN FRANCISCO",-122.42173767089844,37.763298034667969
9341095,2021,2021-10-09,3801,2021-08-10,0950,728,TARAV,2,5,7,3801,0,0,0,,0,3I13A,"47TH AV","LINCOLN WY",0.00,,Y,A,-,N,,,,,,,,,,Y,4,0,1,2,A,-,06,21750,,F,B,C,A,A,H,-,A,D,0,,,,,Y,,A,01,0,0,1,0,0,0,0,0,0,"- ","- ",,,"SAN FRANCISCO","SAN FRANCISCO",-122.50724792480469,37.764106750488281
9341096,2021,2021-10-09,3801,2021-08-10,1250,2408,RICHM,2,5,7,3801,0,0,0,,0,3G4D,"MARTIN LUTHER KING JR DR","TRANSVERSE DR",75.00,W,N,A,-,N,,,,,,,,,,N,4,0,1,2,A,-,00,21703,A,N,C,C,A,A,H,-,A,A,0,,,,,Y,,A,01,0,0,1,0,0,0,0,0,0,"- ","- ",,,"SAN FRANCISCO","SAN FRANCISCO",-122.478515625,37.765922546386719
9341097,2021,2021-10-08,3801,2021-08-11,1648,1160,SOURT,3,5,7,3801,0,0,0,,0,0B5,"TOWNSEND ST","5TH ST",160.00,E,N,A,-,N,,,,,,,,,,N,3,0,1,1,A,-,03,22350,,N,H,J,A,A,H,-,A,D,0,,Y,,,Y,,L,04,0,1,0,0,0,0,1,0,0,"- ","- ",,,"SAN FRANCISCO","SAN FRANCISCO",-122.39684295654297,37.775661468505859
9341098,2021,2021-10-09,3801,2021-08-11,1634,2433,INGLE,3,5,7,3801,0,0,0,,0,3H12D,"CHURCH ST","28TH ST",0.00,,Y,A,-,N,,,,,,,,,,N,4,0,2,2,A,-,09,21800,A,N,D,C,A,A,H,-,A,D,0,,,,,Y,,A,01,0,0,2,0,0,0,0,0,0,"- ","- ",,,"SAN FRANCISCO","SAN FRANCISCO",-122.42681884765625,37.745307922363281
9341099,2021,2021-10-09,3801,2021-08-10,1700,2113,SOUTH,2,5,7,3801,0,0,0,,0,3B14D,"S VAN NESS AV","MISSION ST",0.00,,Y,A,-,N,,,,,,,,,,N,4,0,1,2,A,-,10,21950,A,N,G,B,B,A,H,-,A,A,0,Y,,,,Y,,A,01,0,0,1,0,1,0,0,0,0,"- ","- ",,,"SAN FRANCISCO","SAN FRANCISCO",-122.41863250732422,37.773109436035156
9341100,2021,2021-10-09,3801,2021-08-10,0105,1451,NORTH,2,5,7,3801,0,0,0,,0,3E13E,"WEBSTER ST","PACIFIC AV",0.00,,Y,A,-,N,,,,,,,,,,N,3,0,1,2,A,-,12,22450,A,N,D,C,A,A,H,-,C,D,0,,,Y,,Y,,A,01,0,1,0,0,0,0,0,0,1,"- ","- ",,,"SAN FRANCISCO","SAN FRANCISCO",-122.43309020996094,37.793556213378906
9341101,2021,2021-10-08,3801,2021-08-08,1330,2094,SOUTH,7,5,7,3801,0,0,0,,0,3B12C,"WISCONSIN ST","16TH ST",100.00,S,N,A,-,N,,,,,,,,,,N,4,0,1,3,A,-,08,22108,,N,D,C,A,A,H,-,A,A,0,,,,,Y,,A,08,0,0,1,0,0,0,0,0,0,"- ","- ",,,"SAN FRANCISCO","SAN FRANCISCO",-122.39973449707031,37.765995025634766
9341102,2021,2021-10-08,3801,2021-08-18,2130,2390,CENTR,3,5,7,3801,0,0,0,,0,3A11E,"CLAY ST","LARKIN ST",0.00,,Y,A,-,N,,,,,,,,,,N,4,0,1,2,A,-,08,22101,D,N,B,C,A,A,H,-,C,-,0,,,,,Y,,A,01,0,0,1,0,0,0,0,0,0,"- ","- ",,,"SAN FRANCISCO","SAN FRANCISCO",-122.41941070556641,37.792591094970703
9341103,2021,2021-10-08,3801,2021-08-28,1630,1268,SOUTH,6,5,7,3801,0,0,0,,0,03B,"2ND ST","HARRISON ST",80.00,S,N,A,-,N,,,,,,,,,,N,4,0,2,2,A,-,04,21703,,N,C,C,A,A,H,-,A,A,0,,,,,Y,,A,01,0,0,2,0,0,0,0,0,0,"- ","- ",,,"SAN FRANCISCO","SAN FRANCISCO",-122.39498901367188,37.784172058105469
9341104,2021,2021-10-08,3801,2021-08-28,1327,2726,RICHM,6,5,7,3801,0,0,0,,0,,"BOWLING GREEN DR","NANCY PELOSI DR",100.00,S,N,A,-,N,,,,,,,,,,N,2,0,1,2,-,-,"- ",,,N,D,G,A,A,H,-,A,D,0,,Y,,,Y,,-,"- ",1,0,0,0,0,0,1,0,0,"- ","- ",,,"SAN FRANCISCO","SAN FRANCISCO",-122.4603271484375,37.770107269287109
9341105,2021,2021-10-08,3801,2021-08-28,1130,4095,TARAV,6,5,7,3801,0,0,0,,0,003,"37TH AV","JUDAH ST",0.00,,Y,A,-,N,,,,,,,,,,Y,3,0,3,2,A,-,09,21802,A,N,D,C,A,A,H,-,A,A,0,,,,,Y,,A,07,0,1,2,0,0,0,0,0,0,"- ","- ",,,"SAN FRANCISCO","SAN FRANCISCO",-122.49630737304688,37.760841369628906
9341106,2021,2021-10-08,3801,2021-08-28,1049,A22051,CENTR,6,5,7,3801,0,0,0,,0,3A3A,"BEACH ST","LARKIN ST",0.00,,Y,A,-,N,,,,,,,,,,N,4,0,1,2,A,-,12,22450,,F,B,G,A,A,H,-,A,A,0,,Y,,,Y,,A,01,0,0,1,0,0,0,1,0,0,"- ","- ",,,"SAN FRANCISCO","SAN FRANCISCO",-122.42217254638672,37.806442260742188
9341107,2021,2021-10-08,3801,2021-08-27,1605,335,TARAV,5,5,7,3801,0,0,0,,0,3I16D,"SAGAMORE ST","PLYMOUT AV",0.00,,Y,A,-,N,,,,,,,,,,Y,4,0,3,2,A,-,17,21461,A,N,D,C,A,A,H,-,A,A,0,,,,,Y,,A,01,0,0,3,0,0,0,0,0,0,"- ","- ",,,"SAN FRANCISCO","SAN FRANCISCO",-122.45606231689453,37.711421966552734
9341108,2021,2021-10-08,3801,2021-08-27,1620,2107,NORTH,5,5,7,3801,0,0,0,,0,3E12D,"TURK ST","SCOTT ST",0.00,,Y,A,-,N,,,,,,,,,,N,3,0,1,2,A,-,12,21453,A,N,D,G,A,A,H,-,A,A,0,,Y,,,Y,,L,04,0,1,0,0,0,0,1,0,0,"- ","- ",,,"SAN FRANCISCO","SAN FRANCISCO",-122.43706512451172,37.779857635498047
9341109,2021,2021-10-08,3801,2021-08-27,1457,887,,5,5,7,3801,0,0,0,,0,3E13D,"GOUGH ST","EDDY ST",0.00,,Y,A,-,N,,,,,,,,,,N,4,0,1,2,A,-,03,22350,,N,C,C,A,A,H,-,A,A,0,,,,,Y,,A,01,0,0,1,0,0,0,0,0,0,"- ","- ",,,"SAN FRANCISCO","SAN FRANCISCO",-122.42411804199219,37.782466888427734
9341110,2021,2021-10-20,3801,2021-08-27,1242,2247,NORTH,5,5,7,3801,0,0,0,,0,3E15A,"MARINA BL","BAKER ST",6.00,S,N,A,-,N,,,,,,,,,,N,3,0,2,2,A,-,12,22450,A,N,D,C,B,A,H,-,A,A,0,Y,Y,,,Y,,L,04,0,1,1,0,1,0,1,0,0,"- ","- ",,,"SAN FRANCISCO","SAN FRANCISCO",-122.44732666015625,37.80517578125
9341111,2021,2021-10-08,3801,2021-08-27,1043,2465,TRAVA,5,5,7,3801,0,0,0,,0,3I13A,"JUDAH ST","15TH AV",0.00,,Y,A,-,N,,,,,,,,,,N,4,0,1,2,A,-,12,22450,A,N,D,C,A,A,H,-,A,A,0,,,,,Y,,A,01,0,0,1,0,0,0,0,0,0,"- ","- ",,,"SAN FRANCISCO","SAN FRANCISCO",-122.47267150878906,37.761940002441406
9341112,2021,2021-10-08,3801,2021-08-27,0048,DIAZ1308,SOUTH,5,5,7,3801,0,0,0,,0,3B11E,HOWARD,"STEUART ST",0.00,,Y,A,-,N,,,,,,,,,,N,4,0,1,2,A,-,"- ",,,N,G,B,B,A,H,-,C,A,0,Y,,,,Y,,-,"- ",0,0,1,0,1,0,0,0,0,"- ","- ",,,"SAN FRANCISCO","SAN FRANCISCO",-122.39163970947266,37.792018890380859
9341113,2021,2021-10-08,3801,2021-08-28,0511,2163,NORTH,6,5,7,3801,0,0,0,,0,3E15E,"OCTAVIA ST","OAK ST",0.00,,Y,A,-,N,,,,,,,,,,N,4,0,1,2,A,-,08,22107,,N,D,C,A,A,H,-,C,A,0,,,Y,,Y,,A,01,0,0,1,0,0,0,0,0,0,"- ","- ",,,"SAN FRANCISCO","SAN FRANCISCO",-122.42430114746094,37.774799346923828
9341114,2021,2021-10-08,3801,2021-08-28,0216,899,NORTH,6,5,7,3801,0,0,0,,0,3E13E,"FRANKLIN ST","EDDY ST",0.00,,Y,A,-,N,,,,,,,,,,Y,3,0,4,3,A,-,"- ",,,N,C,C,A,A,H,-,C,A,0,,,,,Y,,A,01,0,2,2,0,0,0,0,0,0,"- ","- ",,,"SAN FRANCISCO","SAN FRANCISCO",-122.42243957519531,37.782665252685547
9341115,2021,2021-10-08,3801,2021-08-28,0015,386,MISSI,6,5,7,3801,0,0,0,,0,3D14D,"SOUTH VAN NESS AV","26TH ST",0.00,,Y,A,-,N,,,,,,,,,,N,3,0,1,2,A,-,11,21453,D,N,G,B,B,A,H,-,C,A,0,Y,,,,Y,,N,60,0,1,0,0,1,0,0,0,0,"- ","- ",,,"SAN FRANCISCO","SAN FRANCISCO",-122.41600036621094,37.749168395996094
9341116,2021,2021-10-08,3801,2021-08-27,2308,327,MISSI,5,5,7,3801,0,0,0,,0,3D41D,"MISSION ST","21ST ST",425.00,N,N,A,-,N,,,,,,,,,,Y,2,0,2,3,A,-,08,22107,,N,B,C,A,A,H,-,C,D,0,,,,,Y,,A,01,1,0,1,0,0,0,0,0,0,"- ","- ",,,"SAN FRANCISCO","SAN FRANCISCO",-122.41900634765625,37.758186340332031
9341117,2021,2021-10-08,3801,2021-08-26,1515,4798,NORTH,4,5,7,3801,0,0,0,,0,3E00D,"MARINA BL","MARINA GREEN DR",0.00,,Y,A,-,N,,,,,,,,,,N,4,0,1,2,-,-,"- ",,,N,-,G,A,A,H,-,A,A,0,,Y,,,Y,,-,"- ",0,0,1,0,0,0,1,0,0,"- ","- ",,,"SAN FRANCISCO","SAN FRANCISCO",-122.43605804443359,37.806427001953125
9341118,2021,2021-10-08,3801,2021-08-27,1801,1160,SOUTH,5,5,7,3801,0,0,0,,0,0B1,"THE EMBARCADERO SOUTH","TOWNSEND ST",0.00,,Y,A,-,N,,,,,,,,,,N,3,0,1,2,D,-,00,,,N,D,G,A,A,H,-,A,A,0,,Y,,,Y,,-,"- ",0,1,0,0,0,0,1,0,0,"- ","- ",,,"SAN FRANCISCO","SAN FRANCISCO",-122.38840484619141,37.781810760498047
9341119,2021,2021-10-08,3801,2021-08-27,1757,1696,NORTH,5,5,7,3801,0,0,0,,0,3E12D,"FILLMORE ST","GROVE ST",0.00,,Y,A,-,N,,,,,,,,,,Y,4,0,1,2,A,-,12,22450,A,N,D,C,A,A,H,-,A,A,0,,,,,Y,,A,01,0,0,1,0,0,0,0,0,0,"- ","- ",,,"SAN FRANCISCO","SAN FRANCISCO",-122.43136596679688,37.776760101318359
9341120,2021,2021-10-20,3801,2021-08-28,0216,A24555,PARK,6,5,7,3801,0,0,0,,0,2F14,"STANYAN ST","FULTON ST",0.00,,Y,A,-,N,,,,,,,,,,Y,4,0,1,2,A,-,08,22100,A,N,A,C,A,A,H,-,C,A,0,,,,,Y,,A,01,0,0,1,0,0,0,0,0,0,"- ","- ",,,"SAN FRANCISCO","SAN FRANCISCO",-122.45465850830078,37.774745941162109
9341269,2021,2021-10-14,3801,2021-08-30,1508,1601,BAYVI,1,5,7,3801,0,0,0,,0,0C3,"3RD ST","EVANS AV",0.00,,Y,A,-,N,,,,,,,,,,N,3,0,1,1,A,-,03,22350,,N,F,A,A,A,H,-,A,D,0,,,Y,,Y,,C,02,0,1,0,0,0,0,0,0,1,"- ","- ",,,"SAN FRANCISCO","SAN FRANCISCO",-122.38801574707031,37.742733001708984
9341452,2021,2021-10-20,3801,2021-07-27,1855,1435,TRAFF,2,5,7,3801,0,0,0,,0,4B4I,"JUNIPERO SERRA BL","MERCEDES WY",0.00,,Y,A,-,N,,,,,,,,,,Y,2,0,2,2,A,-,07,21658,A,N,B,C,A,A,H,-,A,A,0,,,Y,,Y,,C,03,1,1,0,0,0,0,0,0,1,"- ","- ",,,"SAN FRANCISCO","SAN FRANCISCO",-122.47199249267578,37.726848602294922
9341562,2021,2021-10-14,3801,2021-07-26,1240,796,NORTH,1,5,7,3801,0,0,0,,0,3E13A,"GOUGH ST","IVY ST",0.00,,Y,A,-,N,,,,,,,,,,N,4,0,1,2,A,-,09,21804,A,N,D,C,A,A,H,-,A,D,0,,,Y,,Y,,A,01,0,0,1,0,0,0,0,0,1,"- ","- ",,,"SAN FRANCISCO","SAN FRANCISCO",-122.42305755615234,37.777336120605469
9341563,2021,2021-10-22,3801,2021-07-30,1122,1572,SOUTH,5,5,7,3801,0,0,0,,0,3B1A,"3RD ST","3RD ST 320",0.00,,-,A,-,N,,,,,,,,,,N,4,0,1,2,A,-,07,21658,A,N,B,C,A,A,H,-,A,A,0,,,Y,,Y,,-,,0,0,1,0,0,0,0,0,1,"- ","- ",,,"SAN FRANCISCO","SAN FRANCISCO",-122.39085388183594,37.777347564697266
9341687,2021,2021-10-22,3801,2021-04-16,2030,2153,SOUTH,5,5,7,3801,0,0,0,,0,0B1,"FREMONT ST","RT 80",100.00,S,N,A,-,N,,,,,,,,,,N,4,0,1,3,A,-,00,21703,B,F,B,C,A,A,H,-,C,D,0,,,,,Y,,-,99,0,0,1,0,0,0,0,0,0,"- ",WF,,,"SAN FRANCISCO","SAN FRANCISCO",-122.39403533935547,37.788352966308594
9341726,2021,2021-10-19,3801,2021-05-17,1045,2473,TENDE,1,5,7,3801,0,0,0,,0,,"EDDY ST","EDDY ST 144",0.00,,-,A,-,N,,,,,,,,,,,4,0,1,2,A,-,11,21955,,N,A,B,D,A,H,-,A,A,0,Y,,,,Y,,N,60,0,0,1,0,1,0,0,0,0,"- ","- ",,,"SAN FRANCISCO","SAN FRANCISCO",,
9341906,2021,2021-10-21,3801,2021-08-31,2328,1863,MISSI,2,5,7,3801,0,0,0,,0,2D15E,"VALENCIA ST","24TH ST",0.00,,Y,A,-,N,,,,,,,,,,N,4,0,1,2,A,-,21,22106,,N,C,C,A,A,H,-,C,A,0,,,,,Y,,A,01,0,0,1,0,0,0,0,0,0,"- ","- ",,,"SAN FRANCISCO","SAN FRANCISCO",-122.420654296875,37.752109527587891
9341907,2021,2021-10-21,3801,2021-08-23,1824,556,SOUTH,1,5,7,3801,0,0,0,,0,3B11D,"2ND ST","CLEMINTINA ST",0.00,,Y,A,-,N,,,,,,,,,,N,4,0,1,2,A,-,03,22350,,N,D,G,A,A,H,-,A,A,0,,Y,,,Y,,L,04,0,0,1,0,0,0,1,0,0,"- ","- ",,,"SAN FRANCISCO","SAN FRANCISCO",-122.39724731445312,37.785995483398438
9341908,2021,2021-10-21,3801,2021-08-30,2500,552,SOUTH,1,5,7,3801,0,0,0,,0,3B6,"TREASURE ISLAND RD","MACALLA RD",1215.00,S,N,A,-,N,,,,,,,,,,Y,4,0,1,2,A,-,08,22107,,N,B,C,A,A,H,-,A,D,0,,,,,Y,Y,A,01,0,0,1,0,0,0,0,0,0,"- ","- ",,,"SAN FRANCISCO","SAN FRANCISCO",-122.37125396728516,37.810016632080078
9341909,2021,2021-10-21,3801,2021-08-12,1613,1148,MISSI,4,5,7,3801,0,0,0,,0,3D16D,"BRYANT ST","16TH ST",12.00,E,N,A,-,N,,,,,,,,,,N,4,0,1,2,A,-,09,21804,A,N,B,C,A,A,H,-,A,D,0,,,,,Y,,A,01,0,0,1,0,0,0,0,0,0,"- ","- ",,,"SAN FRANCISCO","SAN FRANCISCO",-122.41051483154297,37.765556335449219
9341910,2021,2021-10-21,3801,2021-08-13,1514,33,RICHM,5,5,7,3801,0,0,0,,0,003,"CLEMENT ST","10TH AV",0.00,,Y,B,-,N,,,,,,,,,,Y,4,0,2,3,A,-,10,21950,A,N,G,B,B,A,H,-,A,D,0,Y,,,,Y,,A,01,0,0,2,0,2,0,0,0,0,"- ","- ",,,"SAN FRANCISCO","SAN FRANCISCO",-122.46871185302734,37.782730102539062
9341982,2021,2021-10-21,3801,2021-09-23,0820,1288,NORTH,4,5,7,3801,0,0,0,,0,3E11A,"STEINER ST","OAK ST",0.00,,Y,A,-,N,,,,,,,,,,Y,4,0,1,2,-,-,"- ",,,N,C,D,A,-,-,-,A,-,0,,,Y,Y,Y,,-,"- ",0,0,1,0,0,0,0,0,1,"- ","- ",,,"SAN FRANCISCO","SAN FRANCISCO",-122.43245697021484,37.773746490478516