CASE_ID,ACCIDENT_YEAR,PROC_DATE,JURIS,COLLISION_DATE,COLLISION_TIME,OFFICER_ID,REPORTING_DISTRICT,DAY_OF_WEEK,CHP_SHIFT,POPULATION,CNTY_CITY_LOC,SPECIAL_COND,BEAT_TYPE,CHP_BEAT_TYPE,CITY_DIVISION_LAPD,CHP_BEAT_CLASS,BEAT_NUMBER,PRIMARY_RD,SECONDARY_RD,DISTANCE,DIRECTION,INTERSECTION,WEATHER_1,WEATHER_2,STATE_HWY_IND,CALTRANS_COUNTY,CALTRANS_DISTRICT,STATE_ROUTE,ROUTE_SUFFIX,POSTMILE_PREFIX,POSTMILE,LOCATION_TYPE,RAMP_INTERSECTION,SIDE_OF_HWY,TOW_AWAY,COLLISION_SEVERITY,NUMBER_KILLED,NUMBER_INJURED,PARTY_COUNT,PRIMARY_COLL_FACTOR,PCF_CODE_OF_VIOL,PCF_VIOL_CATEGORY,PCF_VIOLATION,PCF_VIOL_SUBSECTION,HIT_AND_RUN,TYPE_OF_COLLISION,MVIW,PED_ACTION,ROAD_SURFACE,ROAD_COND_1,ROAD_COND_2,LIGHTING,CONTROL_DEVICE,CHP_ROAD_TYPE,PEDESTRIAN_ACCIDENT,BICYCLE_ACCIDENT,MOTORCYCLE_ACCIDENT,TRUCK_ACCIDENT,NOT_PRIVATE_PROPERTY,ALCOHOL_INVOLVED,STWD_VEHTYPE_AT_FAULT,CHP_VEHTYPE_AT_FAULT,COUNT_SEVERE_INJ,COUNT_VISIBLE_INJ,COUNT_COMPLAINT_PAIN,COUNT_PED_KILLED,COUNT_PED_INJURED,COUNT_BICYCLIST_KILLED,COUNT_BICYCLIST_INJURED,COUNT_MC_KILLED,COUNT_MC_INJURED,PRIMARY_RAMP,SECONDARY_RAMP,LATITUDE,LONGITUDE,COUNTY,CITY,POINT_X,POINT_Y
9341983,2021,2021-10-21,3801,2021-09-23,0914,891,PARK,4,5,7,3801,0,0,0,,0,3F4A,"CHURCH ST","DUBOCE AV",0.00,,Y,A,-,N,,,,,,,,,,N,3,0,1,2,B,-,22,,,F,D,G,A,A,H,-,A,A,0,,Y,,,Y,,-,,0,1,0,0,0,0,1,0,0,"- ","- ",,,"SAN FRANCISCO","SAN FRANCISCO",-122.42912292480469,37.769462585449219
9341984,2021,2021-10-21,3801,2021-09-26,0304,2163,NORTH,7,5,7,3801,0,0,0,,0,3E14E,"DIVISADERO ST","OAK ST",0.00,,Y,A,-,N,,,,,,,,,,Y,4,0,1,2,A,-,12,21453,A,F,D,C,A,A,H,-,C,A,0,,,,,Y,Y,A,01,0,0,1,0,0,0,0,0,0,"- ","- ",,,"SAN FRANCISCO","SAN FRANCISCO",-122.43743133544922,37.773143768310547
9341985,2021,2021-10-21,3801,2021-09-25,2303,2499,BAYVI,6,5,7,3801,0,0,0,,0,3C12E,"NEWHALL ST","OAKDALE AV",0.00,,Y,A,-,N,,,,,,,,,,N,3,0,1,2,A,-,00,21400,,F,D,C,A,A,H,-,C,D,0,,,,,Y,,A,01,0,1,0,0,0,0,0,0,0,"- ","- ",,,"SAN FRANCISCO","SAN FRANCISCO",-122.39218139648438,37.735668182373047
9341986,2021,2021-10-21,3801,2021-09-22,1817,2183,TENDE,3,5,7,3801,0,0,0,,0,3J42D,"STOCKTON ST","MARKET ST",14.00,N,N,B,-,N,,,,,,,,,,N,4,0,1,2,A,-,10,21950,A,N,G,B,E,A,H,-,B,A,0,Y,,,,Y,,A,01,0,0,1,0,1,0,0,0,0,"- ","- ",,,"SAN FRANCISCO","SAN FRANCISCO",-122.40589141845703,37.785701751708984
9341987,2021,2021-10-21,3801,2021-09-22,1739,582,CENTR,3,5,7,3801,0,0,0,,0,003,"BEACH ST","HYDE ST",0.00,,Y,A,-,N,,,,,,,,,,N,2,0,1,1,A,-,03,22350,,N,F,A,A,A,H,-,A,D,0,,,Y,,Y,,C,02,1,0,0,0,0,0,0,0,1,"- ","- ",,,"SAN FRANCISCO","SAN FRANCISCO",-122.42055511474609,37.806659698486328
9341988,2021,2021-10-21,3801,2021-09-22,1130,207,CENTR,3,5,7,3801,0,0,0,,0,3A46,"OFARRELL ST","POWELL ST",53.00,W,N,A,-,N,,,,,,,,,,N,4,0,1,2,A,-,03,22350,,N,C,C,A,A,H,-,A,A,0,,,,,Y,,A,01,0,0,1,0,0,0,0,0,0,"- ","- ",,,"SAN FRANCISCO","SAN FRANCISCO",-122.40821075439453,37.786415100097656
9341989,2021,2021-10-21,3801,2021-09-22,1511,2161,MISSI,3,5,7,3801,0,0,0,,0,3D45C,"VALENCIA ST","18TH ST",36.00,S,N,A,-,N,,,,,,,,,,N,3,0,1,2,A,-,06,21750,A,N,B,G,A,A,H,-,A,A,0,,Y,,,Y,,A,01,0,1,0,0,0,0,1,0,0,"- ","- ",,,"SAN FRANCISCO","SAN FRANCISCO",-122.42154693603516,37.761611938476562
9341990,2021,2021-10-21,3801,2021-09-17,1028,1538,TENDE,5,5,7,3801,0,0,0,,0,901,"HYDE ST","GOLDEN GATE AV",0.00,,Y,A,-,N,,,,,,,,,,N,4,0,1,2,A,-,11,21453,D,N,G,B,B,A,H,-,A,A,0,Y,,,,Y,,N,60,0,0,1,0,1,0,0,0,0,"- ","- ",,,"SAN FRANCISCO","SAN FRANCISCO",-122.41549682617188,37.781650543212891
9341991,2021,2021-10-22,3801,2021-09-16,2045,2731,RICHA,4,5,7,3801,0,0,0,,0,0G3,"GEARY BL","6TH AV",15.00,W,N,A,-,N,,,,,,,,,,,3,0,2,2,D,-,00,,,N,C,C,A,A,H,-,C,A,0,,,,,Y,,-,"- ",0,1,1,0,0,0,0,0,0,"- ","- ",,,"SAN FRANCISCO","SAN FRANCISCO",-122.46434020996094,37.781085968017578
9341992,2021,2021-10-22,3801,2021-09-16,1841,143,CENTR,4,5,7,3801,0,0,0,,0,03A,"WASHINGTON ST","COLUMBUS AV",35.00,W,N,A,-,N,,,,,,,,,,N,3,0,1,2,A,-,17,21657,,N,B,J,A,A,H,-,A,A,0,,,,,Y,,-,,0,1,0,0,0,0,0,0,0,"- ","- ",,,"SAN FRANCISCO","SAN FRANCISCO",-122.40341949462891,37.795516967773438
9341993,2021,2021-10-22,3801,2021-09-15,2149,1853,RICHM,3,5,7,3801,0,0,0,,0,901,"FULTON ST","CROSSOVER DR",0.00,,Y,A,-,N,,,,,,,,,,Y,2,0,1,2,A,-,12,21453,A,N,D,C,A,A,H,-,C,A,0,,,Y,,Y,,C,02,1,0,0,0,0,0,0,0,1,"- ","- ",,,"SAN FRANCISCO","SAN FRANCISCO",-122.48418426513672,37.772567749023438
9341994,2021,2021-10-22,3801,2021-09-15,1547,1148,MISSI,3,5,7,3801,0,0,0,,0,3D16D,"14TH ST","SOUTH VAN NESS",0.00,,Y,A,-,N,,,,,,,,,,N,3,0,1,2,A,-,08,22107,,N,D,G,A,A,H,-,A,A,0,,Y,,,Y,,A,01,0,1,0,0,0,0,1,0,0,"- ","- ",,,"SAN FRANCISCO","SAN FRANCISCO",-122.41780090332031,37.768417358398438
9341995,2021,2021-10-22,3801,2021-09-15,1440,310,SOUTH,3,5,7,3801,0,0,0,,0,3B12C,"4TH ST","TOWNSEND ST",50.00,S,N,A,-,N,,,,,,,,,,N,4,0,2,2,A,-,03,22350,,N,C,C,A,A,H,-,A,D,0,,,,,Y,,A,01,0,0,2,0,0,0,0,0,0,"- ","- ",,,"SAN FRANCISCO","SAN FRANCISCO",-122.39486694335938,37.777011871337891
9341997,2021,2021-10-22,3801,2021-09-21,2324,2459,MISSI,2,5,7,3801,0,0,0,,0,3D15E,"17TH ST","POTRERO AV",23.00,E,N,A,-,N,,,,,,,,,,Y,4,0,2,2,A,-,04,21703,,F,C,-,A,A,H,-,C,A,0,,,,,Y,Y,A,01,0,0,2,0,0,0,0,0,0,"- ","- ",,,"SAN FRANCISCO","SAN FRANCISCO",-122.4073486328125,37.764492034912109
9341998,2021,2021-10-22,3801,2021-09-21,1712,844,CENTR,2,5,7,3801,0,0,0,,0,3A78,"STOCKTON ST","SUTTER ST",167.00,N,N,A,-,N,,,,,,,,,,N,3,0,2,2,A,-,11,21955,,N,H,-,D,A,H,-,A,D,0,Y,Y,,,Y,,N,60,0,2,0,0,1,0,1,0,0,"- ","- ",,,"SAN FRANCISCO","SAN FRANCISCO",-122.40703582763672,37.789871215820312
9341999,2021,2021-10-22,3801,2021-09-18,1843,2228,CENTR,6,5,7,3801,0,0,0,,0,3A11D,"CALIFORNIA ST","HYDE ST",0.00,,Y,A,-,N,,,,,,,,,,N,3,0,1,2,A,-,17,22517,,N,B,D,A,A,H,-,A,A,0,,,Y,,Y,,A,01,0,1,0,0,0,0,0,0,1,"- ","- ",,,"SAN FRANCISCO","SAN FRANCISCO",-122.41740417480469,37.790992736816406
9342000,2021,2021-10-22,3801,2021-09-18,0028,766,CENTR,6,5,7,3801,0,0,0,,0,3A15E,"CALIFORNIA ST","DRUMM ST",150.00,,N,A,-,N,,,,,,,,,,N,4,0,1,2,A,-,07,21658,A,F,B,B,A,A,H,-,C,A,0,,,,,Y,,-,,0,0,1,0,0,0,0,0,0,"- ","- ",,,"SAN FRANCISCO","SAN FRANCISCO",-122.39640808105469,37.793663024902344
9342061,2021,2021-10-22,3801,2021-09-02,1410,312,TARAV,4,5,7,3801,0,0,0,,0,,"21ST AV","TARAVAL ST",0.00,,Y,A,-,N,,,,,,,,,,N,4,0,1,2,A,-,10,21950,A,N,G,B,B,A,H,-,A,D,0,Y,,,,Y,,A,07,0,0,1,0,1,0,0,0,0,"- ","- ",,,"SAN FRANCISCO","SAN FRANCISCO",-122.47782897949219,37.742950439453125
9342062,2021,2021-10-22,3801,2021-09-01,0734,4313,RICHM,3,5,7,3801,0,0,0,,0,003,"FULTON ST","6TH AV",100.00,E,N,A,-,N,,,,,,,,,,Y,4,0,1,3,A,-,03,22350,,N,C,C,A,A,H,-,A,D,0,,,,,Y,,A,01,0,0,1,0,0,0,0,0,0,"- ","- ",,,"SAN FRANCISCO","SAN FRANCISCO",-122.46341705322266,37.773654937744141
9342063,2021,2021-10-22,3801,2021-09-08,2135,875,CENTR,3,5,7,3801,0,0,0,,0,3A11E,"CALIFORNIA ST","LARKIN ST",0.00,,Y,A,-,N,,,,,,,,,,Y,4,0,2,2,A,-,12,21453,A,N,D,C,A,A,H,-,C,A,0,,,,,Y,,A,01,0,0,2,0,0,0,0,0,0,"- ","- ",,,"SAN FRANCISCO","SAN FRANCISCO",-122.41903686523438,37.790794372558594
9342064,2021,2021-10-22,3801,2021-09-07,1618,215,BAYVI,2,5,7,3801,0,0,0,,0,3C13D,"3RD ST","EVANS AV",0.00,,Y,A,-,N,,,,,,,,,,Y,4,0,1,2,A,-,12,21453,A,N,D,C,A,A,H,-,A,A,0,,,,,Y,,A,07,0,0,1,0,0,0,0,0,0,"- ","- ",,,"SAN FRANCISCO","SAN FRANCISCO",-122.38801574707031,37.742733001708984
9342065,2021,2021-11-08,3801,2021-09-04,0730,455,SOUTH,6,5,7,3801,0,0,0,,0,03B,"HARRISON ST","9TH ST",0.00,,Y,A,-,N,,,,,,,,,,Y,4,0,1,2,B,-,22,,,N,D,C,A,A,-,-,A,A,0,,,,,Y,,A,01,0,0,1,0,0,0,0,0,0,"- ","- ",,,"SAN FRANCISCO","SAN FRANCISCO",-122.41004943847656,37.772533416748047
9342067,2021,2021-10-22,3801,2021-09-17,1710,383,TARAV,5,5,7,3801,0,0,0,,0,3I16D,"39TH AV","MORAGA ST",0.00,,Y,A,-,N,,,,,,,,,,Y,4,0,2,2,A,-,09,21802,B,N,D,C,A,A,H,-,A,D,0,,,,,Y,,A,01,0,0,2,0,0,0,0,0,0,"- ","- ",,,"SAN FRANCISCO","SAN FRANCISCO",-122.49801635742188,37.755161285400391
9342068,2021,2021-10-22,3801,2021-09-17,1644,2091,NORTH,5,5,7,3801,0,0,0,,0,3E15D,"LOMBARD ST","LAGUNA ST",0.00,,Y,A,-,N,,,,,,,,,,Y,4,0,1,2,A,-,12,21453,A,N,D,C,A,A,H,-,A,A,0,,,,,Y,,A,01,0,0,1,0,0,0,0,0,0,"- ","- ",,,"SAN FRANCISCO","SAN FRANCISCO",-122.43110656738281,37.80047607421875
9342069,2021,2021-10-22,3801,2021-09-17,1432,2448,NORTH,5,5,7,3801,0,0,0,,0,3E91,"DIVISADERO ST","FULTON ST",0.00,,Y,A,-,N,,,,,,,,,,N,3,0,1,2,A,-,10,21950,A,F,G,B,B,A,H,-,A,A,0,Y,,,,Y,Y,A,01,0,1,0,0,1,0,0,0,0,"- ","- ",,,"SAN FRANCISCO","SAN FRANCISCO",-122.43816375732422,37.776859283447266
9342070,2021,2021-10-22,3801,2021-09-17,1403,2036,NORTH,5,5,7,3801,0,0,0,,0,"3 CAR","POLK ST","TURK ST",0.00,,Y,A,-,N,,,,,,,,,,N,4,0,1,2,A,-,10,21950,,F,G,B,B,A,H,-,A,A,0,Y,,,,Y,,A,01,0,0,1,0,1,0,0,0,0,"- ","- ",,,"SAN FRANCISCO","SAN FRANCISCO",-122.41899871826172,37.782169342041016
9342071,2021,2021-10-22,3801,2021-09-16,1703,2745,MISSI,4,5,7,3801,0,0,0,,0,3D16D,"24TH ST","BRYANT ST",112.00,E,N,A,-,N,,,,,,,,,,Y,4,0,1,4,A,-,03,22350,,N,B,E,A,A,H,-,A,D,0,,,,,Y,,A,01,0,0,1,0,0,0,0,0,0,"- ","- ",,,"SAN FRANCISCO","SAN FRANCISCO",-122.40874481201172,37.752841949462891
9342072,2021,2021-10-22,3801,2021-09-16,1546,1244,TARAV,4,5,7,3801,0,0,0,,0,3801,"JUNIPERO SERRA BL","19TH AV",20.00,S,N,A,-,N,,,,,,,,,,N,4,0,1,2,A,-,11,21955,,N,G,B,D,A,H,-,A,A,0,Y,,Y,,Y,,N,60,0,0,1,0,1,0,0,0,0,"- ","- ",,,"SAN FRANCISCO","SAN FRANCISCO",-122.47269439697266,37.717128753662109
9342073,2021,2021-10-22,3801,2021-09-13,2218,556,SOUTH,1,5,7,3801,0,0,0,,0,004,"OTIS ST","DUBOCE AV",33.00,N,N,A,-,N,,,,,,,,,,Y,4,0,1,3,A,-,05,21651,B,F,B,C,A,A,H,-,-,A,0,,,,,Y,,A,07,0,0,1,0,0,0,0,0,0,"- ","- ",,,"SAN FRANCISCO","SAN FRANCISCO",-122.42019653320312,37.770221710205078
9342074,2021,2021-10-22,3801,2021-09-13,0813,1217,MISSI,1,5,7,3801,0,0,0,,0,"4 CAR","SOUTH VAN NESS AV","26TH ST",0.00,,Y,A,-,N,,,,,,,,,,,4,0,1,2,A,-,11,21456,C,N,G,B,B,A,H,-,A,A,0,Y,,,,Y,,N,60,0,0,1,0,1,0,0,0,0,"- ","- ",,,"SAN FRANCISCO","SAN FRANCISCO",-122.41600036621094,37.749168395996094
9342075,2021,2021-10-22,3801,2021-09-20,0938,111,BAYVI,1,5,7,3801,0,0,0,,0,0C3,"3RD ST","OAKDALE AV",0.00,,Y,A,-,N,,,,,,,,,,N,4,0,1,2,A,-,11,21456,,N,G,B,B,A,H,-,A,A,0,Y,,,,Y,,N,60,0,0,1,0,1,0,0,0,0,"- ","- ",,,"SAN FRANCISCO","SAN FRANCISCO",-122.39076995849609,37.734832763671875
9342076,2021,2021-10-22,3801,2021-09-19,2001,540,TARAV,7,5,7,3801,0,0,0,,0,0I3,"41ST AV","NORIEGA ST",59.00,S,N,A,-,N,,,,,,,,,,N,4,0,1,2,D,-,00,,,F,A,G,A,A,B,C,C,A,0,,Y,,,Y,Y,-,"- ",0,0,1,0,0,0,1,0,0,"- ","- ",,,"SAN FRANCISCO","SAN FRANCISCO",-122.50001525878906,37.753036499023438
9342077,2021,2021-10-22,3801,2021-09-18,1925,2741,RICHM,6,5,7,3801,0,0,0,,0,,"GEARY BL","11TH AV",0.00,,Y,A,E,N,,,,,,,,,,Y,4,0,2,2,A,-,12,21453,A,N,D,C,A,A,H,-,B,A,0,,,,,Y,,A,01,0,0,2,0,0,0,0,0,0,"- ","- ",,,"SAN FRANCISCO","SAN FRANCISCO",-122.46965789794922,37.780830383300781
9342078,2021,2021-10-22,3801,2021-09-20,1552,2215,NORTH,1,5,7,3801,0,0,0,,0,3E13D,"VAN NESS ST","VAN NESS ST 515",0.00,,-,A,-,Y,,,,,,,,,,N,4,0,1,2,A,-,03,22350,,F,C,C,A,A,H,-,A,A,0,,,,,Y,,A,01,0,0,1,0,0,0,0,0,0,"- ","- ",,,"SAN FRANCISCO","SAN FRANCISCO",-122.42446899414062,37.80133056640625
9342213,2021,2021-10-26,3801,2021-09-12,0715,681,SOUTH,7,5,7,3801,0,0,0,,0,3B13A,"FOLSOM ST","MAIN ST",34.00,E,N,A,-,N,,,,,,,,,,N,4,0,2,2,A,-,03,22350,,N,C,C,A,A,H,-,A,A,0,,,,,Y,,A,01,0,0,2,0,0,0,0,0,0,"- ","- ",,,"SAN FRANCISCO","SAN FRANCISCO",-122.39177703857422,37.789466857910156
9342217,2021,2021-10-26,3801,2021-09-18,0209,1406,CENTR,6,5,7,3801,0,0,0,,0,3A1,"GEARY ST","LARKIN ST",25.00,E,N,A,-,N,,,,,,,,,,Y,4,0,1,3,A,-,01,23152,A,F,C,C,A,A,H,-,C,A,0,,,,,Y,Y,A,07,0,0,1,0,0,0,0,0,0,"- ","- ",,,"SAN FRANCISCO","SAN FRANCISCO",-122.41802215576172,37.786121368408203
9342411,2021,2021-10-13,3801,2021-08-15,1350,4040,,7,5,7,3801,0,0,0,,0,3A13C,"HYDE ST","LOMBARD ST",40.00,S,N,A,-,N,,,,,,,,,,N,3,0,1,2,A,-,08,22107,,N,H,E,A,A,H,-,A,D,0,,,Y,,Y,,C,03,0,1,0,0,0,0,0,0,1,"- ","- ",,,"SAN FRANCISCO","SAN FRANCISCO",-122.41959381103516,37.801891326904297
9342470,2021,2021-10-08,3801,2021-08-29,1223,1109,,7,5,7,3801,0,0,0,,0,3H12C,"SAN JOSE AV","REFERENCE POINT",75.00,E,N,A,-,N,,,,,,,,,,Y,4,0,2,2,A,-,03,22350,,N,C,C,A,A,H,-,A,D,0,,,,,Y,,J,41,0,0,2,0,0,0,0,0,0,"- ","- ",,,"SAN FRANCISCO","SAN FRANCISCO",,
9342503,2021,2021-10-19,3801,2021-09-13,1910,426,,1,5,7,3801,0,0,0,,0,3E13D,"POLK ST","GEARY ST",0.00,,Y,A,-,N,,,,,,,,,,Y,4,0,1,2,A,-,09,21806,,N,D,C,A,A,H,-,C,A,0,,,,,Y,,A,01,0,0,1,0,0,0,0,0,0,"- ","- ",,,"SAN FRANCISCO","SAN FRANCISCO",-122.41973876953125,37.785896301269531
9342511,2021,2021-10-20,3801,2021-09-01,0053,390,,3,5,7,3801,0,0,0,,0,005,"THE EMBRCADERO","WASHINGTON ST",41.00,N,N,B,-,N,,,,,,,,,,Y,4,0,2,2,A,-,08,22107,,N,B,C,A,A,H,-,C,A,0,,,,,Y,Y,A,01,0,0,2,0,0,0,0,0,0,"- ","- ",,,"SAN FRANCISCO","SAN FRANCISCO",-122.39563751220703,37.796733856201172
9342515,2021,2021-10-20,3801,2021-09-26,0210,1350,,7,5,7,3801,0,0,0,,0,,"3RD ST","OAKDALE AVE",0.00,,Y,A,-,N,,,,,,,,,,Y,4,0,3,2,A,-,03,22350,,N,D,C,A,A,H,-,C,A,0,,,,,Y,,-,"- ",0,0,3,0,0,0,0,0,0,"- ","- ",,,"SAN FRANCISCO","SAN FRANCISCO",-122.39076995849609,37.734832763671875
9342631,2021,2021-10-27,3801,2021-09-30,1708,4103,SOUTH,4,5,7,3801,0,0,0,,0,3B11D,"5TH ST","BLUXOME ST",0.00,,-,A,-,N,,,,,,,,,,N,4,0,1,2,A,-,09,21806,A,N,D,C,A,A,H,-,A,D,0,,,,,Y,,A,01,0,0,1,0,0,0,0,0,0,"- ","- ",,,"SAN FRANCISCO","SAN FRANCISCO",-122.39800262451172,37.775962829589844
9342633,2021,2021-10-27,3801,2021-09-29,0925,1892,,3,5,7,3801,0,0,0,,0,3H11A,"PORTOLA AVE","CLIFFORD ST",0.00,,Y,A,-,N,,,,,,,,,,Y,4,0,1,3,A,-,09,21801,,N,D,C,A,A,H,-,A,A,0,,,,,Y,,J,48,0,0,1,0,0,0,0,0,0,"- ","- ",,,"SAN FRANCISCO","SAN FRANCISCO",,
9342637,2021,2021-10-27,3801,2021-09-28,1623,104,,2,5,7,3801,0,0,0,,0,4B4A,"SERGEANT JOHN V YOUNG ST","REFERENCE POINT",6.00,E,N,A,-,N,,,,,,,,,,N,3,0,1,2,A,-,11,21950,B,N,G,B,B,A,H,-,A,D,0,Y,,,,Y,,N,60,0,1,0,0,1,0,0,0,0,"- ","- ",,,"SAN FRANCISCO","SAN FRANCISCO",,
9342638,2021,2021-10-28,3801,2021-09-05,0806,1500,"SAN F",7,5,7,3801,0,0,0,,0,CENTRA,POWELL,BROADWAY,57.00,S,N,A,-,N,,,,,,,,,,N,4,0,1,2,A,-,21,22106,,N,C,C,A,A,H,-,A,D,0,,,,,Y,,J,43,0,0,1,0,0,0,0,0,0,"- ","- ",,,"SAN FRANCISCO","SAN FRANCISCO",-122.41021728515625,37.797256469726562
9342895,2021,2021-11-22,3801,2021-08-01,1729,1830,NORTH,7,5,7,3801,0,0,0,,0,3E16D,"GREEN ST","GOUGH ST",0.00,,Y,A,-,N,,,,,,,,,,N,4,0,1,2,D,-,00,,,N,D,C,A,A,H,-,A,D,0,,,,,Y,,-,"- ",0,0,1,0,0,0,0,0,0,"- ","- ",,,"SAN FRANCISCO","SAN FRANCISCO",-122.42707824707031,37.797199249267578
9342904,2021,2021-10-12,3801,2021-08-04,0926,4035,TENDE,3,5,7,3801,0,0,0,,0,3J14A,"LEAVENWORTH ST","EDDY ST",0.00,,Y,A,-,N,,,,,,,,,,N,3,0,1,2,A,-,12,21453,A,N,D,B,B,A,H,-,A,A,0,Y,,,,Y,,-,,0,1,0,0,1,0,0,0,0,"- ","- ",,,"SAN FRANCISCO","SAN FRANCISCO",-122.41423797607422,37.783729553222656
9343021,2021,2021-10-14,3801,2021-08-31,2207,1442,NORTH,2,5,7,3801,0,0,0,,0,3E13E,"POLK ST","GOLDEN GATE AV",0.00,,Y,A,-,N,,,,,,,,,,N,3,0,1,3,A,-,12,21453,A,M,D,G,A,A,H,-,C,A,0,,Y,,,Y,,A,01,0,1,0,0,0,0,1,0,0,"- ","- ",,,"SAN FRANCISCO","SAN FRANCISCO",-122.41880035400391,37.781227111816406
9343022,2021,2021-10-14,3801,2021-08-31,1832,4023,MISSI,2,5,7,3801,0,0,0,,0,0D4,"S VAN NESS AV","CESAR CHAVEZ ST",150.00,N,N,A,-,N,,,,,,,,,,N,4,0,1,2,A,-,17,21663,,F,G,B,F,A,H,-,A,D,0,Y,,,,Y,Y,A,01,0,0,1,0,1,0,0,0,0,"- ","- ",,,"SAN FRANCISCO","SAN FRANCISCO",-122.41596221923828,37.748672485351562
9343023,2021,2021-10-14,3801,2021-08-31,1632,1613,MISSI,2,5,7,3801,0,0,0,,0,,"FOLSOM ST","15TH ST",144.00,S,N,A,-,N,,,,,,,,,,N,4,0,2,3,A,-,03,22350,A,F,C,C,A,A,H,-,A,D,0,,,,,Y,,A,01,0,0,2,0,0,0,0,0,0,"- ","- ",,,"SAN FRANCISCO","SAN FRANCISCO",-122.41542053222656,37.766536712646484
9343024,2021,2021-10-14,3801,2021-08-31,1602,706,TARAV,2,5,7,3801,0,0,0,,0,3I13D,"37TH AV","IRVING ST",0.00,,Y,A,-,N,,,,,,,,,,N,3,0,1,2,A,-,12,22450,A,N,D,C,A,A,H,-,A,D,0,,,,,Y,,-,,0,1,0,0,0,0,0,0,0,"- ","- ",,,"SAN FRANCISCO","SAN FRANCISCO",-122.49643707275391,37.762729644775391
9343025,2021,2021-10-14,3801,2021-08-31,1600,262,TRAFF,2,5,7,3801,0,0,0,,0,4B4G,"SILVER AV","GIRARD ST",10.00,W,N,A,-,N,,,,,,,,,,N,3,0,1,2,A,-,10,21950,A,N,G,B,B,A,H,-,A,D,0,Y,,,,Y,,A,01,0,1,0,0,1,0,0,0,0,"- ","- ",,,"SAN FRANCISCO","SAN FRANCISCO",-122.40663146972656,37.732131958007812
9343026,2021,2021-10-14,3801,2021-08-30,1806,2704,SOUTH,1,5,7,3801,0,0,0,,0,3B4,"10TH ST","BRYANT ST",0.00,,Y,A,-,N,,,,,,,,,,N,3,0,1,2,D,-,00,,,N,C,C,A,A,H,-,A,A,0,,,Y,,Y,,-,"- ",0,1,0,0,0,0,0,0,1,"- ","- ",,,"SAN FRANCISCO","SAN FRANCISCO",-122.40973663330078,37.770336151123047
9343027,2021,2021-10-14,3801,2021-08-31,1107,1679,CENTR,2,5,7,3801,0,0,0,,0,3A13C,"THE EMBARCADERO","WASHINGTON ST",349.00,S,N,A,-,N,,,,,,,,,,Y,4,0,1,3,A,-,04,21703,,N,C,C,A,A,H,-,A,A,0,,,,,Y,,A,01,0,0,1,0,0,0,0,0,0,"- ","- ",,,"SAN FRANCISCO","SAN FRANCISCO",-122.39488220214844,37.795845031738281
9343028,2021,2021-10-14,3801,2021-08-04,1307,1530,BAYVI,3,5,7,3801,0,0,0,,0,3C67,"BAY SHORE BL","SILVER AV",404.00,S,N,A,-,N,,,,,,,,,,Y,3,0,1,2,A,-,12,21453,A,N,D,C,A,A,H,-,A,A,0,,,,,Y,,A,01,0,1,0,0,0,0,0,0,0,"- ","- ",,,"SAN FRANCISCO","SAN FRANCISCO",-122.40411376953125,37.73193359375
9343029,2021,2021-10-14,3801,2021-08-01,1745,4022,MISSI,7,5,7,3801,0,0,0,,0,3D14D,"MISSION ST","25TH ST",25.00,S,N,A,-,N,,,,,,,,,,N,3,0,1,2,A,-,17,22517,,F,D,G,A,A,H,-,A,A,0,,Y,,,Y,,A,07,0,1,0,0,0,0,1,0,0,"- ","- ",,,"SAN FRANCISCO","SAN FRANCISCO",-122.41829681396484,37.750591278076172
9343030,2021,2021-10-14,3801,2021-08-01,1841,2737,BAYVI,7,5,7,3801,0,0,0,,0,3C91F,"THORNTON AV","3RD ST",0.00,,Y,A,-,N,,,,,,,,,,Y,4,0,2,3,A,-,03,22350,A,F,A,C,A,A,H,-,A,A,0,,,,,Y,,A,01,0,0,2,0,0,0,0,0,0,"- ","- ",,,"SAN FRANCISCO","SAN FRANCISCO",-122.39225006103516,37.730628967285156
9343031,2021,2021-10-14,3801,2021-08-01,1915,1148,MISSI,7,5,7,3801,0,0,0,,0,3D16D,"16TH ST","S VAN NESS AV",118.00,E,N,A,-,N,,,,,,,,,,Y,4,0,1,2,A,-,12,21453,A,F,D,C,A,A,H,-,A,D,0,,,,,Y,,-,"- ",0,0,1,0,0,0,0,0,0,"- ","- ",,,"SAN FRANCISCO","SAN FRANCISCO",-122.41708374023438,37.765201568603516
9343032,2021,2021-10-14,3801,2021-08-01,1934,4277,BAYVI,7,5,7,3801,0,0,0,,0,3C4D,"SAN BRUNO AV","SILVER AV",0.00,,Y,A,-,N,,,,,,,,,,N,4,0,1,2,A,-,10,21950,A,N,G,B,B,A,H,-,B,A,0,Y,,,,Y,,A,01,0,0,1,0,1,0,0,0,0,"- ","- ",,,"SAN FRANCISCO","SAN FRANCISCO",-122.40561676025391,37.732444763183594
9343033,2021,2021-10-20,3801,2021-08-01,2355,1042,TENDE,7,5,7,3801,0,0,0,,0,3J14E,"LEAVENWORTH ST","LEAVENWORTH ST 246",0.00,,-,A,-,N,,,,,,,,,,N,3,0,1,2,A,-,05,21651,B,N,A,J,A,A,H,-,C,A,0,,,,,Y,Y,-,,0,1,0,0,0,0,0,0,0,"- ","- ",,,"SAN FRANCISCO","SAN FRANCISCO",,
9343034,2021,2021-10-14,3801,2021-08-02,0753,1276,SOUTH,1,5,7,3801,0,0,0,,0,3B12A,"NATOMA ST","6TH ST",0.00,,Y,A,-,N,,,,,,,,,,,4,0,1,2,A,-,17,21657,,F,D,J,A,A,H,-,A,A,0,,,,,Y,,A,07,0,0,1,0,0,0,0,0,0,"- ","- ",,,"SAN FRANCISCO","SAN FRANCISCO",-122.40766906738281,37.780181884765625