CASE_ID,ACCIDENT_YEAR,PROC_DATE,JURIS,COLLISION_DATE,COLLISION_TIME,OFFICER_ID,REPORTING_DISTRICT,DAY_OF_WEEK,CHP_SHIFT,POPULATION,CNTY_CITY_LOC,SPECIAL_COND,BEAT_TYPE,CHP_BEAT_TYPE,CITY_DIVISION_LAPD,CHP_BEAT_CLASS,BEAT_NUMBER,PRIMARY_RD,SECONDARY_RD,DISTANCE,DIRECTION,INTERSECTION,WEATHER_1,WEATHER_2,STATE_HWY_IND,CALTRANS_COUNTY,CALTRANS_DISTRICT,STATE_ROUTE,ROUTE_SUFFIX,POSTMILE_PREFIX,POSTMILE,LOCATION_TYPE,RAMP_INTERSECTION,SIDE_OF_HWY,TOW_AWAY,COLLISION_SEVERITY,NUMBER_KILLED,NUMBER_INJURED,PARTY_COUNT,PRIMARY_COLL_FACTOR,PCF_CODE_OF_VIOL,PCF_VIOL_CATEGORY,PCF_VIOLATION,PCF_VIOL_SUBSECTION,HIT_AND_RUN,TYPE_OF_COLLISION,MVIW,PED_ACTION,ROAD_SURFACE,ROAD_COND_1,ROAD_COND_2,LIGHTING,CONTROL_DEVICE,CHP_ROAD_TYPE,PEDESTRIAN_ACCIDENT,BICYCLE_ACCIDENT,MOTORCYCLE_ACCIDENT,TRUCK_ACCIDENT,NOT_PRIVATE_PROPERTY,ALCOHOL_INVOLVED,STWD_VEHTYPE_AT_FAULT,CHP_VEHTYPE_AT_FAULT,COUNT_SEVERE_INJ,COUNT_VISIBLE_INJ,COUNT_COMPLAINT_PAIN,COUNT_PED_KILLED,COUNT_PED_INJURED,COUNT_BICYCLIST_KILLED,COUNT_BICYCLIST_INJURED,COUNT_MC_KILLED,COUNT_MC_INJURED,PRIMARY_RAMP,SECONDARY_RAMP,LATITUDE,LONGITUDE,COUNTY,CITY,POINT_X,POINT_Y
9343035,2021,2021-10-14,3801,2021-08-01,1420,2702,BAYVI,7,5,7,3801,0,0,0,,0,3C3C,"MCKINNON AV","NEWHALL ST",0.00,,Y,A,-,N,,,,,,,,,,Y,4,0,1,2,A,-,03,22350,,N,D,C,A,A,H,-,A,A,0,,,,,Y,,A,01,0,0,1,0,0,0,0,0,0,"- ","- ",,,"SAN FRANCISCO","SAN FRANCISCO",-122.39109802246094,37.736900329589844
9343036,2021,2021-10-14,3801,2021-08-01,1420,1693,BAYVI,7,5,7,3801,0,0,0,,0,901,"ILLINOIS ST","AMADOR ST",60.00,N,N,A,-,N,,,,,,,,,,N,3,0,2,2,B,-,22,,,N,C,-,A,A,H,-,A,D,0,,Y,,,Y,,L,04,0,1,1,0,0,0,2,0,0,"- ","- ",,,"SAN FRANCISCO","SAN FRANCISCO",-122.38605499267578,37.745933532714844
9343037,2021,2021-10-14,3801,2021-08-01,1336,4335,NORTH,7,5,7,3801,0,0,0,,0,901,"MARINA BL","DIVISADERO ST",0.00,,Y,A,-,N,,,,,,,,,,N,3,0,2,2,A,-,05,21650,,N,A,G,A,A,H,-,A,D,0,,Y,,,Y,,L,04,0,2,0,0,0,0,2,0,0,"- ","- ",,,"SAN FRANCISCO","SAN FRANCISCO",-122.44400024414062,37.805587768554688
9343038,2021,2021-10-14,3801,2021-08-03,1249,1817,CENTR,2,5,7,3801,0,0,0,,0,3A13C,"KEARNY ST","PINE ST",0.00,,Y,A,-,N,,,,,,,,,,N,4,0,1,2,A,-,10,21950,A,N,A,B,B,A,H,-,A,A,0,Y,,,,Y,,A,01,0,0,1,0,1,0,0,0,0,"- ","- ",,,"SAN FRANCISCO","SAN FRANCISCO",-122.40421295166016,37.791694641113281
9343039,2021,2021-10-14,3801,2021-08-03,1106,2750,PARK,2,5,7,3801,0,0,0,,0,3F13A,"3RD AV","LINCOLN WY",0.00,,Y,A,-,N,,,,,,,,,,N,4,0,1,2,A,-,17,21235,G,N,D,C,A,A,H,-,A,D,0,,,,,Y,,-,,0,0,1,0,0,0,0,0,0,"- ","- ",,,"SAN FRANCISCO","SAN FRANCISCO",-122.45993041992188,37.766170501708984
9343040,2021,2021-10-14,3801,2021-08-02,2015,4314,RICHM,1,5,7,3801,0,0,0,,0,0G3,"GEARY BL","16TH AV",25.00,W,N,A,-,N,,,,,,,,,,N,4,0,1,2,A,-,03,22350,,N,C,C,A,A,H,-,C,A,0,,,,,Y,,A,07,0,0,1,0,0,0,0,0,0,"- ","- ",,,"SAN FRANCISCO","SAN FRANCISCO",-122.47519683837891,37.780574798583984
9343089,2021,2021-10-13,3801,2021-06-30,1345,455,SOUTH,3,5,7,3801,0,0,0,,0,0B1,"MISSION ST","FREMONT ST",0.00,,Y,A,-,N,,,,,,,,,,N,4,0,1,2,A,-,08,22101,D,N,D,G,A,A,H,-,A,A,0,,Y,,,Y,,A,07,0,0,1,0,0,0,1,0,0,"- ","- ",,,"SAN FRANCISCO","SAN FRANCISCO",-122.39669036865234,37.790470123291016
9343121,2021,2021-10-08,3801,2021-08-02,2125,2237,SOUTH,1,5,7,3801,0,0,0,,0,003,"6TH ST","MISSION ST",0.00,,Y,A,-,N,,,,,,,,,,N,2,0,1,2,A,-,10,21950,A,F,G,B,B,A,H,-,C,A,0,Y,,,,Y,,A,01,1,0,0,0,1,0,0,0,0,"- ","- ",,,"SAN FRANCISCO","SAN FRANCISCO",-122.40869140625,37.780982971191406
9343122,2021,2021-10-08,3801,2021-08-02,1802,2195,NORTH,1,5,7,3801,0,0,0,,0,001,"DIVISADERO ST","FELL ST",0.00,,Y,A,-,N,,,,,,,,,,N,3,0,2,2,D,-,00,,,N,B,G,A,A,H,-,A,A,0,,Y,,,Y,,-,"- ",0,2,0,0,0,0,1,0,0,"- ","- ",,,"SAN FRANCISCO","SAN FRANCISCO",-122.43759918212891,37.774063110351562
9343123,2021,2021-10-08,3801,2021-08-01,0048,709,BAYVI,7,5,7,3801,0,0,0,,0,3C15E,"3RD ST","BAYSHORE BL",0.00,,Y,A,-,N,,,,,,,,,,Y,2,0,2,2,A,-,03,22350,,N,D,G,A,A,H,-,C,A,0,,Y,Y,,Y,,C,02,1,0,1,0,0,0,1,0,1,"- ","- ",,,"SAN FRANCISCO","SAN FRANCISCO",-122.39888000488281,37.715229034423828
9343124,2021,2021-10-08,3801,2021-08-05,1335,2450,INGLE,4,5,7,3801,0,0,0,,0,3H13C,"ALEMANY BL","NIAGARA AV",0.00,,Y,A,-,N,,,,,,,,,,Y,3,0,2,2,A,-,09,21801,A,N,D,C,A,A,H,-,A,A,0,,,,,Y,,A,07,0,1,1,0,0,0,0,0,0,"- ","- ",,,"SAN FRANCISCO","SAN FRANCISCO",-122.44346618652344,37.717002868652344
9343125,2021,2021-10-08,3801,2021-08-05,1331,4118,MISSI,4,5,7,3801,0,0,0,,0,0D3,"CAPP ST","20TH ST",130.00,N,N,A,-,N,,,,,,,,,,N,4,0,1,2,A,-,03,22350,,N,B,D,A,A,H,-,A,D,0,,,Y,,Y,,C,02,0,0,1,0,0,0,0,0,1,"- ","- ",,,"SAN FRANCISCO","SAN FRANCISCO",-122.41799163818359,37.759037017822266
9343126,2021,2021-10-08,3801,2021-08-05,1449,1481,TENDE,4,5,7,3801,0,0,0,,0,3J91C,"OFARRELL ST","JONES ST",0.00,,Y,A,-,N,,,,,,,,,,Y,4,0,2,4,A,-,12,21453,A,N,D,C,A,A,H,-,A,A,0,,,,,Y,,A,01,0,0,2,0,0,0,0,0,0,"- ","- ",,,"SAN FRANCISCO","SAN FRANCISCO",-122.41297149658203,37.785797119140625
9343127,2021,2021-10-08,3801,2021-08-05,0052,1371,NORTH,4,5,7,3801,0,0,0,,0,006,"LOMBARD ST","FRANKLIN ST",0.00,,Y,C,-,N,,,,,,,,,,N,4,0,1,2,A,-,12,21453,A,N,D,C,A,B,H,-,C,A,0,,,,,Y,,D,22,0,0,1,0,0,0,0,0,0,"- ","- ",,,"SAN FRANCISCO","SAN FRANCISCO",-122.42620086669922,37.801105499267578
9343128,2021,2021-10-08,3801,2021-08-05,0205,367,CENTR,4,5,7,3801,0,0,0,,0,3A13E,"LARKIN ST","GREEN ST",0.00,,Y,C,-,N,,,,,,,,,,N,4,0,1,1,A,-,03,22350,,N,H,A,A,B,H,-,C,D,0,,,Y,,Y,,C,02,0,0,1,0,0,0,0,0,1,"- ","- ",,,"SAN FRANCISCO","SAN FRANCISCO",-122.42048645019531,37.798057556152344
9343129,2021,2021-10-19,3801,2021-08-04,2221,1074,RICHM,3,5,7,3801,0,0,0,,0,3G13E,"BALBOA ST","25TH AV",0.00,,Y,F,-,N,,,,,,,,,,N,4,0,1,2,A,-,12,21453,A,N,D,B,A,B,H,-,C,A,0,,,,,Y,,M,94,0,0,1,0,0,0,0,0,0,"- ","- ",,,"SAN FRANCISCO","SAN FRANCISCO",-122.48443603515625,37.776302337646484
9343130,2021,2021-10-08,3801,2021-08-04,1630,2239,INGLE,3,5,7,3801,0,0,0,,0,3H11D,"CRESCENT AV","BACHE ST",0.00,,Y,A,-,N,,,,,,,,,,N,3,0,1,2,A,-,06,21750,,M,B,C,A,A,H,-,A,D,0,,,Y,,Y,,C,02,0,1,0,0,0,0,0,0,1,"- ","- ",,,"SAN FRANCISCO","SAN FRANCISCO",-122.41748046875,37.734939575195312
9343131,2021,2021-10-08,3801,2021-08-04,1312,1926,NORTH,3,5,7,3801,0,0,0,,0,3E12A,"OFARRELL ST","STEINER ST",0.00,,Y,A,-,N,,,,,,,,,,N,4,0,1,2,A,-,17,22517,,N,H,G,A,A,H,-,A,A,0,,Y,,,Y,,-,,0,0,1,0,0,0,1,0,0,"- ","- ",,,"SAN FRANCISCO","SAN FRANCISCO",-122.43433380126953,37.783069610595703
9343132,2021,2021-10-08,3801,2021-08-01,1941,1994,TRAFF,7,5,7,3801,0,0,0,,0,4B3G,"VALENCIA ST","18TH ST",0.00,,Y,A,-,N,,,,,,,,,,Y,2,0,1,2,A,-,12,21453,A,N,D,C,A,A,H,-,A,A,0,,,,,Y,,M,94,1,0,0,0,0,0,0,0,0,"- ","- ",,,"SAN FRANCISCO","SAN FRANCISCO",-122.42156219482422,37.761714935302734
9343133,2021,2021-10-08,3801,2021-08-06,0042,1225,NORTH,5,5,7,3801,0,0,0,,0,3E14E,"BUSH ST","DIVISADERO ST",0.00,,Y,A,-,N,,,,,,,,,,Y,4,0,1,2,A,-,12,21453,A,F,D,C,A,A,H,-,C,A,0,,,,,Y,,A,01,0,0,1,0,0,0,0,0,0,"- ","- ",,,"SAN FRANCISCO","SAN FRANCISCO",-122.44004821777344,37.78619384765625
9343134,2021,2021-10-08,3801,2021-08-06,1115,4361,MISSI,5,5,7,3801,0,0,0,,0,3D15A,"FOLSOM ST","22ND ST",70.00,N,N,-,-,N,,,,,,,,,,N,4,0,1,2,A,-,21,22106,,F,G,B,E,-,-,-,A,D,0,Y,,,,Y,,A,01,0,0,1,0,1,0,0,0,0,"- ","- ",,,"SAN FRANCISCO","SAN FRANCISCO",-122.41440582275391,37.755912780761719
9343135,2021,2021-10-08,3801,2021-08-06,2333,623,BAYVI,5,5,7,3801,0,0,0,,0,3C11E,"25TH ST","CONNECTICUT ST",300.00,E,N,A,-,N,,,,,,,,,,Y,3,0,1,2,A,-,07,21658,,F,A,C,A,A,H,-,C,A,0,,,,,Y,Y,A,01,0,1,0,0,0,0,0,0,0,"- ","- ",,,"SAN FRANCISCO","SAN FRANCISCO",-122.39547729492188,37.752384185791016
9343136,2021,2021-10-08,3801,2021-08-06,1741,2431,RICHM,5,5,7,3801,0,0,0,,0,3G13D,"GEARY BL","28TH AV",0.00,,Y,A,-,N,,,,,,,,,,N,3,0,1,2,A,-,08,22101,D,N,D,C,A,A,H,-,A,A,0,,,Y,,Y,,A,01,0,1,0,0,0,0,0,0,1,"- ","- ",,,"SAN FRANCISCO","SAN FRANCISCO",-122.48794555664062,37.780021667480469
9343137,2021,2021-10-08,3801,2021-08-07,1015,3E2A,NORTH,6,5,7,3801,0,0,0,,0,3E2A,"MCALLISTER ST","STEINER ST",0.00,,Y,A,-,N,,,,,,,,,,N,3,0,1,2,A,-,10,21950,A,N,-,B,B,-,H,-,A,A,0,Y,,,,Y,,A,01,0,1,0,0,1,0,0,0,0,"- ","- ",,,"SAN FRANCISCO","SAN FRANCISCO",-122.43339538574219,37.778419494628906
9343138,2021,2021-10-08,3801,2021-08-06,2212,4039,CENTR,5,5,7,3801,0,0,0,,0,3A4,"PIER 5","THE EMBARCADERO N",0.00,W,N,A,-,N,,,,,,,,,,N,4,0,1,1,A,-,03,22350,,N,H,A,A,A,H,-,C,D,0,,,,,Y,,M,94,0,0,1,0,0,0,0,0,0,"- ","- ",,,"SAN FRANCISCO","SAN FRANCISCO",-122.39646148681641,37.798084259033203
9343139,2021,2021-10-08,3801,2021-08-05,2209,1350,BAYVI,4,5,7,3801,0,0,0,,0,3C13E,"MCKINNON AV","3RD ST",0.00,,Y,A,-,N,,,,,,,,,,N,3,0,1,2,A,-,08,22101,D,F,G,B,B,A,H,-,C,A,0,Y,,,,Y,,A,01,0,1,0,0,1,0,0,0,0,"- ","- ",,,"SAN FRANCISCO","SAN FRANCISCO",-122.39020538330078,37.736423492431641
9343140,2021,2021-10-13,3801,2021-08-05,1224,1926,NORTH,4,5,7,3801,0,0,0,,0,3E15A,"LOMBARD ST","DIVISADERO ST",0.00,,-,A,-,N,,,,,,,,,,N,3,0,1,2,A,-,11,21955,,N,G,B,D,A,H,-,A,A,0,Y,,,,Y,,N,60,0,1,0,0,1,0,0,0,0,"- ","- ",,,"SAN FRANCISCO","SAN FRANCISCO",-122.44264984130859,37.79901123046875
9343143,2021,2021-10-07,3801,2021-08-05,0927,993,SOUTH,4,5,7,3801,0,0,0,,0,2CAR,"5TH ST","TEHAMA ST",0.00,,Y,C,-,N,,,,,,,,,,N,3,0,1,2,A,-,00,21955,A,F,G,B,D,B,H,-,A,D,0,Y,,,,Y,,N,60,0,1,0,0,1,0,0,0,0,"- ","- ",,,"SAN FRANCISCO","SAN FRANCISCO",-122.40440368652344,37.781089782714844
9343144,2021,2021-10-07,3801,2021-08-05,1348,1062,MISSI,4,5,7,3801,0,0,0,,0,3D45C,"13TH ST","S VAN NESS AV",0.00,,Y,A,-,N,,,,,,,,,,N,4,0,1,2,A,-,17,21461,A,N,A,B,B,A,H,-,A,A,0,Y,,,,Y,,A,01,0,0,1,0,1,0,0,0,0,"- ","- ",,,"SAN FRANCISCO","SAN FRANCISCO",-122.41777801513672,37.7696533203125
9343145,2021,2021-10-19,3801,2021-08-22,0235,1510,MISSI,7,5,7,3801,0,0,0,,0,3D15E,"13TH ST","HARRISON ST",0.00,,Y,A,-,N,,,,,,,,,,Y,4,0,4,2,D,-,00,,,N,D,C,A,A,H,-,C,A,0,,,,,Y,,-,"- ",0,0,4,0,0,0,0,0,0,"- ","- ",,,"SAN FRANCISCO","SAN FRANCISCO",-122.41340637207031,37.769454956054688
9343146,2021,2021-10-07,3801,2021-08-20,1700,2419,RICHM,5,5,7,3801,0,0,0,,0,0G2,"GEARY BL","MASONIC AV",0.00,,Y,B,-,N,,,,,,,,,,N,3,0,1,2,A,-,11,21950,B,N,D,B,D,A,H,-,A,A,0,Y,,,,Y,,N,60,0,1,0,0,1,0,0,0,0,"- ","- ",,,"SAN FRANCISCO","SAN FRANCISCO",-122.44786834716797,37.782279968261719
9343147,2021,2021-10-07,3801,2021-08-21,0826,750,TENDE,6,5,7,3801,0,0,0,,0,3J13A,"LEAVENWORTH ST","LEAVENWORTH ST 121",0.00,,Y,A,-,N,,,,,,,,,,N,4,0,1,2,A,-,03,22350,,M,C,E,A,A,H,-,A,A,0,,,,,Y,,-,,0,0,1,0,0,0,0,0,0,"- ","- ",,,"SAN FRANCISCO","SAN FRANCISCO",,
9343148,2021,2021-10-07,3801,2021-08-20,1750,1759,BAYVI,5,5,7,3801,0,0,0,,0,0C3,"KIRKWOOD AV","KIRKWOOD AV 1476",0.00,,Y,A,-,N,,,,,,,,,,N,4,0,1,2,A,-,03,22350,,N,G,B,D,A,H,-,A,D,0,Y,,,,Y,,A,08,0,0,1,0,1,0,0,0,0,"- ","- ",,,"SAN FRANCISCO","SAN FRANCISCO",,
9343149,2021,2021-10-07,3801,2021-08-20,1717,2153,SOUTH,5,5,7,3801,0,0,0,,0,3B13D,"MISSION ST","MISSION ST 1400",0.00,,Y,A,-,N,,,,,,,,,,Y,4,0,1,2,A,-,17,21707,,N,C,C,A,A,H,-,A,A,0,,,Y,,Y,,C,02,0,0,1,0,0,0,0,0,1,"- ","- ",,,"SAN FRANCISCO","SAN FRANCISCO",-122.41979217529297,37.7705078125
9343150,2021,2021-10-07,3801,2021-08-30,1345,1530,TENDE,1,5,7,3801,0,0,0,,0,3J98C,"JONES ST","ELLIS ST",64.00,S,N,A,-,N,,,,,,,,,,N,2,0,1,1,A,-,03,22350,,N,H,J,A,A,H,-,A,A,0,,,Y,,Y,,C,03,1,0,0,0,0,0,0,0,1,"- ","- ",,,"SAN FRANCISCO","SAN FRANCISCO",-122.41274261474609,37.784725189208984
9343156,2021,2021-10-07,3801,2021-08-13,2347,1463,SOUTH,5,5,7,3801,0,0,0,,0,0B3,"8TH ST","NATOMA ST",0.00,,Y,A,-,N,,,,,,,,,,N,3,0,1,2,A,-,03,22350,,N,C,C,A,A,H,-,C,A,0,,,,,Y,,A,01,0,1,0,0,0,0,0,0,0,"- ","- ",,,"SAN FRANCISCO","SAN FRANCISCO",-122.41213226318359,37.776664733886719
9343157,2021,2021-10-07,3801,2021-08-14,0104,1454,NORTH,6,5,7,3801,0,0,0,,0,3E15E,"LOMBARD ST","FILLMORE ST",0.00,,Y,A,-,N,,,,,,,,,,N,3,0,1,2,A,-,10,21950,A,F,G,B,B,A,H,-,C,A,0,Y,,,,Y,Y,-,,0,1,0,0,1,0,0,0,0,"- ","- ",,,"SAN FRANCISCO","SAN FRANCISCO",-122.43605041503906,37.799846649169922
9343158,2021,2021-10-07,3801,2021-08-13,2310,2357,RICHM,5,5,7,3801,0,0,0,,0,3G13E,"SANTA ROSA AV","MISSION ST",98.00,W,N,A,-,N,,,,,,,,,,N,3,0,1,2,A,-,03,22350,,N,C,E,A,A,H,-,C,D,0,,Y,,,Y,,-,,0,1,0,0,0,0,1,0,0,"- ","- ",,,"SAN FRANCISCO","SAN FRANCISCO",-122.43429565429688,37.725898742675781
9343159,2021,2021-10-07,3801,2021-08-13,1858,4118,MISSI,5,5,7,3801,0,0,0,,0,0D1,"VALENCIA ST","18TH ST",0.00,,Y,B,-,N,,,,,,,,,,N,2,0,2,2,A,-,03,22350,,N,G,B,E,A,H,-,B,A,0,Y,,,,Y,,-,,1,0,1,0,1,0,0,0,0,"- ","- ",,,"SAN FRANCISCO","SAN FRANCISCO",-122.42156219482422,37.761714935302734
9343160,2021,2021-10-07,3801,2021-08-08,1024,156,BAYVI,7,5,7,3801,0,0,0,,0,3C60,"JENNINGS AV","CARROLL AV",34.00,N,N,A,-,N,,,,,,,,,,N,4,0,1,2,A,-,21,22106,,M,H,-,A,A,H,-,A,D,0,,,,,Y,Y,A,01,0,0,1,0,0,0,0,0,0,"- ","- ",,,"SAN FRANCISCO","SAN FRANCISCO",-122.39144134521484,37.723976135253906
9343161,2021,2021-10-13,3801,2021-08-08,1013,143,CENTR,7,5,7,3801,0,0,0,,0,,"PINE ST","QUINCY ST",7.00,N,N,A,-,N,,,,,,,,,,,4,0,1,2,A,-,03,22350,,N,C,C,A,A,H,-,A,A,0,,,,,Y,,A,01,0,0,1,0,0,0,0,0,0,"- ","- ",,,"SAN FRANCISCO","SAN FRANCISCO",-122.40538787841797,37.791549682617188
9343163,2021,2021-10-13,3801,2021-08-13,1316,1772,NORTH,5,5,7,3801,0,0,0,,0,3E16A,"OFARRELL ST",POLK,18.00,W,N,A,-,N,,,,,,,,,,Y,4,0,1,1,A,-,07,21658,A,N,B,I,A,A,H,-,A,D,0,,,,,Y,,A,01,0,0,1,0,0,0,0,0,0,"- ","- ",,,"SAN FRANCISCO","SAN FRANCISCO",-122.41960906982422,37.784961700439453
9343166,2021,2022-03-16,3801,2021-08-13,1249,964,NORTH,5,5,7,3801,0,0,0,,0,3E44C,"SUTTER ST","WEBSTER ST",171.00,E,N,A,-,N,,,,,,,,,,N,4,0,1,2,A,-,03,22350,,N,E,I,A,A,H,-,A,D,0,,,,,Y,,A,01,0,0,1,0,0,0,0,0,0,"- ","- ",,,"SAN FRANCISCO","SAN FRANCISCO",-122.43110656738281,37.786365509033203
9343167,2021,2021-10-13,3801,2021-08-13,1100,317,CENTR,5,5,7,3801,0,0,0,,0,SECTOR,"MARKET ST","SUTTER ST",0.00,,Y,A,-,N,,,,,,,,,,N,3,0,2,2,A,-,06,21750,A,N,B,G,A,B,H,-,A,A,0,,Y,,,Y,,L,04,0,1,1,0,0,0,2,0,0,"- ","- ",,,"SAN FRANCISCO","SAN FRANCISCO",-122.40013885498047,37.790298461914062
9343168,2021,2021-10-13,3801,2021-08-13,0557,1771,INGLE,5,5,7,3801,0,0,0,,0,3H15A,"GENEVA AV","RT 280",16.00,W,N,A,-,Y,,,,,,,,,,Y,4,0,3,2,A,-,09,21801,A,N,D,C,A,A,H,-,B,D,0,,,Y,,Y,,A,01,0,0,3,0,0,0,0,0,1,"- ",NO,,,"SAN FRANCISCO","SAN FRANCISCO",-122.44805145263672,37.721286773681641
9343169,2021,2021-10-13,3801,2021-08-12,1221,1239,MISSI,4,5,7,3801,0,0,0,,0,"5 CAR","DUBOCE AV","WOODWARD ST",47.00,N,N,A,-,N,,,,,,,,,,N,4,0,1,2,A,-,08,22102,,F,D,C,A,A,H,-,A,A,0,,,Y,,Y,,A,01,0,0,1,0,0,0,0,0,1,"- ","- ",,,"SAN FRANCISCO","SAN FRANCISCO",-122.42076110839844,37.76995849609375
9343170,2021,2021-10-13,3801,2021-08-12,1412,2262,TARAV,4,5,7,3801,0,0,0,,0,3I1A,"8TH AV","LAWTON ST",0.00,,Y,A,-,N,,,,,,,,,,N,3,0,1,2,A,-,09,21802,A,N,D,G,A,A,-,-,A,A,0,,Y,,,Y,,A,01,0,1,0,0,0,0,1,0,0,"- ","- ",,,"SAN FRANCISCO","SAN FRANCISCO",-122.46487426757812,37.75848388671875
9343171,2021,2021-10-13,3801,2021-08-12,2155,2486,BAYVI,4,5,7,3801,0,0,0,,0,3C13E,"KISKA RD","INGALL ST",0.00,,Y,A,-,N,,,,,,,,,,N,4,0,1,2,A,-,01,23153,B,F,B,C,A,A,H,-,C,D,0,,,,,Y,Y,A,01,0,0,1,0,0,0,0,0,0,"- ","- ",,,"SAN FRANCISCO","SAN FRANCISCO",-122.37953186035156,37.73114013671875
9343172,2021,2021-10-13,3801,2021-08-13,0111,1557,TARAV,5,5,7,3801,0,0,0,,0,3I13E,"TARAVAL ST","39TH AV",57.00,W,N,A,-,N,,,,,,,,,,Y,3,0,1,1,A,-,01,23152,A,N,E,I,A,A,H,-,C,D,0,,,,,Y,Y,A,01,0,1,0,0,0,0,0,0,0,"- ","- ",,,"SAN FRANCISCO","SAN FRANCISCO",-122.49730682373047,37.742095947265625
9343173,2021,2021-10-13,3801,2021-08-12,0632,4301,NORTH,4,5,7,3801,0,0,0,,0,3E13A,"POLK ST","MYRTLE ST",0.00,,Y,A,-,N,,,,,,,,,,N,2,0,1,2,-,-,"- ",,B,F,A,C,A,-,H,-,A,A,0,,,Y,,Y,,A,01,1,0,0,0,0,0,0,0,1,"- ","- ",,,"SAN FRANCISCO","SAN FRANCISCO",-122.41963958740234,37.785427093505859
9343174,2021,2021-10-13,3801,2021-08-12,0728,1207,MISSI,4,5,7,3801,0,0,0,,0,3D11A,"DUBOCE AV","VALENCIA ST",182.00,E,N,A,-,N,,,,,,,,,,N,4,0,1,2,A,-,06,21750,A,N,B,C,A,A,H,-,A,D,0,,,Y,,Y,,-,"- ",0,0,1,0,0,0,0,0,1,"- ","- ",,,"SAN FRANCISCO","SAN FRANCISCO",-122.42173004150391,37.7698974609375
9343175,2021,2021-10-22,3801,2021-08-12,1230,268,MISSI,4,5,7,3801,0,0,0,,0,3D41A,"DIVISION ST","POTRERO AV",0.00,,Y,A,-,N,,,,,,,,,,N,4,0,1,2,A,-,08,22107,,N,G,J,D,A,H,-,A,A,0,Y,,,,Y,,A,01,0,0,1,0,1,0,0,0,0,"- ","- ",,,"SAN FRANCISCO","SAN FRANCISCO",-122.40834045410156,37.769203186035156
9343176,2021,2021-10-13,3801,2021-08-04,1521,4046,INGLE,3,5,7,3801,0,0,0,,0,3H2C,FOLSOM,"CESAR CHAVEZ ST",0.00,,Y,A,B,N,,,,,,,,,,N,3,0,1,2,A,-,10,21950,A,N,G,B,B,A,H,-,A,A,0,Y,,,,Y,,A,07,0,1,0,0,1,0,0,0,0,"- ","- ",,,"SAN FRANCISCO","SAN FRANCISCO",-122.41368103027344,37.748313903808594
9343177,2021,2021-10-13,3801,2021-08-03,1445,1422,TRAFF,2,5,7,3801,0,0,0,,0,,"3RD ST","BERRY ST",0.00,,Y,A,-,N,,,,,,,,,,N,3,0,1,2,A,-,08,22107,,N,B,G,A,A,-,-,A,A,0,,Y,,,Y,,L,04,0,1,0,0,0,0,1,0,0,"- ","- ",,,"SAN FRANCISCO","SAN FRANCISCO",-122.39110565185547,37.77752685546875
9343178,2021,2021-10-13,3801,2021-08-03,1510,4046,INGL,2,5,7,3801,0,0,0,,0,3H14C,"ALEMANY BL","JUSTIN DR",350.00,E,N,A,-,N,,,,,,,,,,N,3,0,2,2,A,-,05,21651,B,N,A,C,A,A,H,-,A,A,0,,,,,Y,,A,01,0,2,0,0,0,0,0,0,0,"- ","- ",,,"SAN FRANCISCO","SAN FRANCISCO",-122.42475128173828,37.731723785400391
9343179,2021,2021-10-13,3801,2021-08-03,1901,200,INGLE,2,5,7,3801,0,0,0,,0,3CAR,"PERSIA AV","SUNNYDALE AV",60.00,E,N,B,E,N,,,,,,,,,,Y,4,0,1,1,A,-,03,22350,,N,E,I,A,A,-,-,B,A,0,,,,,Y,,A,01,0,0,1,0,0,0,0,0,0,"- ","- ",,,"SAN FRANCISCO","SAN FRANCISCO",-122.42569732666016,37.718185424804688
9343180,2021,2021-10-13,3801,2021-08-03,1320,1511,BAYVI,2,5,7,3801,0,0,0,,0,3C1C,"BAYSHORE BL","INDUSTRIAL ST",0.00,,Y,A,-,N,,,,,,,,,,Y,3,0,2,3,A,-,12,21453,A,N,-,C,A,A,H,-,A,A,0,,,,,Y,,-,"- ",0,2,0,0,0,0,0,0,0,"- ","- ",,,"SAN FRANCISCO","SAN FRANCISCO",-122.40695953369141,37.737998962402344
9343281,2021,2021-10-08,3801,2021-08-20,2236,2708,SOUTH,5,5,7,3801,0,0,0,,0,3B13E,"FOLSOM ST","5TH ST",0.00,,Y,A,-,N,,,,,,,,,,N,4,0,1,2,A,-,09,21801,A,N,B,J,A,A,H,-,C,A,0,,,,,Y,,A,01,0,0,1,0,0,0,0,0,0,"- ","- ",,,"SAN FRANCISCO","SAN FRANCISCO",-122.40340423583984,37.7802734375
9343282,2021,2021-10-08,3801,2021-08-16,1300,1679,CENTR,1,5,7,3801,0,0,0,,0,3A11C,"BAY ST","POLK ST",0.00,,Y,A,-,N,,,,,,,,,,Y,4,0,1,2,A,-,08,22107,,N,A,C,A,A,H,-,A,A,0,,,,,Y,,A,01,0,0,1,0,0,0,0,0,0,"- ","- ",,,"SAN FRANCISCO","SAN FRANCISCO",-122.42344665527344,37.804355621337891
9343283,2021,2021-10-14,3801,2021-08-18,1231,129,SOUTH,3,5,7,3801,0,0,0,,0,3B13C,"HOWARD ST","12TH ST",262.00,W,N,A,-,N,,,,,,,,,,Y,3,0,1,2,A,-,03,22350,,N,D,C,A,A,H,-,A,D,0,,,Y,,Y,,C,02,0,1,0,0,0,0,0,0,1,"- ","- ",,,"SAN FRANCISCO","SAN FRANCISCO",-122.41729736328125,37.771076202392578
9343284,2021,2021-10-08,3801,2021-08-17,1524,2050,NORTH,2,5,7,3801,0,0,0,,0,,"WEBSTER ST","JACKSON ST",0.00,,Y,A,-,N,,,,,,,,,,N,3,0,1,2,A,-,21,22106,,N,B,-,A,A,H,-,A,D,0,,Y,,,Y,,A,01,0,1,0,0,0,0,1,0,0,"- ","- ",,,"SAN FRANCISCO","SAN FRANCISCO",-122.43292236328125,37.792675018310547