CASE_ID,ACCIDENT_YEAR,PROC_DATE,JURIS,COLLISION_DATE,COLLISION_TIME,OFFICER_ID,REPORTING_DISTRICT,DAY_OF_WEEK,CHP_SHIFT,POPULATION,CNTY_CITY_LOC,SPECIAL_COND,BEAT_TYPE,CHP_BEAT_TYPE,CITY_DIVISION_LAPD,CHP_BEAT_CLASS,BEAT_NUMBER,PRIMARY_RD,SECONDARY_RD,DISTANCE,DIRECTION,INTERSECTION,WEATHER_1,WEATHER_2,STATE_HWY_IND,CALTRANS_COUNTY,CALTRANS_DISTRICT,STATE_ROUTE,ROUTE_SUFFIX,POSTMILE_PREFIX,POSTMILE,LOCATION_TYPE,RAMP_INTERSECTION,SIDE_OF_HWY,TOW_AWAY,COLLISION_SEVERITY,NUMBER_KILLED,NUMBER_INJURED,PARTY_COUNT,PRIMARY_COLL_FACTOR,PCF_CODE_OF_VIOL,PCF_VIOL_CATEGORY,PCF_VIOLATION,PCF_VIOL_SUBSECTION,HIT_AND_RUN,TYPE_OF_COLLISION,MVIW,PED_ACTION,ROAD_SURFACE,ROAD_COND_1,ROAD_COND_2,LIGHTING,CONTROL_DEVICE,CHP_ROAD_TYPE,PEDESTRIAN_ACCIDENT,BICYCLE_ACCIDENT,MOTORCYCLE_ACCIDENT,TRUCK_ACCIDENT,NOT_PRIVATE_PROPERTY,ALCOHOL_INVOLVED,STWD_VEHTYPE_AT_FAULT,CHP_VEHTYPE_AT_FAULT,COUNT_SEVERE_INJ,COUNT_VISIBLE_INJ,COUNT_COMPLAINT_PAIN,COUNT_PED_KILLED,COUNT_PED_INJURED,COUNT_BICYCLIST_KILLED,COUNT_BICYCLIST_INJURED,COUNT_MC_KILLED,COUNT_MC_INJURED,PRIMARY_RAMP,SECONDARY_RAMP,LATITUDE,LONGITUDE,COUNTY,CITY,POINT_X,POINT_Y
9343285,2021,2021-10-14,3801,2021-08-17,2007,2195,NORTH,2,5,7,3801,0,0,0,,0,003,"POLK ST","MCALLISTER ST",0.00,,Y,A,-,N,,,,,,,,,,Y,3,0,5,2,A,-,12,21453,A,N,D,C,A,A,H,-,A,A,0,,,,,Y,,A,08,0,1,4,0,0,0,0,0,0,"- ","- ",,,"SAN FRANCISCO","SAN FRANCISCO",-122.41860198974609,37.7802734375
9343286,2021,2021-10-08,3801,2021-08-17,2048,1571,MISSI,2,5,7,3801,0,0,0,,0,3D41D,"FOLSOM ST","17TH ST",0.00,,Y,A,-,N,,,,,,,,,,N,2,0,1,2,D,-,00,,,F,-,G,A,A,-,-,C,A,0,,Y,,,Y,,-,"- ",1,0,0,0,0,0,1,0,0,"- ","- ",,,"SAN FRANCISCO","SAN FRANCISCO",-122.41515350341797,37.763694763183594
9343287,2021,2021-10-08,3801,2021-08-17,2320,1527,PARK,2,5,7,3801,0,0,0,,0,0F3,"STANYAN ST","OAK ST",0.00,,Y,A,-,N,,,,,,,,,,N,3,0,1,2,A,-,09,21801,A,N,D,C,A,A,H,-,C,A,0,,,Y,,Y,,C,02,0,1,0,0,0,0,0,0,1,"- ","- ",,,"SAN FRANCISCO","SAN FRANCISCO",-122.45395660400391,37.771354675292969
9343288,2021,2021-10-08,3801,2021-08-17,1128,4270,NORTH,2,5,7,3801,0,0,0,,0,3E14A,"CHESTNUT ST","WEBSTER ST",30.00,E,N,A,-,N,,,,,,,,,,N,4,0,1,2,A,-,03,22350,,N,C,C,A,A,H,-,A,D,0,,,,,Y,,A,01,0,0,1,0,0,0,0,0,0,"- ","- ",,,"SAN FRANCISCO","SAN FRANCISCO",-122.43448638916016,37.801044464111328
9343290,2021,2021-10-08,3801,2021-08-19,1657,1149,MISSI,4,5,7,3801,0,0,0,,0,3D14D,"24TH ST","BRYANT ST",99.00,W,N,A,-,N,,,,,,,,,,N,4,0,1,2,A,-,08,22107,,N,D,-,A,A,H,-,A,A,0,,,,,Y,,A,01,0,0,1,0,0,0,0,0,0,"- ","- ",,,"SAN FRANCISCO","SAN FRANCISCO",-122.40946960449219,37.752799987792969
9343291,2021,2021-10-08,3801,2021-08-19,1245,2433,INGLE,4,5,7,3801,0,0,0,,0,3H00,"TARAVAL ST","14TH AV",62.00,W,N,F,-,N,,,,,,,,,,N,3,0,1,2,A,-,10,21954,B,F,B,B,E,-,G,-,A,D,0,Y,,,,Y,,A,01,0,1,0,0,1,0,0,0,0,"- ","- ",,,"SAN FRANCISCO","SAN FRANCISCO",-122.47044372558594,37.743282318115234
9343292,2021,2021-10-08,3801,2021-08-19,1340,1477,MISSI,4,5,7,3801,0,0,0,,0,3D14A,"ALABAMA ST","24TH ST",290.00,S,N,A,-,N,,,,,,,,,,N,4,0,1,2,A,-,00,22157,,N,B,E,A,A,H,-,A,D,0,,,,,Y,,A,01,0,0,1,0,0,0,0,0,0,"- ","- ",,,"SAN FRANCISCO","SAN FRANCISCO",-122.41087341308594,37.751914978027344
9343293,2021,2021-10-08,3801,2021-08-19,1331,539,MISSI,4,5,7,3801,0,0,0,,0,006,"16TH ST","FOLSOM ST",228.00,E,N,A,-,N,,,,,,,,,,Y,2,0,1,2,A,-,21,22106,,N,B,C,A,A,H,-,A,D,0,,,Y,,Y,,A,01,1,0,0,0,0,0,0,0,1,"- ","- ",,,"SAN FRANCISCO","SAN FRANCISCO",-122.41451263427734,37.765361785888672
9343294,2021,2021-10-08,3801,2021-08-19,1021,481,TARAV,4,5,7,3801,0,0,0,,0,3I44,"PORTOLA DR","SAN ANSELMO AV",0.00,,Y,A,-,N,,,,,,,,,,Y,4,0,2,2,A,-,09,21801,A,N,B,C,A,A,H,-,A,A,0,,,,,Y,,A,01,0,0,2,0,0,0,0,0,0,"- ","- ",,,"SAN FRANCISCO","SAN FRANCISCO",-122.46833038330078,37.737415313720703
9343295,2021,2021-10-08,3801,2021-08-18,1151,244,NORTH,3,5,7,3801,0,0,0,,0,3A13A,"BUCHANAN ST","FELL ST",15.00,N,N,A,-,N,,,,,,,,,,Y,3,0,2,2,C,-,18,,,N,H,J,A,A,H,-,A,A,0,,,,,Y,,-,"- ",0,1,1,0,0,0,0,0,0,"- ","- ",,,"SAN FRANCISCO","SAN FRANCISCO",-122.42771911621094,37.775371551513672
9343296,2021,2021-10-08,3801,2021-08-15,1635,1766,TRAFF,7,5,7,3801,0,0,0,,0,4B103,"OSHAUGHNESSY BL","MALTA ST",102.00,N,N,A,-,N,,,,,,,,,,N,2,0,1,1,A,-,03,22350,,N,F,A,A,A,H,-,A,A,0,,,Y,,Y,,C,02,1,0,0,0,0,0,0,0,1,"- ","- ",,,"SAN FRANCISCO","SAN FRANCISCO",-122.44337463378906,37.736663818359375
9343297,2021,2021-10-08,3801,2021-08-08,1234,4294,NORTH,7,5,7,3801,0,0,0,,0,0E5,"MARINA BL","WEBSTER ST",15.00,E,N,A,-,N,,,,,,,,,,N,4,0,2,2,A,-,03,22350,,F,C,C,A,A,H,-,A,A,0,,,Y,,Y,,A,01,0,0,2,0,0,0,0,0,2,"- ","- ",,,"SAN FRANCISCO","SAN FRANCISCO",-122.43559265136719,37.806144714355469
9343298,2021,2021-10-08,3801,2021-08-16,0911,1210,TARAV,1,5,7,3801,0,0,0,,0,0I2,"IRVING ST","35TH AV",0.00,,Y,A,-,N,,,,,,,,,,Y,4,0,1,2,A,-,09,21803,A,N,D,C,A,A,H,-,A,A,0,,,,,Y,,A,01,0,0,1,0,0,0,0,0,0,"- ","- ",,,"SAN FRANCISCO","SAN FRANCISCO",-122.49427032470703,37.762802124023438
9343299,2021,2021-10-08,3801,2021-08-16,0750,4333,NORTH,1,5,7,3801,0,0,0,,0,3E13A,"FRANKLIN ST","GROVE ST",96.00,N,N,A,-,N,,,,,,,,,,N,4,0,1,2,A,-,06,21750,A,N,D,C,A,A,H,-,B,D,0,,,Y,,Y,Y,C,02,0,0,1,0,0,0,0,0,1,"- ","- ",,,"SAN FRANCISCO","SAN FRANCISCO",-122.42157745361328,37.778278350830078
9343300,2021,2021-10-08,3801,2021-08-16,0745,242,NORTH,1,5,7,3801,0,0,0,,0,901,"FRANKLIN ST","CALIFORNIA ST",64.00,N,N,A,-,N,,,,,,,,,,N,4,0,1,2,A,-,11,21950,B,N,B,B,E,A,H,-,A,D,0,Y,,,,Y,,N,60,0,0,1,0,1,0,0,0,0,"- ","- ",,,"SAN FRANCISCO","SAN FRANCISCO",-122.42400360107422,37.790332794189453
9343301,2021,2021-10-13,3801,2021-08-09,0929,1217,MISSI,1,5,7,3801,0,0,0,,0,"3 CAR","BARTLETT ST","LEXINGTON ST",51.00,W,N,A,-,N,,,,,,,,,,N,4,0,1,2,A,-,10,21950,,N,G,B,-,A,H,-,A,D,0,Y,,,,Y,,A,07,0,0,1,0,1,0,0,0,0,"- ","- ",,,"SAN FRANCISCO","SAN FRANCISCO",-122.42015838623047,37.7569580078125
9343302,2021,2021-10-13,3801,2021-08-09,1154,156,BAYVI,1,5,7,3801,0,0,0,,0,3C60,"SILVER AV","ELMIRA ST",0.00,,Y,A,-,N,,,,,,,,,,N,4,0,1,2,A,-,11,21950,B,N,B,B,B,A,H,-,A,D,0,Y,,,,Y,,N,60,0,0,1,0,1,0,0,0,0,"- ","- ",,,"SAN FRANCISCO","SAN FRANCISCO",-122.40349578857422,37.733680725097656
9343303,2021,2021-10-13,3801,2021-08-07,1500,2008,MISSI,6,5,7,3801,0,0,0,,0,3D15D,"19TH ST","MISSION ST",0.00,,Y,A,-,N,,,,,,,,,,N,4,0,1,2,A,-,10,21950,A,N,G,B,B,A,H,-,A,A,0,Y,,,,Y,,A,07,0,0,1,0,1,0,0,0,0,"- ","- ",,,"SAN FRANCISCO","SAN FRANCISCO",-122.41921997070312,37.760219573974609
9343304,2021,2021-10-13,3801,2021-08-07,1526,2098,MISSI,6,5,7,3801,0,0,0,,0,3D15D,"JULIAN AV","15TH ST",0.00,,Y,A,-,N,,,,,,,,,,N,4,0,1,2,A,-,03,22350,,F,D,-,A,A,H,-,A,A,0,,,Y,,Y,,A,01,0,0,1,0,0,0,0,0,1,"- ","- ",,,"SAN FRANCISCO","SAN FRANCISCO",-122.4210205078125,37.766609191894531
9343306,2021,2021-10-13,3801,2021-08-09,1630,649,INGLE,1,5,7,3801,0,0,0,,0,3H16D,"BAYSHORE BL","CORTLAND AV",0.00,,Y,A,-,N,,,,,,,,,,Y,3,0,1,2,A,-,03,22350,,M,C,D,A,A,H,-,A,A,0,,,,,Y,Y,A,07,0,1,0,0,0,0,0,0,0,"- ","- ",,,"SAN FRANCISCO","SAN FRANCISCO",-122.40699005126953,37.739582061767578
9343307,2021,2021-10-13,3801,2021-08-06,0224,614,TARAV,5,5,7,3801,0,0,0,,0,0I6,"SAGAMORE ST","CAPITOL AV",0.00,,Y,B,-,N,,,,,,,,,,N,4,0,1,2,A,-,03,22350,,N,C,C,A,A,H,-,C,A,0,,,,,Y,,A,01,0,0,1,0,0,0,0,0,0,"- ","- ",,,"SAN FRANCISCO","SAN FRANCISCO",-122.45902252197266,37.711387634277344
9343308,2021,2021-10-13,3801,2021-08-07,1900,1355,TARAV,6,5,7,3801,0,0,0,,0,3I16D,"LINCOLN WY","20TH AV",15.00,E,N,A,-,N,,,,,,,,,,N,4,0,1,2,A,-,03,22350,,N,C,C,A,-,H,-,A,A,0,,,,,Y,,A,01,0,0,1,0,0,0,0,0,0,"- ","- ",,,"SAN FRANCISCO","SAN FRANCISCO",-122.47827911376953,37.765403747558594
9343309,2021,2021-10-13,3801,2021-08-11,0840,2231,TENDE,3,5,7,3801,0,0,0,,0,3J12A,"LARKIN ST","HEMLOCK ST",1.00,S,N,A,-,N,,,,,,,,,,N,3,0,1,2,A,-,03,22350,,N,D,E,A,A,H,-,A,A,0,,,Y,,Y,Y,C,02,0,1,0,0,0,0,0,0,1,"- ","- ",,,"SAN FRANCISCO","SAN FRANCISCO",-122.41835784912109,37.787487030029297
9343310,2021,2021-10-13,3801,2021-08-11,1626,1512,BAYVI,3,5,7,3801,0,0,0,,0,005,"LANE ST","REVERE AV",0.00,,Y,A,-,N,,,,,,,,,,N,2,0,2,3,A,-,10,21950,A,N,A,B,B,A,H,-,A,D,0,Y,,,,Y,,A,01,1,0,1,0,2,0,0,0,0,"- ","- ",,,"SAN FRANCISCO","SAN FRANCISCO",-122.39018249511719,37.731670379638672
9343311,2021,2021-10-13,3801,2021-08-10,1508,537,PARK,2,5,7,3801,0,0,0,,0,3F11C,"PARNASSUS AV","WOODLAND AV",0.00,,Y,-,-,N,,,,,,,,,,N,3,0,1,2,A,-,08,22107,,N,G,B,B,A,H,-,A,D,0,Y,,,,Y,,A,01,0,1,0,0,1,0,0,0,0,"- ","- ",,,"SAN FRANCISCO","SAN FRANCISCO",-122.45352172851562,37.764415740966797
9343312,2021,2021-10-20,3801,2021-08-10,1230,2148,MISSI,2,5,7,3801,0,0,0,,0,3D44C,"24TH ST","BRYANT ST",15.00,E,N,A,-,N,,,,,,,,,,N,3,0,3,2,A,-,04,21703,,N,C,C,A,A,H,-,A,A,0,,,,,Y,,A,01,0,1,2,0,0,0,0,0,0,"- ","- ",,,"SAN FRANCISCO","SAN FRANCISCO",-122.40908050537109,37.752822875976562
9343313,2021,2021-10-13,3801,2021-08-18,0528,2426,CENTR,3,5,7,3801,0,0,0,,0,"4 CAR","CALIFORNIA ST","BATTERY ST",0.00,,Y,A,-,N,,,,,,,,,,N,4,0,1,1,D,-,00,,,N,H,-,A,A,H,-,C,A,0,,Y,,,Y,,-,"- ",0,0,1,0,0,0,1,0,0,"- ","- ",,,"SAN FRANCISCO","SAN FRANCISCO",-122.39997863769531,37.793231964111328
9343314,2021,2021-10-13,3801,2021-08-09,0645,179,NORTH,1,5,7,3801,0,0,0,,0,901,"MCALLISTER ST","STEINER ST",0.00,,Y,A,-,N,,,,,,,,,,N,2,0,1,2,A,-,12,22450,A,N,D,-,A,A,H,-,A,A,0,,Y,,,Y,,L,04,1,0,0,0,0,0,1,0,0,"- ","- ",,,"SAN FRANCISCO","SAN FRANCISCO",-122.43339538574219,37.778419494628906
9343317,2021,2021-10-13,3801,2021-08-16,2145,1836,TARAV,1,5,7,3801,0,0,0,,0,3I15E,"LAKE MERCED BL","CLEARFIELD DR",530.00,N,N,A,-,N,,,,,,,,,,Y,3,0,1,1,A,-,03,22350,A,N,H,I,A,A,H,-,C,D,0,,,Y,,Y,,C,02,0,1,0,0,0,0,0,0,1,"- ","- ",,,"SAN FRANCISCO","SAN FRANCISCO",-122.48909759521484,37.730354309082031
9343318,2021,2021-10-13,3801,2021-08-22,1339,2161,MISSI,7,5,7,3801,0,0,0,,0,3D45C,"CESAR CHAVEZ ST","FOLSOM ST",0.00,,Y,A,-,N,,,,,,,,,,Y,4,0,1,2,A,-,09,21801,A,N,D,C,A,A,H,-,A,A,0,,,,,Y,,A,01,0,0,1,0,0,0,0,0,0,"- ","- ",,,"SAN FRANCISCO","SAN FRANCISCO",-122.41368103027344,37.748313903808594
9343319,2021,2021-10-13,3801,2021-08-22,2112,1414,MISSI,7,5,7,3801,0,0,0,,0,3D14E,"MISSION ST","24TH ST",0.00,,Y,B,-,N,,,,,,,,,,N,3,0,1,2,A,-,00,23103,A,F,B,B,E,A,H,-,C,A,0,Y,,,,Y,Y,-,99,0,1,0,0,1,0,0,0,0,"- ","- ",,,"SAN FRANCISCO","SAN FRANCISCO",-122.41848754882812,37.752262115478516
9343320,2021,2021-10-13,3801,2021-08-23,0848,283,MISSI,1,5,7,3801,0,0,0,,0,0D6,"BRYANT ST","17TH ST",0.00,,Y,A,-,N,,,,,,,,,,N,3,0,1,2,A,-,12,21453,A,N,D,G,A,A,H,-,A,A,0,,Y,,,Y,,L,04,0,1,0,0,0,0,1,0,0,"- ","- ",,,"SAN FRANCISCO","SAN FRANCISCO",-122.41038513183594,37.764324188232422
9343321,2021,2021-10-09,3801,2021-08-20,2019,1931,NORTH,5,5,7,3801,0,0,0,,0,3E12D,"WEBSTER ST","GEARY BL",0.00,,Y,A,-,N,,,,,,,,,,Y,3,0,2,2,A,-,17,21451,A,N,D,C,A,-,A,H,C,-,0,,,,,Y,,A,01,0,2,0,0,0,0,0,0,0,"- ","- ",,,"SAN FRANCISCO","SAN FRANCISCO",-122.43130493164062,37.784725189208984
9343322,2021,2021-10-09,3801,2021-08-20,2138,1544,CENTR,5,5,7,3801,0,0,0,,0,3A14D,"COLUMBUS AV","PACIFIC AV",0.00,,Y,A,-,N,,,,,,,,,,N,4,0,1,2,A,-,03,22350,A,F,D,B,D,A,H,-,C,A,0,Y,,,,Y,Y,-,99,0,0,1,0,1,0,0,0,0,"- ","- ",,,"SAN FRANCISCO","SAN FRANCISCO",-122.40538787841797,37.79705810546875
9343323,2021,2021-10-09,3801,2021-08-21,0025,488,INGLE,6,5,7,3801,0,0,0,,0,3H13E,"MONTEREY BL","DETROIT ST",96.00,W,N,A,-,N,,,,,,,,,,Y,3,0,1,2,A,-,03,22350,,N,B,E,A,A,H,-,C,D,0,,,,,Y,Y,A,07,0,1,0,0,0,0,0,0,0,"- ","- ",,,"SAN FRANCISCO","SAN FRANCISCO",-122.44461059570312,37.731559753417969
9343324,2021,2021-10-09,3801,2021-08-21,1242,1276,SOUTH,6,5,7,3801,0,0,0,,0,0B3,"6TH ST","BRYANT ST",0.00,,Y,A,-,N,,,,,,,,,,N,4,0,1,3,A,-,03,22350,,F,C,D,A,A,H,-,A,A,0,,,,,Y,,A,01,0,0,1,0,0,0,0,0,0,"- ","- ",,,"SAN FRANCISCO","SAN FRANCISCO",-122.40250396728516,37.776058197021484
9343325,2021,2021-10-09,3801,2021-08-21,1920,2733,SOUTH,6,5,7,3801,0,0,0,,0,0B3,"7TH ST","MINNA ST",0.00,,Y,A,-,N,,,,,,,,,,Y,4,0,2,2,A,-,01,23152,A,N,C,C,A,A,H,-,B,A,0,,,,,Y,Y,A,01,0,0,2,0,0,0,0,0,0,"- ","- ",,,"SAN FRANCISCO","SAN FRANCISCO",-122.41038513183594,37.778785705566406
9343326,2021,2021-10-09,3801,2021-08-19,1507,1377,INGLE,4,5,7,3801,0,0,0,,0,3H15C,"SUNNYDALE AV","SAWYER ST",0.00,,Y,A,-,N,,,,,,,,,,Y,4,0,2,3,A,-,12,22450,A,N,D,C,A,A,H,-,A,A,0,,,,,Y,,A,01,0,0,2,0,0,0,0,0,0,"- ","- ",,,"SAN FRANCISCO","SAN FRANCISCO",-122.41508483886719,37.711647033691406
9343327,2021,2021-10-09,3801,2021-08-03,2347,1466,SOUTH,2,5,7,3801,0,0,0,,0,04B,"MARKET ST","OCTAVIA ST",0.00,,Y,A,-,N,,,,,,,,,,N,4,0,1,2,A,-,11,21453,D,N,D,G,A,A,H,-,C,A,0,,Y,,,Y,,L,04,0,0,1,0,0,0,1,0,0,"- ","- ",,,"SAN FRANCISCO","SAN FRANCISCO",-122.42359161376953,37.771774291992188
9343328,2021,2021-10-09,3801,2021-08-24,1928,893,INGLE,2,5,7,3801,0,0,0,,0,3H16D,"VISITACION AV","BRITTON ST",0.00,,Y,A,-,N,,,,,,,,,,N,4,0,1,2,A,-,03,22350,,F,D,D,A,A,H,-,A,A,0,,,,,Y,,A,01,0,0,1,0,0,0,0,0,0,"- ","- ",,,"SAN FRANCISCO","SAN FRANCISCO",-122.4124755859375,37.712734222412109
9343329,2021,2021-10-09,3801,2021-08-23,1911,2238,BAYVI,1,5,7,3801,0,0,0,,0,0C5,"THOMAS AV","KEITH ST",0.00,,Y,A,-,N,,,,,,,,,,N,4,0,2,2,A,-,09,21800,A,F,D,C,A,A,H,-,A,A,0,,,,,Y,,A,07,0,0,2,0,0,0,0,0,0,"- ","- ",,,"SAN FRANCISCO","SAN FRANCISCO",-122.38941955566406,37.729351043701172
9343330,2021,2021-10-09,3801,2021-08-23,1655,2025,INGLE,1,5,7,3801,0,0,0,,0,3H16C,MOSCOW,"MOSCOW 942",15.00,N,N,A,-,N,,,,,,,,,,N,2,0,1,2,A,-,08,22107,,N,D,G,A,A,H,-,A,D,0,,Y,,,Y,,L,04,1,0,0,0,0,0,1,0,0,"- ","- ",,,"SAN FRANCISCO","SAN FRANCISCO",,
9343331,2021,2021-10-09,3801,2021-08-23,1150,2375,RICHM,1,5,7,3801,0,0,0,,0,3G12A,"SUTTER ST","LYON ST",0.00,,Y,A,-,N,,,,,,,,,,N,3,0,1,2,B,-,22,,,F,D,-,-,A,H,-,A,A,0,Y,,,,Y,,N,60,0,1,0,0,1,0,0,0,0,"- ","- ",,,"SAN FRANCISCO","SAN FRANCISCO",-122.44481658935547,37.784618377685547
9343332,2021,2021-10-09,3801,2021-08-23,1145,1524,INGLE,1,5,7,3801,0,0,0,,0,3H12C,"MISSION ST","VALENCIA ST",0.00,,Y,A,-,N,,,,,,,,,,N,2,0,1,2,A,-,12,21453,A,N,D,C,A,A,H,-,A,A,0,,,Y,,Y,,C,02,1,0,0,0,0,0,0,0,1,"- ","- ",,,"SAN FRANCISCO","SAN FRANCISCO",-122.41986846923828,37.745586395263672
9343333,2021,2021-10-09,3801,2021-08-22,1337,1058,INGLE,7,5,7,3801,0,0,0,,0,3H16C,"SAN BRUNO AV","HARKNESS AV",65.00,S,N,A,-,N,,,,,,,,,,Y,3,0,1,2,A,-,05,21650,,N,A,E,A,A,H,-,A,D,0,,,,,Y,,A,07,0,1,0,0,0,0,0,0,0,"- ","- ",,,"SAN FRANCISCO","SAN FRANCISCO",-122.40009307861328,37.71771240234375
9343334,2021,2021-10-09,3801,2021-08-21,1125,1524,INGLE,6,5,7,3801,0,0,0,,0,3H12C,"LONDON ST","LONDON ST 899",0.00,,Y,B,-,N,,,,,,,,,,Y,4,0,2,5,A,-,03,22350,,N,B,E,A,A,H,-,A,D,0,,,,,Y,,A,07,0,0,2,0,0,0,0,0,0,"- ","- ",,,"SAN FRANCISCO","SAN FRANCISCO",,
9343335,2021,2021-10-12,3801,2021-08-24,2358,2742,TENDE,2,5,7,3801,0,0,0,,0,0J2,"6TH ST","JESSIE ST",56.00,N,N,A,-,N,,,,,,,,,,Y,4,0,1,6,A,-,03,22350,,N,C,E,A,A,H,-,C,D,0,,,,,Y,,A,01,0,0,1,0,0,0,0,0,0,"- ","- ",,,"SAN FRANCISCO","SAN FRANCISCO",-122.40933990478516,37.781513214111328
9343336,2021,2021-10-12,3801,2021-08-24,2153,1732,CENTR,2,5,7,3801,0,0,0,,0,2100-0,"BUSH ST","LEAVENWORTH ST",0.00,,Y,A,-,N,,,,,,,,,,N,4,0,1,2,A,-,10,21950,A,F,G,B,B,A,H,-,C,A,0,Y,,,,Y,Y,A,01,0,0,1,0,1,0,0,0,0,"- ","- ",,,"SAN FRANCISCO","SAN FRANCISCO",-122.41538238525391,37.789344787597656
9343337,2021,2021-10-12,3801,2021-08-23,1056,1297,BAYVI,1,5,7,3801,0,0,0,,0,3C11A,"PALOU AV","INDUSTRIAL ST",0.00,,Y,A,-,N,,,,,,,,,,N,3,0,2,3,A,-,10,21950,,F,G,B,E,A,H,-,A,D,0,Y,,,,Y,,-,,0,2,0,0,2,0,0,0,0,"- ","- ",,,"SAN FRANCISCO","SAN FRANCISCO",-122.40091705322266,37.739692687988281
9343338,2021,2021-10-12,3801,2021-08-08,2335,524,INGLE,7,5,7,3801,0,0,0,,0,3H11E,"GENEVA AV","ALEMANY BL",0.00,,Y,A,-,N,,,,,,,,,,N,2,0,1,2,A,-,00,23109,,F,G,B,C,A,H,-,C,A,0,Y,,,,Y,,A,01,1,0,0,0,1,0,0,0,0,"- ","- ",,,"SAN FRANCISCO","SAN FRANCISCO",-122.43374633789062,37.713130950927734
9343340,2021,2021-10-12,3801,2021-08-09,1913,890,BAYVI,1,5,7,3801,0,0,0,,0,BAYVIE,"CASHMERE ST","HUDSON AV",0.00,,Y,A,-,N,,,,,,,,,,N,4,0,1,2,A,-,03,22350,A,F,C,C,A,A,H,-,A,A,0,,,,,Y,,A,01,0,0,1,0,0,0,0,0,0,"- ","- ",,,"SAN FRANCISCO","SAN FRANCISCO",-122.38343048095703,37.735885620117188
9343359,2021,2021-10-11,3801,2021-08-20,1011,2188,BAYVI,5,5,7,3801,0,0,0,,0,,"TUNNEL AV","LATHROP AV",72.00,N,N,B,-,N,,,,,,,,,,N,3,0,1,2,A,-,17,21663,,F,G,B,F,A,H,-,A,D,0,Y,Y,,,Y,,L,04,0,1,0,0,1,0,0,0,0,"- ","- ",,,"SAN FRANCISCO","SAN FRANCISCO",-122.40100860595703,37.711235046386719
9343360,2021,2021-10-11,3801,2021-08-20,1540,2705,BAYVI,5,5,7,3801,0,0,0,,0,3C11D,"PENNSYLVANIA AV","25TH ST",0.00,,Y,A,-,N,,,,,,,,,,Y,4,0,2,2,D,-,00,,,N,D,C,A,A,H,-,A,D,0,,,,,Y,,-,"- ",0,0,2,0,0,0,0,0,0,"- ","- ",,,"SAN FRANCISCO","SAN FRANCISCO",-122.39266204833984,37.752544403076172
9343394,2021,2021-10-12,3801,2021-08-19,2203,2378,TENDE,4,5,7,3801,0,0,0,,0,005,"HYDE ST","GEARY ST",0.00,,Y,A,-,N,,,,,,,,,,N,4,0,1,2,A,-,10,21950,A,N,B,B,D,A,H,-,C,A,0,Y,,,,Y,,A,01,0,0,1,0,1,0,0,0,0,"- ","- ",,,"SAN FRANCISCO","SAN FRANCISCO",-122.41645050048828,37.786319732666016
9343674,2021,2021-10-19,3801,2021-08-01,0250,1096,CENTR,7,5,7,3801,0,0,0,,0,3A11E,"BUSH ST","GRANT AV",15.00,N,N,A,-,N,,,,,,,,,,Y,4,0,1,2,A,-,03,22350,,N,C,C,A,-,H,-,C,A,0,,,Y,,Y,,A,01,0,0,1,0,0,0,0,0,0,"- ","- ",,,"SAN FRANCISCO","SAN FRANCISCO",-122.40548706054688,37.790584564208984
9343963,2021,2021-10-13,3801,2021-08-29,1439,1347,NORTH,7,5,7,3801,0,0,0,,0,003,"GOUGH ST","BUSH ST",8.00,N,N,A,-,N,,,,,,,,,,N,3,0,1,2,A,-,11,21453,D,N,G,B,B,A,H,-,A,A,0,Y,,,,Y,,N,60,0,1,0,0,1,0,0,0,0,"- ","- ",,,"SAN FRANCISCO","SAN FRANCISCO",-122.42524719238281,37.788093566894531
9343964,2021,2021-10-12,3801,2021-08-29,0600,1950,RICHM,7,5,7,3801,0,0,0,,0,3G3A,"GEARY BL","29TH AV",0.00,,Y,A,-,N,,,,,,,,,,Y,4,0,2,2,A,-,03,22350,,N,C,C,A,A,H,-,C,A,0,,,,,Y,,A,01,0,0,2,0,0,0,0,0,0,"- ","- ",,,"SAN FRANCISCO","SAN FRANCISCO",-122.48902130126953,37.779964447021484
9343965,2021,2021-10-12,3801,2021-08-29,1110,4095,TARAV,7,5,7,3801,0,0,0,,0,002,"SUNSET BL","JUDAH ST",0.00,,Y,A,-,N,,,,,,,,,,N,4,0,1,2,A,-,04,21703,,N,B,C,A,A,H,-,A,D,0,,,Y,,Y,Y,A,01,0,0,1,0,0,0,0,0,1,"- ","- ",,,"SAN FRANCISCO","SAN FRANCISCO",-122.49583435058594,37.760860443115234
9343966,2021,2021-10-12,3801,2021-08-29,0127,1240,TENDE,7,5,7,3801,0,0,0,,0,3J13E,"LARKIN ST","EDDY ST",0.00,,Y,A,-,N,,,,,,,,,,Y,2,0,2,2,A,-,12,21453,A,N,D,C,A,A,H,-,C,A,0,,,,,Y,Y,A,01,1,0,1,0,0,0,0,0,0,"- ","- ",,,"SAN FRANCISCO","SAN FRANCISCO",-122.41751861572266,37.783294677734375
9343967,2021,2021-10-12,3801,2021-08-28,1740,1237,CENTR,6,5,7,3801,0,0,0,,0,3A46C,"TAYLOR ST","PINE ST",0.00,,Y,A,-,N,,,,,,,,,,N,3,0,1,2,A,-,08,22107,,F,B,C,A,A,H,-,A,A,0,,,,,Y,,A,01,0,1,0,0,0,0,0,0,0,"- ","- ",,,"SAN FRANCISCO","SAN FRANCISCO",-122.41224670410156,37.790657043457031
9343968,2021,2021-10-12,3801,2021-08-28,1810,1126,CENTR,6,5,7,3801,0,0,0,,0,3A4D,EMBARCADERO,"CLAY ST",100.00,S,N,A,-,N,,,,,,,,,,N,4,0,1,2,A,-,08,22107,,N,D,G,A,A,H,-,A,D,0,,Y,,,Y,,L,04,0,0,1,0,0,0,1,0,0,"- ","- ",,,"SAN FRANCISCO","SAN FRANCISCO",-122.39689636230469,37.795223236083984