CASE_ID,ACCIDENT_YEAR,PROC_DATE,JURIS,COLLISION_DATE,COLLISION_TIME,OFFICER_ID,REPORTING_DISTRICT,DAY_OF_WEEK,CHP_SHIFT,POPULATION,CNTY_CITY_LOC,SPECIAL_COND,BEAT_TYPE,CHP_BEAT_TYPE,CITY_DIVISION_LAPD,CHP_BEAT_CLASS,BEAT_NUMBER,PRIMARY_RD,SECONDARY_RD,DISTANCE,DIRECTION,INTERSECTION,WEATHER_1,WEATHER_2,STATE_HWY_IND,CALTRANS_COUNTY,CALTRANS_DISTRICT,STATE_ROUTE,ROUTE_SUFFIX,POSTMILE_PREFIX,POSTMILE,LOCATION_TYPE,RAMP_INTERSECTION,SIDE_OF_HWY,TOW_AWAY,COLLISION_SEVERITY,NUMBER_KILLED,NUMBER_INJURED,PARTY_COUNT,PRIMARY_COLL_FACTOR,PCF_CODE_OF_VIOL,PCF_VIOL_CATEGORY,PCF_VIOLATION,PCF_VIOL_SUBSECTION,HIT_AND_RUN,TYPE_OF_COLLISION,MVIW,PED_ACTION,ROAD_SURFACE,ROAD_COND_1,ROAD_COND_2,LIGHTING,CONTROL_DEVICE,CHP_ROAD_TYPE,PEDESTRIAN_ACCIDENT,BICYCLE_ACCIDENT,MOTORCYCLE_ACCIDENT,TRUCK_ACCIDENT,NOT_PRIVATE_PROPERTY,ALCOHOL_INVOLVED,STWD_VEHTYPE_AT_FAULT,CHP_VEHTYPE_AT_FAULT,COUNT_SEVERE_INJ,COUNT_VISIBLE_INJ,COUNT_COMPLAINT_PAIN,COUNT_PED_KILLED,COUNT_PED_INJURED,COUNT_BICYCLIST_KILLED,COUNT_BICYCLIST_INJURED,COUNT_MC_KILLED,COUNT_MC_INJURED,PRIMARY_RAMP,SECONDARY_RAMP,LATITUDE,LONGITUDE,COUNTY,CITY,POINT_X,POINT_Y
9343969,2021,2021-10-12,3801,2021-08-28,1945,417,TARAV,6,5,7,3801,0,0,0,,0,3I16D,"19TH AV","BEVERLY ST",0.00,,Y,A,-,N,,,,,,,,,,N,3,0,1,2,A,-,06,21756,A,N,B,B,E,A,H,-,C,A,0,Y,,Y,,Y,,C,06,0,1,0,0,1,0,0,0,0,"- ","- ",,,"SAN FRANCISCO","SAN FRANCISCO",-122.47174835205078,37.716281890869141
9343970,2021,2021-10-12,3801,2021-08-28,2052,1308,SOUTH,6,5,7,3801,0,0,0,,0,3B14E,"16TH ST","MISSISSIPPI ST",0.00,,Y,A,-,N,,,,,,,,,,Y,3,0,2,1,A,-,03,22350,,F,E,I,A,A,H,-,C,A,0,,,,,Y,Y,A,01,0,1,1,0,0,0,0,0,0,"- ","- ",,,"SAN FRANCISCO","SAN FRANCISCO",-122.39506530761719,37.766536712646484
9343971,2021,2021-10-12,3801,2021-08-28,1621,936,CENTR,6,5,7,3801,0,0,0,,0,3A12D,"MARKET ST","1ST ST",0.00,,Y,A,-,N,,,,,,,,,,Y,3,0,4,2,A,-,01,23153,A,F,D,C,A,A,H,-,A,A,0,,,,,Y,Y,A,01,0,1,3,0,0,0,0,0,0,"- ","- ",,,"SAN FRANCISCO","SAN FRANCISCO",-122.39913940429688,37.791053771972656
9343972,2021,2021-10-12,3801,2021-08-26,1730,1696,NORTH,4,5,7,3801,0,0,0,,0,3E12D,"BUCHANAN ST","FELL ST",8.00,S,N,A,-,N,,,,,,,,,,N,4,0,1,2,A,-,10,21950,A,N,G,B,B,A,H,-,A,A,0,Y,,,,Y,,A,01,0,0,1,0,1,0,0,0,0,"- ","- ",,,"SAN FRANCISCO","SAN FRANCISCO",-122.42770385742188,37.775306701660156
9343973,2021,2021-10-13,3801,2021-08-03,2036,441,TRAFF,2,5,7,3801,0,0,0,,0,4B4C,"23RD ST","RHODE ISLAND ST",0.00,,Y,A,-,N,,,,,,,,,,Y,4,0,1,3,A,-,01,23152,A,F,G,B,E,A,D,-,D,A,0,Y,,,,Y,Y,A,01,0,0,1,0,1,0,0,0,0,"- ","- ",,,"SAN FRANCISCO","SAN FRANCISCO",-122.40162658691406,37.75457763671875
9343974,2021,2021-10-12,3801,2021-08-07,1805,4175,TRAFF,6,5,7,3801,0,0,0,,0,SOUTER,"HARRISON ST","5TH ST",6.00,W,N,A,-,N,,,,,,,,,,N,2,0,1,2,-,-,"- ",,,N,D,G,A,A,H,-,A,A,0,,Y,,,Y,,-,"- ",1,0,0,0,0,0,1,0,0,"- ","- ",,,"SAN FRANCISCO","SAN FRANCISCO",-122.40188598632812,37.779048919677734
9343975,2021,2021-10-12,3801,2021-08-26,0945,2085,TENDE,4,5,7,3801,0,0,0,,0,,"EDDY ST","HYDE ST",0.00,,Y,A,-,N,,,,,,,,,,,4,0,1,2,A,-,10,21950,A,N,G,B,B,A,H,-,A,A,0,Y,,,,Y,,A,01,0,0,1,0,1,0,0,0,0,"- ","- ",,,"SAN FRANCISCO","SAN FRANCISCO",-122.41588592529297,37.783512115478516
9343976,2021,2021-10-12,3801,2021-08-25,1847,2008,MISSI,3,5,7,3801,0,0,0,,0,3D15D,"FLORIDA ST","26TH ST",0.00,,Y,A,-,N,,,,,,,,,,Y,4,0,1,2,A,-,12,22450,A,F,D,C,A,A,H,-,A,A,0,,,,,Y,,A,01,0,0,1,0,0,0,0,0,0,"- ","- ",,,"SAN FRANCISCO","SAN FRANCISCO",-122.40975189208984,37.749546051025391
9343977,2021,2021-10-12,3801,2021-08-25,1943,278,TENDE,3,5,7,3801,0,0,0,,0,3J13D,"MASON ST","EDDY ST",0.00,,Y,A,-,N,,,,,,,,,,Y,4,0,1,4,A,-,03,22350,,N,B,C,A,A,H,-,C,A,0,,,,,Y,,A,01,0,0,1,0,0,0,0,0,0,"- ","- ",,,"SAN FRANCISCO","SAN FRANCISCO",-122.4093017578125,37.784374237060547
9343978,2021,2021-10-12,3801,2021-08-25,1611,273,RICHM,3,5,7,3801,0,0,0,,0,3G4D,"CLEMENT ST","28TH AV",16.00,W,N,A,-,N,,,,,,,,,,Y,4,0,1,2,A,-,01,23152,A,N,A,G,A,A,H,-,A,A,0,,Y,,,Y,Y,A,01,0,0,1,0,0,0,1,0,0,"- ","- ",,,"SAN FRANCISCO","SAN FRANCISCO",-122.48813629150391,37.781856536865234
9343979,2021,2021-10-12,3801,2021-08-24,2045,524,INGLE,2,5,7,3801,0,0,0,,0,3H11E,"DOLORES ST","SAN JOSE AV",0.00,,Y,A,-,N,,,,,,,,,,N,4,0,1,2,A,-,04,21703,,N,C,C,A,A,H,-,C,A,0,,,,,Y,,A,01,0,0,1,0,0,0,0,0,0,"- ","- ",,,"SAN FRANCISCO","SAN FRANCISCO",-122.42414093017578,37.740276336669922
9343980,2021,2022-03-16,3801,2021-08-24,2140,1972,MISSI,2,5,7,3801,0,0,0,,0,3D13E,"CAPP ST","22ND ST",0.00,,Y,A,-,N,,,,,,,,,,Y,4,0,1,3,A,-,00,21703,A,F,C,C,A,A,H,-,C,D,0,,,,,Y,Y,A,01,0,0,1,0,0,0,0,0,0,"- ","- ",,,"SAN FRANCISCO","SAN FRANCISCO",-122.41765594482422,37.755531311035156
9343981,2021,2021-10-13,3801,2021-08-23,1500,2183,TENDE,1,5,7,3801,0,0,0,,0,3J27,"7TH ST","STEVENSON ST",0.00,,Y,A,-,N,,,,,,,,,,N,4,0,1,2,A,-,08,22107,,F,D,G,A,A,H,-,A,-,0,,,,,Y,,-,,0,0,1,0,0,0,0,0,0,"- ","- ",,,"SAN FRANCISCO","SAN FRANCISCO",-122.41188812255859,37.779991149902344
9343982,2021,2021-10-13,3801,2021-08-23,2218,382,NORTH,1,5,7,3801,0,0,0,,0,,"CHESTNUT ST","SCOTT ST",0.00,,Y,A,-,N,,,,,,,,,,N,3,0,2,2,A,-,12,22450,A,N,D,C,A,A,H,-,C,A,0,,,,,Y,,-,,0,2,0,0,0,0,0,0,0,"- ","- ",,,"SAN FRANCISCO","SAN FRANCISCO",-122.44118499755859,37.800189971923828
9343983,2021,2021-10-13,3801,2021-08-24,0753,1217,MISSI,2,5,7,3801,0,0,0,,0,6CAR,"DUBOCE AV","S VAN NESS AV",0.00,,Y,A,-,N,,,,,,,,,,N,4,0,1,2,A,-,08,22107,,N,D,C,A,A,H,-,A,A,0,,,,,Y,,A,01,0,0,1,0,0,0,0,0,0,"- ","- ",,,"SAN FRANCISCO","SAN FRANCISCO",,
9343985,2021,2021-10-13,3801,2021-08-17,1815,1447,SOUTH,2,5,7,3801,0,0,0,,0,3B13A,"7TH ST","HUBBELL ST",0.00,,Y,A,-,N,,,,,,,,,,N,3,0,1,2,D,-,00,,,F,D,C,A,A,H,-,B,D,0,,,,,Y,,-,"- ",0,1,0,0,0,0,0,0,0,"- ","- ",,,"SAN FRANCISCO","SAN FRANCISCO",-122.39671325683594,37.767833709716797
9343986,2021,2021-10-13,3801,2021-08-22,1003,859,TENDE,7,5,7,3801,0,0,0,,0,03J,"ELLIS ST","HYDE ST",33.00,W,N,B,-,N,,,,,,,,,,,3,0,1,2,A,-,08,22107,,N,D,C,A,A,H,-,A,D,0,,,,,Y,,-,,0,1,0,0,0,0,0,0,0,"- ","- ",,,"SAN FRANCISCO","SAN FRANCISCO",-122.41617584228516,37.784435272216797
9343987,2021,2021-10-13,3801,2021-08-23,0009,2390,CENTR,1,5,7,3801,0,0,0,,0,3A11E,"STOCKTON ST","CHESTNUT ST",0.00,,Y,A,-,N,,,,,,,,,,Y,3,0,1,5,A,-,03,22350,,N,H,E,A,A,-,-,C,-,0,,,,,Y,,A,01,0,1,0,0,0,0,0,0,0,"- ","- ",,,"SAN FRANCISCO","SAN FRANCISCO",-122.40993499755859,37.804176330566406
9343988,2021,2021-10-13,3801,2021-08-18,1823,1155,SOUTH,3,5,7,3801,0,0,0,,0,3B12D,"HOWARD ST","RUSS ST",0.00,,Y,A,-,N,,,,,,,,,,N,4,0,1,1,A,-,03,22350,,N,-,A,A,A,H,-,A,A,0,,,,,Y,,-,,0,0,1,0,0,0,0,0,0,"- ","- ",,,"SAN FRANCISCO","SAN FRANCISCO",-122.40824890136719,37.77886962890625
9343992,2021,2021-10-13,3801,2021-08-26,2342,1371,NORTH,4,5,7,3801,0,0,0,,0,003,"POLK ST","SUTTER ST",0.00,,Y,A,-,N,,,,,,,,,,N,3,0,1,2,A,-,09,21801,A,N,D,G,A,A,H,-,C,A,0,,Y,,,Y,,A,01,0,1,0,0,0,0,1,0,0,"- ","- ",,,"SAN FRANCISCO","SAN FRANCISCO",-122.42010498046875,37.787761688232422
9343993,2021,2021-10-13,3801,2021-08-26,2136,2166,TENDE,4,5,7,3801,0,0,0,,0,3J15E,"OFARRELL ST","LARKIN ST",0.00,,Y,A,-,N,,,,,,,,,,N,3,0,1,2,A,-,12,21453,A,F,D,G,A,A,H,-,C,A,0,,Y,,,Y,,L,04,0,1,0,0,0,0,1,0,0,"- ","- ",,,"SAN FRANCISCO","SAN FRANCISCO",-122.41790008544922,37.785167694091797
9343994,2021,2021-10-13,3801,2021-08-26,1745,2419,RICHM,4,5,7,3801,0,0,0,,0,,"TURK BL","ARGUELLO BL",0.00,,Y,A,-,N,,,,,,,,,,,3,0,1,1,A,-,03,22350,,N,E,G,A,A,A,-,A,D,0,,Y,,,Y,,L,04,0,1,0,0,0,0,1,0,0,"- ","- ",,,"SAN FRANCISCO","SAN FRANCISCO",-122.45858764648438,37.777248382568359
9343997,2021,2021-10-13,3801,2021-08-19,1712,499,PARK,4,5,7,3801,0,0,0,,0,3F14D,"DIVISADERO ST","WALLER ST",0.00,,Y,A,-,N,,,,,,,,,,N,4,0,1,2,A,-,"- ",,,N,H,A,A,A,H,-,A,A,0,,,Y,,Y,,-,"- ",0,0,1,0,0,0,0,0,1,"- ","- ",,,"SAN FRANCISCO","SAN FRANCISCO",-122.43685913085938,37.770336151123047
9344000,2021,2021-10-13,3801,2021-08-31,1600,4132,MISSI,2,5,7,3801,0,0,0,,0,3-CAR,"S VAN NESS AV","14TH ST",0.00,,Y,A,-,N,,,,,,,,,,N,4,0,2,3,A,-,08,22107,,F,C,C,A,A,H,-,A,A,0,,,,,Y,,A,07,0,0,2,0,0,0,0,0,0,"- ","- ",,,"SAN FRANCISCO","SAN FRANCISCO",-122.41780090332031,37.768417358398438
9344181,2021,2021-10-08,3801,2021-08-16,0853,392,MISSI,1,5,7,3801,0,0,0,,0,3D14A,"CESAR CHAVEZ ST","TREAT AV",16.00,W,N,A,-,N,,,,,,,,,,Y,3,0,3,4,A,-,07,21658,A,N,C,E,A,A,H,-,A,D,0,,,,,Y,,A,07,0,1,2,0,0,0,0,0,0,"- ","- ",,,"SAN FRANCISCO","SAN FRANCISCO",-122.41264343261719,37.748329162597656
9344182,2021,2021-10-08,3801,2021-08-15,1456,936,CENTR,7,5,7,3801,0,0,0,,0,3A14D,"THE EMBARCADERO NORTH","STOCKTON ST",0.00,,Y,A,-,N,,,,,,,,,,N,4,0,1,2,A,-,10,21950,A,N,G,B,B,A,-,-,A,A,0,Y,,,,Y,,A,01,0,0,1,0,1,0,0,0,0,"- ","- ",,,"SAN FRANCISCO","SAN FRANCISCO",-122.41074371337891,37.808189392089844
9344183,2021,2021-10-08,3801,2021-08-14,2128,1480,MISSI,6,5,7,3801,0,0,0,,0,3D15E,"MARKET ST","15TH ST",0.00,,Y,A,-,N,,,,,,,,,,Y,4,0,1,2,A,-,17,21451,A,N,A,C,A,A,H,-,C,A,0,,,,,Y,,A,01,0,0,1,0,0,0,0,0,0,"- ","- ",,,"SAN FRANCISCO","SAN FRANCISCO",-122.43100738525391,37.765979766845703
9344184,2021,2021-10-08,3801,2021-08-14,2145,766,CENTR,6,5,7,3801,0,0,0,,0,3A3E,"HYDE ST","BROADWAY ST",0.00,,Y,A,-,N,,,,,,,,,,N,4,0,1,2,A,-,12,22450,A,N,G,B,B,A,H,-,C,A,0,Y,,,,Y,,A,01,0,0,1,0,1,0,0,0,0,"- ","- ",,,"SAN FRANCISCO","SAN FRANCISCO",-122.41850280761719,37.796428680419922
9344185,2021,2021-10-08,3801,2021-08-14,2220,1454,NORTH,6,5,7,3801,0,0,0,,0,3E13E,"POST ST","POLK ST",0.00,,Y,A,-,N,,,,,,,,,,Y,3,0,1,1,A,-,03,22350,,N,E,I,A,A,H,-,C,A,0,,,,,Y,Y,A,01,0,1,0,0,0,0,0,0,0,"- ","- ",,,"SAN FRANCISCO","SAN FRANCISCO",-122.41989898681641,37.786834716796875
9344186,2021,2021-10-08,3801,2021-08-15,1233,2238,TENDE,7,5,7,3801,0,0,0,,0,,"HYDE ST","GROVE ST",15.00,N,N,A,-,N,,,,,,,,,,N,4,0,1,2,A,-,21,22106,,N,H,E,A,A,H,-,A,A,0,,,,,Y,,A,01,0,0,1,0,0,0,0,0,0,"- ","- ",,,"SAN FRANCISCO","SAN FRANCISCO",-122.41492462158203,37.778896331787109
9344187,2021,2021-10-08,3801,2021-08-15,1307,2397,BAYVI,7,5,7,3801,0,0,0,,0,3C13A,"EVANS AV","NEWHALL ST",0.00,,Y,A,-,N,,,,,,,,,,N,4,0,1,2,A,-,12,22450,A,N,D,C,A,A,H,-,A,A,0,,,,,Y,,A,01,0,0,1,0,0,0,0,0,0,"- ","- ",,,"SAN FRANCISCO","SAN FRANCISCO",-122.38661956787109,37.741886138916016
9344188,2021,2021-10-20,3801,2021-08-14,2009,514,PARK,6,5,7,3801,0,0,0,,0,001,"7TH AV","IRVING ST",0.00,,Y,A,-,N,,,,,,,,,,N,4,0,1,2,A,-,08,22107,,N,B,C,A,A,H,-,C,A,0,,,Y,,Y,,A,01,0,0,1,0,0,0,0,0,1,"- ","- ",,,"SAN FRANCISCO","SAN FRANCISCO",-122.46416473388672,37.76416015625
9344189,2021,2021-10-08,3801,2021-08-14,1627,1148,MISSI,6,5,7,3801,0,0,0,,0,3D14D,"GURRERO ST","22ND ST",4.00,N,N,A,-,N,,,,,,,,,,N,4,0,1,2,A,-,12,21453,A,N,B,G,A,A,H,-,A,A,0,,Y,,,Y,,L,04,0,0,1,0,0,0,1,0,0,"- ","- ",,,"SAN FRANCISCO","SAN FRANCISCO",-122.42317962646484,37.755191802978516
9344190,2021,2021-10-19,3801,2021-08-14,1500,1406,CENTR,6,5,7,3801,0,0,0,,0,3A12C,"CALIFORNIA ST","HYDE ST",101.00,E,N,B,-,N,,,,,,,,,,N,4,0,1,1,C,-,18,,,N,E,I,A,A,G,-,A,D,0,,,Y,,Y,,-,"- ",0,0,1,0,0,0,0,0,1,"- ","- ",,,"SAN FRANCISCO","SAN FRANCISCO",-122.41705322265625,37.791034698486328
9344191,2021,2021-10-08,3801,2021-08-14,0228,1881,RICHM,6,5,7,3801,0,0,0,,0,0G3,"GEARY BL","W 3RD AV",10.00,W,N,A,-,N,,,,,,,,,,N,2,0,1,2,A,-,10,21950,A,F,G,B,B,A,H,-,C,A,0,Y,,,,Y,Y,A,01,1,0,0,0,1,0,0,0,0,"- ","- ",,,"SAN FRANCISCO","SAN FRANCISCO",-122.46110534667969,37.781227111816406
9345150,2021,2021-10-26,3801,2021-09-10,1654,2435,BAYVI,5,5,7,3801,0,0,0,,0,3C12D,"EVANS AV","TOLAND ST",0.00,,Y,A,-,N,,,,,,,,,,Y,4,0,1,2,A,-,12,21453,A,F,D,C,A,A,H,-,A,A,0,,,,,Y,,A,01,0,0,1,0,0,0,0,0,0,"- ","- ",,,"SAN FRANCISCO","SAN FRANCISCO",-122.39595031738281,37.747234344482422
9345151,2021,2021-10-26,3801,2021-09-23,2335,899,NORTH,4,5,7,3801,0,0,0,,0,3E13E,"FELL ST","LAGUNA ST",0.00,,Y,A,-,N,,,,,,,,,,N,4,0,1,2,A,-,00,20001,A,F,G,B,D,A,H,-,C,D,0,Y,,,,Y,,A,01,0,0,1,0,1,0,0,0,0,"- ","- ",,,"SAN FRANCISCO","SAN FRANCISCO",-122.42610168457031,37.775527954101562
9345152,2021,2021-10-26,3801,2021-09-07,1054,1982,MISSI,2,5,7,3801,0,0,0,,0,3D13A,"CESAR CHAVEZ ST","ALABAMA ST",0.00,,Y,A,-,N,,,,,,,,,,Y,4,0,1,3,A,-,12,21453,A,N,D,C,A,A,H,-,A,A,0,,,,,Y,,-,"- ",0,0,1,0,0,0,0,0,0,"- ","- ",,,"SAN FRANCISCO","SAN FRANCISCO",-122.41054534912109,37.748374938964844
9345154,2021,2021-10-27,3801,2021-09-13,0701,4286,RICHM,1,5,7,3801,0,0,0,,0,0G3,"PARK PRESIDIO BL","GEARY BL",20.00,S,N,A,-,Y,SF,4,1,-,-,5.490,H,-,N,Y,4,0,1,2,A,-,04,21703,,N,C,C,A,A,H,-,A,A,0,,,,,Y,,D,22,0,0,1,0,0,0,0,0,0,"- ","- ",,,"SAN FRANCISCO","SAN FRANCISCO",-122.47225189208984,37.780414581298828
9345157,2021,2021-10-26,3801,2021-09-27,1032,1978,BAYVI,1,5,7,3801,0,0,0,,0,001,"23RD ST","MINNESOTA ST",0.00,,Y,B,-,N,,,,,,,,,,Y,4,0,1,2,A,-,08,22100,A,F,A,C,A,A,H,-,A,A,0,,,,,Y,,A,07,0,0,1,0,0,0,0,0,0,"- ","- ",,,"SAN FRANCISCO","SAN FRANCISCO",-122.38997650146484,37.755268096923828
9345159,2021,2022-01-03,3801,2021-09-14,1740,1926,NORTH,2,5,7,3801,0,0,0,,0,3E13D,"OCTAVIA ST","OAK ST",0.00,,Y,A,-,N,,,,,,,,,,N,4,0,1,2,A,-,08,22107,,N,B,C,A,A,H,-,A,A,0,,,,,Y,,D,22,0,0,1,0,0,0,0,0,0,"- ","- ",,,"SAN FRANCISCO","SAN FRANCISCO",-122.42430114746094,37.774799346923828
9345161,2021,2022-03-18,3801,2021-09-02,1540,1784,TENDE,4,5,7,3801,0,0,0,,0,3J13D,"TURK ST","LEAVENWORTH ST",40.00,W,N,A,-,N,,,,,,,,,,N,4,0,1,2,A,-,21,22106,,N,G,B,F,A,H,-,A,A,0,Y,,,Y,Y,,F,26,0,0,1,0,1,0,0,0,0,"- ","- ",,,"SAN FRANCISCO","SAN FRANCISCO",-122.41417694091797,37.782779693603516
9345163,2021,2022-07-29,3801,2021-09-05,1505,4314,RICH,7,5,7,3801,0,0,0,,0,0G2,"ARGUELLO BL","CABRILLO ST",68.00,N,N,A,-,N,,,,,,,,,,N,4,0,1,1,A,-,03,22350,,N,F,I,A,A,H,-,A,D,0,,,,,Y,,M,94,0,0,1,0,0,0,0,0,0,"- ","- ",,,"SAN FRANCISCO","SAN FRANCISCO",-122.45848083496094,37.775806427001953
9345164,2021,2021-10-26,3801,2021-09-05,1720,1512,BAYVI,7,5,7,3801,0,0,0,,0,0C5,"GILMAN AV","JENNINGS ST",40.00,E,N,A,-,N,,,,,,,,,,Y,4,0,1,2,A,-,03,22350,,M,B,E,A,A,H,-,A,D,0,,,Y,,Y,,C,03,0,0,1,0,0,0,0,0,1,"- ","- ",,,"SAN FRANCISCO","SAN FRANCISCO",-122.39363861083984,37.721324920654297
9345166,2021,2022-03-04,3801,2021-09-03,1103,2065,NORTH,5,5,7,3801,0,0,0,,0,3E14A,"VAN NESS AV","VALLEJO ST",0.00,,Y,A,-,Y,SF,4,101,-,-,6.350,H,-,N,N,4,0,1,2,A,-,03,22350,,N,C,C,A,A,H,-,A,A,0,,,,,Y,,D,22,0,0,1,0,0,0,0,0,0,"- ","- ",,,"SAN FRANCISCO","SAN FRANCISCO",-122.42342376708984,37.796230316162109
9345577,2021,2021-10-21,3801,2021-06-30,1800,1886,TENDE,3,5,7,3801,0,0,0,,0,3J99C,"MARKET ST","5TH ST",0.00,,Y,A,-,N,,,,,,,,,,N,3,0,1,2,A,-,10,21950,A,N,G,B,B,A,H,-,A,A,0,Y,,,,Y,,-,,0,1,0,0,1,0,0,0,0,"- ","- ",,,"SAN FRANCISCO","SAN FRANCISCO",-122.40805816650391,37.78399658203125
9345578,2021,2021-10-29,3801,2021-06-23,1954,1830,NORTH,3,5,7,3801,0,0,0,,0,,"VAN NESS AV","MCALLISTER ST",0.00,,Y,A,-,N,,,,,,,,,,N,3,0,2,3,A,-,12,21453,,N,D,B,B,A,H,-,A,A,0,Y,,Y,,Y,Y,-,"- ",0,2,0,0,2,0,0,0,0,"- ","- ",,,"SAN FRANCISCO","SAN FRANCISCO",-122.42020416259766,37.780055999755859
9345601,2021,2021-10-30,3801,2021-09-26,1720,2147,NORTH,7,5,7,3801,0,0,0,,0,1CAR,"HAIGHT ST","BUCHANAN ST",0.00,,Y,B,-,N,,,,,,,,,,,4,0,1,3,A,-,03,22350,,N,C,C,A,A,H,-,A,A,0,,,,,Y,,A,01,0,0,1,0,0,0,0,0,0,"- ","- ",,,"SAN FRANCISCO","SAN FRANCISCO",-122.42716979980469,37.772533416748047
9345603,2021,2021-10-30,3801,2021-09-26,1531,KAJASA,MISSI,7,5,7,3801,0,0,0,,0,,"MISSION ST","18TH ST",63.00,S,N,A,-,N,,,,,,,,,,N,4,0,1,2,A,-,17,21208,A,N,B,G,A,A,H,-,A,D,0,,Y,,,Y,,L,04,0,0,1,0,0,0,0,0,0,"- ","- ",,,"SAN FRANCISCO","SAN FRANCISCO",-122.41935729980469,37.761669158935547
9345604,2021,2021-10-30,3801,2021-09-26,1440,1467,MISSI,7,5,7,3801,0,0,0,,0,3D114,"VALENCIA ST","14TH ST",0.00,,Y,A,-,N,,,,,,,,,,N,4,0,1,2,A,-,10,21950,A,N,G,B,B,A,H,-,A,A,0,Y,,,,Y,,A,01,0,0,1,0,1,0,0,0,0,"- ","- ",,,"SAN FRANCISCO","SAN FRANCISCO",-122.42218017578125,37.768150329589844
9345605,2021,2021-10-30,3801,2021-09-26,0658,1362,RICHM,7,5,7,3801,0,0,0,,0,0G5,"BALBOA ST","45TH AV",0.00,,Y,A,-,N,,,,,,,,,,N,4,0,1,4,A,-,08,22107,,N,-,E,A,A,-,-,B,D,0,,,Y,,Y,,A,01,0,0,1,0,0,0,0,0,0,"- ","- ",,,"SAN FRANCISCO","SAN FRANCISCO",-122.50592041015625,37.775321960449219
9345609,2021,2021-10-30,3801,2021-09-13,1250,1875,TARAV,1,5,7,3801,0,0,0,,0,3I46,"OCEAN AV","OCEAN AV 1728",0.00,,-,A,-,N,,,,,,,,,,Y,4,0,1,1,A,-,07,21658,A,N,E,I,A,A,H,-,A,D,0,,,,,Y,,A,01,0,0,1,0,0,0,0,0,0,"- ","- ",,,"SAN FRANCISCO","SAN FRANCISCO",,
9345610,2021,2021-10-30,3801,2021-09-13,1115,4314,RICHM,1,5,7,3801,0,0,0,,0,0G2,"BUSH ST","PRESIDIO AV",20.00,E,N,A,-,N,,,,,,,,,,N,4,0,1,2,A,-,10,21950,A,F,G,B,-,A,H,-,A,A,0,Y,,,,Y,,A,07,0,0,1,0,1,0,0,0,0,"- ","- ",,,"SAN FRANCISCO","SAN FRANCISCO",-122.44635009765625,37.785377502441406
9345611,2021,2021-10-30,3801,2021-09-13,1634,4041,TARAV,1,5,7,3801,0,0,0,,0,3I11D,"14TH AV","TARAVAL ST",0.00,,Y,A,-,N,,,,,,,,,,N,2,0,2,3,D,-,00,,,N,G,B,B,A,H,-,A,D,0,Y,,,,Y,,-,"- ",1,1,0,0,2,0,0,0,0,"- ","- ",,,"SAN FRANCISCO","SAN FRANCISCO",-122.47023010253906,37.743289947509766
9345612,2021,2021-10-30,3801,2021-09-13,1747,2732,CENTR,1,5,7,3801,0,0,0,,0,3A12D,"POWELL ST","SACRAMENTO ST",0.00,,Y,A,-,N,,,,,,,,,,,3,0,1,2,A,-,10,21950,A,F,G,B,B,A,H,-,A,A,0,Y,,,,Y,,-,,0,1,0,0,1,0,0,0,0,"- ","- ",,,"SAN FRANCISCO","SAN FRANCISCO",-122.40936279296875,37.792987823486328
9345613,2021,2021-10-30,3801,2021-09-14,0627,BAYVIEW,BAYVI,2,5,7,3801,0,0,0,,0,3C13,"WHITNEY YOUNG CIR","HUDSON AV",0.00,,Y,A,-,N,,,,,,,,,,N,3,0,1,2,A,-,10,21950,A,F,G,B,B,A,H,-,B,A,0,Y,,,,Y,,-,,0,1,0,0,1,0,0,0,0,"- ","- ",,,"SAN FRANCISCO","SAN FRANCISCO",-122.38227844238281,37.733608245849609
9345614,2021,2021-10-30,3801,2021-09-14,1715,1427,,2,5,7,3801,0,0,0,,0,,"9TH ST","JESSIE ALY",0.00,,Y,A,-,N,,,,,,,,,,,4,0,1,2,A,-,05,21650,1,N,B,G,A,A,H,-,A,D,0,,Y,,,Y,Y,L,04,0,0,1,0,0,0,1,0,0,"- ","- ",,,"SAN FRANCISCO","SAN FRANCISCO",-122.41532897949219,37.776706695556641
9345615,2021,2021-10-30,3801,2021-09-14,1507,1826,CENTR,2,5,7,3801,0,0,0,,0,003,"COLUMBUS AV","NORTHPOINT DR",0.00,,Y,A,-,N,,,,,,,,,,N,4,0,1,2,A,-,05,21460,A,N,D,G,A,A,H,-,A,A,0,,Y,,,Y,,A,01,0,0,1,0,0,0,1,0,0,"- ","- ",,,"SAN FRANCISCO","SAN FRANCISCO",-122.41836547851562,37.805976867675781
9345616,2021,2021-10-30,3801,2021-09-14,2214,1823,SOUTH,2,5,7,3801,0,0,0,,0,003,"6TH ST","HARRISON ST",0.00,,Y,A,-,N,,,,,,,,,,Y,3,0,1,2,A,-,10,21950,A,F,D,B,B,A,H,-,C,A,0,Y,,,,Y,,A,01,0,1,0,0,1,0,0,0,0,"- ","- ",,,"SAN FRANCISCO","SAN FRANCISCO",-122.40408325195312,37.777309417724609
9345618,2021,2021-10-30,3801,2021-09-07,0935,2196,MISSI,2,5,7,3801,0,0,0,,0,3D11A,"DUBOCE AV","VALENCIA ST",0.00,,Y,A,-,N,,,,,,,,,,N,3,0,1,2,A,-,05,21650,,N,A,C,A,A,H,-,A,A,0,,,,,Y,,-,,0,1,0,0,0,0,0,0,0,"- ","- ",,,"SAN FRANCISCO","SAN FRANCISCO",-122.42236328125,37.769866943359375
9345619,2021,2021-10-30,3801,2021-09-07,0832,1872,MISSI,2,5,7,3801,0,0,0,,0,3D11A,"16TH ST","GUERRERO ST",0.00,,Y,A,-,N,,,,,,,,,,N,3,0,1,1,A,-,06,21755,A,N,H,A,A,A,H,-,A,A,0,,,Y,,Y,,C,02,0,1,0,0,0,0,0,0,1,"- ","- ",,,"SAN FRANCISCO","SAN FRANCISCO",-122.42410278320312,37.764781951904297