CASE_ID,ACCIDENT_YEAR,PROC_DATE,JURIS,COLLISION_DATE,COLLISION_TIME,OFFICER_ID,REPORTING_DISTRICT,DAY_OF_WEEK,CHP_SHIFT,POPULATION,CNTY_CITY_LOC,SPECIAL_COND,BEAT_TYPE,CHP_BEAT_TYPE,CITY_DIVISION_LAPD,CHP_BEAT_CLASS,BEAT_NUMBER,PRIMARY_RD,SECONDARY_RD,DISTANCE,DIRECTION,INTERSECTION,WEATHER_1,WEATHER_2,STATE_HWY_IND,CALTRANS_COUNTY,CALTRANS_DISTRICT,STATE_ROUTE,ROUTE_SUFFIX,POSTMILE_PREFIX,POSTMILE,LOCATION_TYPE,RAMP_INTERSECTION,SIDE_OF_HWY,TOW_AWAY,COLLISION_SEVERITY,NUMBER_KILLED,NUMBER_INJURED,PARTY_COUNT,PRIMARY_COLL_FACTOR,PCF_CODE_OF_VIOL,PCF_VIOL_CATEGORY,PCF_VIOLATION,PCF_VIOL_SUBSECTION,HIT_AND_RUN,TYPE_OF_COLLISION,MVIW,PED_ACTION,ROAD_SURFACE,ROAD_COND_1,ROAD_COND_2,LIGHTING,CONTROL_DEVICE,CHP_ROAD_TYPE,PEDESTRIAN_ACCIDENT,BICYCLE_ACCIDENT,MOTORCYCLE_ACCIDENT,TRUCK_ACCIDENT,NOT_PRIVATE_PROPERTY,ALCOHOL_INVOLVED,STWD_VEHTYPE_AT_FAULT,CHP_VEHTYPE_AT_FAULT,COUNT_SEVERE_INJ,COUNT_VISIBLE_INJ,COUNT_COMPLAINT_PAIN,COUNT_PED_KILLED,COUNT_PED_INJURED,COUNT_BICYCLIST_KILLED,COUNT_BICYCLIST_INJURED,COUNT_MC_KILLED,COUNT_MC_INJURED,PRIMARY_RAMP,SECONDARY_RAMP,LATITUDE,LONGITUDE,COUNTY,CITY,POINT_X,POINT_Y
9347333,2021,2021-10-28,3801,2021-09-28,2208,2124,INGLE,2,5,7,3801,0,0,0,,0,3H11E,"MISSION ST","RANDALL ST",0.00,,Y,A,-,N,,,,,,,,,,N,4,0,1,2,A,-,12,22450,,F,H,C,A,A,H,-,D,D,0,,,,,Y,,A,01,0,0,1,0,0,0,0,0,0,"- ","- ",,,"SAN FRANCISCO","SAN FRANCISCO",-122.42362213134766,37.739799499511719
9347334,2021,2021-10-28,3801,2021-09-28,2046,A09968,PARK,2,5,7,3801,0,0,0,,0,3F13D,"FELL ST","SHRADER ST",15.00,W,N,A,-,N,,,,,,,,,,N,4,0,1,1,A,-,01,23152,A,N,H,J,A,A,H,-,C,A,0,,,,,Y,Y,A,08,0,0,1,0,0,0,0,0,0,"- ","- ",,,"SAN FRANCISCO","SAN FRANCISCO",-122.45246124267578,37.772136688232422
9347335,2021,2021-10-28,3801,2021-09-28,1516,397,BAYVI,2,5,7,3801,0,0,0,,0,3C11D,"CESAR CHAVEZ ST","RT 280",0.00,,Y,A,-,N,,,,,,,,,,N,3,0,1,2,A,-,05,21651,B,N,A,G,A,A,H,-,A,A,0,,Y,,,Y,,L,04,0,1,0,0,0,0,1,0,0,"- ",NF,,,"SAN FRANCISCO","SAN FRANCISCO",-122.39228820800781,37.750057220458984
9347336,2021,2021-10-28,3801,2021-09-28,1453,327,MISSI,2,5,7,3801,0,0,0,,0,3D11C,"GUERRERO ST","25TH ST",15.00,N,N,A,-,N,,,,,,,,,,N,4,0,2,3,A,-,03,22350,,N,C,C,A,A,H,-,A,A,0,,,,,Y,,A,01,0,0,2,0,0,0,0,0,0,"- ","- ",,,"SAN FRANCISCO","SAN FRANCISCO",-122.42272186279297,37.750431060791016
9347337,2021,2021-10-28,3801,2021-09-28,1025,1817,CENTR,2,5,7,3801,0,0,0,,0,3A12A,HYDE,"FILBERT ST",0.00,,Y,A,-,N,,,,,,,,,,Y,3,0,1,3,A,-,12,22450,A,M,D,C,A,A,H,-,A,D,0,,,,,Y,,A,01,0,1,0,0,0,0,0,0,0,"- ","- ",,,"SAN FRANCISCO","SAN FRANCISCO",-122.41925048828125,37.800144195556641
9347338,2021,2021-11-05,3801,2021-09-28,0830,4331,SOUTH,2,5,7,3801,0,0,0,,0,"SF SUP","3RD ST","HARRISON ST",0.00,,Y,A,-,N,,,,,,,,,,N,4,0,1,2,A,-,00,12500,A,N,B,C,A,A,H,-,A,A,0,,,,,Y,,A,01,0,0,1,0,0,0,0,0,0,"- ","- ",,,"SAN FRANCISCO","SAN FRANCISCO",-122.39739227294922,37.782550811767578
9347339,2021,2021-10-28,3801,2021-09-28,0820,2390,CENTR,2,5,7,3801,0,0,0,,0,3A13A,"BUSH ST","LARKIN ST",0.00,,Y,A,-,N,,,,,,,,,,N,3,0,1,2,A,-,11,21456,B,N,G,B,B,A,H,-,A,A,0,Y,,,,Y,,N,60,0,1,0,0,1,0,0,0,0,"- ","- ",,,"SAN FRANCISCO","SAN FRANCISCO",-122.41867065429688,37.788902282714844
9347340,2021,2021-10-28,3801,2021-09-28,0600,1602,SOUTH,2,5,7,3801,0,0,0,,0,SECTOR,"10TH ST","BRYANT ST",0.00,,Y,A,-,N,,,,,,,,,,N,2,0,1,2,A,-,12,21453,A,F,G,B,B,A,H,-,B,A,0,Y,,,,Y,,-,99,1,0,0,0,1,0,0,0,0,"- ","- ",,,"SAN FRANCISCO","SAN FRANCISCO",-122.40973663330078,37.770336151123047
9347341,2021,2021-10-27,3801,2021-09-27,1033,156,BAYVI,1,5,7,3801,0,0,0,,0,3C60,"NAPOLEON ST","NAPOLEON ST 160",11.00,S,N,B,-,N,,,,,,,,,,Y,4,0,1,2,A,-,09,21801,A,N,D,C,A,A,H,-,A,D,0,,,,,Y,,A,01,0,0,1,0,0,0,0,0,0,"- ","- ",,,"SAN FRANCISCO","SAN FRANCISCO",,
9347342,2021,2021-11-05,3801,2021-09-27,0840,4305,NORTH,1,5,7,3801,0,0,0,,0,,"MARKET ST","GUERRERO ST",0.00,,Y,B,-,N,,,,,,,,,,Y,4,0,1,2,A,-,08,22107,,N,A,E,A,B,H,-,A,A,0,,,,,Y,,A,01,0,0,1,0,0,0,0,0,0,"- ","- ",,,"SAN FRANCISCO","SAN FRANCISCO",-122.42485809326172,37.770748138427734
9347343,2021,2021-10-28,3801,2021-09-27,0011,A23182,INGLE,1,5,7,3801,0,0,0,,0,3H15E,"EDINBURGH ST","EDINBURGH ST 710",0.00,,Y,F,-,N,,,,,,,,,,Y,2,0,2,3,A,-,01,23153,B,N,B,J,E,B,H,-,C,D,0,Y,,,,Y,Y,A,01,1,1,0,0,1,0,0,0,0,"- ","- ",,,"SAN FRANCISCO","SAN FRANCISCO",,
9347344,2021,2021-10-28,3801,2021-09-30,2233,1406,CENTR,4,5,7,3801,0,0,0,,0,3A1,"TAYLOR ST","BUSH ST",0.00,,Y,A,-,N,,,,,,,,,,Y,4,0,1,2,A,-,12,21453,A,F,D,C,A,A,H,-,C,A,0,,,,,Y,,A,01,0,0,1,0,0,0,0,0,0,"- ","- ",,,"SAN FRANCISCO","SAN FRANCISCO",-122.41207122802734,37.789756774902344
9347345,2021,2021-10-28,3801,2021-09-30,2147,245,BAYVI,4,5,7,3801,0,0,0,,0,02C,"INDUSTRIAL ST","BAY SHORE BL",0.00,,Y,A,-,N,,,,,,,,,,Y,3,0,3,3,A,-,08,22107,,N,F,C,A,A,H,-,C,A,0,,,,,Y,,A,01,0,1,2,0,0,0,0,0,0,"- ","- ",,,"SAN FRANCISCO","SAN FRANCISCO",-122.40695953369141,37.737998962402344
9347346,2021,2021-10-28,3801,2021-09-29,1804,2435,BAYVI,3,5,7,3801,0,0,0,,0,3C12D,"SILVER AV","MERRILL ST",0.00,,Y,A,-,N,,,,,,,,,,N,2,0,1,2,A,-,10,21950,A,N,G,B,B,A,H,-,A,A,0,Y,,,,Y,,A,01,1,0,0,0,1,0,0,0,0,"- ","- ",,,"SAN FRANCISCO","SAN FRANCISCO",-122.40892028808594,37.731430053710938
9347347,2021,2021-10-28,3801,2021-09-29,1804,970,SOUTH,3,5,7,3801,0,0,0,,0,0B1,EMBARCADERO,"TOWNSEND ST",397.00,N,N,A,-,N,,,,,,,,,,N,2,0,1,1,A,-,00,21968,A,N,H,A,A,A,H,-,A,D,0,,,,,Y,,M,94,1,0,0,0,0,0,0,0,0,"- ","- ",,,"SAN FRANCISCO","SAN FRANCISCO",-122.38832855224609,37.782878875732422
9347348,2021,2021-10-28,3801,2021-09-29,0700,4798,NORTH,3,5,7,3801,0,0,0,,0,3E00D,"LAGUNA ST","MARINA BL",100.00,S,N,A,-,N,,,,,,,,,,N,3,0,1,2,A,-,10,21952,,F,G,B,D,A,H,-,A,D,0,Y,,,,Y,,A,01,0,1,0,0,1,0,0,0,0,"- ","- ",,,"SAN FRANCISCO","SAN FRANCISCO",-122.43201446533203,37.804939270019531
9347349,2021,2021-10-28,3801,2021-09-29,1630,1096,CENTR,3,5,7,3801,0,0,0,,0,3A13D,"PINE ST","DAVIS ST",65.00,W,N,A,-,N,,,,,,,,,,N,4,0,1,2,A,-,11,21954,A,N,G,B,D,A,H,-,A,D,0,Y,,,,Y,,N,60,0,0,1,0,1,0,0,0,0,"- ","- ",,,"SAN FRANCISCO","SAN FRANCISCO",-122.39756011962891,37.792507171630859
9347350,2021,2021-10-28,3801,2021-09-29,1613,2407,MISSI,3,5,7,3801,0,0,0,,0,3D15D,"MISSION ST","14TH ST",0.00,,Y,A,-,N,,,,,,,,,,N,4,0,1,2,A,-,10,21950,A,N,G,B,B,A,H,-,A,A,0,Y,,,,Y,,A,01,0,0,1,0,1,0,0,0,0,"- ","- ",,,"SAN FRANCISCO","SAN FRANCISCO",-122.41996765136719,37.768291473388672
9347351,2021,2021-10-28,3801,2021-09-29,1501,2237,SOUTH,3,5,7,3801,0,0,0,,0,3B15C,"7TH ST","MINNA ST",0.00,,Y,A,-,N,,,,,,,,,,Y,4,0,1,2,A,-,03,22350,,N,C,C,A,A,H,-,A,A,0,,,,,Y,,A,01,0,0,1,0,0,0,0,0,0,"- ","- ",,,"SAN FRANCISCO","SAN FRANCISCO",-122.41038513183594,37.778785705566406
9347352,2021,2021-10-28,3801,2021-09-28,2020,1909,NORTH,2,5,7,3801,0,0,0,,0,3E15D,"RICHARDSON AV","CHESTNUT ST",5.00,N,N,A,-,N,,,,,,,,,,Y,3,0,1,1,A,-,08,22107,,N,E,I,A,A,H,-,C,A,0,,,,,Y,,A,01,0,1,0,0,0,0,0,0,0,"- ","- ",,,"SAN FRANCISCO","SAN FRANCISCO",-122.44599151611328,37.799587249755859
9347353,2021,2021-10-28,3801,2021-09-26,1420,1118,SOUTH,7,5,7,3801,0,0,0,,0,3B13A,"MARKET ST","MCCOPPIN ST",40.00,E,N,A,-,N,,,,,,,,,,N,4,0,1,2,A,-,08,22107,,N,H,A,A,A,H,-,A,D,0,,,Y,,Y,,A,01,0,0,1,0,0,0,0,0,1,"- ","- ",,,"SAN FRANCISCO","SAN FRANCISCO",-122.42369079589844,37.771503448486328
9347354,2021,2021-10-28,3801,2021-09-26,1340,1052,RICHM,7,5,7,3801,0,0,0,,0,3G4C,"GEARY BL","7TH AV",70.00,W,N,A,-,N,,,,,,,,,,N,4,0,2,2,A,-,03,22350,,N,C,C,A,A,H,-,A,A,0,,,,,Y,,A,01,0,0,2,0,0,0,0,0,0,"- ","- ",,,"SAN FRANCISCO","SAN FRANCISCO",-122.46561431884766,37.781017303466797
9347355,2021,2021-10-28,3801,2021-09-20,2120,4084,TRAFF,1,5,7,3801,0,0,0,,0,4B4B,"MCALLISTER ST","LARKIN ST",5.00,E,N,A,-,N,,,,,,,,,,Y,3,0,1,2,A,-,11,21456,B,F,A,B,B,A,H,-,C,A,0,Y,,,,Y,Y,-,"- ",0,1,0,0,1,0,0,0,0,"- ","- ",,,"SAN FRANCISCO","SAN FRANCISCO",-122.41692352294922,37.780502319335938
9347356,2021,2021-10-28,3801,2021-09-09,1400,1053,TARAV,4,5,7,3801,0,0,0,,0,3I15A,"SLOAT BL","VALE AV",42.00,E,N,A,-,N,,,,,,,,,,N,4,0,1,2,A,-,08,22107,,N,-,G,A,A,H,-,A,A,0,,Y,,,Y,,A,01,0,0,1,0,0,0,1,0,0,"- ","- ",,,"SAN FRANCISCO","SAN FRANCISCO",-122.48391723632812,37.734443664550781
9347357,2021,2021-10-28,3801,2021-09-09,1320,2337,INGLE,4,5,7,3801,0,0,0,,0,3H12C,"VISTACION AV","SCHWERIN ST",0.00,,Y,A,-,N,,,,,,,,,,Y,4,0,1,3,A,-,12,22450,A,N,D,D,A,A,H,-,A,D,0,,,,,Y,,A,01,0,0,1,0,0,0,0,0,0,"- ","- ",,,"SAN FRANCISCO","SAN FRANCISCO",-122.41062164306641,37.712223052978516
9347358,2021,2021-10-28,3801,2021-09-08,1533,577,TARAV,3,5,7,3801,0,0,0,,0,0I5,"BROTHERHOOD WY","LAKE MERCED BL",248.00,E,N,A,-,N,,,,,,,,,,Y,4,0,1,3,A,-,03,22350,,N,C,-,A,A,H,-,A,D,0,,,,,Y,,A,01,0,0,1,0,0,0,0,0,0,"- ","- ",,,"SAN FRANCISCO","SAN FRANCISCO",-122.48440551757812,37.714607238769531
9347359,2021,2021-10-28,3801,2021-09-20,0632,1917,TARAV,1,5,7,3801,0,0,0,,0,3I16A,"OCEAN AV","JULES AV",0.00,,Y,A,-,N,,,,,,,,,,Y,4,0,1,2,A,-,08,22107,,N,D,C,A,A,H,-,A,A,0,,,,,Y,,A,01,0,0,1,0,0,0,0,0,0,"- ","- ",,,"SAN FRANCISCO","SAN FRANCISCO",-122.46123504638672,37.724948883056641
9347360,2021,2021-10-28,3801,2021-09-30,1420,2210,SOUTH,4,5,7,3801,0,0,0,,0,0B4,"MARKET ST","OCTAVIA ST",0.00,,Y,A,-,N,,,,,,,,,,N,4,0,1,2,A,-,08,22101,D,N,D,G,A,A,-,-,A,A,0,,Y,,,Y,,A,01,0,0,1,0,0,0,1,0,0,"- ","- ",,,"SAN FRANCISCO","SAN FRANCISCO",-122.42359161376953,37.771774291992188
9347437,2021,2021-11-08,3801,2021-09-02,0108,1024,TENDE,4,5,7,3801,0,0,0,,0,3J13E,"LARKIN ST",MARKET,0.00,,Y,A,-,N,,,,,,,,,,Y,4,0,1,1,A,-,07,21658,,N,H,A,A,B,H,-,C,A,0,,,Y,,Y,,C,03,0,0,1,0,0,0,0,0,1,"- ","- ",,,"SAN FRANCISCO","SAN FRANCISCO",-122.41632843017578,37.777500152587891
9347438,2021,2021-11-08,3801,2021-09-05,2148,1987,TARAV,7,5,7,3801,0,0,0,,0,,"JUDAH ST","24TH AV",0.00,,Y,A,-,N,,,,,,,,,,N,4,0,1,3,A,-,01,21200,5,N,B,G,A,A,H,-,C,D,0,,Y,,,Y,Y,L,04,0,0,1,0,0,0,1,0,0,"- ","- ",,,"SAN FRANCISCO","SAN FRANCISCO",-122.48236846923828,37.761470794677734
9347439,2021,2021-10-28,3801,2021-09-04,0112,2368,TENDE,6,5,7,3801,0,0,0,,0,0J5,"ELLIS ST","TAYLOR ST",0.00,,Y,A,-,N,,,,,,,,,,,4,0,1,2,A,-,12,21453,A,F,B,G,A,A,H,-,C,A,0,,Y,,,Y,Y,-,99,0,0,1,0,0,0,1,0,0,"- ","- ",,,"SAN FRANCISCO","SAN FRANCISCO",-122.41112518310547,37.78509521484375
9347440,2021,2021-11-08,3801,2021-09-03,2202,2166,TENDE,5,5,7,3801,0,0,0,,0,,"ELLIS ST","LEAVENWORTH ST",0.00,,Y,A,-,N,,,,,,,,,,,4,0,1,2,A,-,03,22350,,N,G,B,B,A,H,-,C,A,0,Y,,,,Y,Y,A,01,0,0,1,0,1,0,0,0,0,"- ","- ",,,"SAN FRANCISCO","SAN FRANCISCO",-122.41442108154297,37.784671783447266
9347721,2021,2021-10-27,3801,2021-09-30,1115,885,BAYVI,4,5,7,3801,0,0,0,,0,0O1,"EVANS AV","CESAR CHAVEZ ST",20.00,S,N,A,-,N,,,,,,,,,,N,4,0,1,2,A,-,03,22350,,F,C,C,A,A,H,-,A,A,0,,,,,Y,,A,08,0,0,1,0,0,0,0,0,0,"- ","- ",,,"SAN FRANCISCO","SAN FRANCISCO",-122.39729309082031,37.749637603759766
9347722,2021,2021-10-27,3801,2021-09-30,0901,1118,SOUTH,4,5,7,3801,0,0,0,,0,3B14A,"11TH ST","BRYANT ST",88.00,N,N,A,-,N,,,,,,,,,,N,4,0,1,3,A,-,08,22107,,N,D,G,A,A,H,-,A,D,0,,Y,,,Y,,A,01,0,0,1,0,0,0,1,0,0,"- ","- ",,,"SAN FRANCISCO","SAN FRANCISCO",-122.41101837158203,37.769493103027344
9347723,2021,2021-10-27,3801,2021-09-29,1204,1825,SOUTH,3,5,7,3801,0,0,0,,0,3B12A,"MISSION ST","MINT ST",0.00,,Y,A,-,N,,,,,,,,,,N,3,0,1,4,A,-,09,21804,A,N,D,C,A,A,H,-,A,A,0,,,Y,,Y,,A,01,0,1,0,0,0,0,0,0,1,"- ","- ",,,"SAN FRANCISCO","SAN FRANCISCO",-122.40716552734375,37.782188415527344
9347724,2021,2021-10-27,3801,2021-09-17,1634,1467,MISSI,5,5,7,3801,0,0,0,,0,3D13D,"S VAN NESS AV","21ST ST",135.00,S,N,A,-,N,,,,,,,,,,N,4,0,2,2,A,-,04,21703,,N,C,C,A,A,H,-,A,A,0,,,,,Y,,A,01,0,0,2,0,0,0,0,0,0,"- ","- ",,,"SAN FRANCISCO","SAN FRANCISCO",-122.41670989990234,37.756790161132812
9347725,2021,2021-10-27,3801,2021-09-20,2116,1435,TRAFF,1,5,7,3801,0,0,0,,0,4B4I,"MISSION ST","15TH ST",220.00,S,N,A,-,N,,,,,,,,,,N,2,0,1,2,A,-,11,21955,,F,G,B,D,A,H,-,C,D,0,Y,,,,Y,,N,60,1,0,0,0,1,0,0,0,0,"- ","- ",,,"SAN FRANCISCO","SAN FRANCISCO",-122.41976165771484,37.766067504882812
9347726,2021,2021-10-27,3801,2021-09-17,1700,4798,NORTH,5,5,7,3801,0,0,0,,0,3E00D,"OCTAVIA BL","OAK ST",0.00,,Y,A,-,N,,,,,,,,,,N,3,0,1,2,A,-,03,22350,,F,D,G,A,A,H,-,A,A,0,,Y,,,Y,,A,01,0,1,0,0,0,0,1,0,0,"- ","- ",,,"SAN FRANCISCO","SAN FRANCISCO",-122.42430114746094,37.774799346923828
9347727,2021,2021-10-27,3801,2021-09-18,0300,4798,NORTH,6,5,7,3801,0,0,0,,0,3E00D,"LARKIN ST","MCALLISTER ST",0.00,,Y,A,-,N,,,,,,,,,,N,3,0,1,2,A,-,12,21453,A,F,C,C,A,A,H,-,C,A,0,,,Y,,Y,,A,01,0,1,0,0,0,0,0,0,1,"- ","- ",,,"SAN FRANCISCO","SAN FRANCISCO",-122.41693878173828,37.780498504638672
9348881,2022,2022-06-16,3801,2022-05-12,1508,301,INGLE,4,5,7,3801,0,0,0,,0,3H12C,"CHURCH ST","28TH ST",0.00,,Y,A,-,N,,,,,,,,,,Y,4,0,2,3,A,-,09,21800,A,N,D,C,A,-,H,-,A,A,0,,,,,Y,,A,07,0,0,2,0,0,0,0,0,0,"- ","- ",,,"SAN FRANCISCO","SAN FRANCISCO",-122.42681884765625,37.745307922363281
9348884,2022,2022-06-16,3801,2022-05-12,2100,2379,INGLE,4,5,7,3801,0,0,0,,0,3H15D,"MISSION ST","GENEVA AV",0.00,,Y,A,-,N,,,,,,,,,,N,4,0,1,2,A,-,12,21453,A,F,B,C,A,A,H,-,C,A,0,,,Y,,Y,,C,03,0,0,1,0,0,0,0,0,1,"- ","- ",,,"SAN FRANCISCO","SAN FRANCISCO",-122.44100189208984,37.716388702392578
9348886,2022,2022-10-31,3801,2022-05-14,1449,4253,INGLE,6,5,7,3801,0,0,0,,0,0H6,"BAYSHORE BL","SUNNYDALE AV",180.00,S,N,A,-,N,,,,,,,,,,N,3,0,1,2,A,-,17,21235,G,N,D,G,A,A,H,-,A,D,0,,Y,,,Y,,L,04,0,1,0,0,0,0,1,0,0,"- ","- ",,,"SAN FRANCISCO","SAN FRANCISCO",-122.40542602539062,37.708431243896484
9348888,2022,2022-11-14,3801,2022-05-14,0129,887,INGLE,6,5,7,3801,0,0,0,,0,3H11E,"MISSION ST","MISSION ST 3170",0.00,,N,A,-,N,,,,,,,,,,N,3,0,1,2,A,-,11,21954,A,N,G,B,D,A,H,-,C,D,0,Y,,,,Y,Y,N,60,0,1,0,0,1,0,0,0,0,"- ","- ",,,"SAN FRANCISCO","SAN FRANCISCO",-122.41979217529297,37.7705078125
9348889,2022,2022-10-31,3801,2022-05-15,0248,901,INGLE,7,5,7,3801,0,0,0,,0,3H13E,"MISSION ST","BOSWORTH ST",0.00,,Y,A,-,N,,,,,,,,,,Y,3,0,1,3,A,-,12,21453,A,N,D,C,A,A,H,-,C,A,0,,,,,Y,,A,01,0,1,0,0,0,0,0,0,0,"- ","- ",,,"SAN FRANCISCO","SAN FRANCISCO",-122.42644500732422,37.733669281005859
9348891,2022,2022-07-01,3801,2022-05-13,1359,1523,NORTH,5,5,7,3801,0,0,0,,0,901,"LOMBARD ST","PIERCE ST",0.00,,Y,A,-,N,,,,,,,,,,Y,4,0,3,2,A,-,08,22107,,N,E,C,A,A,H,-,A,A,0,,,,,Y,,A,01,0,0,3,0,0,0,0,0,0,"- ","- ",,,"SAN FRANCISCO","SAN FRANCISCO",-122.43933868408203,37.799423217773438
9348892,2022,2022-06-16,3801,2022-05-10,1859,2325,SOUTH,2,5,7,3801,0,0,0,,0,,"2ND ST","HARRISON ST",5.00,N,N,A,-,N,,,,,,,,,,N,4,0,1,2,A,-,03,22350,,F,C,C,A,A,G,-,B,A,0,,,,,Y,Y,A,01,0,0,1,0,0,0,0,0,0,"- ","- ",,,"SAN FRANCISCO","SAN FRANCISCO",-122.39519500732422,37.784339904785156
9348893,2022,2022-06-16,3801,2022-05-13,2020,1052,RICHM,5,5,7,3801,0,0,0,,0,3G15D,"FULTON ST","26TH AV",0.00,,Y,A,-,N,,,,,,,,,,N,4,0,2,2,A,-,09,21801,A,N,D,-,A,A,H,-,C,D,0,,,,,Y,,A,01,0,0,2,0,0,0,0,0,0,"- ","- ",,,"SAN FRANCISCO","SAN FRANCISCO",-122.48526000976562,37.77252197265625
9348894,2022,2022-06-16,3801,2022-05-13,1530,2357,TARAV,5,5,7,3801,0,0,0,,0,3I16D,"OCEAN AV","FAXON AV",25.00,W,N,A,-,N,,,,,,,,,,N,2,0,1,2,A,-,11,21453,D,N,G,B,D,A,H,-,A,A,0,Y,,Y,,Y,,N,60,1,0,0,0,1,0,0,0,0,"- ","- ",,,"SAN FRANCISCO","SAN FRANCISCO",-122.4603271484375,37.724777221679688
9348895,2022,2022-06-16,3801,2022-05-14,2044,359,TARAV,6,5,7,3801,0,0,0,,0,3I2D,"19TH AV","EUCALYPTUS ST",100.00,S,N,A,-,N,,,,,,,,,,N,4,0,1,2,A,-,08,22107,,F,B,C,A,A,-,-,C,A,0,,,,,Y,,A,01,0,0,1,0,0,0,0,0,0,"- ","- ",,,"SAN FRANCISCO","SAN FRANCISCO",-122.47484588623047,37.730804443359375
9348898,2022,2022-06-16,3801,2022-05-01,1250,1342,NORTH,7,5,7,3801,0,0,0,,0,3E4A,"DIVISADERO ST","POST ST",0.00,,Y,-,-,N,,,,,,,,,,Y,4,0,1,2,A,-,12,21453,A,N,D,C,A,A,H,-,A,A,0,,,,,Y,,A,01,0,0,1,0,0,0,0,0,0,"- ","- ",,,"SAN FRANCISCO","SAN FRANCISCO",-122.43967437744141,37.784313201904297
9348899,2022,2022-06-16,3801,2022-05-02,0800,563,TARAV,1,5,7,3801,0,0,0,,0,002,"SUNSET BL","VICENTE ST",0.00,,Y,B,-,N,,,,,,,,,,N,3,0,1,2,A,-,11,21453,D,N,D,G,A,A,H,-,A,A,0,,Y,,,Y,,L,04,0,1,0,0,0,0,1,0,0,"- ","- ",,,"SAN FRANCISCO","SAN FRANCISCO",-122.49427032470703,37.738502502441406
9348900,2022,2022-06-16,3801,2022-05-01,2301,1982,MISSI,7,5,7,3801,0,0,0,,0,3D16E,"23RD ST","NELLIE ST",0.00,,Y,A,-,N,,,,,,,,,,N,4,0,1,2,A,-,03,22350,,N,B,E,A,A,H,-,C,D,0,,Y,,,Y,Y,L,04,0,0,1,0,0,0,1,0,0,"- ","- ",,,"SAN FRANCISCO","SAN FRANCISCO",-122.42813873291016,37.753261566162109
9348901,2022,2022-11-09,3801,2022-05-03,1358,1195,SOUTH,2,5,7,3801,0,0,0,,0,,"7TH ST","FOLSOM ST",0.00,,Y,-,-,N,,,,,,,,,,N,4,0,3,2,A,-,08,22107,A,N,B,C,A,A,H,-,A,D,0,,,,,Y,,A,08,0,0,3,0,0,0,0,0,0,"- ","- ",,,"SAN FRANCISCO","SAN FRANCISCO",-122.40784454345703,37.776771545410156
9348902,2022,2022-06-15,3801,2022-05-02,2025,2461,SOUTH,1,5,7,3801,0,0,0,,0,0B4,"MARKET ST","OCTAVIA ST",114.00,E,N,A,-,N,,,,,,,,,,N,4,0,1,2,A,-,11,21955,,N,G,B,D,A,H,-,C,A,0,Y,,,,Y,,N,60,0,0,1,0,1,0,0,0,0,"- ","- ",,,"SAN FRANCISCO","SAN FRANCISCO",-122.42330169677734,37.771995544433594
9348903,2022,2022-06-15,3801,2022-05-01,1620,1872,MISSI,7,5,7,3801,0,0,0,,0,3D14D,"POTRERO AV","24TH ST",0.00,,Y,A,-,N,,,,,,,,,,N,4,0,2,2,-,-,"- ",,,N,C,C,A,A,H,-,A,A,0,,,Y,,Y,,C,02,0,0,2,0,0,0,0,0,2,"- ","- ",,,"SAN FRANCISCO","SAN FRANCISCO",-122.40631866455078,37.752994537353516
9348904,2022,2022-06-15,3801,2022-05-03,1746,2408,RICHM,2,5,7,3801,0,0,0,,0,3G13D,"CLEMENT ST","26TH AV",105.00,W,N,A,-,N,,,,,,,,,,N,4,0,1,2,A,-,21,22106,,N,D,C,A,A,H,-,A,A,0,,,,,Y,,A,01,0,0,1,0,0,0,0,0,0,"- ","- ",,,"SAN FRANCISCO","SAN FRANCISCO",-122.48630523681641,37.781951904296875
9348905,2022,2022-06-21,3801,2022-05-03,1846,1489,BAYVI,2,5,7,3801,0,0,0,,0,3C12E,"BAY SHORE BL","RT 101",0.00,,Y,A,-,Y,SF,4,101,-,-,1.627,R,4,N,Y,2,0,2,2,A,-,00,14601,A,N,B,C,A,A,H,-,A,A,0,,,,,Y,Y,A,07,1,0,1,0,0,0,0,0,0,"- ",NF,,,"SAN FRANCISCO","SAN FRANCISCO",-122.40402984619141,37.730758666992188
9348907,2022,2022-06-15,3801,2022-05-02,2230,1871,INGLE,1,5,7,3801,0,0,0,,0,901,"GOLD MINE DR","DIAMOND HEIGHTS BL",108.00,S,N,A,-,N,,,,,,,,,,Y,4,0,1,1,B,-,22,,,N,E,I,A,A,H,-,D,D,0,,,,,Y,,A,01,0,0,1,0,0,0,0,0,0,"- ","- ",,,"SAN FRANCISCO","SAN FRANCISCO",-122.43784332275391,37.743270874023438
9348908,2022,2022-06-23,3801,2022-05-04,1813,301,INGLE,3,5,7,3801,0,0,0,,0,3H14D,"BADEN ST","HEARST AV",0.00,,Y,A,-,N,,,,,,,,,,Y,3,0,1,2,A,-,00,26541,A,N,D,C,A,A,H,-,A,A,0,,,,,Y,,A,01,0,1,0,0,0,0,0,0,0,"- ","- ",,,"SAN FRANCISCO","SAN FRANCISCO",-122.43970489501953,37.730728149414062
9348909,2022,2022-06-15,3801,2022-05-03,1901,307,INGLE,2,5,7,3801,0,0,0,,0,3H15D,"GENEVA AV","MOSCOW ST",0.00,,Y,A,-,N,,,,,,,,,,Y,4,0,1,2,A,-,00,22453,,N,-,C,A,A,H,-,A,A,0,,,,,Y,,A,01,0,0,1,0,0,0,0,0,0,"- ","- ",,,"SAN FRANCISCO","SAN FRANCISCO",-122.43374633789062,37.713130950927734
9348910,2022,2022-07-07,3801,2022-05-12,1720,2210,SOUTH,4,5,7,3801,0,0,0,,0,0B2,"FOLSOM ST","5TH ST",0.00,,Y,A,-,N,,,,,,,,,,N,4,0,1,2,-,-,"- ",,,N,G,B,-,A,H,-,A,A,0,Y,,,,Y,,-,"- ",0,0,1,0,1,0,0,0,0,"- ","- ",,,"SAN FRANCISCO","SAN FRANCISCO",-122.40340423583984,37.7802734375