CASE_ID,ACCIDENT_YEAR,PROC_DATE,JURIS,COLLISION_DATE,COLLISION_TIME,OFFICER_ID,REPORTING_DISTRICT,DAY_OF_WEEK,CHP_SHIFT,POPULATION,CNTY_CITY_LOC,SPECIAL_COND,BEAT_TYPE,CHP_BEAT_TYPE,CITY_DIVISION_LAPD,CHP_BEAT_CLASS,BEAT_NUMBER,PRIMARY_RD,SECONDARY_RD,DISTANCE,DIRECTION,INTERSECTION,WEATHER_1,WEATHER_2,STATE_HWY_IND,CALTRANS_COUNTY,CALTRANS_DISTRICT,STATE_ROUTE,ROUTE_SUFFIX,POSTMILE_PREFIX,POSTMILE,LOCATION_TYPE,RAMP_INTERSECTION,SIDE_OF_HWY,TOW_AWAY,COLLISION_SEVERITY,NUMBER_KILLED,NUMBER_INJURED,PARTY_COUNT,PRIMARY_COLL_FACTOR,PCF_CODE_OF_VIOL,PCF_VIOL_CATEGORY,PCF_VIOLATION,PCF_VIOL_SUBSECTION,HIT_AND_RUN,TYPE_OF_COLLISION,MVIW,PED_ACTION,ROAD_SURFACE,ROAD_COND_1,ROAD_COND_2,LIGHTING,CONTROL_DEVICE,CHP_ROAD_TYPE,PEDESTRIAN_ACCIDENT,BICYCLE_ACCIDENT,MOTORCYCLE_ACCIDENT,TRUCK_ACCIDENT,NOT_PRIVATE_PROPERTY,ALCOHOL_INVOLVED,STWD_VEHTYPE_AT_FAULT,CHP_VEHTYPE_AT_FAULT,COUNT_SEVERE_INJ,COUNT_VISIBLE_INJ,COUNT_COMPLAINT_PAIN,COUNT_PED_KILLED,COUNT_PED_INJURED,COUNT_BICYCLIST_KILLED,COUNT_BICYCLIST_INJURED,COUNT_MC_KILLED,COUNT_MC_INJURED,PRIMARY_RAMP,SECONDARY_RAMP,LATITUDE,LONGITUDE,COUNTY,CITY,POINT_X,POINT_Y
9349606,2021,2021-10-29,3801,2021-09-10,0635,1210,TARAV,5,5,7,3801,0,0,0,,0,0I6,"GENEVA AV","RT 280",0.00,,Y,B,E,N,,,,,,,,,,N,3,0,1,2,A,-,12,21453,A,N,D,G,A,-,G,-,B,A,0,,Y,,,Y,,L,04,0,1,0,0,0,0,1,0,0,"- ",SO,,,"SAN FRANCISCO","SAN FRANCISCO",-122.447998046875,37.721267700195312
9349607,2021,2021-10-26,3801,2021-09-09,2104,1336,NORTH,4,5,7,3801,0,0,0,,0,3E14E,"CALIFORNIA ST","FILLMORE ST",0.00,,Y,A,-,N,,,,,,,,,,Y,4,0,2,3,A,-,12,21453,A,N,D,C,A,A,H,-,C,A,0,,,,,Y,,A,01,0,0,2,0,0,0,0,0,0,"- ","- ",,,"SAN FRANCISCO","SAN FRANCISCO",-122.43382263183594,37.788913726806641
9349608,2021,2021-12-23,3801,2021-09-09,2043,427,BAYVI,4,5,7,3801,0,0,0,,0,3C13D,"NEWCOMB AV","LA SALLE AV",0.00,,Y,A,-,N,,,,,,,,,,Y,4,0,3,2,A,-,03,22350,,N,F,C,A,A,H,-,C,D,0,,,,,Y,,-,"- ",0,0,3,0,0,0,0,0,0,"- ","- ",,,"SAN FRANCISCO","SAN FRANCISCO",-122.38511657714844,37.733074188232422
9349609,2021,2021-10-29,3801,2021-09-09,0930,2407,MISSI,4,5,7,3801,0,0,0,,0,3D13D,"FOLSOM ST","17TH ST",15.00,N,N,A,-,N,,,,,,,,,,,4,0,1,2,A,-,07,21658,A,F,C,G,A,A,H,-,A,A,0,,Y,,,Y,,A,07,0,0,1,0,0,0,1,0,0,"- ","- ",,,"SAN FRANCISCO","SAN FRANCISCO",-122.41515350341797,37.76373291015625
9349610,2021,2021-10-26,3801,2021-09-09,1704,1448,MISSI,4,5,7,3801,0,0,0,,0,3D15D,"15TH ST","JULIAN AV",0.00,,Y,A,-,N,,,,,,,,,,N,4,0,1,2,A,-,12,22450,A,N,D,C,A,A,H,-,A,A,0,,,,,Y,,-,,0,0,1,0,0,0,0,0,0,"- ","- ",,,"SAN FRANCISCO","SAN FRANCISCO",-122.4210205078125,37.766609191894531
9349611,2021,2021-12-23,3801,2021-09-01,0645,2499,BAYVI,3,5,7,3801,0,0,0,,0,901,"HUNTERS POINT EXPY","HARNEY WY",1448.00,S,N,A,-,N,,,,,,,,,,Y,3,0,2,3,A,-,03,22350,,F,C,E,A,A,H,-,A,D,0,,,,,Y,,A,01,0,1,1,0,0,0,0,0,0,"- ","- ",,,"SAN FRANCISCO","SAN FRANCISCO",,
9349612,2021,2021-10-26,3801,2021-09-01,0511,1301,TENDE,3,5,7,3801,0,0,0,,0,3J15E,"EDDY ST","JONES ST",0.00,,Y,A,-,N,,,,,,,,,,N,3,0,1,2,A,-,11,21955,,N,G,B,E,A,H,-,C,D,0,Y,,,,Y,,N,60,0,1,0,0,1,0,0,0,0,"- ","- ",,,"SAN FRANCISCO","SAN FRANCISCO",-122.41259002685547,37.783943176269531
9349613,2021,2021-12-23,3801,2021-09-01,1511,1052,RICHM,3,5,7,3801,0,0,0,,0,3G4C,"GEARY BL","7TH AV",1.00,W,N,A,-,N,,,,,,,,,,N,3,0,1,2,A,-,04,21703,,N,C,-,A,A,H,-,A,A,0,,,,,Y,,M,94,0,1,0,0,0,0,0,0,0,"- ","- ",,,"SAN FRANCISCO","SAN FRANCISCO",-122.46537017822266,37.781028747558594
9349614,2021,2021-10-26,3801,2021-09-01,1508,1524,INGLE,3,5,7,3801,0,0,0,,0,3H15C,"BOSWORTH ST","LIPPARD AV",0.00,,Y,A,-,N,,,,,,,,,,N,3,0,1,2,A,-,12,22450,A,N,D,G,A,A,H,-,A,A,0,,Y,,,Y,,L,04,0,1,0,0,0,0,1,0,0,"- ","- ",,,"SAN FRANCISCO","SAN FRANCISCO",-122.43581390380859,37.73388671875
9349615,2021,2021-12-23,3801,2021-09-01,1136,1062,MISSI,3,5,7,3801,0,0,0,,0,3D45C,"DUBOCE AV","VALENCIA ST",50.00,E,N,A,-,N,,,,,,,,,,N,3,0,1,2,A,-,08,22107,,N,B,-,A,A,H,-,A,D,0,,,Y,,Y,,A,01,0,1,0,0,0,0,0,0,1,"- ","- ",,,"SAN FRANCISCO","SAN FRANCISCO",-122.42218780517578,37.769874572753906
9349616,2021,2021-10-26,3801,2021-09-01,1115,4118,MISSI,3,5,7,3801,0,0,0,,0,006,"S VAN NESS AV","14TH ST",0.00,,Y,A,-,N,,,,,,,,,,Y,3,0,2,3,A,-,03,22350,,N,D,C,A,A,H,-,A,A,0,,,,,Y,,A,01,0,1,1,0,0,0,0,0,0,"- ","- ",,,"SAN FRANCISCO","SAN FRANCISCO",-122.41780090332031,37.768417358398438
9349617,2021,2021-12-23,3801,2021-09-01,2252,2427,SOUTH,3,5,7,3801,0,0,0,,0,3B62,"THE EMBARCADERO","BRYANT ST",468.00,S,N,A,G,N,,,,,,,,,,N,3,0,2,2,A,-,06,21750,A,N,B,C,A,A,H,-,C,A,0,,,Y,,Y,,-,"- ",0,1,1,0,0,0,0,0,2,"- ","- ",,,"SAN FRANCISCO","SAN FRANCISCO",-122.38811492919922,37.785808563232422
9349618,2021,2021-10-29,3801,2021-09-01,2126,2102,BAYVI,3,5,7,3801,0,0,0,,0,3C15E,"INGALLS ST","REVERE AV",0.00,,Y,A,-,N,,,,,,,,,,Y,4,0,3,2,A,-,12,22450,A,F,D,C,A,A,H,-,C,A,0,,,,,Y,,A,01,0,0,3,0,0,0,0,0,0,"- ","- ",,,"SAN FRANCISCO","SAN FRANCISCO",-122.38455963134766,37.728485107421875
9349619,2021,2021-10-29,3801,2021-09-01,1755,4103,SOUTH,3,5,7,3801,0,0,0,,0,3B12D,"HARRIET ST","BRANNAN ST",0.00,,-,A,-,N,,,,,,,,,,N,2,0,1,1,C,-,18,,,N,H,G,A,A,H,-,A,A,0,,Y,,,Y,,-,"- ",1,0,0,0,0,0,1,0,0,"- ","- ",,,"SAN FRANCISCO","SAN FRANCISCO",-122.40151214599609,37.774402618408203
9349620,2021,2021-10-25,3801,2021-09-01,1705,2044,SOUTH,3,5,7,3801,0,0,0,,0,3B11D,"MISSION ST","3RD ST",0.00,,Y,A,G,N,,,,,,,,,,Y,4,0,1,2,A,-,08,22101,D,N,D,C,A,A,H,-,A,A,0,,,Y,,Y,,C,06,0,0,1,0,0,0,0,0,1,"- ","- ",,,"SAN FRANCISCO","SAN FRANCISCO",-122.40200042724609,37.786266326904297
9349769,2021,2021-10-23,3801,2021-09-25,1402,1837,,6,5,7,3801,0,0,0,,0,901,"PAUL AV","BAYSHORE BL",0.00,,Y,A,-,N,,,,,,,,,,Y,4,0,2,2,A,-,12,21453,A,F,D,C,A,A,H,-,A,A,0,,,,,Y,,A,01,0,0,2,0,0,0,0,0,0,"- ","- ",,,"SAN FRANCISCO","SAN FRANCISCO",-122.40079498291016,37.723606109619141
9349923,2021,2021-10-26,3801,2021-09-10,1248,435,NORTH,5,5,7,3801,0,0,0,,0,901,"GOUGH ST","JACKSON ST",0.00,,Y,A,-,N,,,,,,,,,,N,4,0,1,2,A,-,07,21658,A,N,B,C,A,A,H,-,A,A,0,,,,Y,Y,,F,26,0,0,1,0,0,0,0,0,0,"- ","- ",,,"SAN FRANCISCO","SAN FRANCISCO",-122.42632293701172,37.793529510498047
9349927,2021,2021-10-25,3801,2021-09-22,1822,1216,BAYVI,3,5,7,3801,0,0,0,,0,3C14D,"SAN BRUNO AV","BACON ST",0.00,,Y,A,-,N,,,,,,,,,,N,4,0,1,2,A,-,06,21750,A,F,B,E,A,A,H,-,A,A,0,,,,,Y,,A,01,0,0,1,0,0,0,0,0,0,"- ","- ",,,"SAN FRANCISCO","SAN FRANCISCO",-122.40361022949219,37.727638244628906
9349931,2021,2021-10-25,3801,2021-09-22,1059,2089,BAYVI,3,5,7,3801,0,0,0,,0,005,"HUNTERS POINT EXPY","HARNEY WY",300.00,S,N,A,-,N,,,,,,,,,,Y,3,0,2,2,A,-,05,21650,,N,B,D,A,A,H,-,A,A,0,,,,Y,Y,,A,01,0,1,1,0,0,0,0,0,0,"- ","- ",,,"SAN FRANCISCO","SAN FRANCISCO",,
9349998,2021,2021-10-26,3801,2021-09-01,0700,1207,MISSI,3,5,7,3801,0,0,0,,0,3D11A,"GUERRERO ST","14TH ST",140.00,N,N,B,-,N,,,,,,,,,,N,4,0,1,2,A,-,08,22107,,N,B,C,A,B,H,-,A,D,0,,,,Y,Y,,-,"- ",0,0,1,0,0,0,0,0,0,"- ","- ",,,"SAN FRANCISCO","SAN FRANCISCO",-122.42444610595703,37.768402099609375
9350174,2021,2021-11-01,3801,2021-09-05,1658,2148,MISSI,7,5,7,3801,0,0,0,,0,3D13C,"16TH ST","FOLSOM ST",0.00,,Y,A,-,N,,,,,,,,,,N,3,0,2,3,A,-,10,21950,A,N,G,B,B,A,H,-,A,A,0,Y,,,,Y,,A,01,0,2,0,0,2,0,0,0,0,"- ","- ",,,"SAN FRANCISCO","SAN FRANCISCO",-122.41529846191406,37.765312194824219
9350274,2021,2021-11-17,3801,2021-09-18,0845,4267,TARAV,6,5,7,3801,0,0,0,,0,3141,"20TH AV","LLINCOLN WY",0.00,,Y,A,-,N,,,,,,,,,,Y,4,0,1,2,A,-,08,22107,,N,B,C,A,A,H,-,A,A,0,,,,,Y,,A,01,0,0,1,0,0,0,0,0,0,"- ","- ",,,"SAN FRANCISCO","SAN FRANCISCO",-122.47833251953125,37.765403747558594
9350286,2021,2021-12-31,3801,2021-09-17,1825,1109,INGLE,5,5,7,3801,0,0,0,,0,3H16C,LISBON,ITALY,0.00,,Y,A,-,Y,,,,,,,,,,N,4,0,1,2,A,-,12,22450,,N,D,C,A,A,H,-,A,A,0,,,,,Y,,A,01,0,0,1,0,0,0,0,0,0,"- ","- ",,,"SAN FRANCISCO","SAN FRANCISCO",-122.43714904785156,37.717327117919922
9350320,2021,2021-10-22,3801,2021-09-05,2210,318,INGLE,7,5,7,3801,0,0,0,,0,005,"OCEAN AV","SAN JOSE AV",150.00,W,N,B,-,N,,,,,,,,,,N,3,0,1,1,C,-,18,,,N,E,I,A,A,H,-,C,A,0,,Y,,,Y,,-,"- ",0,1,0,0,0,0,1,0,0,"- ","- ",,,"SAN FRANCISCO","SAN FRANCISCO",-122.44532775878906,37.722930908203125
9350353,2021,2021-10-25,3801,2021-09-17,2304,1463,SOUTH,5,5,7,3801,0,0,0,,0,,"BRANNAN ST","9TH ST",0.00,,Y,A,-,N,,,,,,,,,,,4,0,5,2,D,-,00,,,N,A,C,A,A,H,-,C,A,0,,,,,Y,,-,"- ",0,0,5,0,0,0,0,0,0,"- ","- ",,,"SAN FRANCISCO","SAN FRANCISCO",-122.40699005126953,37.770057678222656
9350354,2021,2021-10-25,3801,2021-09-17,1450,2726,RICHM,5,5,7,3801,0,0,0,,0,RICHMO,"CROSSOVER DR","PARK PRESIDIO BYPASS DR",0.00,,N,A,-,N,,,,,,,,,,N,4,0,1,2,A,-,03,22350,,F,C,C,A,A,H,-,A,A,0,,,,,Y,,A,01,0,0,1,0,0,0,0,0,0,"- ","- ",,,"SAN FRANCISCO","SAN FRANCISCO",-122.47945404052734,37.771183013916016
9350355,2021,2021-10-25,3801,2021-09-21,1430,1601,BAYVI,2,5,7,3801,0,0,0,,0,0C1,"CESAR CHAVEZ","CONNECTICUT ST",0.00,,Y,A,-,N,,,,,,,,,,N,3,0,1,2,A,-,05,21650,1,N,D,G,A,A,H,-,A,A,0,,Y,,,Y,,L,04,0,1,0,0,0,0,1,0,0,"- ","- ",,,"SAN FRANCISCO","SAN FRANCISCO",-122.39627075195312,37.749752044677734
9350356,2021,2021-10-25,3801,2021-09-20,2151,1489,BAYVI,1,5,7,3801,0,0,0,,0,3C11E,"CESAR CHAVEZ ST","PENNSYLVANIA AV",0.00,,Y,A,-,N,,,,,,,,,,N,4,0,1,2,A,-,09,21803,A,M,G,G,A,A,H,-,C,A,0,,Y,,,Y,,A,01,0,0,1,0,0,0,1,0,0,"- ","- ",,,"SAN FRANCISCO","SAN FRANCISCO",-122.39242553710938,37.750049591064453
9350357,2021,2021-10-25,3801,2021-09-20,1604,4047,MISSI,1,5,7,3801,0,0,0,,0,3D41D,"17TH ST","S VAN NESS AV",86.00,E,N,A,-,N,,,,,,,,,,N,4,0,1,2,A,-,08,22107,,F,B,G,A,A,H,-,A,D,0,,Y,,,Y,Y,A,01,0,0,1,0,0,0,1,0,0,"- ","- ",,,"SAN FRANCISCO","SAN FRANCISCO",-122.41704559326172,37.763576507568359
9350358,2021,2021-10-25,3801,2021-09-19,1630,952,CENTR,7,5,7,3801,0,0,0,,0,901,"THE EMBARCADERO","WASHINGTON ST",270.00,,N,A,-,N,,,,,,,,,,N,4,0,1,2,A,-,03,22350,,N,C,C,A,A,H,-,A,D,0,,,,,Y,,A,01,0,0,1,0,0,0,0,0,0,"- ","- ",,,"SAN FRANCISCO","SAN FRANCISCO",-122.39556121826172,37.796642303466797
9350359,2021,2021-10-25,3801,2021-09-20,0100,1489,BAYVI,1,5,7,3801,0,0,0,,0,3C11E,"JAMESTOWN AV","REDONDO ST",50.00,E,N,A,-,N,,,,,,,,,,Y,4,0,1,5,A,-,03,22350,,N,C,E,A,-,H,-,C,A,0,,,Y,,Y,,C,06,0,0,1,0,0,0,0,0,1,"- ","- ",,,"SAN FRANCISCO","SAN FRANCISCO",-122.39246368408203,37.717864990234375
9350360,2021,2021-11-04,3801,2021-09-19,0037,1514,MISSI,7,5,7,3801,0,0,0,,0,001,"18TH ST","COLLINGWOOD ST",0.00,,Y,C,-,N,,,,,,,,,,N,4,0,1,2,A,-,10,21950,A,N,G,-,B,B,H,-,C,A,0,Y,,,,Y,,A,01,0,0,1,0,1,0,0,0,0,"- ","- ",,,"SAN FRANCISCO","SAN FRANCISCO",-122.43609619140625,37.760822296142578
9350735,2021,2021-10-30,3801,2021-09-05,0235,2224,MISSI,7,5,7,3801,0,0,0,,0,3D13E,"GUERRERO ST","20TH ST",0.00,,Y,A,-,N,,,,,,,,,,Y,4,0,1,2,A,-,01,23152,A,N,D,A,A,A,H,-,C,A,0,,,,,Y,Y,-,,0,0,1,0,0,0,0,0,0,"- ","- ",,,"SAN FRANCISCO","SAN FRANCISCO",-122.42346954345703,37.758358001708984
9350736,2021,2021-10-30,3801,2021-09-04,2139,1871,INGLE,6,5,7,3801,0,0,0,,0,,"SAN JOSE","GENEVA AV",47.00,N,N,A,-,N,,,,,,,,,,Y,4,0,1,2,A,-,04,21703,,N,C,C,A,A,D,-,C,A,0,,,Y,,Y,,C,06,0,0,1,0,0,0,0,0,0,"- ","- ",,,"SAN FRANCISCO","SAN FRANCISCO",-122.44654083251953,37.720836639404297
9350737,2021,2021-10-30,3801,2021-09-04,1822,2725,RICHM,6,5,7,3801,0,0,0,,0,,"CALIFORNIA ST","PRESIDIO AV",0.00,,Y,A,-,N,,,,,,,,,,Y,4,0,1,2,A,-,12,21453,A,N,D,C,A,A,H,-,A,A,0,,,,,Y,,A,01,0,0,1,0,0,0,0,0,0,"- ","- ",,,"SAN FRANCISCO","SAN FRANCISCO",-122.44678497314453,37.787254333496094
9350738,2021,2021-10-30,3801,2021-09-03,1744,1062,MISSI,5,5,7,3801,0,0,0,,0,3D45C,"HARRISON ST","5TH ST",0.00,,Y,A,-,N,,,,,,,,,,N,3,0,1,2,A,-,"- ",,,F,A,G,A,A,H,-,A,A,0,,Y,,,Y,Y,A,01,0,1,0,0,0,0,1,0,0,"- ","- ",,,"SAN FRANCISCO","SAN FRANCISCO",-122.40187072753906,37.779056549072266
9350739,2021,2021-10-30,3801,2021-09-03,1522,4124,INGLE,5,5,7,3801,0,0,0,,0,INGLE,"SILVER AV","MISSION ST",0.00,,N,A,-,N,,,,,,,,,,N,4,0,1,2,A,-,12,21453,A,N,D,C,A,A,H,-,A,A,0,,,Y,,Y,,C,03,0,0,1,0,0,0,0,0,1,"- ","- ",,,"SAN FRANCISCO","SAN FRANCISCO",-122.43128204345703,37.728736877441406
9350740,2021,2021-10-30,3801,2021-09-03,1426,4313,RICHM,5,5,7,3801,0,0,0,,0,0G3,"PRESIDIO AV","JACKSON ST",0.00,,Y,A,-,N,,,,,,,,,,N,4,0,1,2,A,-,09,21802,B,N,D,C,A,A,H,-,A,D,0,,,,,Y,,A,01,0,0,1,0,0,0,0,0,0,"- ","- ",,,"SAN FRANCISCO","SAN FRANCISCO",-122.447509765625,37.790828704833984
9361151,2021,2021-12-03,3801,2021-10-24,1125,4132,MISSI,7,5,7,3801,0,0,0,,0,6CAR,"SOUTH VAN NESS AV","14TH ST",0.00,,Y,C,-,N,,,,,,,,,,Y,3,0,2,2,A,-,12,21453,A,N,D,C,A,B,H,-,A,A,0,,,,,Y,,A,08,0,1,1,0,0,0,0,0,0,"- ","- ",,,"SAN FRANCISCO","SAN FRANCISCO",-122.41780090332031,37.768417358398438
9361155,2021,2021-12-03,3801,2021-10-22,1018,1086,CENTR,5,5,7,3801,0,0,0,,0,3A13A,"HYDE ST","VALLEJO ST",0.00,,Y,B,-,N,,,,,,,,,,N,3,0,2,2,A,-,03,22350,,N,D,E,A,B,G,-,A,D,0,,,Y,,Y,,O,05,0,2,0,0,0,0,0,0,2,"- ","- ",,,"SAN FRANCISCO","SAN FRANCISCO",-122.41867828369141,37.797336578369141
9361156,2021,2021-12-08,3801,2021-10-22,0857,2485,CENTR,5,5,7,3801,0,0,0,,0,"5 CAR","PINE ST","SANSOME ST",153.00,W,N,B,-,N,,,,,,,,,,N,4,0,1,2,A,-,08,22107,,N,B,E,A,B,H,-,A,D,0,,,,,Y,,D,22,0,0,1,0,0,0,0,0,0,"- ","- ",,,"SAN FRANCISCO","SAN FRANCISCO",-122.40144348144531,37.792037963867188
9361157,2021,2021-12-03,3801,2021-10-22,0535,1166,INGLE,5,5,7,3801,0,0,0,,0,3H15E,"MISSION ST","PERSIA AV",0.00,,Y,C,-,N,,,,,,,,,,N,4,0,1,2,A,-,10,21950,A,F,G,B,B,B,H,-,C,A,0,Y,,,,Y,,D,22,0,0,1,0,1,0,0,0,0,"- ","- ",,,"SAN FRANCISCO","SAN FRANCISCO",-122.43596649169922,37.723140716552734
9361158,2021,2021-12-08,3801,2021-10-21,1128,2209,MISSI,4,5,7,3801,0,0,0,,0,3D13C,"HARRSION ST","17TH ST",0.00,,Y,B,-,N,,,,,,,,,,Y,4,0,1,2,A,-,09,21801,A,N,A,C,A,B,H,-,A,A,0,,,,,Y,,-,,0,0,1,0,0,0,0,0,0,"- ","- ",,,"SAN FRANCISCO","SAN FRANCISCO",-122.41303253173828,37.764091491699219
9361159,2021,2021-12-03,3801,2021-10-26,1718,1307,MISSI,2,5,7,3801,0,0,0,,0,3D14D,"HARRISON ST","17TH ST",0.00,,Y,A,-,N,,,,,,,,,,N,4,0,1,2,A,-,08,22100,B,F,C,C,A,A,H,-,A,A,0,,,,,Y,,A,01,0,0,1,0,0,0,0,0,0,"- ","- ",,,"SAN FRANCISCO","SAN FRANCISCO",-122.41303253173828,37.764091491699219
9361160,2021,2021-12-03,3801,2021-10-19,1724,1750,NORTH,2,5,7,3801,0,0,0,,0,0E3,"GROVE ST","POLK ST",0.00,,Y,A,-,N,,,,,,,,,,N,4,0,1,2,A,-,08,22107,,N,B,G,A,A,H,-,A,A,0,,Y,,,Y,,D,22,0,0,1,0,0,0,1,0,0,"- ","- ",,,"SAN FRANCISCO","SAN FRANCISCO",-122.41822052001953,37.778480529785156
9361165,2021,2021-12-03,3801,2021-10-13,1545,2102,BAYVI,3,5,7,3801,0,0,0,,0,3C12D,"BAYSHORE BL","BAYSHORE BL 491",0.00,,-,A,-,N,,,,,,,,,,N,4,0,1,2,A,-,08,22107,,N,C,G,A,A,H,-,A,D,0,,Y,,,Y,,D,22,0,0,1,0,0,0,1,0,0,"- ","- ",,,"SAN FRANCISCO","SAN FRANCISCO",-122.40431213378906,37.745937347412109
9361166,2021,2021-12-08,3801,2021-10-05,1222,845,BAYVI,2,5,7,3801,0,0,0,,0,4B2B,"EVANS AV","NAPOLEAN ST",0.00,,Y,A,-,N,,,,,,,,,,Y,2,0,1,2,A,-,03,22350,,N,A,C,A,A,H,-,A,A,0,,,Y,Y,Y,,C,02,1,0,0,0,0,0,0,0,1,"- ","- ",,,"SAN FRANCISCO","SAN FRANCISCO",-122.39595031738281,37.747234344482422
9361167,2021,2021-12-08,3801,2021-10-10,1142,A22051,CENTR,7,5,7,3801,0,0,0,,0,3A13A,"JONES ST","JACKSON ST",0.00,,Y,A,-,N,,,,,,,,,,N,3,0,2,2,A,-,09,21802,A,N,D,C,A,A,H,-,A,A,0,,,,,Y,,I,11,0,2,0,0,0,0,0,0,0,"- ","- ",,,"SAN FRANCISCO","SAN FRANCISCO",-122.41481781005859,37.794994354248047
9361284,2021,2021-12-02,3801,2021-10-26,1721,1571,MISSI,2,5,7,3801,0,0,0,,0,3D11D,"16TH ST","VALENCIA ST",0.00,,Y,A,-,N,,,,,,,,,,N,3,0,1,1,A,-,03,22350,,N,H,-,A,A,-,-,A,A,0,,,Y,,Y,,C,03,0,1,0,0,0,0,0,0,1,"- ","- ",,,"SAN FRANCISCO","SAN FRANCISCO",-122.42189025878906,37.764907836914062
9361288,2021,2021-12-03,3801,2021-10-28,1319,2727,TARAV,4,5,7,3801,0,0,0,,0,,"JUNIPERO SERRA BL","GARFIELD ST",100.00,N,N,A,-,N,,,,,,,,,,N,4,0,1,3,A,-,08,22107,,M,B,C,A,A,H,-,A,A,0,,,,,Y,,A,01,0,0,1,0,0,0,0,0,0,"- ","- ",,,"SAN FRANCISCO","SAN FRANCISCO",-122.47237396240234,37.719875335693359
9362374,2021,2021-12-06,3801,2021-10-12,1242,1917,TARAV,2,5,7,3801,0,0,0,,0,3I16A,"BROAD ST","PLYMOUTH AV",158.00,W,N,A,-,N,,,,,,,,,,N,4,0,1,2,A,-,21,22106,,N,B,C,A,A,H,-,A,D,0,,,,,Y,,A,01,0,0,1,0,0,0,0,0,0,"- ","- ",,,"SAN FRANCISCO","SAN FRANCISCO",-122.45662689208984,37.713180541992188
9362383,2021,2021-11-29,3801,2021-10-18,1455,654,PARK,1,5,7,3801,0,0,0,,0,3F12E,"IRVING ST","2ND AV",204.00,E,N,A,-,N,,,,,,,,,,N,3,0,1,2,A,-,03,22350,,N,B,B,D,A,H,-,A,D,0,Y,,Y,,Y,,C,03,0,1,0,0,1,0,0,0,0,"- ","- ",,,"SAN FRANCISCO","SAN FRANCISCO",-122.45812225341797,37.764385223388672
9362536,2021,2021-11-30,3801,2021-10-23,2227,367,CENTR,6,5,7,3801,0,0,0,,0,3A11E,"TAYLOR ST","SUTTER ST",15.00,N,N,B,C,N,,,,,,,,,,N,4,0,1,2,A,-,11,21954,A,N,G,B,D,B,-,-,C,A,0,Y,,,,Y,,N,60,0,0,1,0,1,0,0,0,0,"- ","- ",,,"SAN FRANCISCO","SAN FRANCISCO",-122.41188812255859,37.788848876953125
9362538,2021,2021-11-30,3801,2021-10-23,1711,299,CENTR,6,5,7,3801,0,0,0,,0,3A4D,"BEACH ST","MASON ST",95.00,E,N,B,-,N,,,,,,,,,,N,3,0,1,2,A,-,09,21801,A,N,A,G,A,B,H,-,-,-,0,,Y,,,Y,,A,01,0,1,0,0,0,0,1,0,0,"- ","- ",,,"SAN FRANCISCO","SAN FRANCISCO",-122.41365814208984,37.807533264160156
9362539,2021,2021-11-30,3801,2021-10-23,1609,1207,MISSI,6,5,7,3801,0,0,0,,0,3D11D,"17TH ST","HARRISON ST",0.00,,Y,B,-,N,,,,,,,,,,N,4,0,1,2,A,-,05,21650,1,N,D,G,A,A,H,-,A,A,0,,Y,,,Y,Y,L,04,0,0,1,0,0,0,1,0,0,"- ","- ",,,"SAN FRANCISCO","SAN FRANCISCO",-122.41303253173828,37.764091491699219
9362540,2021,2021-11-30,3801,2021-10-23,1422,2172,NORTH,6,5,7,3801,0,0,0,,0,0E2,"STEINER ST","GROVE ST",0.00,,Y,A,-,N,,,,,,,,,,N,2,0,2,2,A,-,21,22106,,N,D,C,A,A,H,-,A,A,0,,,Y,,Y,,C,03,1,0,1,0,0,0,0,0,2,"- ","- ",,,"SAN FRANCISCO","SAN FRANCISCO",-122.43304443359375,37.776565551757812
9362541,2021,2021-11-30,3801,2021-10-23,0150,2451,TARAV,6,5,7,3801,0,0,0,,0,3I16E,"SAN JOSE AV","ALEMANY BL",0.00,,Y,A,-,N,,,,,,,,,,Y,3,0,2,2,A,-,12,21453,A,N,D,C,A,A,H,-,C,A,0,,,,,Y,,A,01,0,1,1,0,0,0,0,0,0,"- ","- ",,,"SAN FRANCISCO","SAN FRANCISCO",-122.45709991455078,37.710071563720703
9362542,2021,2021-11-30,3801,2021-10-25,0920,156,BAYVI,1,5,7,3801,0,0,0,,0,3C60,"3RD ST","3RD ST  6619",9.00,W,N,A,-,N,,,,,,,,,,Y,2,0,1,1,A,-,05,21650,,M,A,I,A,A,H,-,A,D,0,,,,,Y,,A,01,1,0,0,0,0,0,0,0,0,"- ","- ",,,"SAN FRANCISCO","SAN FRANCISCO",,
9362543,2021,2021-12-14,3801,2021-10-22,1901,2093,NORTH,5,5,7,3801,0,0,0,,0,3E15D,"VAN NESS AV","WILLOW ST",0.00,,Y,A,-,N,,,,,,,,,,N,3,0,1,2,A,-,"- ",,,N,H,J,A,A,H,-,C,A,0,,,,,Y,,-,"- ",0,1,0,0,0,0,0,0,0,"- ","- ",,,"SAN FRANCISCO","SAN FRANCISCO",-122.42086029052734,37.783351898193359
9362544,2021,2021-11-30,3801,2021-10-22,2219,451,MISSI,5,5,7,3801,0,0,0,,0,004,"25TH ST","S VAN NESS AV",45.00,W,N,A,-,N,,,,,,,,,,Y,4,0,1,6,A,-,01,23153,A,F,D,E,A,A,H,-,C,A,0,,,,,Y,Y,A,01,0,0,1,0,0,0,0,0,0,"- ","- ",,,"SAN FRANCISCO","SAN FRANCISCO",-122.41632843017578,37.750774383544922
9362545,2021,2021-11-30,3801,2021-10-25,0823,50,TENDE,1,5,7,3801,0,0,0,,0,,"OFARRELL ST","JONES ST",120.00,E,N,A,-,N,,,,,,,,,,N,4,0,1,2,A,-,11,21954,A,N,G,B,E,A,H,-,A,D,0,Y,,,,Y,,N,60,0,0,1,0,1,0,0,0,0,"- ","- ",,,"SAN FRANCISCO","SAN FRANCISCO",-122.41255950927734,37.785854339599609