CASE_ID,ACCIDENT_YEAR,PROC_DATE,JURIS,COLLISION_DATE,COLLISION_TIME,OFFICER_ID,REPORTING_DISTRICT,DAY_OF_WEEK,CHP_SHIFT,POPULATION,CNTY_CITY_LOC,SPECIAL_COND,BEAT_TYPE,CHP_BEAT_TYPE,CITY_DIVISION_LAPD,CHP_BEAT_CLASS,BEAT_NUMBER,PRIMARY_RD,SECONDARY_RD,DISTANCE,DIRECTION,INTERSECTION,WEATHER_1,WEATHER_2,STATE_HWY_IND,CALTRANS_COUNTY,CALTRANS_DISTRICT,STATE_ROUTE,ROUTE_SUFFIX,POSTMILE_PREFIX,POSTMILE,LOCATION_TYPE,RAMP_INTERSECTION,SIDE_OF_HWY,TOW_AWAY,COLLISION_SEVERITY,NUMBER_KILLED,NUMBER_INJURED,PARTY_COUNT,PRIMARY_COLL_FACTOR,PCF_CODE_OF_VIOL,PCF_VIOL_CATEGORY,PCF_VIOLATION,PCF_VIOL_SUBSECTION,HIT_AND_RUN,TYPE_OF_COLLISION,MVIW,PED_ACTION,ROAD_SURFACE,ROAD_COND_1,ROAD_COND_2,LIGHTING,CONTROL_DEVICE,CHP_ROAD_TYPE,PEDESTRIAN_ACCIDENT,BICYCLE_ACCIDENT,MOTORCYCLE_ACCIDENT,TRUCK_ACCIDENT,NOT_PRIVATE_PROPERTY,ALCOHOL_INVOLVED,STWD_VEHTYPE_AT_FAULT,CHP_VEHTYPE_AT_FAULT,COUNT_SEVERE_INJ,COUNT_VISIBLE_INJ,COUNT_COMPLAINT_PAIN,COUNT_PED_KILLED,COUNT_PED_INJURED,COUNT_BICYCLIST_KILLED,COUNT_BICYCLIST_INJURED,COUNT_MC_KILLED,COUNT_MC_INJURED,PRIMARY_RAMP,SECONDARY_RAMP,LATITUDE,LONGITUDE,COUNTY,CITY,POINT_X,POINT_Y
9362546,2021,2021-11-30,3801,2021-10-24,2200,4347,TARAV,7,5,7,3801,0,0,0,,0,3I1E,"24TH AV","NORIEGA ST",0.00,,Y,C,-,N,,,,,,,,,,N,2,0,1,2,D,-,00,,,N,G,B,B,B,H,-,C,A,0,Y,,,,Y,,-,"- ",1,0,0,0,1,0,0,0,0,"- ","- ",,,"SAN FRANCISCO","SAN FRANCISCO",-122.48184204101562,37.754009246826172
9362547,2021,2021-11-30,3801,2021-10-24,2357,2140,MISSI,7,5,7,3801,0,0,0,,0,3D11E,"VALENCIA ST","DUBOCE AV",0.00,S,N,C,-,N,,,,,,,,,,N,4,0,1,2,A,-,10,21950,A,N,G,B,B,B,H,-,C,A,0,Y,,,,Y,,A,01,0,0,1,0,1,0,0,0,0,"- ","- ",,,"SAN FRANCISCO","SAN FRANCISCO",-122.42236328125,37.769866943359375
9362548,2021,2021-11-30,3801,2021-10-09,1513,54,NORTH,6,5,7,3801,0,0,0,,0,3E16D,"DIVISADERO ST","GEARY BL",0.00,,Y,A,-,N,,,,,,,,,,N,3,0,1,2,A,-,10,21950,A,N,G,B,-,A,-,-,A,A,0,Y,,,,Y,,A,01,0,1,0,0,1,0,0,0,0,"- ","- ",,,"SAN FRANCISCO","SAN FRANCISCO",-122.43947601318359,37.783359527587891
9362549,2021,2021-11-30,3801,2021-10-12,2300,1207,MISSI,2,5,7,3801,0,0,0,,0,3D15E,"17TH ST","CHURCH ST",63.00,W,N,A,-,N,,,,,,,,,,N,4,0,1,1,B,-,22,,,N,H,A,A,A,A,-,C,A,0,,Y,,,Y,Y,L,04,0,0,1,0,0,0,1,0,0,"- ","- ",,,"SAN FRANCISCO","SAN FRANCISCO",-122.42872619628906,37.762866973876953
9362550,2021,2021-11-30,3801,2021-10-12,1845,746,INGLE,2,5,7,3801,0,0,0,,0,3H13D,"ALEMANY BL","LYELL ST",0.00,,Y,A,-,N,,,,,,,,,,Y,4,0,1,2,A,-,12,21453,A,F,D,C,A,A,H,-,C,A,0,,,,,Y,,-,,0,0,1,0,0,0,0,0,0,"- ","- ",37.07305908203125,-122.48123168945312,"SAN FRANCISCO","SAN FRANCISCO",-122.43122863769531,37.730609893798828
9362551,2021,2021-11-30,3801,2021-10-12,1819,1194,SOUTH,2,5,7,3801,0,0,0,,0,005,"17TH ST","RHODE ISLAND ST",0.00,,Y,A,-,N,,,,,,,,,,N,4,0,1,2,A,-,12,22450,A,N,D,G,A,A,H,-,A,A,0,,Y,,,Y,,L,04,0,0,1,0,0,0,1,0,0,"- ","- ",,,"SAN FRANCISCO","SAN FRANCISCO",-122.40253448486328,37.764781951904297
9362552,2021,2021-11-30,3801,2021-10-12,1620,397,BATVI,2,5,7,3801,0,0,0,,0,3C2,"OAKDALE AV","PHELPS ST",0.00,,Y,A,-,N,,,,,,,,,,N,4,0,1,2,A,-,12,22450,A,F,D,G,A,-,H,-,-,D,0,,Y,,,Y,,A,01,0,0,1,0,0,0,1,0,0,"- ","- ",,,"SAN FRANCISCO","SAN FRANCISCO",-122.39408874511719,37.736721038818359
9362553,2021,2021-11-30,3801,2021-10-12,1701,273,CENTR,2,5,7,3801,0,0,0,,0,3A12D,"GEARY ST","TAYLOR ST",6.00,W,N,A,-,N,,,,,,,,,,N,4,0,1,2,A,-,10,21950,A,F,G,B,B,A,H,-,A,A,0,Y,,,,Y,Y,A,01,0,0,1,0,1,0,0,0,0,"- ","- ",,,"SAN FRANCISCO","SAN FRANCISCO",-122.41152954101562,37.786949157714844
9362554,2021,2021-11-30,3801,2021-10-12,1717,4023,MISSI,2,5,7,3801,0,0,0,,0,3D45C,"FOLSOM ST","17TH ST",5.00,S,N,A,G,N,,,,,,,,,,N,3,0,1,2,A,-,12,21452,B,N,G,B,B,A,H,-,A,A,0,Y,,,,Y,,N,60,0,1,0,0,1,0,0,0,0,"- ","- ",,,"SAN FRANCISCO","SAN FRANCISCO",-122.41514587402344,37.763675689697266
9362555,2021,2021-12-14,3801,2021-10-12,1400,4270,NORTH,2,5,7,3801,0,0,0,,0,3E4A,"SUTTER ST","OCTAVIA ST",72.00,E,N,A,-,N,,,,,,,,,,Y,4,0,2,2,A,-,08,22107,,N,B,C,A,A,H,-,A,D,0,,,,,Y,,-,"- ",0,0,2,0,0,0,0,0,0,"- ","- ",,,"SAN FRANCISCO","SAN FRANCISCO",-122.42646026611328,37.786960601806641
9362556,2021,2021-11-30,3801,2021-10-11,1915,327,MISSI,1,5,7,3801,0,0,0,,0,3D11C,"LEAVENWORTH ST","EDDY ST",0.00,,Y,A,-,N,,,,,,,,,,N,3,0,1,2,A,-,10,21950,A,F,A,B,B,A,H,-,C,A,0,Y,,,,Y,,A,01,0,1,0,0,1,0,0,0,0,"- ","- ",,,"SAN FRANCISCO","SAN FRANCISCO",-122.41423797607422,37.783729553222656
9362557,2021,2021-11-30,3801,2021-10-12,1335,230,TENDE,2,5,7,3801,0,0,0,,0,3J98C,"MARKET ST","5TH ST",335.00,E,N,A,-,N,,,,,,,,,,N,3,0,1,1,A,-,08,22107,,N,H,A,A,A,G,-,A,D,0,,Y,,,Y,,L,04,0,1,0,0,0,0,1,0,0,"- ","- ",,,"SAN FRANCISCO","SAN FRANCISCO",-122.40723419189453,37.784641265869141
9362558,2021,2021-11-30,3801,2021-10-11,1315,310,SOUTH,1,5,7,3801,0,0,0,,0,3B15C,"KING ST","2ND ST",0.00,,Y,A,-,N,,,,,,,,,,N,4,0,4,2,A,-,03,22350,,N,C,C,A,A,H,-,A,A,0,,,,,Y,,A,01,0,0,4,0,0,0,0,0,0,"- ","- ",,,"SAN FRANCISCO","SAN FRANCISCO",-122.38970184326172,37.779956817626953
9362559,2021,2021-11-30,3801,2021-10-10,1955,2379,INGLE,7,5,7,3801,0,0,0,,0,3H15D,"ALEMANY BL","SICKLES AV",0.00,,Y,A,-,N,,,,,,,,,,N,4,0,1,2,A,-,09,21801,A,N,H,J,A,A,H,-,C,A,0,,,Y,,Y,,A,01,0,0,1,0,0,0,0,0,1,"- ","- ",,,"SAN FRANCISCO","SAN FRANCISCO",-122.45491790771484,37.710514068603516
9362560,2021,2021-11-30,3801,2021-10-10,2136,2741,INGLE,7,5,7,3801,0,0,0,,0,901,"SUNNYDALE AV","SAWYER ST",0.00,,Y,A,-,N,,,,,,,,,,N,4,0,1,2,A,-,12,22450,A,N,D,C,A,A,H,-,C,A,0,,,Y,,Y,,C,02,0,0,1,0,0,0,0,0,1,"- ","- ",,,"SAN FRANCISCO","SAN FRANCISCO",-122.41508483886719,37.711647033691406
9362658,2021,2021-12-08,3801,2021-10-21,0700,1396,SOUTH,4,5,7,3801,0,0,0,,0,3B13A,"6TH ST","FOLSOM  ST",0.00,,Y,B,-,N,,,,,,,,,,Y,4,0,1,2,A,-,08,22100,B,N,F,C,A,B,H,-,B,A,0,,,,Y,Y,,F,25,0,0,1,0,0,0,0,0,0,"- ","- ",,,"SAN FRANCISCO","SAN FRANCISCO",-122.40560150146484,37.778499603271484
9362666,2021,2021-12-03,3801,2021-10-12,2326,1557,TARAV,2,5,7,3801,0,0,0,,0,3I16E,"BYXBEE ST","HOLLOWAY AV",165.00,S,N,A,-,N,,,,,,,,,,Y,3,0,1,3,A,-,01,23152,,M,A,E,A,A,H,-,C,D,0,,,,,Y,Y,A,01,0,1,0,0,0,0,0,0,0,"- ","- ",,,"SAN FRANCISCO","SAN FRANCISCO",-122.46988677978516,37.721176147460938
9362697,2021,2021-12-03,3801,2021-10-09,2050,2730,SOUTH,6,5,7,3801,0,0,0,,0,3B14D,"FOLSOM ST","MABINI ST",0.00,,Y,A,-,N,,,,,,,,,,N,4,0,1,2,A,-,17,21209,A,N,D,C,A,A,H,-,C,A,0,,,Y,,Y,,C,03,0,0,1,0,0,0,0,0,1,"- ","- ",,,"SAN FRANCISCO","SAN FRANCISCO",-122.40039825439453,37.782638549804688
9362705,2021,2021-12-07,3801,2021-10-07,1718,2132,PARK,4,5,7,3801,0,0,0,,0,3F60,"WOODSIDE AV","HERNANDEZ AV",60.00,E,N,A,-,N,,,,,,,,,,Y,3,0,3,3,A,-,03,22350,,N,C,C,A,A,H,-,A,A,0,,,,,Y,,A,01,0,2,1,0,0,0,0,0,0,"- ","- ",,,"SAN FRANCISCO","SAN FRANCISCO",-122.45527648925781,37.746307373046875
9362713,2021,2021-12-03,3801,2021-10-05,1420,2449,MISSI,2,5,7,3801,0,0,0,,0,3D13C,"DUBOCE AV","VALENCIA ST",0.00,,Y,A,-,N,,,,,,,,,,N,4,0,1,3,A,-,07,21658,A,N,B,C,A,-,H,-,A,A,0,,,,Y,Y,,A,01,0,0,1,0,0,0,0,0,0,"- ","- ",,,"SAN FRANCISCO","SAN FRANCISCO",-122.42236328125,37.769866943359375
9362717,2021,2021-12-03,3801,2021-10-19,2034,4253,INGLE,2,5,7,3801,0,0,0,,0,0H3,"MISSION ST","NEY ST",0.00,,Y,B,C,N,,,,,,,,,,N,2,0,1,2,A,-,10,21950,A,N,G,B,B,B,H,-,C,D,0,Y,,,,Y,,D,22,1,0,0,0,1,0,0,0,0,"- ","- ",,,"SAN FRANCISCO","SAN FRANCISCO",-122.43000793457031,37.730007171630859
9362801,2021,2021-11-30,3801,2021-10-11,2154,2164,INGLE,1,5,7,3801,0,0,0,,0,3H14E,"ALEMANY  BL","JUSTIN DR",0.00,,Y,A,-,N,,,,,,,,,,Y,4,0,2,2,A,-,05,21651,B,N,A,C,A,A,H,-,C,A,0,,,,,Y,,A,07,0,0,2,0,0,0,0,0,0,"- ","- ",,,"SAN FRANCISCO","SAN FRANCISCO",-122.42595672607422,37.731796264648438
9362802,2021,2021-11-30,3801,2021-10-09,1651,1861,TARAV,6,5,7,3801,0,0,0,,0,3I11D,"LINCOLN WY","17TH AV",0.00,,Y,A,-,N,,,,,,,,,,Y,2,0,1,2,A,-,09,21801,A,N,-,C,A,A,H,-,A,D,0,,,Y,,Y,,A,01,1,0,0,0,0,0,0,0,1,"- ","- ",,,"SAN FRANCISCO","SAN FRANCISCO",-122.47512054443359,37.765537261962891
9362803,2021,2021-11-30,3801,2021-10-02,1340,2058,MISSI,6,5,7,3801,0,0,0,,0,CENTRA,"2ND ST","MARKET ST",0.00,,Y,A,-,N,,,,,,,,,,N,3,0,1,2,A,-,12,21453,A,F,G,B,B,A,H,-,A,A,0,Y,,Y,,Y,,C,03,0,1,0,0,1,0,0,0,0,"- ","- ",,,"SAN FRANCISCO","SAN FRANCISCO",-122.40139770507812,37.789234161376953
9362804,2021,2021-11-30,3801,2021-10-01,1740,SUZUKI,TENDE,5,5,7,3801,0,0,0,,0,3I14D,"TAYLOR ST","OFARRELL ST",83.00,S,N,A,-,N,,,,,,,,,,N,4,0,1,2,A,-,17,22517,,N,B,E,A,A,H,-,A,D,0,,,Y,,Y,Y,A,01,0,0,1,0,0,0,0,0,1,"- ","- ",,,"SAN FRANCISCO","SAN FRANCISCO",-122.41127014160156,37.785793304443359
9362805,2021,2021-11-30,3801,2021-10-01,1931,2342,NORTH,5,5,7,3801,0,0,0,,0,3E13D,"POST ST","POLK ST",0.00,,Y,A,-,N,,,,,,,,,,N,4,0,1,2,A,-,03,22350,,N,B,G,A,-,H,-,C,D,0,,Y,,,Y,,L,04,0,0,1,0,0,0,1,0,0,"- ","- ",,,"SAN FRANCISCO","SAN FRANCISCO",-122.41989898681641,37.786834716796875
9362806,2021,2021-11-30,3801,2021-10-01,0750,4279,INGLE,5,5,7,3801,0,0,0,,0,1CAR,"MISSION ST","30TH ST",6.00,N,N,A,-,N,,,,,,,,,,N,2,0,1,2,A,-,10,21950,A,N,G,B,B,A,H,-,A,A,0,Y,,,,Y,,A,01,1,0,0,0,1,0,0,0,0,"- ","- ",,,"SAN FRANCISCO","SAN FRANCISCO",-122.42195129394531,37.742404937744141
9362807,2021,2021-11-30,3801,2021-10-18,2100,2398,NORTH,1,5,7,3801,0,0,0,,0,02E,"FILLMORE ST","MCALLISTER ST",0.00,,Y,A,-,N,,,,,,,,,,Y,3,0,2,2,A,-,06,21750,,N,B,C,A,A,H,-,C,A,0,,,,,Y,,A,01,0,1,1,0,0,0,0,0,0,"- ","- ",,,"SAN FRANCISCO","SAN FRANCISCO",-122.43175506591797,37.778644561767578
9362808,2021,2021-12-14,3801,2021-10-18,1904,1878,MISSI,1,5,7,3801,0,0,0,,0,0D4,"HARRISON ST","24TH ST",117.00,S,N,A,-,N,,,,,,,,,,Y,4,0,3,3,A,-,03,22350,,N,C,C,A,A,H,-,D,D,0,,,,,Y,,A,01,0,0,3,0,0,0,0,0,0,"- ","- ",,,"SAN FRANCISCO","SAN FRANCISCO",-122.411865234375,37.752330780029297
9362809,2021,2021-11-30,3801,2021-10-18,1730,2744,SOUTH,1,5,7,3801,0,0,0,,0,3B1,"FOLSOM ST","ESSEX ST",0.00,,Y,A,-,N,,,,,,,,,,Y,4,0,1,2,A,-,01,23153,A,N,C,C,A,A,-,-,A,A,0,,,,,Y,Y,A,01,0,0,1,0,0,0,0,0,0,"- ","- ",,,"SAN FRANCISCO","SAN FRANCISCO",-122.39569091796875,37.786384582519531
9362810,2021,2021-11-30,3801,2021-10-18,1613,365,RICHM,1,5,7,3801,0,0,0,,0,3G14D,"29TH AV","BALBOA ST",0.00,,Y,A,-,N,,,,,,,,,,N,4,0,1,2,A,-,03,22350,A,N,C,C,A,A,H,-,A,A,0,,,,,Y,,A,01,0,0,1,0,0,0,0,0,0,"- ","- ",,,"SAN FRANCISCO","SAN FRANCISCO",-122.48876953125,37.776115417480469
9362811,2021,2021-11-30,3801,2021-10-22,2130,1688,BAYVI,5,5,7,3801,0,0,0,,0,3C12E,"BAY SHORE BL","COSTA ST",502.00,N,N,A,-,N,,,,,,,,,,Y,3,0,1,1,A,-,07,21658,A,N,F,J,A,A,H,-,C,D,0,,,,,Y,,A,01,0,1,0,0,0,0,0,0,0,"- ","- ",,,"SAN FRANCISCO","SAN FRANCISCO",-122.40422058105469,37.745616912841797
9362812,2021,2021-11-30,3801,2021-10-19,0952,2486,BAYVI,2,5,7,3801,0,0,0,,0,,"3RD ST","JAMESTOWN AV",0.00,,Y,A,-,N,,,,,,,,,,Y,3,0,2,2,A,-,09,21801,A,N,A,C,A,A,H,-,A,A,0,,,,,Y,,A,01,0,1,1,0,0,0,0,0,0,"- ","- ",,,"SAN FRANCISCO","SAN FRANCISCO",-122.39671325683594,37.720260620117188
9362813,2021,2021-11-30,3801,2021-10-18,0325,1871,INGLE,1,5,7,3801,0,0,0,,0,901,"POPE ST","BRUNSWICK ST",0.00,,Y,B,-,N,,,,,,,,,,Y,4,0,1,2,A,-,12,22450,A,N,D,-,A,A,H,-,C,D,0,,,,,Y,,A,01,0,0,1,0,0,0,0,0,0,"- ","- ",,,"SAN FRANCISCO","SAN FRANCISCO",-122.44009399414062,37.711475372314453
9362814,2021,2021-11-30,3801,2021-10-21,1547,2465,TARAV,4,5,7,3801,0,0,0,,0,3I13D,"NORIEGA ST","33RD AV",0.00,,Y,B,-,N,,,,,,,,,,N,4,0,1,2,A,-,10,21950,A,N,G,B,B,B,H,-,A,A,0,Y,,,,Y,,A,07,0,0,1,0,1,0,0,0,0,"- ","- ",,,"SAN FRANCISCO","SAN FRANCISCO",-122.49147033691406,37.753570556640625
9362815,2021,2021-11-30,3801,2021-10-21,1822,2105,CENTR,4,5,7,3801,0,0,0,,0,3A42C,POWELL,BROADWAY,15.00,N,N,A,-,N,,,,,,,,,,N,3,0,1,2,A,-,17,21200,,N,C,G,A,A,H,-,A,A,0,,Y,,,Y,,L,04,0,1,0,0,0,0,1,0,0,"- ","- ",,,"SAN FRANCISCO","SAN FRANCISCO",-122.41024780273438,37.797451019287109
9362816,2021,2021-11-30,3801,2021-10-18,2040,4187,NORTH,1,5,7,3801,0,0,0,,0,3E15D,"VAN NESS AV","EDDY ST",0.00,,Y,A,-,N,,,,,,,,,,N,2,0,1,2,A,-,17,21235,G,F,A,B,B,A,H,-,C,A,0,Y,,,,Y,,M,94,1,0,0,0,1,0,0,0,0,"- ","- ",,,"SAN FRANCISCO","SAN FRANCISCO",-122.42076110839844,37.782890319824219
9362817,2021,2021-11-30,3801,2021-10-21,0851,"IMHOFF 8",NORTH,4,5,7,3801,0,0,0,,0,3E12A,"LARKIN ST","BROADWAY ST",0.00,,Y,B,-,N,,,,,,,,,,N,4,0,1,2,A,-,08,22107,,N,D,B,B,B,H,-,A,A,0,Y,,,,Y,,A,01,0,0,1,0,1,0,0,0,0,"- ","- ",,,"SAN FRANCISCO","SAN FRANCISCO",-122.42012786865234,37.796218872070312
9362818,2021,2021-11-30,3801,2021-10-20,2254,1414,MISSI,3,5,7,3801,0,0,0,,0,3D15E,"14TH ST","WOODWARD ST",100.00,E,N,C,-,N,,,,,,,,,,N,4,0,1,2,A,-,21,22106,,N,G,B,D,B,H,-,C,D,0,Y,,,,Y,,-,,0,0,1,0,1,0,0,0,0,"- ","- ",,,"SAN FRANCISCO","SAN FRANCISCO",-122.42042541503906,37.768260955810547
9362819,2021,2021-11-30,3801,2021-10-20,1854,4041,TARAV,3,5,7,3801,0,0,0,,0,3I13D,"LA PLAYA ST","LA PLAYA ST  1200",0.00,,Y,C,-,N,,,,,,,,,,N,4,0,1,3,A,-,03,22350,,N,C,E,A,B,H,-,C,D,0,,,,,Y,,A,01,0,0,1,0,0,0,0,0,0,"- ","- ",,,"SAN FRANCISCO","SAN FRANCISCO",,
9362820,2021,2021-11-30,3801,2021-10-20,0807,1944,INGLE,3,5,7,3801,0,0,0,,0,004,"ALEMANY BL","TINGLEY ST",0.00,,Y,B,-,N,,,,,,,,,,N,3,0,1,3,A,-,12,22450,,N,D,C,A,A,H,-,B,A,0,,,,,Y,,A,01,0,1,0,0,0,0,0,0,0,"- ","- ",,,"SAN FRANCISCO","SAN FRANCISCO",-122.43402099609375,37.729358673095703
9362821,2021,2021-12-01,3801,2021-10-20,0921,2183,TENDE,3,5,7,3801,0,0,0,,0,3J13A,"LARKIN ST","HAYES ST",0.00,,Y,C,-,N,,,,,,,,,,Y,4,0,1,2,A,-,21,22106,,F,C,C,A,B,H,-,B,D,0,,,,,Y,,A,01,0,0,1,0,0,0,0,0,0,"- ","- ",,,"SAN FRANCISCO","SAN FRANCISCO",-122.41641998291016,37.777744293212891
9362822,2021,2021-12-01,3801,2021-10-20,0944,1863,MISSI,3,5,7,3801,0,0,0,,0,3D11A,"MARKET ST","DIAMOND ST",91.00,W,N,C,-,N,,,,,,,,,,N,3,0,1,1,A,-,03,22350,,N,H,A,A,B,G,-,A,B,0,,,Y,,Y,,C,03,0,1,0,0,0,0,0,0,1,"- ","- ",,,"SAN FRANCISCO","SAN FRANCISCO",-122.43760681152344,37.761844635009766
9362823,2021,2021-12-01,3801,2021-10-18,1945,1514,MISSI,1,5,7,3801,0,0,0,,0,,"18TH ST","18TH ST 3489",0.00,,Y,A,-,N,,,,,,,,,,N,3,0,1,2,A,-,03,22350,,N,-,G,A,A,H,-,D,D,0,,Y,,,Y,,A,01,0,1,0,0,0,0,1,0,0,"- ","- ",,,"SAN FRANCISCO","SAN FRANCISCO",-122.421335,37.761716999999997
9362824,2021,2021-12-01,3801,2021-10-19,2158,2098,MISSI,2,5,7,3801,0,0,0,,0,3D11E,"17TH ST","GUERRERO ST",0.00,,Y,A,B,N,,,,,,,,,,Y,4,0,1,2,A,-,09,21801,A,N,A,C,A,B,H,-,C,A,0,,,,,Y,,A,01,0,0,1,0,0,0,0,0,0,"- ","- ",,,"SAN FRANCISCO","SAN FRANCISCO",-122.42392730712891,37.763172149658203
9362825,2021,2021-12-01,3801,2021-10-05,2025,2161,MISSI,2,5,7,3801,0,0,0,,0,3D45C,"16TH ST","POTRERO AV",314.00,W,N,A,-,N,,,,,,,,,,N,4,0,1,2,A,-,11,21955,,N,G,B,D,A,H,-,E,D,0,Y,,,,Y,,N,60,0,0,1,0,1,0,0,0,0,"- ","- ",,,"SAN FRANCISCO","SAN FRANCISCO",-122.40864562988281,37.765697479248047
9362826,2021,2021-12-01,3801,2021-10-05,1715,556,SOUTH,2,5,7,3801,0,0,0,,0,003,"FOLSOM ST","LANGTON ST",47.00,E,N,A,-,N,,,,,,,,,,N,4,0,1,2,A,-,03,22350,,N,D,G,A,A,H,-,A,D,0,,Y,,,Y,,L,04,0,0,1,0,0,0,1,0,0,"- ","- ",,,"SAN FRANCISCO","SAN FRANCISCO",-122.40828704833984,37.776412963867188
9362827,2021,2021-12-01,3801,2021-10-05,1220,1297,BAYVI,2,5,7,3801,0,0,0,,0,3C14A,"3RD ST","QUESADA AV",0.00,,Y,A,-,N,,,,,,,,,,N,4,0,1,2,A,-,04,21703,,M,C,C,A,A,H,-,A,A,0,,,Y,,Y,,A,01,0,0,1,0,0,0,0,0,1,"- ","- ",,,"SAN FRANCISCO","SAN FRANCISCO",-122.39132690429688,37.733272552490234
9362828,2021,2021-12-01,3801,2021-10-05,1231,1438,INGLE,2,5,7,3801,0,0,0,,0,4CAR,"DEL MONTE ST","OTTAWA AV",0.00,,Y,A,-,N,,,,,,,,,,N,4,0,1,2,A,-,17,22517,,N,H,E,A,A,H,-,A,D,0,,,Y,,Y,,A,08,0,0,1,0,0,0,0,0,1,"- ","- ",,,"SAN FRANCISCO","SAN FRANCISCO",-122.44493103027344,37.714561462402344
9362829,2021,2021-12-01,3801,2021-10-10,1548,143,CENTR,7,5,7,3801,0,0,0,,0,03A,"MONTGOMERY ST","CHESTNUT ST",14.00,N,N,A,-,N,,,,,,,,,,N,3,0,2,2,A,-,03,22350,,F,A,C,A,A,H,-,A,A,0,,,Y,,Y,,-,"- ",0,1,1,0,0,0,0,0,2,"- ","- ",,,"SAN FRANCISCO","SAN FRANCISCO",-122.40516662597656,37.804817199707031
9362830,2021,2021-12-01,3801,2021-10-10,1316,77,TENDE,7,5,7,3801,0,0,0,,0,3J13A,"EDDY ST","LARKIN ST",16.00,S,N,A,-,N,,,,,,,,,,N,4,0,1,2,A,-,10,21950,A,N,B,B,B,A,H,-,A,A,0,Y,,,,Y,,A,01,0,0,1,0,1,0,0,0,0,"- ","- ",,,"SAN FRANCISCO","SAN FRANCISCO",-122.41757202148438,37.783290863037109
9362831,2021,2021-12-01,3801,2021-10-02,0321,2094,SOUTH,6,5,7,3801,0,0,0,,0,3B14E,"MARKET ST","GOUGH ST",0.00,,Y,A,-,N,,,,,,,,,,Y,4,0,2,2,D,-,00,,,N,D,C,A,A,H,-,C,A,0,,,,,Y,,-,"- ",0,0,2,0,0,0,0,0,0,"- ","- ",,,"SAN FRANCISCO","SAN FRANCISCO",-122.42221069335938,37.772872924804688
9362832,2021,2021-12-01,3801,2021-10-02,1000,2477,PARK,6,5,7,3801,0,0,0,,0,3F4C,"PAGE ST","BRODERICK ST",162.00,E,N,A,-,N,,,,,,,,,,N,3,0,1,2,A,-,09,21801,A,N,B,G,A,A,H,-,A,D,0,,Y,,,Y,,-,,0,1,0,0,0,0,1,0,0,"- ","- ",,,"SAN FRANCISCO","SAN FRANCISCO",-122.43834686279297,37.772064208984375
9362833,2021,2021-12-01,3801,2021-10-01,2118,2100,MISSI,5,5,7,3801,0,0,0,,0,3D14D,"CLIPPER ST","DIAMOND ST",0.00,,Y,A,-,N,,,,,,,,,,Y,4,0,1,2,A,-,01,23152,B,N,A,C,A,A,H,-,C,D,0,,,,,Y,Y,A,01,0,0,1,0,0,0,0,0,0,"- ","- ",,,"SAN FRANCISCO","SAN FRANCISCO",-122.43607330322266,37.748779296875
9362834,2021,2021-12-01,3801,2021-10-02,2122,2706,TARAV,6,5,7,3801,0,0,0,,0,3I16E,"OCEAN AV","JULES AV",0.00,,Y,A,-,N,,,,,,,,,,N,4,0,3,2,A,-,08,22100,B,N,B,C,A,A,H,-,C,A,0,,,,,Y,,A,01,0,0,3,0,0,0,0,0,0,"- ","- ",,,"SAN FRANCISCO","SAN FRANCISCO",-122.46123504638672,37.724948883056641
9362835,2021,2021-12-01,3801,2021-10-01,2014,1251,BAYVI,5,5,7,3801,0,0,0,,0,3C13D,"DARTMOUTH ST","SILVER AV",5.00,N,N,A,-,N,,,,,,,,,,N,4,0,1,4,A,-,03,22350,,F,C,C,-,-,-,-,C,D,0,Y,,,,Y,,A,01,0,0,1,0,1,0,0,0,0,"- ","- ",,,"SAN FRANCISCO","SAN FRANCISCO",-122.41327667236328,37.729911804199219
9362836,2021,2021-12-01,3801,2021-10-03,0744,262,TRAFF,7,5,7,3801,0,0,0,,0,4B2G,"BRADFORD ST","TOMPKINS AV",26.00,N,N,A,-,N,,,,,,,,,,N,3,0,1,2,A,-,21,22106,,F,G,B,E,A,H,-,A,D,0,Y,,,,Y,Y,A,01,0,1,0,0,1,0,0,0,0,"- ","- ",,,"SAN FRANCISCO","SAN FRANCISCO",-122.40975952148438,37.736961364746094
9362837,2021,2021-12-17,3801,2021-10-02,2019,556,SOUTH,6,5,7,3801,0,0,0,,0,003,"6TH ST","HARRISON ST",0.00,,Y,A,-,N,,,,,,,,,,Y,3,0,1,3,A,-,09,21801,A,N,A,C,A,A,H,-,C,A,0,,,Y,,Y,,A,01,0,1,0,0,0,0,0,0,1,"- ","- ",,,"SAN FRANCISCO","SAN FRANCISCO",-122.40408325195312,37.777309417724609
9362838,2021,2021-12-17,3801,2021-10-02,1800,1307,MISSI,6,5,7,3801,0,0,0,,0,3D15D,"16TH ST","VALENCIA ST",120.00,W,N,A,-,N,,,,,,,,,,N,4,0,2,2,A,-,03,22350,,F,C,C,A,A,H,-,C,A,0,,,,,Y,,A,07,0,0,2,0,0,0,0,0,0,"- ","- ",,,"SAN FRANCISCO","SAN FRANCISCO",-122.42230224609375,37.764884948730469
9362839,2021,2021-12-01,3801,2021-10-02,1524,2008,MISSI,6,5,7,3801,0,0,0,,0,3D13D,"VALENCIA ST","BROSNAN ST",12.00,S,N,A,-,N,,,,,,,,,,N,3,0,1,3,A,-,04,21703,,N,C,E,A,A,H,-,A,D,0,,,,,Y,,M,94,0,1,0,0,0,0,0,0,0,"- ","- ",,,"SAN FRANCISCO","SAN FRANCISCO",-122.42224884033203,37.768718719482422