CASE_ID,ACCIDENT_YEAR,PROC_DATE,JURIS,COLLISION_DATE,COLLISION_TIME,OFFICER_ID,REPORTING_DISTRICT,DAY_OF_WEEK,CHP_SHIFT,POPULATION,CNTY_CITY_LOC,SPECIAL_COND,BEAT_TYPE,CHP_BEAT_TYPE,CITY_DIVISION_LAPD,CHP_BEAT_CLASS,BEAT_NUMBER,PRIMARY_RD,SECONDARY_RD,DISTANCE,DIRECTION,INTERSECTION,WEATHER_1,WEATHER_2,STATE_HWY_IND,CALTRANS_COUNTY,CALTRANS_DISTRICT,STATE_ROUTE,ROUTE_SUFFIX,POSTMILE_PREFIX,POSTMILE,LOCATION_TYPE,RAMP_INTERSECTION,SIDE_OF_HWY,TOW_AWAY,COLLISION_SEVERITY,NUMBER_KILLED,NUMBER_INJURED,PARTY_COUNT,PRIMARY_COLL_FACTOR,PCF_CODE_OF_VIOL,PCF_VIOL_CATEGORY,PCF_VIOLATION,PCF_VIOL_SUBSECTION,HIT_AND_RUN,TYPE_OF_COLLISION,MVIW,PED_ACTION,ROAD_SURFACE,ROAD_COND_1,ROAD_COND_2,LIGHTING,CONTROL_DEVICE,CHP_ROAD_TYPE,PEDESTRIAN_ACCIDENT,BICYCLE_ACCIDENT,MOTORCYCLE_ACCIDENT,TRUCK_ACCIDENT,NOT_PRIVATE_PROPERTY,ALCOHOL_INVOLVED,STWD_VEHTYPE_AT_FAULT,CHP_VEHTYPE_AT_FAULT,COUNT_SEVERE_INJ,COUNT_VISIBLE_INJ,COUNT_COMPLAINT_PAIN,COUNT_PED_KILLED,COUNT_PED_INJURED,COUNT_BICYCLIST_KILLED,COUNT_BICYCLIST_INJURED,COUNT_MC_KILLED,COUNT_MC_INJURED,PRIMARY_RAMP,SECONDARY_RAMP,LATITUDE,LONGITUDE,COUNTY,CITY,POINT_X,POINT_Y
9362840,2021,2021-12-01,3801,2021-10-02,1350,986,TARAV,6,5,7,3801,0,0,0,,0,3I15B,"43RD AV","ULLOA ST",0.00,,Y,A,-,N,,,,,,,,,,N,3,0,2,2,A,-,09,21802,A,N,D,C,A,A,H,-,A,A,0,,,,,Y,,A,07,0,1,1,0,0,0,0,0,0,"- ","- ",,,"SAN FRANCISCO","SAN FRANCISCO",-122.50128173828125,37.740058898925781
9362841,2021,2021-12-01,3801,2021-10-03,1345,1394,MISSI,7,5,7,3801,0,0,0,,0,001,"18TH ST","ORD ST",0.00,,Y,A,-,N,,,,,,,,,,N,3,0,1,2,A,-,"- ",,2,F,D,C,A,A,A,-,A,D,0,,,Y,,Y,,A,01,0,1,0,0,0,0,0,0,1,"- ","- ",,,"SAN FRANCISCO","SAN FRANCISCO",-122.43997192382812,37.760589599609375
9362842,2021,2021-12-01,3801,2021-10-04,1021,2375,RICHM,1,5,7,3801,0,0,0,,0,3G12A,"GARDEN ST","DIVISADERO ST",196.00,W,N,A,-,N,,,,,,,,,,Y,3,0,1,2,B,-,22,,,N,E,I,A,A,H,-,A,D,0,,,,,Y,,A,01,0,1,0,0,0,0,0,0,0,"- ","- ",,,"SAN FRANCISCO","SAN FRANCISCO",-122.44024658203125,37.783760070800781
9362843,2021,2021-12-01,3801,2021-10-04,0929,2348,INGLE,1,5,7,3801,0,0,0,,0,3H15A,"CAYUGA AV","ONONDAGA AV",103.00,S,N,A,-,N,,,,,,,,,,Y,4,0,1,3,A,-,01,23152,A,N,B,C,A,A,H,-,A,A,0,,,,,Y,Y,A,01,0,0,1,0,0,0,0,0,0,"- ","- ",,,"SAN FRANCISCO","SAN FRANCISCO",-122.43991088867188,37.721805572509766
9362844,2021,2021-12-01,3801,2021-10-01,0842,1487,TRAFF,5,5,7,3801,0,0,0,,0,4B2C,"SAN JOSE AV","PAULDING ST",3.00,N,N,A,-,N,,,,,,,,,,Y,2,0,1,2,A,-,10,21950,A,N,G,B,B,A,H,-,A,A,0,Y,,,,Y,,A,07,1,0,0,0,1,0,0,0,0,"- ","- ",,,"SAN FRANCISCO","SAN FRANCISCO",-122.44114685058594,37.72747802734375
9362845,2021,2021-12-01,3801,2021-10-04,0203,2122,TENDE,1,5,7,3801,0,0,0,,0,3J12E,"TAYLOR ST","EDDY ST",0.00,,Y,A,-,N,,,,,,,,,,N,3,0,1,2,A,-,10,21950,A,F,G,B,B,A,H,-,C,A,0,Y,,,,Y,,A,01,0,1,0,0,1,0,0,0,0,"- ","- ",,,"SAN FRANCISCO","SAN FRANCISCO",-122.41094970703125,37.784160614013672
9362846,2021,2021-12-01,3801,2021-10-03,2008,233,MISSI,7,5,7,3801,0,0,0,,0,03D,"CAPP ST","22ND ST",60.00,S,N,A,-,N,,,,,,,,,,N,3,0,1,2,A,-,03,22350,,M,G,B,D,A,H,-,C,D,0,Y,,,,Y,Y,A,01,0,1,0,0,1,0,0,0,0,"- ","- ",,,"SAN FRANCISCO","SAN FRANCISCO",-122.41764068603516,37.755367279052734
9362847,2021,2021-12-01,3801,2021-10-03,1436,4274,RICHM,7,5,7,3801,0,0,0,,0,0G1,"JOHN F KENNEDY DR","MARX MEADOW DR",0.00,,Y,A,-,N,,,,,,,,,,N,4,0,1,2,D,-,00,,,N,D,G,A,A,H,-,A,D,0,,Y,,,Y,,-,"- ",0,0,1,0,0,0,1,0,0,"- ","- ",,,"SAN FRANCISCO","SAN FRANCISCO",,
9362848,2021,2021-12-01,3801,2021-10-09,1338,2312,BAYVI,6,5,7,3801,0,0,0,,0,903,"UNNAMED ST","AMADOR ST",0.00,,Y,A,-,N,,,,,,,,,,Y,2,0,1,1,C,-,18,,,N,E,J,A,A,H,-,A,D,0,,,,,Y,,-,"- ",1,0,0,0,0,0,0,0,0,"- ","- ",,,"SAN FRANCISCO","SAN FRANCISCO",,
9362849,2021,2021-12-01,3801,2021-10-01,1630,383,TARAV,5,5,7,3801,0,0,0,,0,3I15D,"SLOAT BL","CLEARFIELD DR",320.00,E,N,A,-,N,,,,,,,,,,Y,3,0,2,2,A,-,12,21453,A,N,D,C,A,A,H,-,A,A,0,,,,,Y,,A,01,0,2,0,0,0,0,0,0,0,"- ","- ",,,"SAN FRANCISCO","SAN FRANCISCO",-122.49045562744141,37.733970642089844
9362850,2021,2021-12-01,3801,2021-10-01,1250,1249,CENTR,5,5,7,3801,0,0,0,,0,3A44C,"GRANT AV","PACIFIC AV",0.00,,Y,A,-,N,,,,,,,,,,N,2,0,1,2,A,-,11,21453,D,F,D,B,B,A,H,-,A,A,0,Y,,,,Y,,N,60,1,0,0,0,1,0,0,0,0,"- ","- ",,,"SAN FRANCISCO","SAN FRANCISCO",-122.40680694580078,37.796920776367188
9362851,2021,2021-12-01,3801,2021-10-01,1150,1396,SOUTH,5,5,7,3801,0,0,0,,0,3B13A,"BRANNAN ST","6TH ST",0.00,,Y,A,-,N,,,,,,,,,,N,4,0,1,2,A,-,03,22350,,N,C,C,A,A,H,-,A,A,0,,,,,Y,,A,01,0,0,1,0,0,0,0,0,0,"- ","- ",,,"SAN FRANCISCO","SAN FRANCISCO",-122.40095520019531,37.774826049804688
9362852,2021,2021-12-01,3801,2021-10-01,1135,1418,TARAV,5,5,7,3801,0,0,0,,0,3I4,"ULLOA ST","18TH AV",21.00,W,N,A,-,N,,,,,,,,,,Y,4,0,1,1,A,-,03,22350,,N,E,I,A,A,H,-,A,A,0,,,,,Y,,A,07,0,0,1,0,0,0,0,0,0,"- ","- ",,,"SAN FRANCISCO","SAN FRANCISCO",-122.47457122802734,37.741226196289062
9362853,2021,2021-12-01,3801,2021-10-01,0909,4313,RICHM,5,5,7,3801,0,0,0,,0,,"MAYFAIR DR","SPRUCE ST",0.00,,Y,A,-,N,,,,,,,,,,N,2,0,1,2,A,-,11,21954,A,N,G,B,D,A,H,-,A,D,0,Y,,,,Y,,N,60,1,0,0,0,1,0,0,0,0,"- ","- ",,,"SAN FRANCISCO","SAN FRANCISCO",-122.45364379882812,37.785636901855469
9362854,2021,2022-02-14,3801,2021-10-01,0845,764,MISSI,5,5,7,3801,0,0,0,,0,9X16A,"MARKET ST","2ND ST",120.00,E,N,A,-,N,,,,,,,,,,N,4,0,1,2,A,-,17,22517,,N,H,G,A,A,H,-,A,A,0,,Y,,,Y,,A,01,0,0,1,0,0,0,1,0,0,"- ","- ",,,"SAN FRANCISCO","SAN FRANCISCO",-122.40110778808594,37.789478302001953
9362855,2021,2021-12-01,3801,2021-10-07,2341,1024,TENDE,4,5,7,3801,0,0,0,,0,2J13E,"ELM ST",POLK,0.00,,Y,A,-,N,,,,,,,,,,N,4,0,1,2,A,-,07,21658,,N,C,G,A,A,H,-,C,A,0,,Y,,,Y,,A,01,0,0,1,0,0,0,1,0,0,"- ","- ",,,"SAN FRANCISCO","SAN FRANCISCO",-122.41890716552734,37.781703948974609
9362856,2021,2021-12-01,3801,2021-10-07,1700,2705,BAYVI,4,5,7,3801,0,0,0,,0,3C11D,"19TH ST","ILLINOIS ST",0.00,,Y,A,-,N,,,,,,,,,,N,4,0,1,2,A,-,09,21801,A,N,D,C,A,A,H,-,A,A,0,,,,,Y,,A,01,0,0,1,0,0,0,0,0,0,"- ","- ",,,"SAN FRANCISCO","SAN FRANCISCO",-122.38770294189453,37.761829376220703
9362857,2021,2021-12-01,3801,2021-10-07,1112,1825,SOUTH,4,5,7,3801,0,0,0,,0,3B12A,"7TH ST","BERRY ST",0.00,,Y,A,-,N,,,,,,,,,,Y,4,0,1,1,A,-,03,22350,,N,F,J,A,A,H,-,A,D,0,,,Y,,Y,,C,02,0,0,1,0,0,0,0,0,1,"- ","- ",,,"SAN FRANCISCO","SAN FRANCISCO",-122.40003967285156,37.770481109619141
9362858,2021,2021-12-01,3801,2021-10-07,0958,1448,MISSI,4,5,7,3801,0,0,0,,0,3D11A,"GUERRERO ST","14TH ST",40.00,S,N,A,-,N,,,,,,,,,,N,2,0,1,2,A,-,08,22107,,N,F,A,A,A,H,-,A,D,0,,,Y,,Y,,A,01,1,0,0,0,0,0,0,0,1,"- ","- ",,,"SAN FRANCISCO","SAN FRANCISCO",-122.42440032958984,37.767910003662109
9362859,2021,2021-12-17,3801,2021-10-07,0905,1114,RICHM,4,5,7,3801,0,0,0,,0,3G92,"38TH AV",ANZA,0.00,,Y,A,-,N,,,,,,,,,,Y,3,0,1,2,A,-,09,21802,A,N,D,C,A,A,H,-,A,A,0,,,,,Y,,A,01,0,1,0,0,0,0,0,0,0,"- ","- ",,,"SAN FRANCISCO","SAN FRANCISCO",-122.49851989746094,37.77752685546875
9362860,2021,2021-12-01,3801,2021-10-07,0240,1466,SOUTH,4,5,7,3801,0,0,0,,0,,"17TH AV","SAN BRUNO AV",0.00,,Y,A,-,N,,,,,,,,,,Y,2,0,1,1,A,-,03,22350,,N,H,J,A,A,H,-,C,A,0,,,Y,,Y,,C,02,1,0,0,0,0,0,0,0,1,"- ","- ",,,"SAN FRANCISCO","SAN FRANCISCO",-122.40545654296875,37.764621734619141
9362861,2021,2021-12-09,3801,2021-10-07,0052,2122,TENDE,4,5,7,3801,0,0,0,,0,3J15E,"OFARRELL ST","HYDE ST",0.00,,Y,A,-,N,,,,,,,,,,N,4,0,1,2,A,-,03,22350,,F,D,C,A,A,H,-,C,A,0,,Y,,,Y,,-,,0,0,1,0,0,0,1,0,0,"- ","- ",,,"SAN FRANCISCO","SAN FRANCISCO",-122.416259765625,37.785392761230469
9362862,2021,2021-12-15,3801,2021-10-06,2144,1823,SOUTH,3,5,7,3801,0,0,0,,0,005,"MISSION ROCK ST","TERRY A FRANCOIS BL",0.00,,Y,A,-,N,,,,,,,,,,N,3,0,2,2,A,-,05,21460,A,N,D,C,A,A,D,-,C,D,0,,,Y,,Y,Y,A,01,0,1,1,0,0,0,0,0,2,"- ","- ",,,"SAN FRANCISCO","SAN FRANCISCO",-122.38735961914062,37.773090362548828
9362863,2021,2021-12-09,3801,2021-10-06,2020,1740,CENTR,3,5,7,3801,0,0,0,,0,3A14D,"UNION ST","JASPER ST",0.00,,Y,-,-,N,,,,,,,,,,N,4,0,1,2,A,-,08,22107,,N,D,D,A,A,H,-,C,D,0,,,Y,,Y,,A,07,0,0,1,0,0,0,0,0,1,"- ","- ",,,"SAN FRANCISCO","SAN FRANCISCO",-122.40835571289062,37.800540924072266
9362864,2021,2021-12-09,3801,2021-10-06,1701,1286,SOUTH,3,5,7,3801,0,0,0,,0,3B4,"MARKET ST","VAN NESS AV",0.00,,Y,A,-,N,,,,,,,,,,N,2,0,1,1,A,-,03,22350,,N,E,I,A,A,H,-,A,A,0,,,,,Y,,M,94,1,0,0,0,0,0,0,0,0,"- ","- ",,,"SAN FRANCISCO","SAN FRANCISCO",-122.41925811767578,37.775169372558594
9362865,2021,2021-12-15,3801,2021-10-06,1610,215,BAYVI,3,5,7,3801,0,0,0,,0,3SECTO,"NEWCOMB AV","OAKDALE AV",0.00,,N,B,-,N,,,,,,,,,,Y,3,0,1,5,A,-,03,22350,,M,C,E,A,A,H,-,A,D,0,,,,,Y,Y,A,01,0,1,0,0,0,0,0,0,0,"- ","- ",,,"SAN FRANCISCO","SAN FRANCISCO",,
9362866,2021,2021-12-15,3801,2021-10-06,1648,472,TARAV,3,5,7,3801,0,0,0,,0,3I11D,"21ST AV","JUDAH ST",0.00,,Y,A,-,N,,,,,,,,,,N,4,0,1,2,A,-,12,22450,A,N,D,G,A,A,H,-,A,A,0,,,,,Y,,-,,0,0,1,0,0,0,0,0,0,"- ","- ",,,"SAN FRANCISCO","SAN FRANCISCO",-122.47914123535156,37.761604309082031
9362867,2021,2021-12-09,3801,2021-10-06,1225,986,TARAV,3,5,7,3801,0,0,0,,0,3I15B,"SAGAMORE ST","ORIZABA AV",476.00,E,N,A,-,N,,,,,,,,,,N,4,0,1,3,A,-,03,22350,,N,C,C,A,A,H,-,A,D,0,,,,,Y,,A,01,0,0,1,0,0,0,0,0,0,"- ","- ",,,"SAN FRANCISCO","SAN FRANCISCO",-122.46094512939453,37.711349487304688
9362868,2021,2021-12-15,3801,2021-10-10,0944,1396,SOUTH,7,5,7,3801,0,0,0,,0,3B14A,"OTIS ST","SOUTH VAN NESS AV",0.00,,Y,A,-,N,,,,,,,,,,Y,4,0,1,2,A,-,08,22100,A,N,D,C,A,A,H,-,A,A,0,,,Y,,Y,,A,01,0,0,1,0,0,0,0,0,1,"- ","- ",,,"SAN FRANCISCO","SAN FRANCISCO",-122.41863250732422,37.773109436035156
9362869,2021,2021-12-09,3801,2021-10-10,0150,1308,SOUTH,7,5,7,3801,0,0,0,,0,3B13E,"HOWARD ST","6TH ST",60.00,E,N,-,-,N,,,,,,,,,,Y,4,0,1,2,A,-,03,22350,A,N,C,C,A,A,H,-,C,A,0,,,,,Y,,A,01,0,0,1,0,0,0,0,0,0,"- ","- ",,,"SAN FRANCISCO","SAN FRANCISCO",-122.40699768066406,37.779869079589844
9362870,2021,2021-12-09,3801,2021-10-09,2343,1347,NORTH,6,5,7,3801,0,0,0,,0,006,"FILBERT ST","VAN NESS AV",185.00,W,N,A,-,N,,,,,,,,,,N,3,0,1,2,A,-,09,21804,A,F,B,C,A,A,H,-,C,A,0,,,,,Y,,-,,0,1,0,0,0,0,0,0,0,"- ","- ",,,"SAN FRANCISCO","SAN FRANCISCO",-122.42475128173828,37.799427032470703
9362871,2021,2021-12-09,3801,2021-10-09,2020,2407,MISSI,6,5,7,3801,0,0,0,,0,3D13D,"SOUTH VAN NESS AV","22ND ST",0.00,,Y,A,-,N,,,,,,,,,,N,4,0,2,2,A,-,08,22100,B,F,D,C,A,A,H,-,E,A,0,,,,,Y,,A,01,0,0,2,0,0,0,0,0,0,"- ","- ",,,"SAN FRANCISCO","SAN FRANCISCO",-122.41658782958984,37.755565643310547
9362873,2021,2021-12-09,3801,2021-10-28,0800,1892,INGLE,4,5,7,3801,0,0,0,,0,,"NAPLES ST","AMAZON AV",0.00,,Y,A,-,N,,,,,,,,,,N,4,0,1,2,A,-,10,21950,A,N,G,B,B,A,H,-,A,A,0,Y,,,,Y,,A,01,0,0,1,0,1,0,0,0,0,"- ","- ",,,"SAN FRANCISCO","SAN FRANCISCO",-122.43536376953125,37.715389251708984
9362874,2021,2021-12-15,3801,2021-10-09,0128,1967,NORTH,6,5,7,3801,0,0,0,,0,3E14E,"SCOTT ST","PINE ST",0.00,,Y,A,-,N,,,,,,,,,,Y,4,0,1,2,A,-,12,21453,A,N,B,C,A,A,H,-,C,A,0,,,,,Y,,-,"- ",0,0,1,0,0,0,0,0,0,"- ","- ",,,"SAN FRANCISCO","SAN FRANCISCO",-122.43856811523438,37.787326812744141
9362875,2021,2021-12-09,3801,2021-10-09,0123,1402,SOUTH,6,5,7,3801,0,0,0,,0,3B13E,"MISSION ST","8TH ST",0.00,,Y,A,-,N,,,,,,,,,,N,2,0,1,2,A,-,12,21453,,N,D,G,A,A,H,-,C,A,0,,Y,,,Y,,L,04,1,0,0,0,0,0,1,0,0,"- ","- ",,,"SAN FRANCISCO","SAN FRANCISCO",-122.41315460205078,37.7774658203125
9362876,2021,2021-12-09,3801,2021-10-09,0053,1406,CENTR,6,5,7,3801,0,0,0,,0,3A13E,"SUTTER ST","GRANT AV",0.00,,Y,A,-,N,,,,,,,,,,Y,4,0,1,2,A,-,12,21453,A,N,D,C,A,A,H,-,C,A,0,,,,,Y,,A,01,0,0,1,0,0,0,0,0,0,"- ","- ",,,"SAN FRANCISCO","SAN FRANCISCO",-122.40538787841797,37.789642333984375
9362878,2021,2021-12-15,3801,2021-10-08,2009,2058,MISSI,5,5,7,3801,0,0,0,,0,3CAR,"DOLORES ST","20TH ST",0.00,,Y,A,-,N,,,,,,,,,,N,3,0,1,2,A,-,11,21456,B,N,G,B,D,A,H,-,C,A,0,Y,,,,Y,,N,60,0,1,0,0,1,0,0,0,0,"- ","- ",,,"SAN FRANCISCO","SAN FRANCISCO",-122.42582702636719,37.758213043212891
9363613,2021,2021-12-01,3801,2021-10-16,0807,1146,INGLE,6,5,7,3801,0,0,0,,0,3H16A,"MISSION ST","LOWELL ST",0.00,,Y,A,-,N,,,,,,,,,,N,4,0,1,2,A,-,12,21453,A,N,D,C,A,A,H,-,A,A,0,,,,,Y,,A,07,0,0,1,0,0,0,0,0,0,"- ","- ",,,"SAN FRANCISCO","SAN FRANCISCO",-122.4464111328125,37.711448669433594
9363614,2021,2021-12-01,3801,2021-10-16,0020,1347,NORTH,6,5,7,3801,0,0,0,,0,003,"GOUGH ST","TURK ST",0.00,,Y,A,-,N,,,,,,,,,,N,3,0,1,1,C,-,18,,,F,F,A,A,A,H,-,C,A,0,,,,,Y,,-,"- ",0,1,0,0,0,0,0,0,0,"- ","- ",,,"SAN FRANCISCO","SAN FRANCISCO",-122.42391967773438,37.781532287597656
9363615,2021,2021-12-01,3801,2021-10-15,2011,2102,BAYVI,5,5,7,3801,0,0,0,,0,3C14D,"BAYSHORE BL","CORTLAND AV",0.00,,Y,A,-,N,,,,,,,,,,N,3,0,1,2,D,-,00,,,N,B,G,A,A,H,-,C,A,0,,Y,,,Y,,-,"- ",0,1,0,0,0,0,1,0,0,"- ","- ",,,"SAN FRANCISCO","SAN FRANCISCO",-122.40699005126953,37.739582061767578
9363616,2021,2021-12-01,3801,2021-10-15,1743,1631,SOUTH,5,5,7,3801,0,0,0,,0,03B,"FOLSOM ST","SHERMAN ST",0.00,,Y,A,-,N,,,,,,,,,,,3,0,1,2,A,-,08,22107,,N,D,G,A,A,H,-,A,D,0,,Y,,,Y,,A,01,0,1,0,0,0,0,1,0,0,"- ","- ",,,"SAN FRANCISCO","SAN FRANCISCO",-122.40702056884766,37.777408599853516
9363617,2021,2021-12-01,3801,2021-10-15,1740,2355,TARAV,5,5,7,3801,0,0,0,,0,03I,"TARAVAL ST","26TH AV",48.00,W,N,A,-,N,,,,,,,,,,N,4,0,1,2,-,-,"- ",,A,N,D,B,D,A,H,-,B,-,0,Y,,,,Y,,N,60,0,0,1,0,1,0,0,0,0,"- ","- ",,,"SAN FRANCISCO","SAN FRANCISCO",-122.48335266113281,37.742706298828125
9363618,2021,2021-12-01,3801,2021-10-15,1350,1345,MISSI,5,5,7,3801,0,0,0,,0,0D6,"POTRERO AV","16TH ST",180.00,S,N,A,-,N,,,,,,,,,,Y,4,0,1,2,A,-,06,21750,A,N,B,C,A,A,H,-,A,D,0,,,,,Y,,A,01,0,0,1,0,0,0,0,0,0,"- ","- ",,,"SAN FRANCISCO","SAN FRANCISCO",-122.40750885009766,37.765277862548828
9363619,2021,2021-12-01,3801,2021-10-15,1359,CHU2402,TARAV,5,5,7,3801,0,0,0,,0,3I15A,"29TH AV","ORTEGA ST",302.00,N,N,A,-,N,,,,,,,,,,Y,3,0,1,2,C,-,18,,,N,H,J,A,A,H,-,A,D,0,,,Y,,Y,,-,"- ",0,1,0,0,0,0,0,0,1,"- ","- ",,,"SAN FRANCISCO","SAN FRANCISCO",-122.48711395263672,37.752719879150391
9363620,2021,2021-12-01,3801,2021-10-17,1655,A21165,NORTH,7,5,7,3801,0,0,0,,0,3E13C,"POLK ST","OLIVE ST",0.00,,Y,A,-,N,,,,,,,,,,N,2,0,1,2,A,-,08,22107,,F,A,J,A,A,H,-,A,D,0,,,,,Y,,A,01,1,0,0,0,0,0,0,0,0,"- ","- ",,,"SAN FRANCISCO","SAN FRANCISCO",-122.41944885253906,37.784492492675781
9363622,2021,2021-12-01,3801,2021-10-17,1530,2725,RICHM,7,5,7,3801,0,0,0,,0,,"CLEMENT ST","7TH AV",0.00,,Y,A,-,N,,,,,,,,,,N,4,0,1,2,A,-,10,21950,A,F,D,B,B,A,H,-,A,A,0,Y,,,,Y,,A,01,0,0,1,0,1,0,0,0,0,"- ","- ",,,"SAN FRANCISCO","SAN FRANCISCO",-122.46546936035156,37.782890319824219
9363623,2021,2021-12-01,3801,2021-10-17,0218,2494,MISSI,7,5,7,3801,0,0,0,,0,3D15E,"POTRERO AV","16TH ST",0.00,,Y,A,-,N,,,,,,,,,,Y,4,0,1,2,D,-,00,,,N,D,C,A,A,H,-,C,A,0,,,Y,,Y,,-,"- ",0,0,1,0,0,0,0,0,0,"- ","- ",,,"SAN FRANCISCO","SAN FRANCISCO",-122.40756225585938,37.765773773193359
9363624,2021,2021-12-01,3801,2021-10-18,0132,2398,NORTH,1,5,7,3801,0,0,0,,0,,"GEARY BL","SCOTT ST",0.00,,Y,A,-,N,,,,,,,,,,,2,0,1,2,A,-,08,22101,D,N,D,C,A,B,H,-,C,A,0,,,,,Y,,A,01,1,0,0,0,0,0,0,0,0,"- ","- ",,,"SAN FRANCISCO","SAN FRANCISCO",-122.43785095214844,37.783790588378906
9363625,2021,2021-12-01,3801,2021-10-18,0100,1451,NORTH,1,5,7,3801,0,0,0,,0,3E13E,"FELL ST","WEBSTER ST",0.00,,Y,A,-,N,,,,,,,,,,Y,4,0,2,3,A,-,12,21453,A,N,D,C,A,B,H,-,C,A,0,,,,,Y,,A,01,0,0,2,0,0,0,0,0,0,"- ","- ",,,"SAN FRANCISCO","SAN FRANCISCO",-122.42932891845703,37.775123596191406
9363626,2021,2021-12-01,3801,2021-10-18,1040,1217,MISSI,1,5,7,3801,0,0,0,,0,"4 CAR","VALENCIA ST","26TH ST",0.00,,Y,A,-,N,,,,,,,,,,N,3,0,1,2,D,-,00,,,N,B,G,A,A,H,-,A,A,0,,Y,,,Y,,-,"- ",0,1,0,0,0,0,1,0,0,"- ","- ",,,"SAN FRANCISCO","SAN FRANCISCO",-122.42034912109375,37.748905181884766
9363627,2021,2021-12-01,3801,2021-10-17,1801,1107,BAYVI,7,5,7,3801,0,0,0,,0,,"SAN BRUNO AV","BACON ST",0.00,,Y,C,-,N,,,,,,,,,,Y,3,0,1,2,A,-,09,21801,A,N,D,C,A,B,H,-,B,A,0,,,,,Y,,A,07,0,1,0,0,0,0,0,0,0,"- ","- ",,,"SAN FRANCISCO","SAN FRANCISCO",-122.40361022949219,37.727638244628906
9363628,2021,2021-12-01,3801,2021-10-17,1714,1771,INGLE,7,5,7,3801,0,0,0,,0,3H13D,"SAN JOSE AV","RICHLAND AV",0.00,,Y,B,-,N,,,,,,,,,,N,3,0,1,1,A,-,03,22350,,N,H,A,A,A,H,-,A,D,0,,,,,Y,,-,,0,1,0,0,0,0,0,0,0,"- ","- ",,,"SAN FRANCISCO","SAN FRANCISCO",-122.42671966552734,37.73638916015625
9363702,2021,2021-12-07,3801,2021-10-17,1236,328,CENTR,7,5,7,3801,0,0,0,,0,3A44C,"CLAY ST","KEARNEY ST",44.00,E,N,A,-,N,,,,,,,,,,N,3,0,1,2,A,-,05,21650,,N,A,J,A,A,H,-,A,A,0,,,,,Y,,M,94,0,1,0,0,0,0,0,0,0,"- ","- ",,,"SAN FRANCISCO","SAN FRANCISCO",-122.40463256835938,37.794471740722656
9363874,2021,2021-12-01,3801,2021-10-15,1250,1249,CENTR,5,5,7,3801,0,0,0,,0,3A44C,"PINE ST","STOCKTON ST",75.00,E,N,A,-,N,,,,,,,,,,N,4,0,1,2,A,-,21,22106,,N,C,C,A,A,H,-,A,A,0,,,,Y,Y,,F,26,0,0,1,0,0,0,0,0,0,"- ","- ",,,"SAN FRANCISCO","SAN FRANCISCO",-122.40709686279297,37.791339874267578
9363943,2021,2021-11-30,3801,2021-09-29,1930,4314,RICHM,3,5,7,3801,0,0,0,,0,0I1,"9TH AV","KIRKHAM ST",5.00,N,N,-,-,N,,,,,,,,,,N,2,0,1,2,A,-,10,21950,A,N,-,-,-,-,-,-,-,-,0,Y,,,,Y,,A,01,1,0,0,0,1,0,0,0,0,"- ","- ",,,"SAN FRANCISCO","SAN FRANCISCO",-122.46607208251953,37.76031494140625
9365417,2021,2021-12-01,3801,2021-10-04,1800,952,CENTR,1,5,7,3801,0,0,0,,0,901,"THE EMBARCADERO","DON CHEE WY",416.00,N,N,A,-,N,,,,,,,,,,N,3,0,1,2,A,-,17,22517,,N,G,G,A,A,H,-,A,D,0,,Y,,,Y,,A,01,0,1,0,0,0,0,1,0,0,"- ","- ",,,"SAN FRANCISCO","SAN FRANCISCO",-122.39431762695312,37.795001983642578
9365418,2021,2021-12-01,3801,2021-10-09,1250,2337,INGLE,6,5,7,3801,0,0,0,,0,3H15C,"NIAGARA AV","MISSION ST",24.00,W,N,A,-,N,,,,,,,,,,N,4,0,1,2,A,-,11,21954,A,N,G,B,E,A,H,-,A,D,0,Y,,,,Y,,N,60,0,0,1,0,1,0,0,0,0,"- ","- ",,,"SAN FRANCISCO","SAN FRANCISCO",-122.44178009033203,37.715625762939453
9365443,2021,2021-12-08,3801,2021-10-08,1645,2730,SOUTH,5,5,7,3801,0,0,0,,0,3B13D,"MARKET ST","ROSE ST",0.00,,Y,A,-,N,,,,,,,,,,N,3,0,1,2,A,-,10,21950,A,N,G,B,B,A,H,-,A,D,0,Y,,,,Y,,D,22,0,1,0,0,1,0,0,0,0,"- ","- ",,,"SAN FRANCISCO","SAN FRANCISCO",-122.421142578125,37.773693084716797
9365514,2021,2021-12-28,3801,2021-10-05,0859,156,BAYVI,2,5,7,3801,0,0,0,,0,3C60,"CONNECTICUT ST","CESAR CHAVEZ ST",0.00,,Y,A,-,N,,,,,,,,,,Y,4,0,3,3,A,-,09,21801,A,N,D,A,A,A,H,-,A,D,0,,,,Y,Y,,F,26,0,0,3,0,0,0,0,0,0,"- ","- ",,,"SAN FRANCISCO","SAN FRANCISCO",-122.39627075195312,37.749752044677734
9365781,2021,2021-12-13,3801,2021-10-30,0152,4003,TENDE,6,5,7,3801,0,0,0,,0,3J12E,"MARKET ST","06TH ST",50.00,E,N,A,-,N,,,,,,,,,,N,3,0,1,1,A,-,03,22350,,N,E,A,A,B,H,-,C,D,0,,,Y,,Y,,C,03,0,1,0,0,0,0,0,0,1,"- ","- ",,,"SAN FRANCISCO","SAN FRANCISCO",,
9365782,2021,2021-12-13,3801,2021-10-29,2234,1741,RICHM,5,5,7,3801,0,0,0,,0,901,"GEARY BL","11TH AV",0.00,,Y,A,-,N,,,,,,,,,,Y,4,0,3,2,A,-,09,21801,A,N,D,C,A,A,H,-,C,A,0,,,,,Y,,A,01,0,0,3,0,0,0,0,0,0,"- ","- ",,,"SAN FRANCISCO","SAN FRANCISCO",-122.46965789794922,37.780830383300781
9365783,2021,2021-12-13,3801,2021-10-29,2015,2102,BAYVI,5,5,7,3801,0,0,0,,0,3C13D,"KIRKWOOD AV","KIRKWOOD AV 1566",0.00,,Y,A,-,N,,,,,,,,,,N,4,0,2,2,D,-,00,,,F,D,C,A,A,H,-,C,D,0,,,,,Y,,-,"- ",0,0,2,0,0,0,0,0,0,"- ","- ",,,"SAN FRANCISCO","SAN FRANCISCO",,