CASE_ID,ACCIDENT_YEAR,PROC_DATE,JURIS,COLLISION_DATE,COLLISION_TIME,OFFICER_ID,REPORTING_DISTRICT,DAY_OF_WEEK,CHP_SHIFT,POPULATION,CNTY_CITY_LOC,SPECIAL_COND,BEAT_TYPE,CHP_BEAT_TYPE,CITY_DIVISION_LAPD,CHP_BEAT_CLASS,BEAT_NUMBER,PRIMARY_RD,SECONDARY_RD,DISTANCE,DIRECTION,INTERSECTION,WEATHER_1,WEATHER_2,STATE_HWY_IND,CALTRANS_COUNTY,CALTRANS_DISTRICT,STATE_ROUTE,ROUTE_SUFFIX,POSTMILE_PREFIX,POSTMILE,LOCATION_TYPE,RAMP_INTERSECTION,SIDE_OF_HWY,TOW_AWAY,COLLISION_SEVERITY,NUMBER_KILLED,NUMBER_INJURED,PARTY_COUNT,PRIMARY_COLL_FACTOR,PCF_CODE_OF_VIOL,PCF_VIOL_CATEGORY,PCF_VIOLATION,PCF_VIOL_SUBSECTION,HIT_AND_RUN,TYPE_OF_COLLISION,MVIW,PED_ACTION,ROAD_SURFACE,ROAD_COND_1,ROAD_COND_2,LIGHTING,CONTROL_DEVICE,CHP_ROAD_TYPE,PEDESTRIAN_ACCIDENT,BICYCLE_ACCIDENT,MOTORCYCLE_ACCIDENT,TRUCK_ACCIDENT,NOT_PRIVATE_PROPERTY,ALCOHOL_INVOLVED,STWD_VEHTYPE_AT_FAULT,CHP_VEHTYPE_AT_FAULT,COUNT_SEVERE_INJ,COUNT_VISIBLE_INJ,COUNT_COMPLAINT_PAIN,COUNT_PED_KILLED,COUNT_PED_INJURED,COUNT_BICYCLIST_KILLED,COUNT_BICYCLIST_INJURED,COUNT_MC_KILLED,COUNT_MC_INJURED,PRIMARY_RAMP,SECONDARY_RAMP,LATITUDE,LONGITUDE,COUNTY,CITY,POINT_X,POINT_Y
9365784,2021,2021-12-13,3801,2021-10-29,1700,2342,NORTH,5,5,7,3801,0,0,0,,0,3E16D,"NORTH POINT ST","COLUMBUS AV",0.00,,Y,A,-,N,,,,,,,,,,N,4,0,1,2,A,-,09,21801,A,N,D,G,A,A,H,-,A,D,0,,Y,,,Y,,A,01,0,0,1,0,0,0,1,0,0,"- ","- ",,,"SAN FRANCISCO","SAN FRANCISCO",-122.41836547851562,37.805976867675781
9365785,2021,2021-12-13,3801,2021-10-29,1741,1669,TENDE,5,5,7,3801,0,0,0,,0,3J14D,"LEAVENWORTH ST","ELLIS ST",0.00,,Y,A,-,N,,,,,,,,,,N,3,0,1,2,A,-,12,21453,A,N,D,J,A,A,H,-,A,A,0,,,,,Y,Y,-,,0,1,0,0,0,0,0,0,0,"- ","- ",,,"SAN FRANCISCO","SAN FRANCISCO",-122.41442108154297,37.784671783447266
9365786,2021,2021-12-13,3801,2021-10-31,1426,796,NORTH,7,5,7,3801,0,0,0,,0,,"FRANKLIN ST","GOLDEN GATE AV",0.00,,Y,A,-,N,,,,,,,,,,N,4,0,1,2,A,-,10,21950,A,N,G,B,B,A,H,-,A,A,0,Y,,,,Y,,A,01,0,0,1,0,1,0,0,0,0,"- ","- ",,,"SAN FRANCISCO","SAN FRANCISCO",-122.42209625244141,37.78082275390625
9365787,2021,2021-12-13,3801,2021-10-31,1440,798,NORTH,7,5,7,3801,0,0,0,,0,3E91F,"LOMBARD ST","BUCHANAN ST",6.00,W,N,A,-,N,,,,,,,,,,Y,2,0,1,2,A,-,03,22350,,N,C,-,A,A,H,-,A,A,0,,,Y,,Y,,C,02,1,0,0,0,0,0,0,0,1,"- ","- ",,,"SAN FRANCISCO","SAN FRANCISCO",-122.43277740478516,37.800258636474609
9365788,2021,2021-12-13,3801,2021-10-30,1404,1448,MISSI,6,5,7,3801,0,0,0,,0,3D11C,"24TH ST","VICKSBURG ST",167.00,W,N,B,-,N,,,,,,,,,,Y,4,0,2,2,A,-,03,22350,,N,A,E,A,B,H,-,A,D,0,,,,,Y,,A,01,0,0,2,0,0,0,0,0,0,"- ","- ",,,"SAN FRANCISCO","SAN FRANCISCO",-122.42911529541016,37.751602172851562
9365789,2021,2021-12-13,3801,2021-10-30,1438,1832,TENDE,6,5,7,3801,0,0,0,,0,,"JESSIE ST","6TH ST",0.00,,Y,A,-,N,,,,,,,,,,N,3,0,2,3,A,-,03,22350,,F,G,B,F,B,-,-,A,A,0,Y,,,,Y,Y,A,01,0,1,1,0,2,0,0,0,0,"- ","- ",,,"SAN FRANCISCO","SAN FRANCISCO",-122.40921020507812,37.781398773193359
9365790,2021,2021-12-13,3801,2021-10-31,1600,2215,NORTH,7,5,7,3801,0,0,0,,0,3E12D,"GEARY BL","SCOTT ST",0.00,,Y,A,-,N,,,,,,,,,,Y,4,0,1,2,A,-,08,22107,,N,B,C,A,A,H,-,A,A,0,,,,,Y,,A,01,0,0,1,0,0,0,0,0,0,"- ","- ",,,"SAN FRANCISCO","SAN FRANCISCO",-122.43785095214844,37.783790588378906
9365791,2021,2021-12-13,3801,2021-10-31,2204,1514,MISSI,7,5,7,3801,0,0,0,,0,006,"16TH ST","FOLSOM ST",0.00,,Y,A,-,N,,,,,,,,,,N,4,0,1,2,A,-,12,21453,,N,D,J,A,A,D,-,C,A,0,,,,,Y,,-,,0,0,1,0,0,0,0,0,0,"- ","- ",,,"SAN FRANCISCO","SAN FRANCISCO",-122.41529846191406,37.765312194824219
9365792,2021,2021-12-13,3801,2021-10-28,2007,1994,TRAFF,4,5,7,3801,0,0,0,,0,4B3G,"PARKER AV","GEARY BL",0.00,,Y,A,-,N,,,,,,,,,,Y,2,0,1,2,A,-,09,21801,A,N,D,G,A,A,H,-,C,A,0,,Y,,,Y,,A,01,1,0,0,0,0,0,1,0,0,"- ","- ",,,"SAN FRANCISCO","SAN FRANCISCO",-122.45416259765625,37.781658172607422
9365793,2021,2021-12-13,3801,2021-10-28,2108,PRECHSTE,NORTH,4,5,7,3801,0,0,0,,0,3E13E,"LARKIN ST","POST ST",0.00,,Y,A,-,N,,,,,,,,,,N,4,0,1,2,A,-,12,21453,A,F,D,C,A,A,H,-,C,A,0,,,Y,,Y,,A,01,0,0,1,0,0,0,0,0,0,"- ","- ",,,"SAN FRANCISCO","SAN FRANCISCO",-122.41826629638672,37.787040710449219
9365794,2021,2021-12-23,3801,2021-10-29,1545,719,CENTR,5,5,7,3801,0,0,0,,0,3A15C,"1ST ST","MARKET ST",0.00,,Y,A,-,N,,,,,,,,,,N,4,0,1,2,A,-,12,21453,A,N,D,C,A,A,H,-,A,A,0,,,Y,,Y,,C,02,0,0,1,0,0,0,0,0,1,"- ","- ",,,"SAN FRANCISCO","SAN FRANCISCO",-122.39913940429688,37.791053771972656
9365795,2021,2021-12-13,3801,2021-10-31,2300,4004,RICHM,7,5,7,3801,0,0,0,,0,3G13E,"FULTON ST","12TH AV",100.00,E,N,A,-,N,,,,,,,,,,Y,3,0,3,3,A,-,03,22350,,N,F,E,A,A,H,-,C,D,0,,,,,Y,,A,07,0,3,0,0,0,0,0,0,0,"- ","- ",,,"SAN FRANCISCO","SAN FRANCISCO",-122.46982574462891,37.773227691650391
9365796,2021,2021-12-13,3801,2021-10-31,2349,2427,SOUTH,7,5,7,3801,0,0,0,,0,2CAR,"5TH ST","CLARA ST",0.00,,Y,A,-,N,,,,,,,,,,N,3,0,1,2,D,-,00,,,N,G,B,D,A,H,-,C,D,0,Y,,,,Y,,-,"- ",0,1,0,0,1,0,0,0,0,"- ","- ",,,"SAN FRANCISCO","SAN FRANCISCO",-122.40238189697266,37.779453277587891
9365801,2021,2021-12-06,3801,2021-10-08,1147,244,NORTH,5,5,7,3801,0,0,0,,0,3E5A,"FRANKLIN ST","BUSH ST",0.00,,N,A,-,N,,,,,,,,,,N,4,0,1,2,A,-,10,21950,A,N,G,B,B,A,H,-,A,A,0,Y,,,,Y,,A,01,0,0,1,0,1,0,0,0,0,"- ","- ",,,"SAN FRANCISCO","SAN FRANCISCO",-122.42357635498047,37.788280487060547
9365802,2021,2021-12-29,3801,2021-10-09,1843,2749,TENDE,6,5,7,3801,0,0,0,,0,3J13D,"05TH ST","STEVENSON ST",0.00,,Y,A,-,N,,,,,,,,,,N,3,0,1,2,A,-,05,21651,B,N,D,J,A,A,H,-,B,D,0,,,,,Y,,-,,0,1,0,0,0,0,0,0,0,"- ","- ",,,"SAN FRANCISCO","SAN FRANCISCO",-122.40749599999999,37.783532000000001
9365803,2021,2021-12-06,3801,2021-10-09,1143,129,SOUTH,6,5,7,3801,0,0,0,,0,3B13C,"7TH ST","TOWNSEND ST",0.00,,Y,A,-,N,,,,,,,,,,N,3,0,1,2,A,-,08,22107,,N,D,G,A,A,H,-,A,A,0,,Y,,,Y,,A,01,0,1,0,0,0,0,1,0,0,"- ","- ",,,"SAN FRANCISCO","SAN FRANCISCO",-122.40165710449219,37.771831512451172
9365804,2021,2021-12-29,3801,2021-10-09,1135,398,CENTR,6,5,7,3801,0,0,0,,0,3A15C,"CLAY ST","LARKIN ST",0.00,,Y,A,-,N,,,,,,,,,,N,3,0,2,3,A,-,10,21950,A,F,G,-,B,A,H,-,A,A,0,Y,,,,Y,Y,-,,0,1,1,0,2,0,0,0,0,"- ","- ",,,"SAN FRANCISCO","SAN FRANCISCO",-122.41941070556641,37.792591094970703
9365805,2021,2021-12-06,3801,2021-10-09,0730,2495,BAYVI,6,5,7,3801,0,0,0,,0,3C15A,"LANE ST","QUESADA AV",12.00,S,N,A,-,N,,,,,,,,,,Y,4,0,1,2,A,-,03,22350,,F,B,C,A,A,H,-,A,D,0,,,,,Y,,A,01,0,0,1,0,0,0,0,0,0,"- ","- ",,,"SAN FRANCISCO","SAN FRANCISCO",-122.38962554931641,37.732261657714844
9365806,2021,2021-12-06,3801,2021-10-09,0634,4301,NORTH,6,5,7,3801,0,0,0,,0,3E13A,"BUSH ST","GOUGH ST",0.00,,Y,A,-,N,,,,,,,,,,Y,3,0,3,2,A,-,12,21453,A,N,D,C,A,A,H,-,C,A,0,,,,,Y,,A,01,0,1,2,0,0,0,0,0,0,"- ","- ",,,"SAN FRANCISCO","SAN FRANCISCO",-122.42523956298828,37.788066864013672
9365807,2021,2021-12-06,3801,2021-10-27,1140,8,NORTH,3,5,7,3801,0,0,0,,0,3E11A,"EDDY ST","WEBSTER ST",0.00,,Y,A,-,N,,,,,,,,,,N,4,0,1,2,A,-,12,21453,A,N,D,G,A,A,H,-,A,A,0,,Y,,,Y,,L,04,0,0,1,0,0,0,1,0,0,"- ","- ",,,"SAN FRANCISCO","SAN FRANCISCO",-122.43067169189453,37.781623840332031
9365810,2021,2021-12-06,3801,2021-10-26,1839,1435,TRAFF,2,5,7,3801,0,0,0,,0,4B4I,"16TH ST","VERMONT ST",0.00,,Y,A,-,N,,,,,,,,,,Y,2,0,3,2,A,-,08,22101,,N,D,C,A,A,H,-,C,-,0,,,Y,,Y,,C,02,1,1,1,0,0,0,0,0,2,"- ","- ",,,"SAN FRANCISCO","SAN FRANCISCO",-122.40463256835938,37.765960693359375
9365811,2021,2021-12-06,3801,2021-10-26,1810,4314,RICHM,2,5,7,3801,0,0,0,,0,0G5,"FULTON ST","36TH AV",0.00,,Y,A,-,N,,,,,,,,,,Y,3,0,3,3,A,-,12,21453,A,N,-,C,A,A,H,-,A,A,0,,,,,Y,,A,01,0,2,1,0,0,0,0,0,0,"- ","- ",,,"SAN FRANCISCO","SAN FRANCISCO",-122.4959716796875,37.772029876708984
9365818,2021,2021-12-06,3801,2021-10-30,2238,887,NORTH,6,5,7,3801,0,0,0,,0,3E14E,"OAK ST","BUCHANAN ST",0.00,,Y,A,-,N,,,,,,,,,,N,4,0,1,2,A,-,04,21703,,N,C,C,A,A,H,-,C,A,0,,,,,Y,,A,01,0,0,1,0,0,0,0,0,0,"- ","- ",,,"SAN FRANCISCO","SAN FRANCISCO",-122.42754364013672,37.774402618408203
9365819,2021,2021-12-06,3801,2021-10-30,1937,1771,INGLE,6,5,7,3801,0,0,0,,0,3H13D,"ALEMANY BL","SAN JUAN AV",0.00,,Y,B,-,N,,,,,,,,,,N,4,0,1,2,A,-,11,21453,D,N,G,B,B,A,H,-,C,A,0,Y,,,,Y,,N,60,0,0,1,0,1,0,0,0,0,"- ","- ",37.724868774414062,-122.43698883056641,"SAN FRANCISCO","SAN FRANCISCO",-122.43706512451172,37.724830627441406
9365820,2021,2021-12-06,3801,2021-10-30,0209,2457,SOUTH,6,5,7,3801,0,0,0,,0,3B13E,"FOLSOM ST","HAWTHORNE ST",0.00,,Y,A,-,N,,,,,,,,,,Y,4,0,2,2,A,-,12,21453,A,F,D,C,A,A,H,-,C,A,0,,,,,Y,,A,07,0,0,2,0,0,0,0,0,0,"- ","- ",,,"SAN FRANCISCO","SAN FRANCISCO",-122.39783477783203,37.784683227539062
9365901,2021,2021-12-06,3801,2021-10-13,1044,1146,INGLE,3,5,7,3801,0,0,0,,0,3H15A,"MISSION ST","NIAGARA AV",0.00,,Y,A,-,N,,,,,,,,,,Y,4,0,1,2,A,-,09,21801,A,N,D,C,A,B,H,-,A,A,0,,,Y,,Y,,A,01,0,0,1,0,0,0,0,0,1,"- ","- ",,,"SAN FRANCISCO","SAN FRANCISCO",-122.44171905517578,37.715579986572266
9365902,2021,2021-12-06,3801,2021-10-12,1642,2286,TRAFF,2,5,7,3801,0,0,0,,0,4B4E,"MARKET ST","EUREKA ST",0.00,,Y,A,-,N,,,,,,,,,,Y,2,0,2,2,A,-,09,21801,A,N,D,C,A,A,H,-,A,A,0,,,Y,,Y,,A,01,1,1,0,0,0,0,0,0,1,"- ","- ",,,"SAN FRANCISCO","SAN FRANCISCO",-122.43834686279297,37.761722564697266
9365903,2021,2021-12-06,3801,2021-10-12,1420,104,TRAFF,2,5,7,3801,0,0,0,,0,104,"POLK ST","EDDY ST",0.00,,Y,A,-,N,,,,,,,,,,Y,3,0,1,2,A,-,09,21801,A,N,A,C,A,A,H,-,A,A,0,,,Y,,Y,,A,01,0,1,0,0,0,0,0,0,1,"- ","- ",,,"SAN FRANCISCO","SAN FRANCISCO",-122.41918182373047,37.7830810546875
9365904,2021,2021-12-29,3801,2021-10-14,0920,2089,BAYVI,4,5,7,3801,0,0,0,,0,BAYVIE,"SILVER AV","CAMBRIDGE ST",75.00,E,N,A,-,N,,,,,,,,,,Y,4,0,1,2,A,-,08,22103,,N,D,C,A,A,H,-,A,A,0,,,,,Y,,A,01,0,0,1,0,0,0,0,0,0,"- ","- ",,,"SAN FRANCISCO","SAN FRANCISCO",-122.41926574707031,37.729068756103516
9365905,2021,2021-12-06,3801,2021-10-14,0614,244,NORTH,4,5,7,3801,0,0,0,,0,3E13A,"PINE ST","POLK ST",6.00,W,N,A,-,N,,,,,,,,,,N,2,0,1,2,A,-,11,21453,D,N,-,B,B,A,H,-,C,A,0,Y,,,,Y,Y,N,60,1,0,0,0,1,0,0,0,0,"- ","- ",,,"SAN FRANCISCO","SAN FRANCISCO",-122.42051696777344,37.789638519287109
9365906,2021,2021-12-06,3801,2021-10-14,2020,1688,BAYVI,4,5,7,3801,0,0,0,,0,3C15E,"REVERE AV","INGALLS ST",314.00,W,N,A,-,N,,,,,,,,,,Y,3,0,1,2,A,-,08,22107,,N,A,E,A,A,H,-,C,D,0,,,,,Y,,A,01,0,1,0,0,0,0,0,0,0,"- ","- ",,,"SAN FRANCISCO","SAN FRANCISCO",-122.38545227050781,37.728984832763672
9365907,2021,2021-12-06,3801,2021-10-16,0104,2451,TARAV,6,5,7,3801,0,0,0,,0,3I16E,"GLLERT DR","EVERGLADE DR",0.00,,Y,A,-,N,,,,,,,,,,Y,4,0,1,1,A,-,03,22350,,N,H,J,A,A,H,-,C,D,0,,,,,Y,,A,01,0,0,1,0,0,0,0,0,0,"- ","- ",,,"SAN FRANCISCO","SAN FRANCISCO",-122.48895263671875,37.73052978515625
9365908,2021,2021-12-06,3801,2021-10-13,1608,2441,INGLE,3,5,7,3801,0,0,0,,0,3H15D,"MISSION ST","HIGHLAND AV",0.00,,Y,A,-,N,,,,,,,,,,N,4,0,1,2,A,-,07,21658,A,N,G,B,G,A,H,-,A,A,0,Y,,Y,,Y,,C,02,0,0,1,0,1,0,0,0,0,"- ","- ",,,"SAN FRANCISCO","SAN FRANCISCO",-122.42404174804688,37.737358093261719
9365909,2021,2021-12-06,3801,2021-10-08,1010,1155,SOUTH,5,5,7,3801,0,0,0,,0,3B90A,"3RD ST","BERRY ST",40.00,S,N,A,-,N,,,,,,,,,,N,4,0,1,2,A,-,11,21955,,N,G,B,D,A,H,-,A,D,0,Y,,,,Y,,N,60,0,0,1,0,1,0,0,0,0,"- ","- ",,,"SAN FRANCISCO","SAN FRANCISCO",-122.39100646972656,37.777458190917969
9365910,2021,2021-12-06,3801,2021-10-08,0922,2262,TARAV,5,5,7,3801,0,0,0,,0,3I11A,"45TH AV","VICENTE ST",85.00,N,N,A,-,N,,,,,,,,,,N,4,0,1,2,A,-,08,22107,,N,D,C,A,A,H,-,A,D,0,,,Y,,Y,,A,07,0,0,1,0,0,0,0,0,1,"- ","- ",,,"SAN FRANCISCO","SAN FRANCISCO",-122.50331878662109,37.738323211669922
9365911,2021,2021-12-29,3801,2021-10-08,0812,1938,NORTH,5,5,7,3801,0,0,0,,0,3E13A,"TURK ST","VAN NESS AV",0.00,,Y,A,-,N,,,,,,,,,,Y,4,0,1,2,A,-,10,21950,A,N,G,B,B,A,H,-,A,A,0,Y,,,,Y,,A,01,0,0,1,0,1,0,0,0,0,"- ","- ",,,"SAN FRANCISCO","SAN FRANCISCO",-122.42057800292969,37.781936645507812
9365912,2021,2021-12-06,3801,2021-10-05,0756,1917,TARAV,2,5,7,3801,0,0,0,,0,2I16A,"OCEAN AV","APTOS AV",20.00,E,N,B,-,N,,,,,,,,,,N,4,0,1,2,A,-,11,21950,B,N,G,B,D,A,H,-,A,A,0,Y,,,,Y,,-,"- ",0,0,1,0,1,0,0,0,0,"- ","- ",,,"SAN FRANCISCO","SAN FRANCISCO",-122.46769714355469,37.728244781494141
9365913,2021,2021-12-29,3801,2021-10-04,0849,454,TENDE,1,5,7,3801,0,0,0,,0,13A,"TURK ST",HYDE,64.00,E,N,A,-,N,,,,,,,,,,Y,4,0,1,3,A,-,08,22107,,N,B,E,A,A,H,-,A,-,0,,,,,Y,Y,A,01,0,0,1,0,0,0,0,0,0,"- ","- ",,,"SAN FRANCISCO","SAN FRANCISCO",-122.41547393798828,37.782600402832031
9365914,2021,2021-12-06,3801,2021-10-06,1005,1593,PARK,3,5,7,3801,0,0,0,,0,PARK,"TWIN PEAKS BL","CLARENDON AV",180.00,S,N,A,-,N,,,,,,,,,,N,4,0,1,2,A,-,09,21804,A,N,D,C,A,A,H,-,A,D,0,,,Y,,Y,,A,01,0,0,1,0,0,0,0,0,1,"- ","- ",,,"SAN FRANCISCO","SAN FRANCISCO",-122.448486328125,37.758537292480469
9365915,2021,2021-12-06,3801,2021-10-05,2245,1750,MISSI,2,5,7,3801,0,0,0,,0,0D4,"HARRISON ST","26TH ST",0.00,,Y,A,-,N,,,,,,,,,,N,4,0,1,2,A,-,12,22450,A,N,D,C,A,A,H,-,C,A,0,,,,,Y,,-,"- ",0,0,1,0,0,0,0,0,0,"- ","- ",,,"SAN FRANCISCO","SAN FRANCISCO",-122.41164398193359,37.749439239501953
9365916,2021,2021-12-06,3801,2021-10-05,2115,2479,NORTH,2,5,7,3801,0,0,0,,0,3E14D,"SUTTER ST","FILLMORE ST",0.00,,Y,A,-,N,,,,,,,,,,N,4,0,1,2,A,-,08,22100,A,N,D,C,A,-,H,-,C,A,0,,Y,,,Y,,L,04,0,0,1,0,0,0,1,0,0,"- ","- ",,,"SAN FRANCISCO","SAN FRANCISCO",-122.43326568603516,37.786087036132812
9365917,2021,2021-12-06,3801,2021-10-08,1600,2452,CENTR,5,5,7,3801,0,0,0,,0,3A13D,"MARKET ST","NEW MONTGOMERY",0.00,,Y,A,-,N,,,,,,,,,,N,2,0,1,2,A,-,08,22101,D,N,D,G,A,-,H,-,A,D,0,,Y,,,Y,,A,01,1,0,0,0,0,0,1,0,0,"- ","- ",,,"SAN FRANCISCO","SAN FRANCISCO",-122.40199279785156,37.788768768310547
9365918,2021,2021-12-06,3801,2021-10-08,1503,2450,INGLE,5,5,7,3801,0,0,0,,0,3H15C,"MISSION ST","SILVER AV",0.00,,Y,A,-,N,,,,,,,,,,Y,3,0,1,2,A,-,09,21801,A,N,-,C,A,A,H,-,A,A,0,,,Y,,Y,,A,01,0,1,0,0,0,0,0,0,1,"- ","- ",,,"SAN FRANCISCO","SAN FRANCISCO",-122.43128204345703,37.728736877441406
9365919,2021,2021-12-06,3801,2021-10-08,1223,2310,BAYVI,5,5,7,3801,0,0,0,,0,03C,"SILVER AV","SAN ALESO AV",0.00,,Y,A,-,N,,,,,,,,,,N,4,0,1,2,A,-,10,21950,A,N,G,B,B,A,H,-,A,A,0,Y,,Y,,Y,,C,02,0,0,1,0,1,0,0,0,0,"- ","- ",,,"SAN FRANCISCO","SAN FRANCISCO",,
9365920,2021,2021-12-06,3801,2021-10-29,1054,2183,TENDE,5,5,7,3801,0,0,0,,0,3J66,"5TH ST","STEVENSON ST",0.00,,Y,A,-,N,,,,,,,,,,Y,4,0,2,3,A,-,09,21801,A,N,D,C,A,A,H,-,A,D,0,,,,,Y,,A,01,0,0,2,0,0,0,0,0,0,"- ","- ",,,"SAN FRANCISCO","SAN FRANCISCO",-122.40746307373047,37.783512115478516
9366722,2021,2022-02-24,3801,2021-11-28,1315,1512,BAYVI,7,5,7,3801,0,0,0,,0,0C5,"CARROLL AV","INGALLS ST",552.00,E,N,A,-,N,,,,,,,,,,N,3,0,1,2,A,-,00,21954,,F,G,B,E,A,H,-,A,D,0,Y,,,,Y,,-,"- ",0,1,0,0,1,0,0,0,0,"- ","- ",,,"SAN FRANCISCO","SAN FRANCISCO",-122.38806915283203,37.721988677978516
9366723,2021,2021-12-24,3801,2021-11-28,0153,1414,MISSI,7,5,7,3801,0,0,0,,0,3D11E,"SOUTH VAN NESS AV","14TH ST",0.00,,Y,A,-,N,,,,,,,,,,N,4,0,1,2,A,-,12,21453,A,F,G,B,B,A,H,-,C,A,0,Y,,,,Y,Y,-,,0,0,1,0,1,0,0,0,0,"- ","- ",,,"SAN FRANCISCO","SAN FRANCISCO",-122.41780090332031,37.768417358398438
9366724,2021,2022-02-22,3801,2021-11-27,1950,2215,NORTH,6,5,7,3801,0,0,0,,0,3E13D,"MCALLISTER ST","GOUGH ST",33.00,E,N,A,-,N,,,,,,,,,,N,3,0,1,2,A,-,17,22517,,F,D,G,A,A,H,-,C,A,0,,Y,,,Y,,A,01,0,1,0,0,0,0,1,0,0,"- ","- ",,,"SAN FRANCISCO","SAN FRANCISCO",-122.42343139648438,37.779689788818359
9366725,2021,2021-12-24,3801,2021-11-24,1104,4301,NORTH,3,5,7,3801,0,0,0,,0,3E13A,"VAN NESS AV","EDDY ST",38.00,S,N,A,-,N,,,,,,,,,,N,3,0,1,2,A,-,11,21950,B,N,-,B,E,A,H,-,A,A,0,Y,,,,Y,,N,60,0,1,0,0,1,0,0,0,0,"- ","- ",,,"SAN FRANCISCO","SAN FRANCISCO",-122.42073822021484,37.782787322998047
9366726,2021,2021-12-24,3801,2021-11-24,0221,1571,MISSI,3,5,7,3801,0,0,0,,0,3D11D,"GUERRERO ST","25TH ST",65.00,S,N,A,-,N,,,,,,,,,,Y,4,0,3,2,A,-,03,22350,,F,C,E,A,A,-,-,C,A,0,,,,,Y,,A,01,0,0,3,0,0,0,0,0,0,"- ","- ",,,"SAN FRANCISCO","SAN FRANCISCO",-122.42270660400391,37.750213623046875
9366727,2021,2021-12-24,3801,2021-11-24,0110,901,INGLE,3,5,7,3801,0,0,0,,0,3H13E,"MONTEREY BL","CIRCULAR AV",45.00,W,N,A,-,N,,,,,,,,,,Y,3,0,1,1,A,-,08,22107,,N,E,I,A,A,H,-,C,A,0,,,,,Y,,A,01,0,1,0,0,0,0,0,0,0,"- ","- ",,,"SAN FRANCISCO","SAN FRANCISCO",-122.43667602539062,37.731578826904297
9366728,2021,2021-12-24,3801,2021-11-23,2155,4314,RICHM,2,5,7,3801,0,0,0,,0,0G4,"CALIFORNIA ST","22ND AV",75.00,W,N,A,-,N,,,,,,,,,,N,2,0,1,1,A,-,03,22350,,N,F,I,A,A,H,-,C,D,0,,,,,Y,,M,94,1,0,0,0,0,0,0,0,0,"- ","- ",,,"SAN FRANCISCO","SAN FRANCISCO",-122.4820556640625,37.784011840820312
9366729,2021,2021-12-24,3801,2021-11-23,2119,460,INGLE,2,5,7,3801,0,0,0,,0,3H15E,"GENEVA AV","CAYUGA AV",0.00,,Y,A,-,N,,,,,,,,,,Y,4,0,1,2,A,-,12,21453,A,N,D,C,A,A,H,-,C,A,0,,,,,Y,,A,01,0,0,1,0,0,0,0,0,0,"- ","- ",,,"SAN FRANCISCO","SAN FRANCISCO",-122.44367980957031,37.718917846679688
9366730,2021,2021-12-24,3801,2021-11-23,1946,1571,MISSI,2,5,7,3801,0,0,0,,0,3D11D,"17TH ST","ALBION ST",0.00,,Y,A,-,N,,,,,,,,,,N,3,0,1,2,A,-,08,22107,,N,B,G,A,A,-,-,C,D,0,,Y,,,Y,,A,01,0,1,0,0,0,0,1,0,0,"- ","- ",,,"SAN FRANCISCO","SAN FRANCISCO",-122.42271423339844,37.76324462890625
9366732,2021,2021-12-24,3801,2021-11-23,1425,2196,MISSI,2,5,7,3801,0,0,0,,0,3D11A,"PORTOLA DR","PORTOLA DR 100",1.00,E,N,A,-,N,,,,,,,,,,N,4,0,1,2,A,-,21,22106,,N,E,B,F,A,H,-,A,D,0,Y,,,,Y,,A,01,0,0,1,0,1,0,0,0,0,"- ","- ",,,"SAN FRANCISCO","SAN FRANCISCO",,
9366733,2021,2021-12-24,3801,2021-11-23,1342,4294,NORTH,2,5,7,3801,0,0,0,,0,0E4,"DIVISADERO ST","POST ST",49.00,S,N,A,-,N,,,,,,,,,,Y,4,0,1,3,C,-,18,,,N,B,E,A,A,H,-,A,D,0,,,,,Y,,-,"- ",0,0,1,0,0,0,0,0,0,"- ","- ",,,"SAN FRANCISCO","SAN FRANCISCO",-122.43964385986328,37.784175872802734
9366734,2021,2021-12-24,3801,2021-11-19,2010,1364,NORTH,5,5,7,3801,0,0,0,,0,3E11A,"PAGE ST","WEBSTER ST",0.00,,Y,A,-,N,,,,,,,,,,N,2,0,1,2,A,-,12,22450,A,N,G,B,B,A,H,-,C,D,0,Y,,,,Y,,A,01,1,0,0,0,1,0,0,0,0,"- ","- ",,,"SAN FRANCISCO","SAN FRANCISCO",-122.42897033691406,37.773250579833984
9366735,2021,2021-12-24,3801,2021-11-22,1903,2008,MISSI,1,5,7,3801,0,0,0,,0,3D15D,"SOUTH VAN NESS AV","20TH ST",166.00,N,N,A,-,N,,,,,,,,,,Y,3,0,2,2,A,-,05,21460,A,N,A,C,A,A,H,-,C,D,0,,,,,Y,,A,01,0,1,1,0,0,0,0,0,0,"- ","- ",,,"SAN FRANCISCO","SAN FRANCISCO",-122.41694641113281,37.75921630859375
9366736,2021,2021-12-24,3801,2021-11-22,1527,1906,NORTH,1,5,7,3801,0,0,0,,0,3E6,"LOMBARD ST","GOUGH ST",25.00,,N,A,-,N,,,,,,,,,,N,4,0,1,2,A,-,04,21703,,F,C,C,A,A,H,-,A,A,0,,,,,Y,,A,01,0,0,1,0,0,0,0,0,0,"- ","- ",,,"SAN FRANCISCO","SAN FRANCISCO",-122.42781829833984,37.800899505615234
9366737,2021,2021-12-24,3801,2021-11-22,1345,1501,INGLE,1,5,7,3801,0,0,0,,0,3H11A,"MISSION ST","GODEUS ST",0.00,,Y,A,-,N,,,,,,,,,,N,4,0,2,2,A,-,08,22107,,N,-,C,A,A,H,-,A,D,0,,,,,Y,,A,01,0,0,2,0,0,0,0,0,0,"- ","- ",,,"SAN FRANCISCO","SAN FRANCISCO",-122.42170715332031,37.742832183837891