CASE_ID,ACCIDENT_YEAR,PROC_DATE,JURIS,COLLISION_DATE,COLLISION_TIME,OFFICER_ID,REPORTING_DISTRICT,DAY_OF_WEEK,CHP_SHIFT,POPULATION,CNTY_CITY_LOC,SPECIAL_COND,BEAT_TYPE,CHP_BEAT_TYPE,CITY_DIVISION_LAPD,CHP_BEAT_CLASS,BEAT_NUMBER,PRIMARY_RD,SECONDARY_RD,DISTANCE,DIRECTION,INTERSECTION,WEATHER_1,WEATHER_2,STATE_HWY_IND,CALTRANS_COUNTY,CALTRANS_DISTRICT,STATE_ROUTE,ROUTE_SUFFIX,POSTMILE_PREFIX,POSTMILE,LOCATION_TYPE,RAMP_INTERSECTION,SIDE_OF_HWY,TOW_AWAY,COLLISION_SEVERITY,NUMBER_KILLED,NUMBER_INJURED,PARTY_COUNT,PRIMARY_COLL_FACTOR,PCF_CODE_OF_VIOL,PCF_VIOL_CATEGORY,PCF_VIOLATION,PCF_VIOL_SUBSECTION,HIT_AND_RUN,TYPE_OF_COLLISION,MVIW,PED_ACTION,ROAD_SURFACE,ROAD_COND_1,ROAD_COND_2,LIGHTING,CONTROL_DEVICE,CHP_ROAD_TYPE,PEDESTRIAN_ACCIDENT,BICYCLE_ACCIDENT,MOTORCYCLE_ACCIDENT,TRUCK_ACCIDENT,NOT_PRIVATE_PROPERTY,ALCOHOL_INVOLVED,STWD_VEHTYPE_AT_FAULT,CHP_VEHTYPE_AT_FAULT,COUNT_SEVERE_INJ,COUNT_VISIBLE_INJ,COUNT_COMPLAINT_PAIN,COUNT_PED_KILLED,COUNT_PED_INJURED,COUNT_BICYCLIST_KILLED,COUNT_BICYCLIST_INJURED,COUNT_MC_KILLED,COUNT_MC_INJURED,PRIMARY_RAMP,SECONDARY_RAMP,LATITUDE,LONGITUDE,COUNTY,CITY,POINT_X,POINT_Y
9366738,2021,2021-12-24,3801,2021-11-22,1020,1849,TENDE,1,5,7,3801,0,0,0,,0,3J13A,"EDDY ST","JONES ST",0.00,,Y,A,-,N,,,,,,,,,,N,4,0,1,2,A,-,10,21950,A,N,G,B,B,A,H,-,A,A,0,Y,,,,Y,,-,,0,0,1,0,1,0,0,0,0,"- ","- ",,,"SAN FRANCISCO","SAN FRANCISCO",-122.41259002685547,37.783943176269531
9366739,2021,2021-12-24,3801,2021-11-15,1800,469,MISSI,1,5,7,3801,0,0,0,,0,3D16D,"SOUTH VAN NESS AV","16TH ST",178.00,S,N,A,-,N,,,,,,,,,,N,2,0,1,2,A,-,11,21955,,F,G,B,D,A,H,-,C,D,0,Y,,,,Y,,N,60,1,0,0,0,1,0,0,0,0,"- ","- ",,,"SAN FRANCISCO","SAN FRANCISCO",-122.41744995117188,37.764690399169922
9367128,2021,2021-12-03,3801,2021-10-02,2236,786,TARAV,6,5,7,3801,0,0,0,,0,3I15E,"SLOAT BL","19TH AV",0.00,,Y,A,-,Y,SF,4,35,-,-,1.990,I,5,S,Y,4,0,3,2,A,-,09,21801,A,N,D,C,A,A,H,-,C,A,0,,,,,Y,,A,01,0,0,3,0,0,0,0,0,0,"- ","- ",,,"SAN FRANCISCO","SAN FRANCISCO",-122.49642944335938,37.73388671875
9367132,2021,2021-12-03,3801,2021-10-20,1855,4314,RICHM,3,5,7,3801,0,0,0,,0,0G3,"MARTIN LUTHER KING JR DR","CROSSOVER DR",63.00,W,N,B,C,Y,SF,4,1,-,-,4.090,I,6,S,N,3,0,1,2,A,-,11,21954,A,N,G,B,D,B,H,-,C,A,0,Y,,,,Y,Y,N,60,0,1,0,0,1,0,0,0,0,"- ","- ",,,"SAN FRANCISCO","SAN FRANCISCO",-122.47744750976562,37.7659912109375
9367264,2021,2021-12-15,3801,2021-10-13,1100,282,TARAV,3,5,7,3801,0,0,0,,0,3I1A,"19TH AV","NORIEGA ST",260.00,S,N,A,-,Y,SF,4,1,-,-,3.220,H,-,S,N,4,0,1,2,A,-,04,21703,,N,C,C,A,A,H,-,A,D,0,,,,,Y,,A,01,0,0,1,0,0,0,0,0,0,"- ","- ",,,"SAN FRANCISCO","SAN FRANCISCO",-122.47647094726562,37.753578186035156
9368365,2021,2021-12-04,3801,2021-10-29,1207,1065,TENDE,5,5,7,3801,0,0,0,,0,3J4,"TURK ST","LEAVENWORTH ST",0.00,,Y,A,-,N,,,,,,,,,,N,4,0,1,2,A,-,21,22106,,N,G,B,-,A,H,-,A,A,0,Y,,,,Y,,A,01,0,0,1,0,1,0,0,0,0,"- ","- ",,,"SAN FRANCISCO","SAN FRANCISCO",-122.41403961181641,37.782802581787109
9368366,2021,2021-12-09,3801,2021-10-29,0837,2130,BAYVI,5,5,7,3801,0,0,0,,0,,"BAY SHORE BL","SILVER AV",0.00,,Y,A,-,N,,,,,,,,,,N,4,0,1,2,A,-,07,21658,A,F,A,G,A,A,H,-,A,A,0,,Y,,,Y,,-,,0,0,1,0,0,0,1,0,0,"- ","- ",,,"SAN FRANCISCO","SAN FRANCISCO",-122.40464782714844,37.732959747314453
9368367,2021,2021-12-04,3801,2021-10-29,0650,1118,,5,5,7,3801,0,0,0,,0,3B12A,"HOWARD ST","3RD ST",0.00,,Y,A,-,N,,,,,,,,,,N,4,0,1,2,A,-,17,21657,,N,D,C,A,A,H,-,B,A,0,,,Y,,Y,,C,03,0,0,1,0,0,0,0,0,1,"- ","- ",,,"SAN FRANCISCO","SAN FRANCISCO",-122.40049743652344,37.785007476806641
9369301,2021,2021-12-20,3801,2021-11-24,1732,1661,TARAV,3,5,7,3801,0,0,0,,0,3I11D,"LINCOLN WY","7TH ST",60.00,W,N,A,-,N,,,,,,,,,,Y,4,0,2,3,A,-,04,21703,,N,C,C,A,A,H,-,B,A,0,,,,,Y,,A,01,0,0,2,0,0,0,0,0,0,"- ","- ",,,"SAN FRANCISCO","SAN FRANCISCO",-122.46450805664062,37.766029357910156
9369302,2021,2021-12-20,3801,2021-11-24,1410,1628,RICHM,3,5,7,3801,0,0,0,,0,5CAR,"POINT LOBOS AV","POINT LOBOS AV 1090",0.00,,-,A,-,N,,,,,,,,,,N,3,0,1,2,A,-,08,22107,,N,D,G,A,A,H,-,A,A,0,,Y,,,Y,,A,01,0,1,0,0,0,0,1,0,0,"- ","- ",,,"SAN FRANCISCO","SAN FRANCISCO",,
9369303,2021,2022-02-28,3801,2021-11-24,1327,129,SOUTH,3,5,7,3801,0,0,0,,0,3B14C,"7TH ST","CLEVELAND ST",50.00,N,N,A,-,N,,,,,,,,,,N,3,0,1,3,A,-,17,21229,,F,A,-,A,A,H,-,A,D,0,,,,,Y,,M,94,0,1,0,0,0,0,0,0,0,"- ","- ",,,"SAN FRANCISCO","SAN FRANCISCO",-122.40740203857422,37.776409149169922
9369304,2021,2021-12-20,3801,2021-11-24,1233,1296,INGLE,3,5,7,3801,0,0,0,,0,3H13A,"MISSION ST","MURRAY ST",11.00,N,N,A,-,N,,,,,,,,,,N,4,0,1,2,A,-,10,21950,A,N,G,B,B,A,H,-,A,A,0,Y,,,,Y,,A,01,0,0,1,0,1,0,0,0,0,"- ","- ",,,"SAN FRANCISCO","SAN FRANCISCO",-122.42641448974609,37.733692169189453
9369305,2021,2021-12-20,3801,2021-11-15,1210,2390,CENTR,1,5,7,3801,0,0,0,,0,3A11A,"HYDE ST","BUSH ST",84.00,S,N,B,-,N,,,,,,,,,,N,4,0,1,2,A,-,08,22107,,N,B,-,A,A,H,-,A,D,0,,,,,Y,,A,01,0,0,1,0,0,0,0,0,0,"- ","- ",,,"SAN FRANCISCO","SAN FRANCISCO",-122.41696166992188,37.788890838623047
9369306,2021,2021-12-20,3801,2021-11-15,0505,2091,NORTH,1,5,7,3801,0,0,0,,0,9X9E,BROADWAY,"POLK ST",0.00,,Y,A,-,N,,,,,,,,,,Y,4,0,1,1,A,-,03,22350,,F,E,I,A,A,H,-,C,A,0,,,,,Y,,A,07,0,0,1,0,0,0,0,0,0,"- ","- ",,,"SAN FRANCISCO","SAN FRANCISCO",-122.42176055908203,37.795940399169922
9369307,2021,2021-12-20,3801,2021-11-15,0116,1783,BAYVI,1,5,7,3801,0,0,0,,0,3C12E,"BAY SHORE BL","COSTA ST",594.00,N,N,A,-,N,,,,,,,,,,Y,4,0,2,1,A,-,03,22350,,N,E,-,A,A,H,-,C,D,0,,,,,Y,,A,01,0,0,2,0,0,0,0,0,0,"- ","- ",,,"SAN FRANCISCO","SAN FRANCISCO",-122.40428924560547,37.745864868164062
9369308,2021,2021-12-20,3801,2021-11-14,2200,1871,INGLE,7,5,7,3801,0,0,0,,0,901,"ALEMANY BL","CONGDON ST",765.00,E,N,A,-,N,,,,,,,,,,Y,4,0,1,2,A,-,17,21657,,N,A,C,A,A,H,-,C,D,0,,,,,Y,,A,01,0,0,1,0,0,0,0,0,0,"- ","- ",,,"SAN FRANCISCO","SAN FRANCISCO",-122.42374420166016,37.731731414794922
9369309,2021,2021-12-20,3801,2021-11-14,1825,233,MISSI,7,5,7,3801,0,0,0,,0,03D,"POTRERO AV","21ST ST",0.00,,Y,A,-,N,,,,,,,,,,Y,4,0,1,2,A,-,09,21801,A,F,D,C,A,A,H,-,C,A,0,,,Y,,Y,Y,A,01,0,0,1,0,0,0,0,0,1,"- ","- ",,,"SAN FRANCISCO","SAN FRANCISCO",-122.40678405761719,37.757762908935547
9369310,2021,2022-03-30,3801,2021-11-14,1439,2455,CENTR,7,5,7,3801,0,0,0,,0,3A14C,"PINE ST","FRONT ST",0.00,,Y,A,-,N,,,,,,,,,,Y,4,0,1,2,A,-,12,21453,A,N,D,C,A,A,H,-,A,A,0,,,,,Y,,A,01,0,0,1,0,0,0,0,0,0,"- ","- ",,,"SAN FRANCISCO","SAN FRANCISCO",-122.39862060546875,37.792385101318359
9369311,2021,2022-06-25,3801,2021-11-14,1314,2750,PARK,7,5,7,3801,0,0,0,,0,0F2,"TWIN PEAKS BL","PANORAMA DR",0.00,,Y,A,-,N,,,,,,,,,,N,3,0,1,2,A,-,03,22350,,N,D,G,A,A,H,-,A,D,0,,Y,,,Y,Y,L,04,0,1,0,0,0,0,1,0,0,"- ","- ",,,"SAN FRANCISCO","SAN FRANCISCO",-122.44951629638672,37.746631622314453
9369312,2021,2021-12-20,3801,2021-11-16,1440,2481,SOUTH,2,5,7,3801,0,0,0,,0,00B,"HOWARD ST","FREMONT ST",0.00,,Y,A,-,N,,,,,,,,,,N,2,0,1,2,D,-,00,,,N,G,B,B,A,H,-,A,A,0,Y,,,,Y,,-,"- ",1,0,0,0,1,0,0,0,0,"- ","- ",,,"SAN FRANCISCO","SAN FRANCISCO",-122.3951416015625,37.789226531982422
9369407,2021,2021-12-31,3801,2021-11-28,0230,1386,SOUTH,7,5,7,3801,0,0,0,,0,003,"6TH ST","FOLSOM ST",0.00,,Y,A,-,N,,,,,,,,,,N,4,0,1,2,A,-,12,21453,A,F,D,C,A,A,H,-,C,A,0,,,,,Y,,-,,0,0,1,0,0,0,0,0,0,"- ","- ",,,"SAN FRANCISCO","SAN FRANCISCO",-122.40560150146484,37.778499603271484
9369576,2021,2021-12-22,3801,2021-11-22,1651,1003,INGLE,1,5,7,3801,0,0,0,,0,5CAR,"PERSIA AV","PRAGUE ST",0.00,,Y,A,-,N,,,,,,,,,,N,4,0,1,2,A,-,03,22350,,M,C,C,A,A,H,-,C,D,0,,,,,Y,Y,A,01,0,0,1,0,0,0,0,0,0,"- ","- ",,,"SAN FRANCISCO","SAN FRANCISCO",-122.42719268798828,37.718929290771484
9370082,2021,2022-02-11,3801,2021-10-13,1702,312,TARAV,3,5,7,3801,0,0,0,,0,1CAR,"IRVING ST","8TH AV",0.00,,Y,A,-,N,,,,,,,,,,N,4,0,1,2,A,-,09,21802,A,N,D,F,A,A,H,-,A,D,0,,,,,Y,,A,01,0,0,1,0,0,0,0,0,0,"- ","- ",,,"SAN FRANCISCO","SAN FRANCISCO",-122.46524810791016,37.764091491699219
9370084,2021,2021-12-23,3801,2021-10-08,1102,2202,INGLE,5,5,7,3801,0,0,0,,0,3H13A,"MISSION ST","VALENCIA ST",5.00,N,N,A,-,N,,,,,,,,,,N,4,0,1,2,A,-,10,21950,A,N,G,B,B,-,H,-,A,A,0,Y,,,,Y,,A,01,0,0,1,0,1,0,0,0,0,"- ","- ",,,"SAN FRANCISCO","SAN FRANCISCO",-122.41986083984375,37.745601654052734
9370085,2021,2021-12-23,3801,2021-10-08,2244,1263,BAYVI,5,5,7,3801,0,0,0,,0,3C14E,"PAUL AV","BAYSHORE BL",0.00,,Y,A,-,N,,,,,,,,,,N,4,0,1,2,A,-,07,21658,,N,A,C,A,A,H,-,C,A,0,,,,,Y,,A,07,0,0,1,0,0,0,0,0,0,"- ","- ",,,"SAN FRANCISCO","SAN FRANCISCO",-122.40079498291016,37.723606109619141
9370086,2021,2021-12-23,3801,2021-10-18,1513,570,MISSI,1,5,7,3801,0,0,0,,0,3D42C,"24TH ST","NOE ST",102.00,E,N,A,-,N,,,,,,,,,,N,3,0,1,2,A,-,17,22517,,N,B,G,A,A,H,-,A,D,0,,Y,,,Y,,A,01,0,1,0,0,0,0,1,0,0,"- ","- ",,,"SAN FRANCISCO","SAN FRANCISCO",-122.4315185546875,37.751449584960938
9370087,2021,2021-12-23,3801,2021-10-17,0104,1732,CENTR,7,5,7,3801,0,0,0,,0,3A11E,"HYDE ST","PINE ST",0.00,,Y,A,-,N,,,,,,,,,,Y,4,0,1,2,A,-,17,21657,,M,D,C,A,A,H,-,C,A,0,,,,,Y,,A,01,0,0,1,0,0,0,0,0,0,"- ","- ",,,"SAN FRANCISCO","SAN FRANCISCO",-122.41719818115234,37.790035247802734
9370990,2021,2021-12-03,3801,2021-10-13,0626,4301,NORTH,3,5,7,3801,0,0,0,,0,3E13A,"VAN NESS AV","POST ST",107.00,S,N,A,-,Y,SF,4,101,-,-,5.650,H,-,S,N,4,0,1,2,A,-,11,21950,B,N,G,B,D,A,H,-,C,D,0,Y,,,,Y,,N,60,0,0,1,0,1,0,0,0,0,"- ","- ",,,"SAN FRANCISCO","SAN FRANCISCO",-122.42161560058594,37.786304473876953
9370991,2021,2021-12-03,3801,2021-10-30,1757,2050,NORTH,6,5,7,3801,0,0,0,,0,3E14D,UNION,"VAN NESS",3.00,E,N,B,-,Y,SF,4,101,-,-,6.510,I,6,N,N,3,0,1,2,A,-,12,21453,A,N,D,B,E,A,H,-,A,A,0,Y,,,,Y,,N,60,0,1,0,0,1,0,0,0,0,"- ","- ",,,"SAN FRANCISCO","SAN FRANCISCO",-122.42388916015625,37.798572540283203
9371043,2021,2022-01-26,3801,2021-10-30,0215,4118,MISSI,6,5,7,3801,0,0,0,,0,003,"MISSION ST","22ND ST",42.00,S,N,A,-,N,,,,,,,,,,Y,4,0,2,3,A,-,08,22107,,N,B,D,A,A,H,-,E,A,0,,,,,Y,,A,01,0,0,2,0,0,0,0,0,0,"- ","- ",,,"SAN FRANCISCO","SAN FRANCISCO",-122.41873168945312,37.755332946777344
9371110,2021,2022-01-27,3801,2021-10-16,0430,1144,RICHM,6,5,7,3801,0,0,0,,0,3G4E,"VALENCIA ST","20TH ST",0.00,,Y,A,-,N,,,,,,,,,,Y,3,0,2,2,A,-,12,21453,A,N,D,D,A,A,H,-,C,A,0,,,,,Y,,A,01,0,1,1,0,0,0,0,0,0,"- ","- ",,,"SAN FRANCISCO","SAN FRANCISCO",-122.42125701904297,37.758510589599609
9371120,2021,2022-01-27,3801,2021-09-26,2242,2305,CENTR,7,5,7,3801,0,0,0,,0,4B31,"CALIFORNIA AV","TAYLOR ST",0.00,,Y,A,-,N,,,,,,,,,,Y,4,0,1,2,A,-,12,21453,A,N,D,C,A,A,H,-,C,A,0,,,,,Y,,J,48,0,0,1,0,0,0,0,0,0,"- ","- ",,,"SAN FRANCISCO","SAN FRANCISCO",-122.41246032714844,37.791610717773438
9371163,2021,2021-12-07,3801,2021-10-05,1047,2162,,2,5,7,3801,0,0,0,,0,,"7TH ST","BRYANT ST",36.00,S,N,A,-,N,,,,,,,,,,N,4,0,2,2,A,-,03,22350,,N,C,C,A,A,H,-,A,A,0,,,,,Y,,A,01,0,0,2,0,0,0,0,0,0,"- ","- ",,,"SAN FRANCISCO","SAN FRANCISCO",-122.40475463867188,37.774314880371094
9371171,2021,2021-12-07,3801,2021-10-12,0824,1377,,2,5,7,3801,0,0,0,,0,,"NEPTUNE ST","REFERRENCE POINT",185.00,S,N,A,-,N,,,,,,,,,,Y,3,0,1,2,A,-,08,22107,,N,B,C,A,A,A,-,A,D,0,,,,,Y,,A,01,0,1,0,0,0,0,0,0,0,"- ","- ",,,"SAN FRANCISCO","SAN FRANCISCO",,
9371305,2021,2022-03-30,3801,2021-11-16,1150,1172,SOUTH,2,5,7,3801,0,0,0,,0,3B13A,"BRYANT ST","7TH ST",0.00,,Y,A,-,N,,,,,,,,,,N,4,0,1,2,A,-,08,22107,,N,B,C,A,A,H,-,A,A,0,,,,,Y,,A,01,0,0,1,0,0,0,0,0,0,"- ","- ",,,"SAN FRANCISCO","SAN FRANCISCO",-122.40485382080078,37.774375915527344
9371308,2021,2022-03-22,3801,2021-11-09,0840,4331,SOUTH,2,5,7,3801,0,0,0,,0,3B1A,"EMBARCADERO SOUTH","BRYANT ST",0.00,,Y,B,F,N,,,,,,,,,,N,4,0,1,2,A,-,03,22350,,N,D,G,A,B,H,-,A,-,0,,Y,,,Y,,L,04,0,0,1,0,0,0,1,0,0,"- ","- ",,,"SAN FRANCISCO","SAN FRANCISCO",-122.38801574707031,37.787094116210938
9371346,2021,2022-04-19,3801,2021-11-23,2242,2286,TRAFF,2,5,7,3801,0,0,0,,0,4B4E,"WILLIAMS AV","CERES ST",84.00,E,N,A,-,N,,,,,,,,,,Y,3,0,3,6,A,-,21,22106,,N,D,C,A,A,H,-,C,D,0,,,,,Y,,A,01,0,1,2,0,0,0,0,0,0,"- ","- ",,,"SAN FRANCISCO","SAN FRANCISCO",-122.39418792724609,37.729488372802734
9371687,2021,2022-01-25,3801,2021-12-06,0636,1217,,1,5,7,3801,0,0,0,,0,4CAR,"VALENCIA ST","CESAR CHAVEZ ST",0.00,,Y,A,-,N,,,,,,,,,,Y,4,0,1,2,A,-,09,21806,A,N,D,C,A,A,H,-,B,A,0,,,,Y,Y,,F,26,0,0,1,0,0,0,0,0,0,"- ","- ",,,"SAN FRANCISCO","SAN FRANCISCO",-122.42025756835938,37.748161315917969
9372019,2022,2022-04-25,3801,2022-02-25,1925,76,TRAFF,5,5,7,3801,0,0,0,,0,4B3B,"CESAR CHAVEZ","3RD ST",0.00,,Y,A,-,N,,,,,,,,,,Y,2,0,4,2,A,-,12,21453,A,N,-,C,A,A,H,-,C,A,0,,,,,Y,,J,48,1,0,3,0,0,0,0,0,0,"- ","- ",,,"SAN FRANCISCO","SAN FRANCISCO",-122.38768768310547,37.750228881835938
9372031,2022,2022-04-26,3801,2022-03-18,1155,1605,NORTH,5,5,7,3801,0,0,0,,0,3E15A,"GREENWICH ST","LAGUNA ST",0.00,,Y,A,-,N,,,,,,,,,,Y,4,0,2,5,A,-,03,22350,,N,D,C,A,A,H,-,A,A,0,,,,,Y,,J,43,0,0,2,0,0,0,0,0,0,"- ","- ",,,"SAN FRANCISCO","SAN FRANCISCO",-122.43090057373047,37.799587249755859
9372321,2021,2021-12-15,3801,2021-10-13,2500,386,MISSI,3,5,7,3801,0,0,0,,0,3D14D,"POTRERO AV","24TH ST",64.00,N,N,A,-,N,,,,,,,,,,N,4,0,1,2,A,-,17,21663,,F,G,B,F,A,H,-,A,D,0,Y,,,,Y,,A,01,0,0,1,0,1,0,0,0,0,"- ","- ",,,"SAN FRANCISCO","SAN FRANCISCO",-122.40634155273438,37.753166198730469
9372322,2021,2021-12-13,3801,2021-10-13,1621,2431,RICHM,3,5,7,3801,0,0,0,,0,3G15D,"GEARY BL","10TH AV",0.00,,Y,A,-,N,,,,,,,,,,Y,4,0,2,2,A,-,03,22350,,N,C,C,A,A,H,-,A,A,0,,,,,Y,,A,01,0,0,2,0,0,0,0,0,0,"- ","- ",,,"SAN FRANCISCO","SAN FRANCISCO",-122.46858215332031,37.780891418457031
9372323,2021,2021-12-13,3801,2021-10-13,1615,504,NORTH,3,5,7,3801,0,0,0,,0,,"GOUGH ST","FELL ST",0.00,,Y,A,-,N,,,,,,,,,,N,4,0,1,2,A,-,10,21950,,F,G,B,B,A,H,-,A,A,0,Y,,,,Y,,-,,0,0,1,0,1,0,0,0,0,"- ","- ",,,"SAN FRANCISCO","SAN FRANCISCO",-122.42277526855469,37.775943756103516
9372324,2021,2021-12-13,3801,2021-10-13,1435,677,SOUTH,3,5,7,3801,0,0,0,,0,3B11C,"BRYANT ST","9TH ST",0.00,,Y,A,-,N,,,,,,,,,,Y,3,0,2,3,A,-,08,22107,,N,H,-,B,A,H,-,A,A,0,Y,,Y,,Y,,C,02,0,2,0,0,1,0,0,0,1,"- ","- ",,,"SAN FRANCISCO","SAN FRANCISCO",-122.40853118896484,37.771289825439453
9372325,2021,2021-12-13,3801,2021-10-10,1417,8,NORTH,7,5,7,3801,0,0,0,,0,3E5A,"LOMBARD ST","LAGUNA ST",0.00,,Y,A,-,N,,,,,,,,,,N,4,0,2,2,A,-,09,21800,A,N,D,C,A,A,H,-,A,A,0,,,Y,,Y,,C,02,0,0,2,0,0,0,0,0,1,"- ","- ",,,"SAN FRANCISCO","SAN FRANCISCO",-122.43110656738281,37.80047607421875
9372326,2021,2021-12-14,3801,2021-10-14,1000,1477,MISSI,4,5,7,3801,0,0,0,,0,3D13A,"MISSION ST","23RD ST",0.00,,Y,A,-,N,,,,,,,,,,N,4,0,1,2,A,-,10,21950,A,N,G,B,B,-,H,-,A,A,0,Y,,,,Y,,A,01,0,0,1,0,1,0,0,0,0,"- ","- ",,,"SAN FRANCISCO","SAN FRANCISCO",-122.41860198974609,37.753829956054688
9372327,2021,2021-12-14,3801,2021-10-14,1129,4301,NORTH,4,5,7,3801,0,0,0,,0,3E13A,"SUTTER ST","FRANKLIN ST",0.00,,Y,A,-,N,,,,,,,,,,Y,4,0,1,3,A,-,12,21453,A,N,D,C,A,A,H,-,A,A,0,,,,,Y,,A,01,0,0,1,0,0,0,0,0,0,"- ","- ",,,"SAN FRANCISCO","SAN FRANCISCO",-122.42340087890625,37.787345886230469
9372328,2021,2021-12-14,3801,2021-10-14,1645,643,TARAV,4,5,7,3801,0,0,0,,0,3I13D,"GREAT HWY","SLOAT BL",150.00,N,N,A,-,N,,,,,,,,,,Y,4,0,1,2,A,-,08,22107,,N,B,C,A,A,H,-,A,D,0,,,,,Y,,A,01,0,0,1,0,0,0,0,0,0,"- ","- ",,,"SAN FRANCISCO","SAN FRANCISCO",-122.50682067871094,37.735820770263672
9372329,2021,2021-12-14,3801,2021-10-12,0628,1602,SOUTH,2,5,7,3801,0,0,0,,0,SECTOR,"MARKET ST","12TH ST",0.00,,Y,A,-,N,,,,,,,,,,N,3,0,1,1,A,-,03,22350,,N,H,J,A,A,H,-,C,A,0,,,,,Y,,M,94,0,1,0,0,0,0,0,0,0,"- ","- ",,,"SAN FRANCISCO","SAN FRANCISCO",-122.42025756835938,37.774402618408203
9372330,2021,2021-12-14,3801,2021-10-12,1031,1061,SOUTH,2,5,7,3801,0,0,0,,0,3B12A,"4TH ST","HOWARD ST",0.00,,Y,A,-,N,,,,,,,,,,Y,4,0,2,2,A,-,08,22107,,N,F,C,A,A,H,-,A,D,0,,,,,Y,,A,07,0,0,2,0,0,0,0,0,0,"- ","- ",,,"SAN FRANCISCO","SAN FRANCISCO",-122.40270233154297,37.783267974853516
9372331,2021,2021-12-14,3801,2021-10-14,0957,2727,TARAV,4,5,7,3801,0,0,0,,0,3I13A,"22ND AV","SANTIAGO ST",0.00,,Y,A,-,N,,,,,,,,,,Y,3,0,1,2,A,-,12,22450,A,N,D,C,A,A,H,-,A,A,0,,,,,Y,,A,01,0,1,0,0,0,0,0,0,0,"- ","- ",,,"SAN FRANCISCO","SAN FRANCISCO",-122.47901916503906,37.744758605957031
9372332,2021,2021-12-14,3801,2021-10-14,2250,1967,NORTH,4,5,7,3801,0,0,0,,0,3E14E,"POLK ST","TURK ST",0.00,,Y,A,-,N,,,,,,,,,,N,4,0,1,2,A,-,17,21657,,F,B,G,A,A,H,-,C,A,0,,Y,,,Y,,-,,0,0,1,0,0,0,1,0,0,"- ","- ",,,"SAN FRANCISCO","SAN FRANCISCO",-122.41899871826172,37.782169342041016
9372333,2021,2021-12-14,3801,2021-10-11,2050,1688,BAYVI,1,5,7,3801,0,0,0,,0,3C13E,"ALEMANY BL","CRESCENT AV",0.00,,Y,A,-,N,,,,,,,,,,N,4,0,3,2,D,-,00,,,N,C,C,A,-,H,-,C,A,0,,,,,Y,,-,"- ",0,0,3,0,0,0,0,0,0,"- ","- ",,,"SAN FRANCISCO","SAN FRANCISCO",-122.41170501708984,37.734554290771484
9372334,2021,2021-12-14,3801,2021-10-14,1327,1118,SOUTH,4,5,7,3801,0,0,0,,0,3B14A,"MISSION ST","11TH ST",98.00,E,N,A,-,N,,,,,,,,,,Y,4,0,2,2,A,-,04,21703,,N,C,C,A,A,H,-,A,D,0,,,,,Y,,A,01,0,0,2,0,0,0,0,0,0,"- ","- ",,,"SAN FRANCISCO","SAN FRANCISCO",-122.41686248779297,37.774520874023438
9372335,2021,2021-12-14,3801,2021-10-14,1402,82,MISSI,4,5,7,3801,0,0,0,,0,3D44C,"17TH ST","CHURCH ST",0.00,,Y,A,-,N,,,,,,,,,,N,3,0,1,2,A,-,09,21804,A,N,D,G,A,A,H,-,A,A,0,,Y,,,Y,,A,01,0,1,0,0,0,0,1,0,0,"- ","- ",,,"SAN FRANCISCO","SAN FRANCISCO",-122.42851257324219,37.762882232666016
9372336,2021,2021-12-14,3801,2021-10-14,1410,2229,SOUTH,4,5,7,3801,0,0,0,,0,3B15C,"FOLSOM ST","FREMONT ST",0.00,,Y,A,-,N,,,,,,,,,,N,3,0,1,2,A,-,09,21801,A,N,B,G,A,A,H,-,A,A,0,,Y,,,Y,Y,A,01,0,1,0,0,0,0,1,0,0,"- ","- ",,,"SAN FRANCISCO","SAN FRANCISCO",-122.39360046386719,37.788002014160156
9372337,2021,2021-12-14,3801,2021-10-14,1518,1994,TRAFF,4,5,7,3801,0,0,0,,0,4B3G,"ALEMANY BL","PUTNAM ST",589.00,E,N,A,-,N,,,,,,,,,,Y,3,0,1,1,A,-,08,22107,,N,F,I,A,A,H,-,A,D,0,,,,,Y,,M,96,0,1,0,0,0,0,0,0,0,"- ","- ",,,"SAN FRANCISCO","SAN FRANCISCO",-122.40935516357422,37.735923767089844
9372338,2021,2021-12-14,3801,2021-10-14,1541,4300,NORTH,4,5,7,3801,0,0,0,,0,3E14D,"WEBSTER ST","OFARRELL ST",0.00,,Y,A,-,N,,,,,,,,,,N,3,0,1,2,A,-,10,21950,A,F,G,B,B,A,H,-,A,A,0,Y,,,,Y,,A,07,0,1,0,0,1,0,0,0,0,"- ","- ",,,"SAN FRANCISCO","SAN FRANCISCO",-122.43105316162109,37.783504486083984
9372339,2021,2021-12-14,3801,2021-10-14,1908,1467,MISSI,4,5,7,3801,0,0,0,,0,3D13D,"22ND ST","VALENCIA ST",45.00,E,N,A,-,N,,,,,,,,,,,3,0,1,2,A,-,02,22400,A,N,H,G,A,A,H,-,C,A,0,,Y,,,Y,,A,01,0,1,0,0,0,0,1,0,0,"- ","- ",,,"SAN FRANCISCO","SAN FRANCISCO",-122.42081451416016,37.755317687988281
9372341,2021,2021-12-03,3801,2021-10-31,0253,933,CENTR,7,5,7,3801,0,0,0,,0,0A3,"LEAVENWORTH ST","BAY ST",127.00,S,N,B,-,N,,,,,,,,,,N,3,0,1,1,D,-,00,,,N,H,J,A,B,H,-,C,A,0,,,Y,,Y,,-,"- ",0,1,0,0,0,0,0,0,1,"- ","- ",,,"SAN FRANCISCO","SAN FRANCISCO",-122.41849517822266,37.804683685302734
9372342,2021,2021-12-03,3801,2021-10-31,0034,1150,PARK,7,5,7,3801,0,0,0,,0,0D2,"PORTOLA DR","CLIPPER ST",0.00,,Y,B,-,N,,,,,,,,,,Y,4,0,1,2,A,-,09,21804,A,N,D,D,A,B,H,-,C,A,0,,,,,Y,,A,01,0,0,1,0,0,0,0,0,0,"- ","- ",,,"SAN FRANCISCO","SAN FRANCISCO",-122.44483947753906,37.746936798095703