CASE_ID,ACCIDENT_YEAR,PROC_DATE,JURIS,COLLISION_DATE,COLLISION_TIME,OFFICER_ID,REPORTING_DISTRICT,DAY_OF_WEEK,CHP_SHIFT,POPULATION,CNTY_CITY_LOC,SPECIAL_COND,BEAT_TYPE,CHP_BEAT_TYPE,CITY_DIVISION_LAPD,CHP_BEAT_CLASS,BEAT_NUMBER,PRIMARY_RD,SECONDARY_RD,DISTANCE,DIRECTION,INTERSECTION,WEATHER_1,WEATHER_2,STATE_HWY_IND,CALTRANS_COUNTY,CALTRANS_DISTRICT,STATE_ROUTE,ROUTE_SUFFIX,POSTMILE_PREFIX,POSTMILE,LOCATION_TYPE,RAMP_INTERSECTION,SIDE_OF_HWY,TOW_AWAY,COLLISION_SEVERITY,NUMBER_KILLED,NUMBER_INJURED,PARTY_COUNT,PRIMARY_COLL_FACTOR,PCF_CODE_OF_VIOL,PCF_VIOL_CATEGORY,PCF_VIOLATION,PCF_VIOL_SUBSECTION,HIT_AND_RUN,TYPE_OF_COLLISION,MVIW,PED_ACTION,ROAD_SURFACE,ROAD_COND_1,ROAD_COND_2,LIGHTING,CONTROL_DEVICE,CHP_ROAD_TYPE,PEDESTRIAN_ACCIDENT,BICYCLE_ACCIDENT,MOTORCYCLE_ACCIDENT,TRUCK_ACCIDENT,NOT_PRIVATE_PROPERTY,ALCOHOL_INVOLVED,STWD_VEHTYPE_AT_FAULT,CHP_VEHTYPE_AT_FAULT,COUNT_SEVERE_INJ,COUNT_VISIBLE_INJ,COUNT_COMPLAINT_PAIN,COUNT_PED_KILLED,COUNT_PED_INJURED,COUNT_BICYCLIST_KILLED,COUNT_BICYCLIST_INJURED,COUNT_MC_KILLED,COUNT_MC_INJURED,PRIMARY_RAMP,SECONDARY_RAMP,LATITUDE,LONGITUDE,COUNTY,CITY,POINT_X,POINT_Y
9372343,2021,2021-12-03,3801,2021-10-28,1618,2058,MISSI,4,5,7,3801,0,0,0,,0,,GUERRERO,"21ST ST",108.00,S,N,A,-,N,,,,,,,,,,Y,4,0,1,3,A,-,08,22107,,N,B,C,A,A,H,-,A,A,0,,,Y,,Y,Y,C,02,0,0,1,0,0,0,0,0,1,"- ","- ",,,"SAN FRANCISCO","SAN FRANCISCO",-122.42330169677734,37.756492614746094
9372344,2021,2021-12-03,3801,2021-10-30,1146,310,,6,5,7,3801,0,0,0,,0,3B15C,"3RD ST","BERRY ST",316.00,S,N,B,F,N,,,,,,,,,,Y,4,0,1,1,C,-,18,,,N,A,I,A,D,G,-,A,D,0,,,,,Y,,-,"- ",0,0,1,0,0,0,0,0,0,"- ","- ",,,"SAN FRANCISCO","SAN FRANCISCO",-122.39035034179688,37.776908874511719
9372345,2021,2021-12-03,3801,2021-10-30,1300,1119,SOUTH,6,5,7,3801,0,0,0,,0,3B4,"GOUGH ST","MCCOPPIN ST",0.00,,Y,A,-,N,,,,,,,,,,N,4,0,1,2,A,-,17,21235,G,N,D,J,A,A,H,-,A,A,0,,,,,Y,,M,94,0,0,1,0,0,0,0,0,0,"- ","- ",,,"SAN FRANCISCO","SAN FRANCISCO",-122.42033386230469,37.771774291992188
9372346,2021,2021-12-03,3801,2021-10-30,1310,1339,NORTH,6,5,7,3801,0,0,0,,0,3E11A,"POLK ST","EDDY ST",0.00,,Y,A,-,N,,,,,,,,,,Y,4,0,2,2,A,-,09,21801,A,N,A,C,A,A,H,-,A,A,0,,,Y,,Y,,A,01,0,0,2,0,0,0,0,0,1,"- ","- ",,,"SAN FRANCISCO","SAN FRANCISCO",-122.41918182373047,37.7830810546875
9372347,2021,2021-12-03,3801,2021-10-25,1005,4305,NORTH,1,5,7,3801,0,0,0,,0,,"GEARY BL","SCOTT ST",0.00,,Y,A,-,N,,,,,,,,,,N,4,0,1,2,A,-,11,21955,,N,D,B,D,B,H,-,A,A,0,Y,,,,Y,,N,60,0,0,1,0,1,0,0,0,0,"- ","- ",,,"SAN FRANCISCO","SAN FRANCISCO",-122.43785095214844,37.783790588378906
9372348,2021,2021-12-03,3801,2021-10-16,1014,1172,SOUTH,6,5,7,3801,0,0,0,,0,3B12A,"3RD ST","BRANNAN ST",0.00,,Y,A,-,N,,,,,,,,,,N,4,0,1,2,A,-,10,21950,A,N,-,B,B,A,H,-,A,A,0,Y,,,,Y,,A,08,0,0,1,0,1,0,0,0,0,"- ","- ",,,"SAN FRANCISCO","SAN FRANCISCO",-122.39429473876953,37.780101776123047
9372349,2021,2021-12-03,3801,2021-10-27,1900,1207,MISSI,3,5,7,3801,0,0,0,,0,3D11D,"13TH ST","HARRISON ST",0.00,,Y,A,-,N,,,,,,,,,,N,4,0,1,2,A,-,04,21703,,N,C,C,A,A,H,-,C,A,0,,,,,Y,,A,01,0,0,1,0,0,0,0,0,0,"- ","- ",,,"SAN FRANCISCO","SAN FRANCISCO",-122.41340637207031,37.769454956054688
9372350,2021,2021-12-06,3801,2021-10-27,1812,2132,PARK,3,5,7,3801,0,0,0,,0,3F60,"STANYAN ST","HAIGHT ST",0.00,,Y,A,-,N,,,,,,,,,,N,4,0,1,2,A,-,10,21950,A,N,G,B,B,A,H,-,A,A,0,Y,,,,Y,,A,01,0,0,1,0,1,0,0,0,0,"- ","- ",,,"SAN FRANCISCO","SAN FRANCISCO",-122.45352935791016,37.769149780273438
9372351,2021,2021-12-06,3801,2021-10-27,1900,2107,NORTH,3,5,7,3801,0,0,0,,0,3E12D,"FULTON ST","PIECE ST",0.00,,Y,A,-,N,,,,,,,,,,N,2,0,1,2,A,-,11,21950,B,N,D,B,B,A,H,-,C,A,0,Y,,,,Y,,N,60,1,0,0,0,1,0,0,0,0,"- ","- ",,,"SAN FRANCISCO","SAN FRANCISCO",-122.43484497070312,37.777294158935547
9372352,2021,2021-12-06,3801,2021-10-27,1740,2085,RICHM,3,5,7,3801,0,0,0,,0,3G14D,"PARK PRESIDIO BYPASS DR","CROSSOVER DR",730.00,N,N,A,-,N,,,,,,,,,,Y,4,0,1,2,A,-,03,22350,,N,C,C,A,A,H,-,B,D,0,,,,,Y,,A,01,0,0,1,0,0,0,0,0,0,"- ","- ",,,"SAN FRANCISCO","SAN FRANCISCO",-122.47791290283203,37.772331237792969
9372353,2021,2021-12-09,3801,2021-10-27,1751,2044,SOUTH,3,5,7,3801,0,0,0,,0,3B11D,"MISSION ST","2ND ST",0.00,,Y,A,-,N,,,,,,,,,,Y,4,0,1,2,A,-,08,22101,D,N,D,C,A,A,-,-,A,A,0,,,,,Y,,A,01,0,0,1,0,0,0,0,0,0,"- ","- ",,,"SAN FRANCISCO","SAN FRANCISCO",-122.39978790283203,37.788013458251953
9372354,2021,2021-12-09,3801,2021-10-27,1525,1109,INGLE,3,5,7,3801,0,0,0,,0,3H5C,ALEMANY,SENECA,0.00,,Y,A,-,N,,,,,,,,,,Y,4,0,1,2,A,-,00,23453,A,N,D,C,A,A,H,-,A,A,0,,,,,Y,,A,01,0,0,1,0,0,0,0,0,0,"- ","- ",,,"SAN FRANCISCO","SAN FRANCISCO",-122.44136047363281,37.718658447265625
9372355,2021,2021-12-09,3801,2021-10-27,1205,2402,TARAV,3,5,7,3801,0,0,0,,0,3I16A,"ARCH ST","BROTHERHOOD WY",0.00,,Y,A,-,N,,,,,,,,,,Y,3,0,1,2,A,-,12,21453,A,F,D,C,A,A,H,-,A,A,0,,,Y,,Y,,A,01,0,1,0,0,0,0,0,0,1,"- ","- ",,,"SAN FRANCISCO","SAN FRANCISCO",-122.46707916259766,37.712368011474609
9372356,2021,2021-12-06,3801,2021-10-27,0916,723,CENTR,3,5,7,3801,0,0,0,,0,,"COLUMBUS AV","COLUMBUS AV 222",0.00,,-,A,-,N,,,,,,,,,,N,4,0,1,2,A,-,08,22107,,N,B,C,A,A,H,-,A,A,0,,,Y,,Y,,A,08,0,0,1,0,0,0,0,0,1,"- ","- ",,,"SAN FRANCISCO","SAN FRANCISCO",,
9372357,2021,2021-12-06,3801,2021-10-27,0658,2466,RICHM,3,5,7,3801,0,0,0,,0,003,"GEARY BL","12TH AV",0.00,,Y,A,-,N,,,,,,,,,,N,4,0,1,2,A,-,10,21950,A,N,-,B,B,A,H,-,C,A,0,Y,,,,Y,,A,01,0,0,1,0,1,0,0,0,0,"- ","- ",,,"SAN FRANCISCO","SAN FRANCISCO",-122.470703125,37.780792236328125
9372358,2021,2021-12-06,3801,2021-10-25,1725,1226,TENDE,1,5,7,3801,0,0,0,,0,3J13D,"OFARRELL ST","TAYLOR ST",0.00,,Y,A,-,N,,,,,,,,,,N,4,0,2,4,A,-,12,21453,A,F,B,C,A,A,H,-,A,A,0,,,,,Y,,-,"- ",0,0,2,0,0,0,0,0,0,"- ","- ",,,"SAN FRANCISCO","SAN FRANCISCO",-122.41132354736328,37.786022186279297
9372359,2021,2021-12-06,3801,2021-10-22,2220,2305,TRAFF,5,5,7,3801,0,0,0,,0,4B31,"SOUTH VAN NESS AV","21ST ST",76.00,N,N,A,-,N,,,,,,,,,,Y,2,0,4,2,A,-,01,23153,A,F,A,C,A,A,H,-,C,A,0,,,,,Y,Y,A,01,1,0,3,0,0,0,0,0,0,"- ","- ",,,"SAN FRANCISCO","SAN FRANCISCO",-122.41677093505859,37.757369995117188
9372360,2021,2021-12-06,3801,2021-10-08,2010,76,TRAFF,5,5,7,3801,0,0,0,,0,4B3B,"EDDY ST","TALOR ST",166.00,E,N,A,-,N,,,,,,,,,,Y,4,0,6,5,A,-,08,22107,,N,B,E,A,A,H,-,C,D,0,,,,,Y,,A,07,0,0,6,0,0,0,0,0,0,"- ","- ",,,"SAN FRANCISCO","SAN FRANCISCO",-122.41038513183594,37.784233093261719
9372361,2021,2021-12-03,3801,2021-10-22,1115,677,SOUTH,5,5,7,3801,0,0,0,,0,3B13,"MARKET ST","GOUGH ST",0.00,,Y,A,-,N,,,,,,,,,,Y,4,0,1,2,A,-,12,21453,A,N,D,C,A,A,H,-,A,A,0,,,,,Y,,A,01,0,0,1,0,0,0,0,0,0,"- ","- ",,,"SAN FRANCISCO","SAN FRANCISCO",-122.42221069335938,37.772872924804688
9372362,2021,2021-12-03,3801,2021-10-22,0642,723,CENTR,5,5,7,3801,0,0,0,,0,1CA,"BUSH ST","TAYLOR ST",0.00,,Y,C,-,N,,,,,,,,,,N,4,0,1,2,A,-,11,21453,D,N,G,B,B,B,-,-,C,A,0,Y,,,,Y,,N,60,0,0,1,0,1,0,0,0,0,"- ","- ",,,"SAN FRANCISCO","SAN FRANCISCO",-122.41207122802734,37.789756774902344
9372363,2021,2021-12-04,3801,2021-10-22,0532,245,BAYVI,5,5,7,3801,0,0,0,,0,05C,"YOSEMITE AV","KEITH ST",0.00,,Y,C,-,N,,,,,,,,,,Y,4,0,1,3,A,-,03,22350,,F,D,C,A,B,H,-,C,D,0,,,,,Y,,A,01,0,0,1,0,0,0,0,0,0,"- ","- ",,,"SAN FRANCISCO","SAN FRANCISCO",-122.39167022705078,37.72686767578125
9372364,2021,2021-12-03,3801,2021-10-21,0913,1825,SOUTH,4,5,7,3801,0,0,0,,0,3B5A,"HARRISON ST","9TH ST",0.00,,Y,B,C,N,,,,,,,,,,Y,4,0,1,2,A,-,08,22101,D,N,D,C,A,B,H,-,A,A,0,,,,,Y,,A,01,0,0,1,0,0,0,0,0,0,"- ","- ",,,"SAN FRANCISCO","SAN FRANCISCO",-122.41004943847656,37.772533416748047
9372365,2021,2021-12-03,3801,2021-10-26,1507,2475,CENTR,2,5,7,3801,0,0,0,,0,A140,"STOCKTON ST","STOCKTON ST 216",0.00,,-,A,-,N,,,,,,,,,,N,4,0,1,2,A,-,04,21703,,N,C,C,A,A,H,-,A,D,0,,,,,Y,,A,01,0,0,1,0,0,0,0,0,0,"- ","- ",,,"SAN FRANCISCO","SAN FRANCISCO",-122.40765380859375,37.792781829833984
9372366,2021,2021-12-04,3801,2021-10-25,1710,233,MISSI,1,5,7,3801,0,0,0,,0,03D,"CAPP ST","17TH ST",0.00,,Y,A,-,N,,,,,,,,,,N,3,0,1,2,A,-,12,22450,A,F,D,C,A,A,H,-,A,A,0,,,,,Y,,A,01,0,1,0,0,0,0,0,0,0,"- ","- ",,,"SAN FRANCISCO","SAN FRANCISCO",-122.41853332519531,37.763477325439453
9372367,2021,2021-12-03,3801,2021-10-19,2025,1787,NORTH,2,5,7,3801,0,0,0,,0,004,"PINE ST","PIERCE ST",160.00,W,N,A,-,N,,,,,,,,,,N,4,0,1,2,A,-,07,21658,A,N,B,C,A,B,H,-,C,A,0,,,,,Y,,A,01,0,0,1,0,0,0,0,0,0,"- ","- ",,,"SAN FRANCISCO","SAN FRANCISCO",-122.43747711181641,37.787467956542969
9372368,2021,2021-12-07,3801,2021-11-09,1756,2704,SOUTH,2,5,7,3801,0,0,0,,0,0B5,"17TH ST","MISSISSIPPI ST",0.00,,Y,A,-,N,,,,,,,,,,N,4,0,1,2,A,-,12,22450,A,N,D,G,A,A,H,-,A,A,0,,Y,,,Y,Y,L,04,0,0,1,0,0,0,1,0,0,"- ","- ",,,"SAN FRANCISCO","SAN FRANCISCO",-122.39485168457031,37.765243530273438
9372369,2021,2021-12-04,3801,2021-10-19,1846,327,MISSI,2,5,7,3801,0,0,0,,0,3D15C,"16TH ST","CAPP ST",0.00,,Y,A,-,N,,,,,,,,,,N,2,0,1,2,A,-,08,22107,,N,A,C,A,A,H,-,C,A,0,,,,,Y,,A,01,1,0,0,0,0,0,0,0,0,"- ","- ",,,"SAN FRANCISCO","SAN FRANCISCO",-122.418701171875,37.765098571777344
9372370,2021,2021-12-04,3801,2021-10-19,1654,890,BAYVI,2,5,7,3801,0,0,0,,0,,"INGALLS ST","KISKA RD",0.00,,Y,B,-,N,,,,,,,,,,N,3,0,1,2,A,-,10,21950,A,N,G,B,B,A,H,-,A,D,0,Y,,,,Y,,A,01,0,1,0,0,1,0,0,0,0,"- ","- ",,,"SAN FRANCISCO","SAN FRANCISCO",-122.37953186035156,37.73114013671875
9372371,2021,2021-12-03,3801,2021-10-19,1453,2746,RICHM,2,5,7,3801,0,0,0,,0,3G43,"BALBOA ST","46TH AV",0.00,,Y,A,-,N,,,,,,,,,,Y,4,0,2,2,A,-,12,22450,,F,D,C,A,A,H,-,A,D,0,,,,,Y,,A,01,0,0,2,0,0,0,0,0,0,"- ","- ",,,"SAN FRANCISCO","SAN FRANCISCO",-122.50698852539062,37.775276184082031
9372372,2021,2021-12-09,3801,2021-10-16,2302,2175,BAYVI,6,5,7,3801,0,0,0,,0,3C13E,"3RD ST","CARROLL AV",0.00,,Y,A,-,N,,,,,,,,,,Y,4,0,2,2,A,-,03,22350,,N,F,C,A,A,H,-,C,A,0,,,,,Y,Y,A,01,0,0,2,0,0,0,0,0,0,"- ","- ",,,"SAN FRANCISCO","SAN FRANCISCO",-122.39433288574219,37.725551605224609
9372374,2021,2021-12-04,3801,2021-10-16,1456,4314,RICHM,6,5,7,3801,0,0,0,,0,004,"CALIFORNIA ST","19TH AV",0.00,,Y,A,-,N,,,,,,,,,,Y,4,0,1,2,A,-,12,22450,A,N,D,C,A,A,H,-,A,A,0,,,,,Y,,A,07,0,0,1,0,0,0,0,0,0,"- ","- ",,,"SAN FRANCISCO","SAN FRANCISCO",-122.47858428955078,37.784168243408203
9372375,2021,2021-12-04,3801,2021-10-31,0543,1066,NORTH,7,5,7,3801,0,0,0,,0,3E5,"LOMBARD ST","STEINER ST",0.00,,Y,A,-,N,,,,,,,,,,Y,4,0,3,2,A,-,09,21801,A,N,D,C,A,B,H,-,C,A,0,,,,,Y,,A,01,0,0,3,0,0,0,0,0,0,"- ","- ",,,"SAN FRANCISCO","SAN FRANCISCO",-122.43769073486328,37.799640655517578
9372376,2021,2021-12-04,3801,2021-10-31,0953,2039,TARAV,7,5,7,3801,0,0,0,,0,005,"WINSTON DR","20TH AV",0.00,,Y,A,-,N,,,,,,,,,,N,4,0,1,2,A,-,09,21801,A,N,D,C,A,A,H,-,A,A,0,,,,,Y,,A,01,0,0,1,0,0,0,0,0,0,"- ","- ",,,"SAN FRANCISCO","SAN FRANCISCO",-122.47597503662109,37.730087280273438
9372377,2021,2021-12-04,3801,2021-10-31,1346,1872,MISSI,7,5,7,3801,0,0,0,,0,3D11A,"MISSION ST","MISSION ST 2230",0.00,,-,A,-,N,,,,,,,,,,N,3,0,1,2,A,-,17,22517,,F,B,G,A,A,H,-,A,D,0,,Y,,,Y,Y,A,01,0,1,0,0,0,0,1,0,0,"- ","- ",,,"SAN FRANCISCO","SAN FRANCISCO",-122.41979217529297,37.7705078125
9372378,2021,2021-12-09,3801,2021-10-20,0934,1297,BAYVI,3,5,7,3801,0,0,0,,0,3C11A,"VERMONT ST","22ND ST",0.00,,Y,A,-,N,,,,,,,,,,N,4,0,1,2,A,-,03,22350,,F,D,C,A,A,H,-,A,D,0,,,Y,,Y,,C,02,0,0,1,0,0,0,0,0,1,"- ","- ",,,"SAN FRANCISCO","SAN FRANCISCO",-122.4039306640625,37.756942749023438
9372379,2021,2021-12-03,3801,2021-10-31,0250,1332,CENTR,7,5,7,3801,0,0,0,,0,03A,"BAY ST","BAY ST 737",0.00,,-,B,-,N,,,,,,,,,,N,3,0,1,1,A,-,22,23123,A,N,H,J,A,B,H,-,C,A,0,,,Y,,Y,,C,03,0,1,0,0,0,0,0,0,1,"- ","- ",,,"SAN FRANCISCO","SAN FRANCISCO",-122.05410003662109,37.116367340087891
9372380,2021,2021-12-04,3801,2021-10-30,0145,1078,NORTH,6,5,7,3801,0,0,0,,0,3E11E,"VAN NESS AV","BUSH ST",0.00,,Y,A,-,N,,,,,,,,,,N,3,0,1,2,A,-,11,21456,A,N,G,B,B,A,H,-,C,A,0,Y,,,,Y,Y,N,60,0,1,0,0,1,0,0,0,0,"- ","- ",,,"SAN FRANCISCO","SAN FRANCISCO",-122.42191314697266,37.788490295410156
9372386,2021,2021-12-09,3801,2021-10-24,2015,4187,NORTH,7,5,7,3801,0,0,0,,0,3E15D,"GROVE ST","POLK ST",0.00,,Y,C,-,N,,,,,,,,,,Y,3,0,5,2,A,-,12,21453,A,N,D,C,A,B,H,-,C,A,0,,,,,Y,,A,01,0,2,3,0,0,0,0,0,0,"- ","- ",,,"SAN FRANCISCO","SAN FRANCISCO",-122.41822052001953,37.778480529785156
9372387,2021,2021-12-09,3801,2021-10-24,2101,1769,MISSI,7,5,7,3801,0,0,0,,0,3D11E,"DUBOCE AV","GUERRERO ST",0.00,,Y,C,-,N,,,,,,,,,,Y,4,0,1,2,A,-,09,21800,D,N,D,C,A,B,H,-,C,B,0,,,,,Y,,A,01,0,0,1,0,0,0,0,0,0,"- ","- ",,,"SAN FRANCISCO","SAN FRANCISCO",-122.42459106445312,37.769741058349609
9372388,2021,2021-12-09,3801,2021-10-24,1720,2058,MISSI,7,5,7,3801,0,0,0,,0,,"24TH ST","SHOTWELL ST",25.00,E,N,C,-,N,,,,,,,,,,N,4,0,1,2,A,-,10,21954,B,F,G,B,E,B,H,-,A,D,0,Y,,,,Y,,A,01,0,0,1,0,1,0,0,0,0,"- ","- ",,,"SAN FRANCISCO","SAN FRANCISCO",-122.41509246826172,37.752452850341797
9372389,2021,2021-12-09,3801,2021-10-24,1500,668,NORTH,7,5,7,3801,0,0,0,,0,,"BUSH ST","LAGUNA ST",0.00,,Y,C,-,N,,,,,,,,,,Y,4,0,1,3,A,-,03,22350,,N,B,E,A,B,H,-,A,D,0,,,,,Y,,A,01,0,0,1,0,0,0,0,0,0,"- ","- ",,,"SAN FRANCISCO","SAN FRANCISCO",-122.42852783203125,37.787651062011719
9372390,2021,2021-12-09,3801,2021-10-24,0743,2727,TARAV,7,5,7,3801,0,0,0,,0,3I15A,"19TH AV","CRESPI DR",0.00,,Y,C,G,N,,,,,,,,,,Y,4,0,2,3,A,-,03,22350,,N,C,C,A,B,H,-,A,A,0,,,,,Y,,A,01,0,0,2,0,0,0,0,0,0,"- ","- ",,,"SAN FRANCISCO","SAN FRANCISCO",-122.47537231445312,37.720279693603516
9372391,2021,2021-12-09,3801,2021-10-24,0157,4039,CENTR,7,5,7,3801,0,0,0,,0,3A4,"VALLEJO ST","COLUMBUS AV",0.00,,Y,B,C,N,,,,,,,,,,N,4,0,1,2,A,-,12,21453,A,F,G,B,B,B,H,-,C,A,0,Y,,,,Y,,A,01,0,0,1,0,1,0,0,0,0,"- ","- ",,,"SAN FRANCISCO","SAN FRANCISCO",-122.40789031982422,37.798721313476562
9372392,2021,2021-12-15,3801,2021-10-25,1620,4001,MISSI,1,5,7,3801,0,0,0,,0,3D11C,"16TH ST","7TH ST",0.00,,Y,-,-,N,,,,,,,,,,N,3,0,1,2,D,-,00,,,F,-,C,A,-,-,-,A,A,0,,,,,Y,,-,"- ",0,1,0,0,0,0,0,0,0,"- ","- ",,,"SAN FRANCISCO","SAN FRANCISCO",-122.39506530761719,37.766536712646484
9372393,2021,2021-12-09,3801,2021-10-25,1245,1355,TARAV,1,5,7,3801,0,0,0,,0,3I14B,"JUNIPERO SERRA BL","SLOAT BL",0.00,,Y,A,-,N,,,,,,,,,,Y,4,0,2,2,A,-,09,21800,D,N,D,C,A,A,H,-,A,B,0,,,,,Y,,A,01,0,0,2,0,0,0,0,0,0,"- ","- ",,,"SAN FRANCISCO","SAN FRANCISCO",-122.47153472900391,37.734760284423828
9372394,2021,2021-12-09,3801,2021-10-19,1604,52,SOUTH,2,5,7,3801,0,0,0,,0,0B1,"2ND ST","HARRISON ST",0.00,,Y,A,B,N,,,,,,,,,,Y,4,0,1,2,A,-,12,21453,A,F,D,A,A,A,H,-,A,A,0,,,,,Y,,A,01,0,0,1,0,0,0,0,0,0,"- ","- ",,,"SAN FRANCISCO","SAN FRANCISCO",-122.39517974853516,37.784332275390625
9372395,2021,2021-12-09,3801,2021-10-21,0600,4279,INGLE,4,5,7,3801,0,0,0,,0,,"ALEMANY BL","CONGDON ST",0.00,,Y,C,-,N,,,,,,,,,,N,4,0,1,2,A,-,12,21453,A,F,D,C,A,B,H,-,C,A,0,,,,,Y,,A,01,0,0,1,0,0,0,0,0,0,"- ","- ",,,"SAN FRANCISCO","SAN FRANCISCO",-122.42619323730469,37.731166839599609
9372396,2021,2021-12-09,3801,2021-10-22,1224,1086,CENTR,5,5,7,3801,0,0,0,,0,3CAR,"NORTH POINT ST","TAYLOR ST",0.00,,Y,B,-,N,,,,,,,,,,Y,4,0,1,3,A,-,12,21453,A,F,D,C,A,A,H,-,A,A,0,,,,,Y,,A,01,0,0,1,0,0,0,0,0,0,"- ","- ",,,"SAN FRANCISCO","SAN FRANCISCO",-122.41543579101562,37.806362152099609
9372397,2021,2021-12-15,3801,2021-10-22,1553,2058,MISSI,5,5,7,3801,0,0,0,,0,6CAR,"16TH ST","POTRERO AV",72.00,W,N,A,-,N,,,,,,,,,,N,4,0,1,2,D,-,00,,,N,B,C,A,A,H,-,A,D,0,,,,,Y,,-,"- ",0,0,1,0,0,0,0,0,0,"- ","- ",,,"SAN FRANCISCO","SAN FRANCISCO",-122.40780639648438,37.765750885009766
9372398,2021,2021-12-15,3801,2021-10-22,1659,2407,MISSI,5,5,7,3801,0,0,0,,0,3D13D,"HARRISON ST","20TH ST",25.00,N,N,A,-,N,,,,,,,,,,N,4,0,1,2,A,-,08,22107,,F,C,C,A,A,H,-,A,A,0,,,,,Y,,A,01,0,0,1,0,0,0,0,0,0,"- ","- ",,,"SAN FRANCISCO","SAN FRANCISCO",-122.41255187988281,37.759098052978516
9372399,2021,2021-12-09,3801,2021-10-22,1726,2017,MISSI,5,5,7,3801,0,0,0,,0,3D16D,"16TH ST","SOUTH VAN NESS AV",36.00,E,N,A,-,N,,,,,,,,,,N,3,0,1,2,A,-,07,21658,,N,C,G,A,A,H,-,A,A,0,,Y,,,Y,Y,L,04,0,1,0,0,0,0,1,0,0,"- ","- ",,,"SAN FRANCISCO","SAN FRANCISCO",-122.41736602783203,37.765186309814453
9372400,2021,2021-12-09,3801,2021-10-22,1150,2210,SOUTH,5,5,7,3801,0,0,0,,0,0B2,"BRANNAN ST","5TH ST",355.00,W,N,A,-,N,,,,,,,,,,N,4,0,2,2,A,-,08,22102,,N,D,C,A,A,H,-,A,D,0,,,,,Y,,A,01,0,0,2,0,0,0,0,0,0,"- ","- ",,,"SAN FRANCISCO","SAN FRANCISCO",-122.399658203125,37.775901794433594
9374369,2021,2021-12-30,3801,2021-11-08,1943,2215,NORTH,1,5,7,3801,0,0,0,,0,3E15D,"GREENWICH ST","WEBSTER ST",0.00,,Y,C,-,N,,,,,,,,,,N,4,0,1,2,A,-,12,22450,,N,B,B,B,B,D,-,C,A,0,Y,,,,Y,,A,01,0,0,1,0,1,0,0,0,0,"- ","- ",,,"SAN FRANCISCO","SAN FRANCISCO",-122.43421173095703,37.799163818359375
9374551,2021,2022-01-04,3801,2021-11-11,1620,54,NORTH,4,5,7,3801,0,0,0,,0,3E16D,"PINE ST","VAN NESS AV",0.00,,Y,A,-,N,,,,,,,,,,N,4,0,1,2,A,-,08,22100,B,N,B,C,A,-,H,-,A,A,0,,,,,Y,,A,01,0,0,1,0,0,0,0,0,0,"- ","- ",,,"SAN FRANCISCO","SAN FRANCISCO",-122.42209625244141,37.789417266845703
9374559,2021,2022-01-04,3801,2021-11-08,2030,952,CENTR,1,5,7,3801,0,0,0,,0,901,"SACRAMENTO ST","SANSOME ST",0.00,,Y,C,-,N,,,,,,,,,,N,3,0,2,3,A,-,10,21950,A,F,G,B,B,B,H,-,C,A,0,Y,,,,Y,,A,01,0,1,1,0,2,0,0,0,0,"- ","- ",,,"SAN FRANCISCO","SAN FRANCISCO",-122.40132141113281,37.79400634765625
9375683,2021,2021-12-31,3801,2021-11-20,1950,4103,SOUTH,6,5,7,3801,0,0,0,,0,0B2,"BRANNAN ST","5TH ST",0.00,,Y,A,-,N,,,,,,,,,,N,4,0,2,2,A,-,12,21453,A,N,A,C,A,A,H,-,C,A,0,,,,,Y,,A,01,0,0,2,0,0,0,0,0,0,"- ","- ",,,"SAN FRANCISCO","SAN FRANCISCO",-122.39875793457031,37.776573181152344
9375685,2021,2021-12-31,3801,2021-11-20,1915,2107,NORTH,6,5,7,3801,0,0,0,,0,3E12D,"POLK ST","CALIFORNIA ST",0.00,,Y,A,-,N,,,,,,,,,,N,4,0,1,2,A,-,03,22350,,N,D,G,A,A,H,-,C,A,0,,Y,,,Y,,L,04,0,0,1,0,0,0,1,0,0,"- ","- ",,,"SAN FRANCISCO","SAN FRANCISCO",-122.42068481445312,37.790569305419922
9375686,2021,2021-12-30,3801,2021-11-20,1845,671,CENTR,6,5,7,3801,0,0,0,,0,3A15D,"OFARRELL ST","STOCKTON ST",50.00,W,N,A,-,N,,,,,,,,,,N,4,0,1,2,A,-,17,21657,,N,G,B,D,A,H,-,C,A,0,Y,,,,Y,,M,95,0,0,1,0,1,0,0,0,0,"- ","- ",,,"SAN FRANCISCO","SAN FRANCISCO",-122.40656280517578,37.786609649658203
9375687,2021,2021-12-31,3801,2021-11-20,1436,4006,TARAV,6,5,7,3801,0,0,0,,0,3146,"OCEAN AV","CLEARFIELD DR",0.00,,Y,A,-,N,,,,,,,,,,N,3,0,1,2,A,-,12,22450,A,N,D,-,A,A,H,-,A,A,0,,,,,Y,,M,93,0,1,0,0,0,0,0,0,0,"- ","- ",,,"SAN FRANCISCO","SAN FRANCISCO",-122.49143981933594,37.732021331787109
9375688,2021,2021-12-30,3801,2021-11-20,1055,244,NORTH,6,5,7,3801,0,0,0,,0,,"CALIFORNIA ST","GOUGH ST",7.00,E,N,A,-,N,,,,,,,,,,N,4,0,1,2,A,-,10,21950,A,N,G,B,B,A,H,-,A,A,0,Y,,,,Y,,A,01,0,0,1,0,1,0,0,0,0,"- ","- ",,,"SAN FRANCISCO","SAN FRANCISCO",-122.42557525634766,37.789943695068359
9375689,2021,2022-01-12,3801,2021-11-20,1133,4006,TARAV,6,5,7,3801,0,0,0,,0,3146,"GARFIELD ST","MONTICELLO ST",0.00,,Y,A,-,N,,,,,,,,,,Y,3,0,3,2,A,-,12,22450,A,N,D,C,A,A,H,-,A,A,0,,,,,Y,,A,01,0,1,2,0,0,0,0,0,0,"- ","- ",,,"SAN FRANCISCO","SAN FRANCISCO",-122.47075653076172,37.719631195068359