CASE_ID,ACCIDENT_YEAR,PROC_DATE,JURIS,COLLISION_DATE,COLLISION_TIME,OFFICER_ID,REPORTING_DISTRICT,DAY_OF_WEEK,CHP_SHIFT,POPULATION,CNTY_CITY_LOC,SPECIAL_COND,BEAT_TYPE,CHP_BEAT_TYPE,CITY_DIVISION_LAPD,CHP_BEAT_CLASS,BEAT_NUMBER,PRIMARY_RD,SECONDARY_RD,DISTANCE,DIRECTION,INTERSECTION,WEATHER_1,WEATHER_2,STATE_HWY_IND,CALTRANS_COUNTY,CALTRANS_DISTRICT,STATE_ROUTE,ROUTE_SUFFIX,POSTMILE_PREFIX,POSTMILE,LOCATION_TYPE,RAMP_INTERSECTION,SIDE_OF_HWY,TOW_AWAY,COLLISION_SEVERITY,NUMBER_KILLED,NUMBER_INJURED,PARTY_COUNT,PRIMARY_COLL_FACTOR,PCF_CODE_OF_VIOL,PCF_VIOL_CATEGORY,PCF_VIOLATION,PCF_VIOL_SUBSECTION,HIT_AND_RUN,TYPE_OF_COLLISION,MVIW,PED_ACTION,ROAD_SURFACE,ROAD_COND_1,ROAD_COND_2,LIGHTING,CONTROL_DEVICE,CHP_ROAD_TYPE,PEDESTRIAN_ACCIDENT,BICYCLE_ACCIDENT,MOTORCYCLE_ACCIDENT,TRUCK_ACCIDENT,NOT_PRIVATE_PROPERTY,ALCOHOL_INVOLVED,STWD_VEHTYPE_AT_FAULT,CHP_VEHTYPE_AT_FAULT,COUNT_SEVERE_INJ,COUNT_VISIBLE_INJ,COUNT_COMPLAINT_PAIN,COUNT_PED_KILLED,COUNT_PED_INJURED,COUNT_BICYCLIST_KILLED,COUNT_BICYCLIST_INJURED,COUNT_MC_KILLED,COUNT_MC_INJURED,PRIMARY_RAMP,SECONDARY_RAMP,LATITUDE,LONGITUDE,COUNTY,CITY,POINT_X,POINT_Y
9375691,2021,2022-01-20,3801,2021-11-20,0812,1396,SOUTH,6,5,7,3801,0,0,0,,0,3B13A,"DIVISION ST","SAN BRUNO AV",0.00,,Y,A,-,N,,,,,,,,,,N,3,0,1,2,A,-,12,22450,A,F,D,G,A,A,H,-,A,A,0,,Y,,,Y,Y,A,01,0,1,0,0,0,0,1,0,0,"- ","- ",,,"SAN FRANCISCO","SAN FRANCISCO",-122.40620422363281,37.769454956054688
9375692,2021,2021-12-30,3801,2021-11-20,0019,2056,SOUTH,6,5,7,3801,0,0,0,,0,0B5,"KING ST","5TH ST",71.00,W,N,A,-,N,,,,,,,,,,Y,4,0,2,1,A,-,03,22350,,N,E,I,A,B,G,-,C,A,0,,,,,Y,,A,01,0,0,2,0,0,0,0,0,0,"- ","- ",,,"SAN FRANCISCO","SAN FRANCISCO",-122.39653015136719,37.774524688720703
9375693,2021,2021-12-30,3801,2021-11-20,0059,4118,MISSI,6,5,7,3801,0,0,0,,0,003,"MISSION ST","22ND ST",0.00,,Y,A,-,N,,,,,,,,,,N,4,0,1,2,A,-,10,21950,A,N,G,B,B,A,H,-,C,A,0,Y,,,,Y,,A,01,0,0,1,0,1,0,0,0,0,"- ","- ",,,"SAN FRANCISCO","SAN FRANCISCO",-122.41873931884766,37.755451202392578
9375694,2021,2022-01-12,3801,2021-11-20,0115,1308,SOUTH,6,5,7,3801,0,0,0,,0,3B13E,"MISSION ST","8TH ST",0.00,,Y,A,-,N,,,,,,,,,,Y,4,0,1,4,A,-,12,21453,A,F,D,C,A,B,H,-,C,A,0,,,,,Y,Y,A,01,0,0,1,0,0,0,0,0,0,"- ","- ",,,"SAN FRANCISCO","SAN FRANCISCO",-122.41315460205078,37.7774658203125
9375695,2021,2022-01-06,3801,2021-11-20,0210,4039,CENTR,6,5,7,3801,0,0,0,,0,3A3,"BAY ST","NORTH VIEW CT",8.00,E,N,A,-,N,,,,,,,,,,Y,3,0,1,2,A,-,03,22350,,N,F,C,A,B,H,-,C,A,0,,,,,Y,,A,01,0,1,0,0,0,0,0,0,0,"- ","- ",,,"SAN FRANCISCO","SAN FRANCISCO",-122.42253112792969,37.804473876953125
9375696,2021,2022-01-06,3801,2021-11-19,2115,1347,NORTH,5,5,7,3801,0,0,0,,0,003,"VAN NESS AV","EDDY ST",12.00,S,N,B,-,N,,,,,,,,,,N,2,0,1,2,A,-,10,21950,A,M,G,B,B,B,H,-,C,A,0,Y,,,,Y,Y,A,01,1,0,0,0,1,0,0,0,0,"- ","- ",,,"SAN FRANCISCO","SAN FRANCISCO",-122.42075347900391,37.782855987548828
9375697,2021,2021-12-31,3801,2021-11-19,1840,963,MISSI,5,5,7,3801,0,0,0,,0,3D14D,"CESAR CHAVEZ ST","YORK ST",0.00,,Y,A,-,N,,,,,,,,,,N,4,0,1,2,A,-,07,21658,A,N,D,C,A,A,H,-,C,D,0,,,,,Y,,A,01,0,0,1,0,0,0,0,0,0,"- ","- ",,,"SAN FRANCISCO","SAN FRANCISCO",-122.40789031982422,37.748329162597656
9375698,2021,2021-12-31,3801,2021-11-19,1928,2107,NORTH,5,5,7,3801,0,0,0,,0,3E12D,"GEARY BL","WEBSTER ST",0.00,,Y,C,-,N,,,,,,,,,,,4,0,1,2,A,-,10,21950,A,N,D,-,B,A,H,-,C,A,0,Y,,,,Y,,A,01,0,0,1,0,1,0,0,0,0,"- ","- ",,,"SAN FRANCISCO","SAN FRANCISCO",-122.43130493164062,37.784725189208984
9375699,2021,2021-12-31,3801,2021-11-17,1730,4798,NORTH,3,5,7,3801,0,0,0,,0,3E00D,"9TH ST","BRYANT ST",0.00,,Y,A,-,N,,,,,,,,,,N,4,0,1,2,A,-,08,22107,,N,B,C,A,A,H,-,B,A,0,,,Y,,Y,,A,01,0,0,1,0,0,0,0,0,1,"- ","- ",,,"SAN FRANCISCO","SAN FRANCISCO",-122.40853118896484,37.771289825439453
9375700,2021,2021-12-30,3801,2021-11-19,1400,2727,TARAV,5,5,7,3801,0,0,0,,0,3I13A,"SLOAT BL","EL MIRASOL PL",0.00,,Y,B,-,N,,,,,,,,,,N,4,0,1,2,A,-,09,21801,A,N,D,C,A,B,H,-,A,A,0,,,,,Y,,A,01,0,0,1,0,0,0,0,0,0,"- ","- ",,,"SAN FRANCISCO","SAN FRANCISCO",-122.48593139648438,37.73419189453125
9375701,2021,2021-12-31,3801,2021-11-18,1408,4020,MISSI,4,5,7,3801,0,0,0,,0,3D45C,"FOLSOM ST","15TH ST",0.00,,Y,B,-,N,,,,,,,,,,N,4,0,1,2,A,-,12,21453,A,N,D,G,A,A,H,-,A,A,0,,Y,,,Y,,L,04,0,0,1,0,0,0,1,0,0,"- ","- ",,,"SAN FRANCISCO","SAN FRANCISCO",-122.41545867919922,37.766933441162109
9375702,2021,2021-12-31,3801,2021-11-18,0945,2702,BAYVI,4,5,7,3801,0,0,0,,0,,"20TH ST","ILLINOIS ST",0.00,,Y,A,-,N,,,,,,,,,,N,4,0,1,2,A,-,03,22350,,N,E,J,A,A,D,-,A,D,0,,,,,Y,,A,01,0,0,1,0,0,0,0,0,0,"- ","- ",,,"SAN FRANCISCO","SAN FRANCISCO",-122.38758087158203,37.760562896728516
9375703,2021,2021-12-31,3801,2021-11-17,2105,1092,TARAV,3,5,7,3801,0,0,0,,0,3I13D,"MORAGA ST","42ND AV",37.00,W,N,A,-,N,,,,,,,,,,Y,4,0,1,2,A,-,08,22107,,N,F,E,A,A,H,-,C,D,0,,,,,Y,,A,01,0,0,1,0,0,0,0,0,0,"- ","- ",,,"SAN FRANCISCO","SAN FRANCISCO",-122.50139617919922,37.7550048828125
9375704,2021,2021-12-31,3801,2021-11-17,1452,2379,INGLE,3,5,7,3801,0,0,0,,0,3H11C,"BAYSHORE BL","ARLETA AV",0.00,,Y,A,-,N,,,,,,,,,,N,3,0,1,2,A,-,10,21950,A,N,D,B,B,A,H,-,A,A,0,Y,,,,Y,,A,07,0,1,0,0,1,0,0,0,0,"- ","- ",,,"SAN FRANCISCO","SAN FRANCISCO",-122.40261077880859,37.712268829345703
9375705,2021,2021-12-31,3801,2021-11-17,1524,1512,BAYVI,3,5,7,3801,0,0,0,,0,0C5,"3RD ST","THOMAS AV",0.00,,Y,A,-,N,,,,,,,,,,N,4,0,1,2,A,-,03,22350,,F,C,C,A,A,H,-,A,A,0,,,,,Y,,A,01,0,0,1,0,0,0,0,0,0,"- ","- ",,,"SAN FRANCISCO","SAN FRANCISCO",-122.39217376708984,37.730854034423828
9375706,2021,2021-12-31,3801,2021-11-17,1626,2132,PARK,3,5,7,3801,0,0,0,,0,3F60,"CHURCH ST","DUBOCE AV",0.00,,Y,A,-,N,,,,,,,,,,N,3,0,2,2,A,-,03,22350,,N,D,G,A,A,H,-,A,A,0,,Y,,,Y,,-,,0,1,1,0,0,0,1,0,0,"- ","- ",,,"SAN FRANCISCO","SAN FRANCISCO",-122.42912292480469,37.769462585449219
9375707,2021,2021-12-31,3801,2021-11-17,1735,524,INGLE,3,5,7,3801,0,0,0,,0,3H14D,"ADMIRAL AV","MISSION ST",0.00,,Y,A,-,N,,,,,,,,,,N,4,0,1,2,A,-,10,21950,,N,G,B,B,A,H,-,C,D,0,Y,,,,Y,,A,01,0,0,1,0,1,0,0,0,0,"- ","- ",,,"SAN FRANCISCO","SAN FRANCISCO",-122.43015289306641,37.729862213134766
9375708,2021,2021-12-31,3801,2021-11-17,1207,1875,TARAV,3,5,7,3801,0,0,0,,0,3I46,"PACHECO ST","DEWEY BL",0.00,,Y,A,-,N,,,,,,,,,,N,4,0,1,2,A,-,04,21704,A,N,D,C,A,A,H,-,A,D,0,,,,,Y,,A,01,0,0,1,0,0,0,0,0,0,"- ","- ",,,"SAN FRANCISCO","SAN FRANCISCO",-122.46138763427734,37.745559692382812
9375709,2021,2021-12-31,3801,2021-11-16,1845,4314,RICHM,2,5,7,3801,0,0,0,,0,0G2,"GEARY BL","PRESIDIO AV",5.00,W,N,B,-,N,,,,,,,,,,N,4,0,1,2,A,-,10,21950,A,N,G,B,B,A,H,-,C,A,0,Y,,,,Y,,-,99,0,0,1,0,1,0,0,0,0,"- ","- ",,,"SAN FRANCISCO","SAN FRANCISCO",-122.44587707519531,37.782588958740234
9375710,2021,2021-12-31,3801,2021-11-18,2230,2139,TARAV,4,5,7,3801,0,0,0,,0,901,"IRVING ST","15TH AV",0.00,,Y,A,-,N,,,,,,,,,,N,4,0,1,2,A,-,10,21950,A,N,G,B,B,A,H,-,C,A,0,Y,,,,Y,,A,01,0,0,1,0,1,0,0,0,0,"- ","- ",,,"SAN FRANCISCO","SAN FRANCISCO",-122.47280120849609,37.763748168945312
9375711,2021,2021-12-31,3801,2021-11-01,2330,1732,CENTR,1,5,7,3801,0,0,0,,0,03A,"CALIFORNIA ST","JONES ST",284.00,W,N,A,-,N,,,,,,,,,,N,2,0,1,1,A,-,03,22350,,N,E,A,A,B,H,-,C,D,0,,Y,,,Y,,L,04,1,0,0,0,0,0,1,0,0,"- ","- ",,,"SAN FRANCISCO","SAN FRANCISCO",-122.41507720947266,37.791294097900391
9375712,2021,2022-01-11,3801,2021-11-11,2259,4119,NORTH,4,5,7,3801,0,0,0,,0,002,"HAYES ST","OCTAVIA ST",151.00,E,N,A,-,N,,,,,,,,,,N,4,0,1,2,A,-,03,22350,A,F,G,B,E,A,H,-,C,D,0,Y,,Y,,Y,,C,03,0,0,1,0,1,0,0,0,0,"- ","- ",,,"SAN FRANCISCO","SAN FRANCISCO",-122.42415618896484,37.776718139648438
9375713,2021,2021-12-30,3801,2021-11-12,1253,1052,RICHM,5,5,7,3801,0,0,0,,0,3G4C,"30TH AV","FULTON ST",25.00,S,N,A,-,N,,,,,,,,,,N,3,0,2,2,-,-,"- ",,A,N,D,C,A,A,H,-,A,A,0,,,,,Y,,A,08,0,1,1,0,0,0,0,0,0,"- ","- ",,,"SAN FRANCISCO","SAN FRANCISCO",-122.48954010009766,37.772262573242188
9375714,2021,2021-12-30,3801,2021-11-14,1810,1909,NORTH,7,5,7,3801,0,0,0,,0,3E15D,"BUCHANAN ST","MAGNOLIA ST",0.00,,Y,A,-,N,,,,,,,,,,N,3,0,1,2,A,-,09,21800,A,N,D,G,A,A,H,-,C,D,0,,Y,,,Y,,L,04,0,1,0,0,0,0,1,0,0,"- ","- ",,,"SAN FRANCISCO","SAN FRANCISCO",-122.432861328125,37.800754547119141
9375715,2021,2021-12-30,3801,2021-11-18,1955,1148,MISSI,4,5,7,3801,0,0,0,,0,3D16D,"FOLSOM ST","DIVISON ST",0.00,,Y,A,-,N,,,,,,,,,,N,4,0,1,2,A,-,"- ",,,N,A,C,A,A,H,-,C,A,0,,,,,Y,,A,01,0,0,1,0,0,0,0,0,0,"- ","- ",,,"SAN FRANCISCO","SAN FRANCISCO",,
9375716,2021,2021-12-30,3801,2021-11-18,1618,1207,MISSI,4,5,7,3801,0,0,0,,0,3D15D,"POTRERO AV","16TH ST",209.00,N,N,B,-,N,,,,,,,,,,Y,4,0,2,2,A,-,09,21804,A,N,D,C,A,-,H,-,A,D,0,,,,,Y,,A,01,0,0,2,0,0,0,0,0,0,"- ","- ",,,"SAN FRANCISCO","SAN FRANCISCO",-122.40760803222656,37.766342163085938
9375717,2021,2021-12-30,3801,2021-11-19,0006,1332,CENTR,5,5,7,3801,0,0,0,,0,3A11E,"GEARY ST","LARKIN ST",0.00,,Y,A,-,N,,,,,,,,,,Y,3,0,1,2,A,-,11,21954,A,F,A,B,-,A,H,-,C,D,0,Y,,,,Y,,N,60,0,1,0,0,1,0,0,0,0,"- ","- ",,,"SAN FRANCISCO","SAN FRANCISCO",-122.41810607910156,37.786113739013672
9375718,2021,2021-12-30,3801,2021-11-14,0504,2494,MISSI,7,5,7,3801,0,0,0,,0,3D15E,"HARRISON ST","15TH ST",53.00,S,N,A,-,N,,,,,,,,,,Y,3,0,1,2,A,-,16,24002,A,N,F,E,A,A,H,-,C,D,0,,,Y,,Y,,C,06,0,1,0,0,0,0,0,0,1,"- ","- ",,,"SAN FRANCISCO","SAN FRANCISCO",-122.41325378417969,37.76690673828125
9375719,2021,2021-12-30,3801,2021-11-13,2340,627,MISSI,6,5,7,3801,0,0,0,,0,3D11E,"SANCHEZ ST","16TH ST",0.00,,Y,A,-,N,,,,,,,,,,N,4,0,1,2,A,-,08,22107,,N,D,C,A,A,H,-,C,A,0,,,Y,,Y,,A,01,0,0,1,0,0,0,0,0,1,"- ","- ",,,"SAN FRANCISCO","SAN FRANCISCO",-122.43087768554688,37.764358520507812
9375720,2021,2021-12-30,3801,2021-11-13,1324,4124,INGLE,6,5,7,3801,0,0,0,,0,INGLES,"ALEMANY BL","SANTA ROSA AV",0.00,,Y,A,-,N,,,,,,,,,,N,4,0,1,2,A,-,09,21801,B,N,D,C,A,A,H,-,A,A,0,,,Y,,Y,,A,01,0,0,1,0,0,0,0,0,1,"- ","- ",,,"SAN FRANCISCO","SAN FRANCISCO",-122.43605804443359,37.726757049560547
9375721,2021,2021-12-31,3801,2021-11-13,1700,628,RICHM,6,5,7,3801,0,0,0,,0,0G4,"CLEMENT ST","18TH AV",0.00,,Y,A,-,N,,,,,,,,,,N,3,0,1,1,A,-,"- ",,,N,F,A,A,A,H,-,C,D,0,,Y,,,Y,,L,04,0,1,0,0,0,0,1,0,0,"- ","- ",,,"SAN FRANCISCO","SAN FRANCISCO",-122.47737884521484,37.782352447509766
9375722,2021,2021-12-31,3801,2021-11-13,1745,890,BAYVI,6,5,7,3801,0,0,0,,0,BAYVIE,"INGALLS ST","OAKDALE AV",0.00,,Y,A,-,N,,,,,,,,,,N,4,0,2,2,A,-,12,22450,A,N,D,C,A,A,H,-,C,A,0,,,,,Y,,A,01,0,0,2,0,0,0,0,0,0,"- ","- ",,,"SAN FRANCISCO","SAN FRANCISCO",-122.38288116455078,37.730339050292969
9375723,2021,2021-12-31,3801,2021-11-13,0958,392,MISSI,6,5,7,3801,0,0,0,,0,3D11A,"GUERRERO ST","24TH ST",0.00,,Y,A,-,N,,,,,,,,,,Y,4,0,3,5,-,-,"- ",,A,N,A,C,A,A,H,-,-,A,0,,,,,Y,,A,01,0,0,3,0,0,0,0,0,0,"- ","- ",,,"SAN FRANCISCO","SAN FRANCISCO",-122.42286682128906,37.752002716064453
9375724,2021,2021-12-31,3801,2021-11-13,0745,2453,MISSI,6,5,7,3801,0,0,0,,0,3D13A,"MISSION ST","23RD ST",0.00,,Y,A,-,N,,,,,,,,,,N,3,0,1,2,A,-,03,22350,,N,D,C,A,B,-,-,-,A,0,,,,,Y,,M,94,0,1,0,0,0,0,0,0,0,"- ","- ",,,"SAN FRANCISCO","SAN FRANCISCO",-122.41860198974609,37.753829956054688
9375725,2021,2021-12-31,3801,2021-11-12,2148,1972,MISSI,5,5,7,3801,0,0,0,,0,3D91,"25TH ST","GUERRERO ST",0.00,,Y,A,-,N,,,,,,,,,,Y,3,0,2,2,A,-,09,21801,A,N,A,C,A,A,H,-,C,A,0,,,,,Y,Y,A,01,0,1,1,0,0,0,0,0,0,"- ","- ",,,"SAN FRANCISCO","SAN FRANCISCO",-122.42272186279297,37.750392913818359
9375726,2021,2021-12-31,3801,2021-11-12,2115,1371,NORTH,5,5,7,3801,0,0,0,,0,002,"GEARY BL","WEBSTER ST",208.00,E,N,A,-,N,,,,,,,,,,N,4,0,1,3,A,-,04,21703,,N,C,C,A,A,H,-,C,A,0,,,,,Y,,A,07,0,0,1,0,0,0,0,0,0,"- ","- ",,,"SAN FRANCISCO","SAN FRANCISCO",-122.43058776855469,37.784751892089844
9375727,2021,2022-03-16,3801,2021-11-12,2109,2498,SOUTH,5,5,7,3801,0,0,0,,0,3B12E,"9TH ST","BRANNAN ST",0.00,,Y,A,-,N,,,,,,,,,,Y,2,0,1,2,A,-,09,21801,A,F,A,G,A,A,H,-,C,A,0,,Y,,,Y,,-,99,1,0,0,0,0,0,1,0,0,"- ","- ",,,"SAN FRANCISCO","SAN FRANCISCO",-122.40699005126953,37.770057678222656
9375728,2021,2021-12-31,3801,2021-11-29,1628,4022,MISSI,1,5,7,3801,0,0,0,,0,3D11D,"26TH ST","SAN JOSE AV",111.00,W,N,A,-,N,,,,,,,,,,Y,4,0,2,2,A,-,05,21650,,N,A,C,A,A,H,-,A,D,0,,,,,Y,,A,01,0,0,2,0,0,0,0,0,0,"- ","- ",,,"SAN FRANCISCO","SAN FRANCISCO",-122.42164611816406,37.748832702636719
9375729,2021,2021-12-31,3801,2021-11-29,1558,4041,TARAV,1,5,7,3801,0,0,0,,0,3I13D,"PLYMOUTH AV","PLYMOUTH AV 922",0.00,,N,A,-,N,,,,,,,,,,N,4,0,1,3,A,-,06,21750,A,N,B,C,A,A,H,-,A,D,0,,,,,Y,,A,01,0,0,1,0,0,0,0,0,0,"- ","- ",,,"SAN FRANCISCO","SAN FRANCISCO",-122.45614500000001,37.718671000000001
9375730,2021,2021-12-31,3801,2021-11-29,0827,326,INGLE,1,5,7,3801,0,0,0,,0,3H15A,"MISSION ST","CRESCENT AV",0.00,,Y,A,-,N,,,,,,,,,,N,4,0,1,2,A,-,08,22107,,N,C,C,A,A,H,-,A,D,0,,,,,Y,,A,01,0,0,1,0,0,0,0,0,0,"- ","- ",,,"SAN FRANCISCO","SAN FRANCISCO",-122.42469024658203,37.735408782958984
9375732,2021,2021-12-31,3801,2021-11-27,2341,1066,NORTH,6,5,7,3801,0,0,0,,0,3E14E,"BUSH ST","LAGUNA ST",0.00,,Y,A,-,N,,,,,,,,,,Y,4,0,3,3,A,-,12,21453,A,F,D,C,A,A,H,-,C,A,0,,,,,Y,,A,01,0,0,3,0,0,0,0,0,0,"- ","- ",,,"SAN FRANCISCO","SAN FRANCISCO",-122.42852783203125,37.787651062011719
9375733,2021,2021-12-31,3801,2021-11-16,0732,2496,PARK,2,5,7,3801,0,0,0,,0,004,"NOE ST","BEAVER ST",0.00,,Y,A,-,N,,,,,,,,,,N,3,0,1,2,A,-,09,21801,A,N,D,C,A,A,H,-,A,D,0,,,,,Y,Y,A,01,0,1,0,0,0,0,0,0,0,"- ","- ",,,"SAN FRANCISCO","SAN FRANCISCO",-122.43318939208984,37.765060424804688
9375734,2021,2021-12-31,3801,2021-11-15,2113,1783,BAYVI,1,5,7,3801,0,0,0,,0,3C13E,"EVANS AV","HUNTERS POINT BL",0.00,,Y,A,-,N,,,,,,,,,,Y,4,0,2,2,A,-,03,22350,,N,A,-,A,A,H,-,B,D,0,,,,,Y,,A,01,0,0,2,0,0,0,0,0,0,"- ","- ",,,"SAN FRANCISCO","SAN FRANCISCO",-122.37749481201172,37.73675537109375
9375735,2021,2021-12-31,3801,2021-11-01,0012,1414,MISSI,1,5,7,3801,0,0,0,,0,3D11E,"SOUTH VAN NESS AV","ERIE ST",0.00,,Y,B,-,N,,,,,,,,,,N,3,0,1,2,-,-,"- ",,,N,H,-,A,A,H,-,C,D,0,,Y,,,Y,Y,-,"- ",0,1,0,0,0,0,1,0,0,"- ","- ",,,"SAN FRANCISCO","SAN FRANCISCO",-122.41783142089844,37.769203186035156
9375736,2021,2021-12-31,3801,2021-11-01,0750,179,NORTH,1,5,7,3801,0,0,0,,0,3E12A,"POLK ST","BUSH ST",16.00,S,N,B,-,N,,,,,,,,,,N,4,0,1,2,A,-,03,22350,,F,C,C,A,A,H,-,A,A,0,,,,,Y,,-,,0,0,1,0,0,0,0,0,0,"- ","- ",,,"SAN FRANCISCO","SAN FRANCISCO",-122.4202880859375,37.788646697998047
9375737,2021,2021-12-31,3801,2021-11-01,0915,242,NORTH,1,5,7,3801,0,0,0,,0,901,"GREEN ST","VAN NESS AV",147.00,E,N,A,C,N,,,,,,,,,,N,3,0,1,2,A,-,06,21750,A,N,B,G,A,B,H,-,-,D,0,,Y,,,Y,,L,04,0,1,0,0,0,0,1,0,0,"- ","- ",,,"SAN FRANCISCO","SAN FRANCISCO",-122.42324066162109,37.797691345214844
9375738,2021,2021-12-31,3801,2021-11-01,1615,4041,TARAV,1,5,7,3801,0,0,0,,0,3I13D,"PORTOLA DR","WEST PORTAL AV",0.00,N,N,B,-,N,,,,,,,,,,Y,4,0,2,2,A,-,08,22107,,N,B,C,A,B,H,-,A,D,0,,,,,Y,,A,01,0,0,2,0,0,0,0,0,0,"- ","- ",,,"SAN FRANCISCO","SAN FRANCISCO",-122.47153472900391,37.734760284423828
9375739,2021,2021-12-31,3801,2021-11-02,0640,2481,BAYVI,2,5,7,3801,0,0,0,,0,3C13,"MENDELL ST","EVANS AV",0.00,,Y,A,-,N,,,,,,,,,,Y,4,0,1,2,A,-,12,21453,A,N,D,C,A,B,H,-,B,A,0,,,,,Y,,A,01,0,0,1,0,0,0,0,0,0,"- ","- ",,,"SAN FRANCISCO","SAN FRANCISCO",-122.38475799560547,37.740852355957031
9375740,2021,2021-12-31,3801,2021-11-02,1748,1226,TENDE,2,5,7,3801,0,0,0,,0,3J12D,"7TH ST","MARKET ST",85.00,W,N,A,-,N,,,,,,,,,,N,4,0,2,2,A,-,00,21955,A,N,D,B,D,A,H,-,A,A,0,Y,,Y,,Y,,N,60,0,0,2,0,1,0,0,0,1,"- ","- ",,,"SAN FRANCISCO","SAN FRANCISCO",-122.41251373291016,37.780479431152344
9375741,2021,2022-01-03,3801,2021-11-02,1720,1613,MISSI,2,5,7,3801,0,0,0,,0,,"24TH ST","S VAN NESS AV",0.00,,N,A,-,N,,,,,,,,,,N,4,0,1,2,A,-,03,22350,,F,C,C,A,A,H,-,A,D,0,,,,,Y,,A,01,0,0,1,0,0,0,0,0,0,"- ","- ",,,"SAN FRANCISCO","SAN FRANCISCO",-122.41628265380859,37.75238037109375
9375742,2021,2022-01-03,3801,2021-11-02,2000,952,CENTR,2,5,7,3801,0,0,0,,0,901,"FRONT ST","PINE ST",0.00,,Y,A,-,N,,,,,,,,,,N,4,0,1,2,A,-,08,22101,D,N,D,C,A,A,H,-,C,A,0,,,,,Y,,A,01,0,0,1,0,0,0,0,0,0,"- ","- ",,,"SAN FRANCISCO","SAN FRANCISCO",-122.39862060546875,37.792385101318359
9375743,2021,2022-01-03,3801,2021-11-02,1955,469,MISSI,2,5,7,3801,0,0,0,,0,3D15D,"14TH ST","MISSION ST",0.00,,Y,A,-,N,,,,,,,,,,N,4,0,1,2,A,-,08,22107,,N,D,C,A,A,H,-,C,A,0,,,,,Y,,A,07,0,0,1,0,0,0,0,0,0,"- ","- ",,,"SAN FRANCISCO","SAN FRANCISCO",-122.41996765136719,37.768291473388672
9375744,2021,2022-01-04,3801,2021-11-02,1516,2181,NORTH,2,5,7,3801,0,0,0,,0,3E12D,"WEBSTER ST","OFARRELL ST",91.00,S,N,A,-,N,,,,,,,,,,Y,3,0,3,3,A,-,03,22350,,N,C,C,A,A,H,-,A,A,0,,,,,Y,Y,A,08,0,1,2,0,0,0,0,0,0,"- ","- ",,,"SAN FRANCISCO","SAN FRANCISCO",-122.43099975585938,37.783252716064453
9375745,2021,2022-01-04,3801,2021-11-02,0606,1394,MISSI,2,5,7,3801,0,0,0,,0,MISSIO,"MISSION ST","18TH ST",0.00,,Y,A,-,N,,,,,,,,,,Y,4,0,1,2,A,-,12,21453,A,N,D,C,A,B,H,-,C,A,0,,,,,Y,,A,01,0,0,1,0,0,0,0,0,0,"- ","- ",,,"SAN FRANCISCO","SAN FRANCISCO",-122.41936492919922,37.7618408203125
9375746,2021,2022-01-19,3801,2021-11-02,2138,2742,TENDE,2,5,7,3801,0,0,0,,0,3J15E,"ELLIS ST","HYDE ST",0.00,,Y,A,-,N,,,,,,,,,,N,3,0,1,2,A,-,17,21451,A,N,H,C,E,A,H,-,C,A,0,Y,,,,Y,,A,01,0,1,0,0,1,0,0,0,0,"- ","- ",,,"SAN FRANCISCO","SAN FRANCISCO",-122.41606140136719,37.784446716308594
9375747,2021,2022-01-03,3801,2021-11-03,1351,2321,TENDE,3,5,7,3801,0,0,0,,0,3J90,"MISSION ST","8TH ST",225.00,W,N,A,-,N,,,,,,,,,,,4,0,1,2,A,-,11,21955,,N,G,B,D,A,H,-,A,D,0,Y,,,,Y,,N,60,0,0,1,0,1,0,0,0,0,"- ","- ",,,"SAN FRANCISCO","SAN FRANCISCO",-122.41371917724609,37.777030944824219
9375748,2021,2022-01-03,3801,2021-11-03,1158,2089,BAYVI,3,5,7,3801,0,0,0,,0,BAYVIE,"OAKDALE AV","SELBY ST",0.00,,Y,A,-,N,,,,,,,,,,Y,4,0,1,2,A,-,09,21800,A,N,D,C,A,A,H,-,A,A,0,,,,,Y,,A,01,0,0,1,0,0,0,0,0,0,"- ","- ",,,"SAN FRANCISCO","SAN FRANCISCO",-122.39969635009766,37.739933013916016
9375749,2021,2022-01-03,3801,2021-11-03,0813,4322,INGLE,3,5,7,3801,0,0,0,,0,3H13A,MISSION,"SILVER AV",0.00,,Y,A,-,N,,,,,,,,,,Y,4,0,1,2,A,-,09,21801,A,N,D,D,A,A,H,-,A,A,0,,,,,Y,,A,01,0,0,1,0,0,0,0,0,0,"- ","- ",,,"SAN FRANCISCO","SAN FRANCISCO",-122.43128204345703,37.728736877441406
9375750,2021,2022-01-03,3801,2021-11-03,0632,2089,BAYVI,3,5,7,3801,0,0,0,,0,BAYVI,"SILVER AV","SAN BRUNO AV",0.00,,Y,A,-,N,,,,,,,,,,N,3,0,1,2,A,-,10,21952,,F,G,B,F,A,H,-,C,A,0,Y,,,,Y,,A,01,0,1,0,0,1,0,0,0,0,"- ","- ",,,"SAN FRANCISCO","SAN FRANCISCO",-122.40561676025391,37.732444763183594
9375751,2021,2022-01-03,3801,2021-11-02,2320,1871,INGLE,2,5,7,3801,0,0,0,,0,901,"GENEVA AV","BROOKDALE AV",0.00,,Y,A,-,N,,,,,,,,,,Y,4,0,1,1,A,-,05,21650,,N,E,I,A,A,H,-,C,A,0,,,,,Y,,A,01,0,0,1,0,0,0,0,0,0,"- ","- ",,,"SAN FRANCISCO","SAN FRANCISCO",-122.42453002929688,37.710071563720703
9375752,2021,2022-01-03,3801,2021-11-03,1542,801,SOUTH,3,5,7,3801,0,0,0,,0,0B1,"HOWARD ST","HAWTHORNE ST",0.00,,Y,A,-,N,,,,,,,,,,N,4,0,1,2,D,-,00,,,N,D,J,A,A,H,-,A,A,0,,Y,,,Y,,-,"- ",0,0,1,0,0,0,1,0,0,"- ","- ",,,"SAN FRANCISCO","SAN FRANCISCO",-122.39937591552734,37.785888671875