CASE_ID,ACCIDENT_YEAR,PROC_DATE,JURIS,COLLISION_DATE,COLLISION_TIME,OFFICER_ID,REPORTING_DISTRICT,DAY_OF_WEEK,CHP_SHIFT,POPULATION,CNTY_CITY_LOC,SPECIAL_COND,BEAT_TYPE,CHP_BEAT_TYPE,CITY_DIVISION_LAPD,CHP_BEAT_CLASS,BEAT_NUMBER,PRIMARY_RD,SECONDARY_RD,DISTANCE,DIRECTION,INTERSECTION,WEATHER_1,WEATHER_2,STATE_HWY_IND,CALTRANS_COUNTY,CALTRANS_DISTRICT,STATE_ROUTE,ROUTE_SUFFIX,POSTMILE_PREFIX,POSTMILE,LOCATION_TYPE,RAMP_INTERSECTION,SIDE_OF_HWY,TOW_AWAY,COLLISION_SEVERITY,NUMBER_KILLED,NUMBER_INJURED,PARTY_COUNT,PRIMARY_COLL_FACTOR,PCF_CODE_OF_VIOL,PCF_VIOL_CATEGORY,PCF_VIOLATION,PCF_VIOL_SUBSECTION,HIT_AND_RUN,TYPE_OF_COLLISION,MVIW,PED_ACTION,ROAD_SURFACE,ROAD_COND_1,ROAD_COND_2,LIGHTING,CONTROL_DEVICE,CHP_ROAD_TYPE,PEDESTRIAN_ACCIDENT,BICYCLE_ACCIDENT,MOTORCYCLE_ACCIDENT,TRUCK_ACCIDENT,NOT_PRIVATE_PROPERTY,ALCOHOL_INVOLVED,STWD_VEHTYPE_AT_FAULT,CHP_VEHTYPE_AT_FAULT,COUNT_SEVERE_INJ,COUNT_VISIBLE_INJ,COUNT_COMPLAINT_PAIN,COUNT_PED_KILLED,COUNT_PED_INJURED,COUNT_BICYCLIST_KILLED,COUNT_BICYCLIST_INJURED,COUNT_MC_KILLED,COUNT_MC_INJURED,PRIMARY_RAMP,SECONDARY_RAMP,LATITUDE,LONGITUDE,COUNTY,CITY,POINT_X,POINT_Y
9375753,2021,2022-01-03,3801,2021-11-04,0502,4125,RICHM,4,5,7,3801,0,0,0,,0,3G14E,"26TH AV","FULTON ST",227.00,N,N,A,-,N,,,,,,,,,,Y,4,0,1,3,A,-,03,22350,,N,C,E,A,A,H,-,C,D,0,,,,,Y,,A,01,0,0,1,0,0,0,0,0,0,"- ","- ",,,"SAN FRANCISCO","SAN FRANCISCO",-122.48530578613281,37.773143768310547
9375754,2021,2022-01-03,3801,2021-11-04,0430,1386,SOUTH,4,5,7,3801,0,0,0,,0,003,"8TH ST","8TH ST 455",0.00,,N,A,C,N,,,,,,,,,,Y,4,0,1,1,A,-,03,22350,,N,A,I,A,B,H,-,C,A,0,,,,,Y,,A,01,0,0,1,0,0,0,0,0,0,"- ","- ",,,"SAN FRANCISCO","SAN FRANCISCO",-121.00348663330078,40.311603546142578
9375755,2021,2022-01-03,3801,2021-11-04,2135,1074,RICHM,4,5,7,3801,0,0,0,,0,3G14E,"PARK PRESIDIO BL","FULTON ST",15.00,S,N,A,-,N,,,,,,,,,,N,4,0,1,2,A,-,03,22350,,N,C,D,A,A,H,-,C,A,0,,,,,Y,,A,01,0,0,1,0,0,0,0,0,0,"- ","- ",,,"SAN FRANCISCO","SAN FRANCISCO",-122.47177886962891,37.773128509521484
9375757,2021,2022-01-03,3801,2021-11-30,2051,1878,MISSI,2,5,7,3801,0,0,0,,0,0D4,"CESAR CHAVEZ ST","MISSION ST",0.00,,Y,A,-,N,,,,,,,,,,N,4,0,1,2,A,-,10,21950,A,N,G,B,B,-,H,-,C,A,0,Y,,,,Y,,-,,0,0,1,0,1,0,0,0,0,"- ","- ",,,"SAN FRANCISCO","SAN FRANCISCO",-122.41819763183594,37.748222351074219
9375799,2021,2021-12-29,3801,2021-11-09,1741,1771,INGLE,2,5,7,3801,0,0,0,,0,3H13D,"MISSION ST","MURRAY ST",0.00,,Y,A,-,N,,,,,,,,,,Y,4,0,1,2,A,-,03,22350,,N,C,D,A,A,H,-,C,A,0,,,,,Y,,A,01,0,0,1,0,0,0,0,0,0,"- ","- ",37.733360290527344,-122.42646789550781,"SAN FRANCISCO","SAN FRANCISCO",-122.42644500732422,37.733669281005859
9375869,2021,2022-01-12,3801,2021-11-04,0430,2498,SOUTH,4,5,7,3801,0,0,0,,0,,"2ND ST","HARRISON ST",0.00,,Y,A,-,N,,,,,,,,,,N,4,0,1,2,A,-,03,22350,,N,D,D,A,B,H,-,C,A,0,,,,,Y,,A,01,0,0,1,0,0,0,0,0,0,"- ","- ",,,"SAN FRANCISCO","SAN FRANCISCO",-122.39517974853516,37.784332275390625
9375873,2021,2021-12-27,3801,2021-11-03,0700,2339,PARK,3,5,7,3801,0,0,0,,0,3F14A,"CASTRO ST","15TH ST",70.00,N,N,A,-,N,,,,,,,,,,Y,2,0,1,3,C,-,18,,,N,C,C,A,A,H,-,C,D,0,,,,Y,Y,,-,"- ",1,0,0,0,0,0,0,0,0,"- ","- ",,,"SAN FRANCISCO","SAN FRANCISCO",-122.43547821044922,37.765911102294922
9375877,2021,2021-12-29,3801,2021-11-30,0807,392,MISSI,2,5,7,3801,0,0,0,,0,3D14A,"FOLSOM ST","KAMILLE CT",15.00,W,N,A,-,N,,,,,,,,,,N,3,0,1,2,A,-,09,21801,A,N,D,G,A,A,H,-,A,D,0,,Y,,,Y,,D,72,0,1,0,0,0,0,1,0,0,"- ","- ",,,"SAN FRANCISCO","SAN FRANCISCO",-122.41374206542969,37.748882293701172
9375881,2021,2021-12-30,3801,2021-11-30,1203,271,INGLE,2,5,7,3801,0,0,0,,0,03H,"OCEAN AV","GENEVA AV",66.00,N,N,A,-,N,,,,,,,,,,N,4,0,1,2,A,-,06,21757,,N,B,J,A,A,H,-,A,A,0,,,,,Y,,A,01,0,0,1,0,0,0,0,0,0,"- ","- ",,,"SAN FRANCISCO","SAN FRANCISCO",-122.45254516601562,37.723121643066406
9375889,2021,2021-12-29,3801,2021-11-19,1939,1759,BAYVI,5,5,7,3801,0,0,0,,0,3C12D,"PHELPS ST","OAKDALE AV",100.00,N,N,E,-,N,,,,,,,,,,Y,4,0,1,3,A,-,03,22350,,N,B,C,A,B,H,-,C,D,0,,,,Y,Y,,A,01,0,0,1,0,0,0,0,0,0,"- ","- ",,,"SAN FRANCISCO","SAN FRANCISCO",-122.39389038085938,37.736942291259766
9376210,2021,2021-12-30,3801,2021-11-10,1510,86,TARAV,3,5,7,3801,0,0,0,,0,3I1,"19TH AV","NORIEGA ST",0.00,,Y,A,-,N,,,,,,,,,,N,3,0,1,2,A,-,09,21801,A,F,D,G,A,A,H,-,A,A,0,,Y,,,Y,,A,01,0,1,0,0,0,0,1,0,0,"- ","- ",,,"SAN FRANCISCO","SAN FRANCISCO",-122.4764404296875,37.754215240478516
9376211,2021,2022-01-18,3801,2021-11-10,0851,993,SOUTH,3,5,7,3801,0,0,0,,0,3CAR,"5TH ST","CLEMENTINA ST",0.00,,Y,A,-,N,,,,,,,,,,Y,3,0,2,2,A,-,"- ",,,N,D,C,A,A,H,-,A,D,0,,,,,Y,,-,"- ",0,1,1,0,0,0,0,0,0,"- ","- ",,,"SAN FRANCISCO","SAN FRANCISCO",-122.40390777587891,37.780712127685547
9376212,2021,2022-01-04,3801,2021-11-09,1956,2181,NORTH,2,5,7,3801,0,0,0,,0,3E12D,"FRANKLIN ST","SUTTER ST",112.00,S,N,B,-,N,,,,,,,,,,N,4,0,1,2,D,-,00,,,N,B,C,A,A,H,-,C,D,0,,,Y,,Y,,-,"- ",0,0,1,0,0,0,0,0,1,"- ","- ",,,"SAN FRANCISCO","SAN FRANCISCO",-122.42333221435547,37.78704833984375
9376213,2021,2021-12-30,3801,2021-11-11,0727,2089,BAYVI,4,5,7,3801,0,0,0,,0,BAYVIE,"3RD ST","YOSEMITE AV",0.00,,Y,A,-,N,,,,,,,,,,Y,4,0,2,2,A,-,12,21453,A,N,D,C,A,A,H,-,A,A,0,,,,,Y,,A,01,0,0,2,0,0,0,0,0,0,"- ","- ",,,"SAN FRANCISCO","SAN FRANCISCO",-122.39332580566406,37.727802276611328
9376214,2021,2022-01-18,3801,2021-11-30,2216,382,NORTH,2,5,7,3801,0,0,0,,0,3E5,"MARINA BL","MASON ST",0.00,,Y,A,-,N,,,,,,,,,,Y,4,0,1,2,A,-,12,21453,A,N,D,C,A,A,H,-,C,A,0,,,,,Y,,A,01,0,0,1,0,0,0,0,0,0,"- ","- ",,,"SAN FRANCISCO","SAN FRANCISCO",-122.44783020019531,37.805065155029297
9376215,2021,2021-12-30,3801,2021-11-02,2007,2141,BAYVI,2,5,7,3801,0,0,0,,0,3C13D,"HUNTERS POINT BL","HAWES ST",0.00,,Y,A,-,N,,,,,,,,,,,4,0,1,2,A,-,01,23152,A,N,D,C,A,A,H,-,C,D,0,,,,,Y,Y,A,01,0,0,1,0,0,0,0,0,0,"- ","- ",,,"SAN FRANCISCO","SAN FRANCISCO",-122.37700653076172,37.733634948730469
9376216,2021,2022-01-18,3801,2021-11-03,1938,4023,MISSI,3,5,7,3801,0,0,0,,0,0D6,"22ND ST","YORK ST",50.00,E,N,A,-,N,,,,,,,,,,N,4,0,1,2,A,-,01,23152,A,N,G,B,A,A,H,-,C,D,0,,,,,Y,Y,A,01,0,0,1,0,0,0,0,0,0,"- ","- ",,,"SAN FRANCISCO","SAN FRANCISCO",-122.4083251953125,37.756065368652344
9376217,2021,2021-12-30,3801,2021-11-03,1857,1307,MISSI,3,5,7,3801,0,0,0,,0,3D15D,"DUNCAN ST","DOUGLASS ST",316.00,W,N,A,-,N,,,,,,,,,,Y,2,0,1,3,A,-,03,22350,,N,C,E,A,A,H,-,C,D,0,,,,,Y,,A,01,1,0,0,0,0,0,0,0,0,"- ","- ",,,"SAN FRANCISCO","SAN FRANCISCO",-122.43901824951172,37.745368957519531
9376218,2021,2021-12-30,3801,2021-11-03,1654,4022,MISSI,3,5,7,3801,0,0,0,,0,3D11C,"18TH ST","OAKWOOD ST",0.00,,Y,A,-,N,,,,,,,,,,N,3,0,1,2,A,-,09,21804,A,N,D,C,A,A,H,-,A,A,0,,,Y,,Y,,A,01,0,1,0,0,0,0,0,0,1,"- ","- ",,,"SAN FRANCISCO","SAN FRANCISCO",-122.42501068115234,37.761489868164062
9376219,2021,2021-12-30,3801,2021-11-04,0820,768,INGLE,4,5,7,3801,0,0,0,,0,3H11A,"FOLSOM ST","PRECITA AV",0.00,,Y,B,-,N,,,,,,,,,,N,3,0,1,1,A,-,03,22350,,N,H,A,A,B,H,-,A,A,0,,Y,,,Y,,L,04,0,1,0,0,0,0,1,0,0,"- ","- ",,,"SAN FRANCISCO","SAN FRANCISCO",-122.41358184814453,37.747188568115234
9376220,2021,2021-12-30,3801,2021-11-04,1930,2705,BAYVI,4,5,7,3801,0,0,0,,0,3C61,"BACON ST","BACON ST 729",0.00,,-,A,-,N,,,,,,,,,,N,4,0,1,2,A,-,07,21658,A,F,B,C,A,A,H,-,C,D,0,,,,,Y,,A,01,0,0,1,0,0,0,0,0,0,"- ","- ",,,"SAN FRANCISCO","SAN FRANCISCO",,
9376221,2021,2021-12-30,3801,2021-11-04,0915,1693,BAYVI,4,5,7,3801,0,0,0,,0,901,"INGALLS ST","CARROLL AV",0.00,,Y,B,-,N,,,,,,,,,,Y,4,0,1,3,A,-,12,22450,A,F,D,C,A,B,H,-,A,A,0,,,,,Y,,A,01,0,0,1,0,0,0,0,0,0,"- ","- ",,,"SAN FRANCISCO","SAN FRANCISCO",-122.38963317871094,37.722862243652344
9376222,2021,2021-12-30,3801,2021-11-08,1915,2744,SOUTH,1,5,7,3801,0,0,0,,0,3B3,"6TH ST","MINNA ST",0.00,,Y,C,-,N,,,,,,,,,,N,2,0,1,2,A,-,03,22350,,F,G,B,D,B,H,-,C,A,0,Y,,,,Y,,A,01,1,0,0,0,1,0,0,0,0,"- ","- ",,,"SAN FRANCISCO","SAN FRANCISCO",-122.40813446044922,37.780551910400391
9376223,2021,2021-12-30,3801,2021-11-08,1906,2391,NORTH,1,5,7,3801,0,0,0,,0,3E12D,"HAYES ST","FRANKLIN ST",0.00,,Y,C,-,N,,,,,,,,,,Y,4,0,1,2,A,-,09,21801,A,N,D,C,A,B,H,-,C,A,0,,,,,Y,,A,01,0,0,1,0,0,0,0,0,0,"- ","- ",,,"SAN FRANCISCO","SAN FRANCISCO",-122.42134094238281,37.777076721191406
9376224,2021,2021-12-30,3801,2021-11-08,1718,2479,NORTH,1,5,7,3801,0,0,0,,0,3E14D,"PINE ST","LAGUNA ST",0.00,,Y,B,C,N,,,,,,,,,,Y,3,0,1,2,A,-,12,21453,A,N,D,C,A,B,H,-,C,A,0,,,,,Y,,A,01,0,1,0,0,0,0,0,0,0,"- ","- ",,,"SAN FRANCISCO","SAN FRANCISCO",-122.4287109375,37.788578033447266
9376225,2021,2022-01-14,3801,2021-11-08,1513,204,TENDE,1,5,7,3801,0,0,0,,0,COJ,"HYDE ST","ELLIS ST",0.00,,Y,A,-,N,,,,,,,,,,N,4,0,1,2,A,-,08,22107,,F,D,-,A,A,H,-,A,A,0,,,,,Y,,A,01,0,0,1,0,0,0,0,0,0,"- ","- ",,,"SAN FRANCISCO","SAN FRANCISCO",-122.41606140136719,37.784446716308594
9376226,2021,2021-12-30,3801,2021-11-08,1409,101,INGLE,1,5,7,3801,0,0,0,,0,3H15A,"GENEVA AV","PARIS ST",0.00,,Y,B,-,N,,,,,,,,,,N,4,0,1,2,A,-,08,22107,,F,B,C,A,A,H,-,A,A,0,,,,,Y,Y,-,,0,0,1,0,0,0,0,0,0,"- ","- ",,,"SAN FRANCISCO","SAN FRANCISCO",-122.43943023681641,37.715679168701172
9376227,2021,2021-12-30,3801,2021-11-08,1241,1049,BAYVI,1,5,7,3801,0,0,0,,0,4T6B,"CESAR CHAVEZ ST","EVANS AV",84.00,W,N,A,-,N,,,,,,,,,,N,4,0,1,2,A,-,10,21952,,N,G,B,F,A,H,-,A,D,0,Y,,,,Y,,A,01,0,0,1,0,1,0,0,0,0,"- ","- ",,,"SAN FRANCISCO","SAN FRANCISCO",-122.39761352539062,37.749675750732422
9376228,2021,2021-12-30,3801,2021-11-08,0413,2457,SOUTH,1,5,7,3801,0,0,0,,0,3B15E,"3RD ST","16TH ST",0.00,,Y,A,-,N,,,,,,,,,,Y,2,0,1,1,A,-,03,22350,,N,E,I,A,B,-,-,C,A,0,,,,,Y,,A,01,1,0,0,0,0,0,0,0,0,"- ","- ",,,"SAN FRANCISCO","SAN FRANCISCO",-122.38920593261719,37.766944885253906
9376229,2021,2021-12-30,3801,2021-11-07,2148,1853,RICHM,7,5,7,3801,0,0,0,,0,3G12E,"7TH AV","CLEMENT ST",112.00,S,N,A,-,N,,,,,,,,,,Y,4,0,1,2,A,-,03,22350,,N,C,E,A,A,H,-,C,D,0,,,,,Y,,A,01,0,0,1,0,0,0,0,0,0,"- ","- ",,,"SAN FRANCISCO","SAN FRANCISCO",-122.4654541015625,37.782581329345703
9376230,2021,2022-01-18,3801,2021-11-07,2030,821,SOUTH,7,5,7,3801,0,0,0,,0,3B4,"MARKET ST","GUERRERO ST",0.00,,Y,A,-,N,,,,,,,,,,,4,0,2,2,D,-,00,,,N,D,B,B,A,H,-,C,A,0,Y,,,,Y,,-,"- ",0,0,2,0,1,0,0,0,0,"- ","- ",,,"SAN FRANCISCO","SAN FRANCISCO",-122.42485809326172,37.770748138427734
9376231,2021,2021-12-30,3801,2021-11-07,1847,1669,TENDE,7,5,7,3801,0,0,0,,0,3J14D,"OFARRELL ST","POLK ST",200.00,E,N,A,-,N,,,,,,,,,,N,4,0,1,2,A,-,17,22517,,M,B,E,A,A,H,-,A,-,0,,Y,,,Y,Y,-,,0,0,1,0,0,0,1,0,0,"- ","- ",,,"SAN FRANCISCO","SAN FRANCISCO",-122.41886901855469,37.785053253173828
9376232,2021,2022-01-18,3801,2021-11-07,1530,1052,RICHM,7,5,7,3801,0,0,0,,0,3G4C,"PARK PRESIDIO BL","FULTON ST",7.00,N,N,-,-,N,,,,,,,,,,N,4,0,1,2,A,-,12,21453,A,F,B,B,B,A,H,-,A,-,0,Y,Y,,,Y,Y,-,"- ",0,0,1,0,1,0,0,0,0,"- ","- ",,,"SAN FRANCISCO","SAN FRANCISCO",-122.47177886962891,37.773147583007812
9376233,2021,2021-12-30,3801,2021-11-07,1550,1207,MISSI,7,5,7,3801,0,0,0,,0,,"SOUTH VAN NESS AV","ERIE ST",0.00,,Y,A,-,N,,,,,,,,,,N,4,0,1,2,A,-,08,22107,,N,B,G,A,A,H,-,A,D,0,,Y,,,Y,,L,04,0,0,1,0,0,0,1,0,0,"- ","- ",,,"SAN FRANCISCO","SAN FRANCISCO",-122.41783142089844,37.769203186035156
9376234,2021,2021-12-30,3801,2021-11-07,0254,899,NORTH,7,5,7,3801,0,0,0,,0,3E16E,"FRANCISCO ST","VAN NESS AV",255.00,W,N,A,-,N,,,,,,,,,,Y,4,0,1,3,C,-,18,,,N,A,E,A,A,H,-,C,D,0,,,,,Y,,-,"- ",0,0,1,0,0,0,0,0,0,"- ","- ",,,"SAN FRANCISCO","SAN FRANCISCO",-122.42583465576172,37.803089141845703
9376235,2021,2021-12-30,3801,2021-11-07,0150,2164,INGLE,7,5,7,3801,0,0,0,,0,3H15E,"MISSION ST","29TH ST",0.00,,Y,A,-,N,,,,,,,,,,Y,2,0,1,2,A,-,12,21453,A,F,C,C,A,A,H,-,C,-,0,,,Y,,Y,Y,A,01,1,0,0,0,0,0,0,0,1,"- ","- ",,,"SAN FRANCISCO","SAN FRANCISCO",-122.42092132568359,37.744083404541016
9376236,2021,2021-12-30,3801,2021-11-06,2336,1263,BAYVI,6,5,7,3801,0,0,0,,0,3C15E,"ARELIOUS WALKER DR","FITZGERALD AV",0.00,,Y,A,-,N,,,,,,,,,,N,4,0,1,2,A,-,03,22350,,F,G,B,E,A,H,-,C,D,0,Y,,,,Y,Y,A,01,0,0,1,0,1,0,0,0,0,"- ","- ",,,"SAN FRANCISCO","SAN FRANCISCO",-122.38571166992188,37.717803955078125
9376237,2021,2021-12-30,3801,2021-11-07,2312,1472,PARK,7,5,7,3801,0,0,0,,0,003,"STANYAN ST","FULTON ST",0.00,,Y,A,-,N,,,,,,,,,,Y,2,0,2,2,A,-,12,21453,A,N,D,C,A,A,H,-,C,A,0,,,,,Y,,A,01,1,1,0,0,0,0,0,0,0,"- ","- ",,,"SAN FRANCISCO","SAN FRANCISCO",-122.45465850830078,37.774745941162109
9376238,2021,2021-12-30,3801,2021-11-06,0213,2730,SOUTH,6,5,7,3801,0,0,0,,0,3B12E,"MISSION ST","MISSION ST 555",0.00,,-,A,-,N,,,,,,,,,,Y,2,0,1,3,A,-,03,22350,,F,C,C,A,A,H,-,C,A,0,,,Y,,Y,Y,A,01,1,0,0,0,0,0,0,0,1,"- ","- ",,,"SAN FRANCISCO","SAN FRANCISCO",-122.41979217529297,37.7705078125
9376239,2021,2021-12-30,3801,2021-11-05,1954,2132,PARK,5,5,7,3801,0,0,0,,0,,"STANYAN ST","OAK ST",0.00,,Y,A,-,N,,,,,,,,,,N,3,0,1,2,A,-,03,22350,,N,D,G,A,A,H,-,C,A,0,,Y,,,Y,,A,01,0,1,0,0,0,0,1,0,0,"- ","- ",,,"SAN FRANCISCO","SAN FRANCISCO",-122.45395660400391,37.771354675292969
9376240,2021,2022-01-18,3801,2021-11-05,1815,2355,TARAV,5,5,7,3801,0,0,0,,0,0I3,"SKYLINE BL","LAKE MERCED BL",0.00,,N,A,-,N,,,,,,,,,,Y,3,0,2,2,A,-,09,21801,A,N,D,C,A,A,H,-,A,D,0,,,,,Y,,A,01,0,1,1,0,0,0,0,0,0,"- ","- ",,,"SAN FRANCISCO","SAN FRANCISCO",-122.49894714355469,37.731536865234375
9376241,2021,2021-12-30,3801,2021-11-05,1823,334,BAYVI,5,5,7,3801,0,0,0,,0,0C5,"QUESADA AV","3RD ST",52.00,E,N,A,-,N,,,,,,,,,,N,2,0,1,2,A,-,03,22350,,F,G,B,D,A,H,-,B,A,0,Y,,,,Y,,A,01,1,0,0,0,1,0,0,0,0,"- ","- ",,,"SAN FRANCISCO","SAN FRANCISCO",-122.39117431640625,37.733196258544922
9376242,2021,2021-12-30,3801,2021-11-05,1657,2056,SOUTH,5,5,7,3801,0,0,0,,0,0B1,"MISSION ST","2ND ST",300.00,E,N,A,-,N,,,,,,,,,,Y,4,0,1,2,A,-,00,22153,A,F,H,C,A,A,H,-,A,D,0,,,,,Y,Y,A,08,0,0,1,0,0,0,0,0,0,"- ","- ",,,"SAN FRANCISCO","SAN FRANCISCO",-122.39906311035156,37.788597106933594
9376243,2021,2021-12-30,3801,2021-11-29,0125,2400,NORTH,1,5,7,3801,0,0,0,,0,3CAR,"FRANKLIN ST","TURK ST",0.00,,Y,A,-,N,,,,,,,,,,Y,3,0,1,2,A,-,11,21453,D,N,G,B,B,A,H,-,C,A,0,Y,,,,Y,,N,60,0,1,0,0,1,0,0,0,0,"- ","- ",,,"SAN FRANCISCO","SAN FRANCISCO",-122.42224884033203,37.781730651855469
9376244,2021,2021-12-30,3801,2021-11-28,1930,2228,CENTR,7,5,7,3801,0,0,0,,0,3A12D,"PINE ST","KEARNY ST",0.00,,Y,A,-,N,,,,,,,,,,N,4,0,1,3,A,-,12,21453,A,N,D,C,A,A,H,-,C,A,0,,,,,Y,,A,01,0,0,1,0,0,0,0,0,0,"- ","- ",,,"SAN FRANCISCO","SAN FRANCISCO",-122.40421295166016,37.791694641113281
9376245,2021,2021-12-30,3801,2021-11-28,1915,1661,TARAV,7,5,7,3801,0,0,0,,0,3I15E,"JOHN MUIR DR","LAKE MERCED BL",1300.00,W,N,A,-,N,,,,,,,,,,Y,3,0,1,1,A,-,03,22350,,N,E,I,A,A,H,-,D,D,0,,,Y,,Y,,C,02,0,1,0,0,0,0,0,0,1,"- ","- ",,,"SAN FRANCISCO","SAN FRANCISCO",-122.48849487304688,37.710735321044922
9376247,2021,2021-12-30,3801,2021-11-28,1043,326,INGLE,7,5,7,3801,0,0,0,,0,3H14A,"SAN JOSE AV","GENEVA AV",0.00,,Y,A,-,N,,,,,,,,,,N,4,0,1,2,A,-,17,21200,A,N,D,G,A,A,D,-,A,A,0,,Y,Y,,Y,,L,04,0,0,1,0,0,0,1,0,0,"- ","- ",,,"SAN FRANCISCO","SAN FRANCISCO",-122.44663238525391,37.720729827880859
9376248,2021,2021-12-30,3801,2021-11-28,0500,2488,INGLE,7,5,7,3801,0,0,0,,0,3H11E,"DIAMOND HEIGHTS BL","DIAMOND HEIGHTS BL 5411",0.00,,-,A,-,N,,,,,,,,,,N,3,0,1,2,A,-,03,22350,,N,A,E,A,A,H,-,C,D,0,,,,,Y,Y,A,01,0,1,0,0,0,0,0,0,0,"- ","- ",,,"SAN FRANCISCO","SAN FRANCISCO",-122.43734741210938,37.738296508789062
9376249,2021,2021-12-30,3801,2021-11-27,1719,1787,NORTH,6,5,7,3801,0,0,0,,0,05E,"MARINA GREENS","MARINA BL",250.00,N,N,A,-,N,,,,,,,,,,N,4,0,1,2,A,-,10,21950,A,N,B,B,D,A,H,-,D,D,0,Y,,,,Y,,A,01,0,0,1,0,1,0,0,0,0,"- ","- ",,,"SAN FRANCISCO","SAN FRANCISCO",-122.43535614013672,37.806694030761719
9376250,2021,2021-12-30,3801,2021-11-27,1104,1944,INGLE,6,5,7,3801,0,0,0,,0,005,"GENEVA AV","ESQUINA DR",0.00,,Y,A,-,N,,,,,,,,,,N,4,0,1,2,A,-,12,21453,A,N,D,C,A,A,H,-,A,A,0,,,,,Y,,A,08,0,0,1,0,0,0,0,0,0,"- ","- ",,,"SAN FRANCISCO","SAN FRANCISCO",-122.42161560058594,37.708740234375
9376251,2021,2021-12-30,3801,2021-11-26,2024,969,MISSI,5,5,7,3801,0,0,0,,0,3D16D,"HARRISON ST","17TH ST",190.00,S,N,A,-,N,,,,,,,,,,Y,3,0,4,5,A,-,03,22350,,F,F,C,A,A,H,-,C,D,0,,,,,Y,,A,01,0,1,3,0,0,0,0,0,0,"- ","- ",,,"SAN FRANCISCO","SAN FRANCISCO",-122.4129638671875,37.763572692871094
9376252,2021,2021-12-30,3801,2021-11-26,1907,379,TRAFF,5,5,7,3801,0,0,0,,0,4B3H,"3RD ST","EVANS ST",55.00,N,N,A,-,N,,,,,,,,,,Y,4,0,1,2,A,-,03,22350,,M,B,C,A,A,H,-,C,A,0,,,,,Y,,A,01,0,0,1,0,0,0,0,0,0,"- ","- ",,,"SAN FRANCISCO","SAN FRANCISCO",-122.38796234130859,37.742877960205078
9376253,2021,2021-12-30,3801,2021-11-26,1834,2132,PARK,5,5,7,3801,0,0,0,,0,3F60,"6TH AV","JUDAH ST",0.00,,Y,A,-,N,,,,,,,,,,N,4,0,1,2,D,-,00,,,N,D,C,A,A,H,-,C,A,0,,,,,Y,,-,"- ",0,0,1,0,0,0,0,0,0,"- ","- ",,,"SAN FRANCISCO","SAN FRANCISCO",-122.46296691894531,37.762344360351562
9376254,2021,2021-12-30,3801,2021-11-26,1611,2407,MISSI,5,5,7,3801,0,0,0,,0,3D13D,"FOLSOM ST","19TH ST",0.00,,Y,A,-,N,,,,,,,,,,Y,4,0,2,2,A,-,12,21453,A,N,D,C,A,A,H,-,A,A,0,,,,,Y,,A,01,0,0,2,0,0,0,0,0,0,"- ","- ",,,"SAN FRANCISCO","SAN FRANCISCO",-122.41481781005859,37.760490417480469
9376255,2021,2021-12-30,3801,2021-11-26,1406,282,TARAV,5,5,7,3801,0,0,0,,0,3I1A,"TARAVAL ST","16TH AV",0.00,,Y,A,-,N,,,,,,,,,,Y,4,0,1,2,A,-,09,21802,B,N,D,C,A,A,H,-,A,A,0,,,,,Y,,A,01,0,0,1,0,0,0,0,0,0,"- ","- ",,,"SAN FRANCISCO","SAN FRANCISCO",-122.47248077392578,37.743190765380859
9376256,2021,2021-12-31,3801,2021-11-26,1006,86,TARAV,5,5,7,3801,0,0,0,,0,3I3,"JUDAH ST","37TH AV",0.00,,Y,A,-,N,,,,,,,,,,Y,4,0,1,2,A,-,09,21802,A,N,D,C,A,A,H,-,A,A,0,,,,,Y,,A,01,0,0,1,0,0,0,0,0,0,"- ","- ",,,"SAN FRANCISCO","SAN FRANCISCO",-122.49630737304688,37.760841369628906
9376257,2021,2022-01-18,3801,2021-11-26,0059,2186,NORTH,5,5,7,3801,0,0,0,,0,3E13E,"GOUGH ST","WASHINGTON ST",0.00,,Y,A,-,N,,,,,,,,,,Y,3,0,1,2,A,-,05,21460,A,N,A,C,A,A,H,-,C,A,0,,,,,Y,,A,07,0,1,0,0,0,0,0,0,0,"- ","- ",,,"SAN FRANCISCO","SAN FRANCISCO",-122.42613220214844,37.792648315429688
9376258,2021,2022-01-18,3801,2021-11-24,1956,2058,MISSI,3,5,7,3801,0,0,0,,0,1CAR,"MARKET ST","NOE ST",0.00,,Y,A,-,N,,,,,,,,,,N,4,0,1,2,A,-,09,21801,A,N,D,C,A,A,H,-,C,A,0,,,Y,,Y,,A,01,0,0,1,0,0,0,0,0,1,"- ","- ",,,"SAN FRANCISCO","SAN FRANCISCO",-122.43313598632812,37.764244079589844
9376259,2021,2021-12-31,3801,2021-11-24,1721,1244,TARAV,3,5,7,3801,0,0,0,,0,3801,"19TH AV","EUCALYPTUS DR",0.00,,Y,A,-,N,,,,,,,,,,N,4,0,1,3,A,-,04,21703,,N,C,C,A,A,H,-,C,A,0,,,,,Y,,A,01,0,0,1,0,0,0,0,0,0,"- ","- ",,,"SAN FRANCISCO","SAN FRANCISCO",-122.47486877441406,37.7310791015625
9376333,2021,2021-12-17,3801,2021-11-06,1744,784,SOUTH,6,5,7,3801,0,0,0,,0,0B4,"MARKET ST","LAGUNA ST",0.00,,Y,A,-,N,,,,,,,,,,N,3,0,1,1,A,-,03,22350,,N,-,-,A,A,H,-,A,D,0,,Y,,,Y,,L,04,0,1,0,0,0,0,1,0,0,"- ","- ",,,"SAN FRANCISCO","SAN FRANCISCO",-122.42485809326172,37.770748138427734
9376341,2021,2021-12-24,3801,2021-11-07,1524,1512,BAYVI,7,5,7,3801,0,0,0,,0,0C5,"03RD ST","THOMAS AV",0.00,,Y,A,-,N,,,,,,,,,,N,4,0,1,2,A,-,03,22350,,F,C,C,A,A,H,-,A,A,0,,,,,Y,,A,01,0,0,1,0,0,0,0,0,0,"- ","- ",,,"SAN FRANCISCO","SAN FRANCISCO",-122.392032,37.730829