CASE_ID,ACCIDENT_YEAR,PROC_DATE,JURIS,COLLISION_DATE,COLLISION_TIME,OFFICER_ID,REPORTING_DISTRICT,DAY_OF_WEEK,CHP_SHIFT,POPULATION,CNTY_CITY_LOC,SPECIAL_COND,BEAT_TYPE,CHP_BEAT_TYPE,CITY_DIVISION_LAPD,CHP_BEAT_CLASS,BEAT_NUMBER,PRIMARY_RD,SECONDARY_RD,DISTANCE,DIRECTION,INTERSECTION,WEATHER_1,WEATHER_2,STATE_HWY_IND,CALTRANS_COUNTY,CALTRANS_DISTRICT,STATE_ROUTE,ROUTE_SUFFIX,POSTMILE_PREFIX,POSTMILE,LOCATION_TYPE,RAMP_INTERSECTION,SIDE_OF_HWY,TOW_AWAY,COLLISION_SEVERITY,NUMBER_KILLED,NUMBER_INJURED,PARTY_COUNT,PRIMARY_COLL_FACTOR,PCF_CODE_OF_VIOL,PCF_VIOL_CATEGORY,PCF_VIOLATION,PCF_VIOL_SUBSECTION,HIT_AND_RUN,TYPE_OF_COLLISION,MVIW,PED_ACTION,ROAD_SURFACE,ROAD_COND_1,ROAD_COND_2,LIGHTING,CONTROL_DEVICE,CHP_ROAD_TYPE,PEDESTRIAN_ACCIDENT,BICYCLE_ACCIDENT,MOTORCYCLE_ACCIDENT,TRUCK_ACCIDENT,NOT_PRIVATE_PROPERTY,ALCOHOL_INVOLVED,STWD_VEHTYPE_AT_FAULT,CHP_VEHTYPE_AT_FAULT,COUNT_SEVERE_INJ,COUNT_VISIBLE_INJ,COUNT_COMPLAINT_PAIN,COUNT_PED_KILLED,COUNT_PED_INJURED,COUNT_BICYCLIST_KILLED,COUNT_BICYCLIST_INJURED,COUNT_MC_KILLED,COUNT_MC_INJURED,PRIMARY_RAMP,SECONDARY_RAMP,LATITUDE,LONGITUDE,COUNTY,CITY,POINT_X,POINT_Y
9376342,2021,2021-12-24,3801,2021-11-15,0829,1944,INGLE,1,5,7,3801,0,0,0,,0,005,"ALEMANY BL","FARRAGUT AV",0.00,,Y,A,-,N,,,,,,,,,,N,4,0,2,2,A,-,03,22350,,F,D,C,A,A,H,-,A,A,0,,,,,Y,,A,08,0,0,2,0,0,0,0,0,0,"- ","- ",,,"SAN FRANCISCO","SAN FRANCISCO",-122.45204162597656,37.71209716796875
9376343,2021,2021-12-24,3801,2021-11-11,1546,1888,RICHM,4,5,7,3801,0,0,0,,0,,"CALIFORNIA ST",FUNSTON,0.00,,Y,A,-,N,,,,,,,,,,N,4,0,1,2,A,-,09,21800,A,N,D,G,A,A,H,-,A,D,0,,Y,,,Y,,A,01,0,0,1,0,0,0,1,0,0,"- ","- ",,,"SAN FRANCISCO","SAN FRANCISCO",-122.47206115722656,37.784465789794922
9376344,2021,2021-12-24,3801,2021-11-29,0813,392,MISSI,1,5,7,3801,0,0,0,,0,3D14A,"CLIPPER ST","DIAMOND ST",37.00,E,N,A,-,N,,,,,,,,,,N,3,0,1,2,A,-,07,21658,,F,A,G,A,A,-,-,A,A,0,,Y,,,Y,,A,01,0,1,0,0,0,0,1,0,0,"- ","- ",,,"SAN FRANCISCO","SAN FRANCISCO",-122.43594360351562,37.748786926269531
9377045,2021,2022-01-05,3801,2021-11-25,1943,1994,TRAFF,4,5,7,3801,0,0,0,,0,4B3G,"KING ST","5TH ST",8.00,W,N,A,-,N,,,,,,,,,,Y,2,0,1,2,A,-,11,21456,C,N,G,B,B,A,H,-,C,A,0,Y,,,,Y,Y,N,60,1,0,0,0,1,0,0,0,0,"- ","- ",,,"SAN FRANCISCO","SAN FRANCISCO",-122.39636993408203,37.774646759033203
9377116,2021,2022-01-05,3801,2021-11-03,1739,,RICHM,3,5,7,3801,0,0,0,,0,,"4TH AV","4TH AV 337",0.00,,N,A,-,N,,,,,,,,,,N,4,0,1,2,A,-,21,22106,,N,D,-,A,A,H,-,A,D,0,,,,,Y,,D,22,0,0,1,0,0,0,0,0,0,"- ","- ",,,"SAN FRANCISCO","SAN FRANCISCO",-122.52504730224609,41.644798278808594
9377120,2021,2022-01-05,3801,2021-11-07,1600,1614,MISSI,7,5,7,3801,0,0,0,,0,,"CHURCH ST","15TH ST",134.00,S,N,A,-,N,,,,,,,,,,N,4,0,1,2,A,-,08,22102,,N,D,C,A,A,H,-,A,D,0,,,,,Y,,A,01,0,0,1,0,0,0,0,0,0,"- ","- ",,,"SAN FRANCISCO","SAN FRANCISCO",-122.42877197265625,37.765762329101562
9377242,2021,2021-12-21,3801,2021-09-20,1440,441,TRAFF,1,5,7,3801,0,0,0,,0,NORTHE,"HAYES ST","GOUGH ST",0.00,,Y,A,-,N,,,,,,,,,,N,2,0,1,2,A,-,17,21657,,F,D,C,A,A,H,-,A,A,0,,,,,Y,,M,94,1,0,0,0,0,0,0,0,0,"- ","- ",,,"SAN FRANCISCO","SAN FRANCISCO",-122.42296600341797,37.776878356933594
9377244,2021,2021-12-20,3801,2021-06-01,1031,1846,TENDE,2,5,7,3801,0,0,0,,0,3J13A,"LARKIN ST","WILLOW ST",0.00,,Y,A,-,N,,,,,,,,,,N,4,0,1,2,A,-,10,21950,A,N,G,B,B,A,H,-,A,D,0,Y,,,,Y,,A,01,0,0,1,0,1,0,0,0,0,"- ","- ",,,"SAN FRANCISCO","SAN FRANCISCO",-122.41762542724609,37.783782958984375
9378719,2021,2021-12-21,3801,2021-11-05,1227,4375,TRAFF,5,5,7,3801,0,0,0,,0,4B1F,"LOMBARD ST","DIVISADERO ST",35.00,E,N,A,-,Y,SF,4,101,-,-,7.690,H,-,S,N,2,0,1,2,A,-,09,21804,A,N,D,G,A,A,H,-,A,A,0,,Y,,,Y,,L,04,1,0,0,0,0,0,1,0,0,"- ","- ",,,"SAN FRANCISCO","SAN FRANCISCO",-122.44256591796875,37.798973083496094
9379479,2021,2022-01-26,3801,2021-12-24,1639,302,NORTH,5,5,7,3801,0,0,0,,0,3E11A,"VAN NESS AV","FELL ST",28.00,N,N,A,-,Y,SF,4,101,-,T,4.970,H,-,S,N,4,0,1,2,D,-,00,,,N,B,G,A,A,H,-,B,D,0,,Y,,,Y,,-,"- ",0,0,1,0,0,0,1,0,0,"- ","- ",,,"SAN FRANCISCO","SAN FRANCISCO",-122.41966247558594,37.776706695556641
9379931,2022,2022-02-17,3801,2022-01-19,1446,1052,RICHM,3,5,7,3801,0,0,0,,0,3G11A,"CLEMENT ST","16TH AV",14.00,E,N,A,-,N,,,,,,,,,,Y,4,0,2,2,A,-,12,22450,A,F,D,C,A,A,H,-,A,D,0,,,,,Y,,A,01,0,0,2,0,0,0,0,0,0,"- ","- ",,,"SAN FRANCISCO","SAN FRANCISCO",-122.47518920898438,37.782444000244141
9379935,2022,2022-02-18,3801,2022-01-18,2115,2713,TARAV,2,5,7,3801,0,0,0,,0,"5 CAR","19TH AV","WINSTON DR",0.00,,Y,A,-,Y,SF,4,1,-,-,1.350,I,5,N,Y,3,0,1,2,A,-,12,21453,A,N,F,C,A,A,H,-,C,A,0,,,,,Y,,A,01,0,1,0,0,0,0,0,0,0,"- ","- ",,,"SAN FRANCISCO","SAN FRANCISCO",-122.47480773925781,37.726951599121094
9380627,2021,2022-01-25,3801,2021-12-23,1836,1759,BAYVI,4,5,7,3801,0,0,0,,0,3C11D,"CESAR CHAVEZ ST","MINNESOTA ST",36.00,W,N,A,-,N,,,,,,,,,,N,3,0,1,2,A,-,11,21955,,N,G,B,D,B,H,-,C,D,0,Y,,,,Y,,N,60,0,1,0,0,1,0,0,0,0,"- ","- ",,,"SAN FRANCISCO","SAN FRANCISCO",-122.38959503173828,37.750080108642578
9380628,2021,2022-07-26,3801,2021-12-24,0605,2044,INGLE,5,5,7,3801,0,0,0,,0,3H15E,"OCEAN AV","RT 280",0.00,,Y,C,-,Y,SF,4,280,-,R,1.852,R,4,N,Y,3,0,3,2,A,-,03,22350,,N,C,C,A,B,-,-,B,A,0,,,,,Y,,A,01,0,1,2,0,0,0,0,0,0,"- ",NO,,,"SAN FRANCISCO","SAN FRANCISCO",-122.447265625,37.724113464355469
9380629,2021,2022-01-27,3801,2021-12-24,0246,2708,SOUTH,5,5,7,3801,0,0,0,,0,3B14E,"MARKET ST","GOUGH ST",0.00,,Y,A,C,N,,,,,,,,,,N,4,0,1,2,A,-,12,21453,A,M,G,-,B,B,H,-,C,A,0,Y,,,,Y,,A,01,0,0,1,0,1,0,0,0,0,"- ","- ",,,"SAN FRANCISCO","SAN FRANCISCO",-122.42221069335938,37.772872924804688
9380630,2021,2022-01-25,3801,2021-12-15,1335,624,NORTH,3,5,7,3801,0,0,0,,0,002,WEBSTER,"GROVE ST",0.00,,Y,B,C,N,,,,,,,,,,N,4,0,1,2,A,-,09,21801,A,N,D,G,A,B,-,-,A,A,0,,Y,,,Y,,A,01,0,0,1,0,0,0,1,0,0,"- ","- ",,,"SAN FRANCISCO","SAN FRANCISCO",-122.42974853515625,37.776969909667969
9380631,2021,2022-01-25,3801,2021-12-15,2349,2023,PARK,3,5,7,3801,0,0,0,,0,003,"BAKER ST","MCALLISTER ST",0.00,,Y,C,-,N,,,,,,,,,,Y,4,0,1,2,A,-,12,22450,,N,D,-,A,B,H,-,C,D,0,,,,,Y,,A,01,0,0,1,0,0,0,0,0,0,"- ","- ",,,"SAN FRANCISCO","SAN FRANCISCO",-122.44167327880859,37.777355194091797
9380632,2021,2022-01-25,3801,2021-12-21,1733,4041,TARAV,2,5,7,3801,0,0,0,,0,3I11D,"QUINTARA ST","SUNSET BL",0.00,,Y,C,-,N,,,,,,,,,,N,4,0,1,2,A,-,10,21950,,N,G,B,B,B,H,-,C,A,0,Y,,,,Y,,A,01,0,0,1,0,1,0,0,0,0,"- ","- ",,,"SAN FRANCISCO","SAN FRANCISCO",-122.49491882324219,37.747810363769531
9380633,2021,2022-01-25,3801,2021-12-21,1428,1875,TARAV,2,5,7,3801,0,0,0,,0,3I16B,"JUDAH ST","8TH AV",0.00,,Y,B,-,N,,,,,,,,,,N,3,0,1,2,A,-,09,21804,A,N,D,C,A,B,H,-,A,D,0,,,,,Y,,M,94,0,1,0,0,0,0,0,0,0,"- ","- ",,,"SAN FRANCISCO","SAN FRANCISCO",-122.46512603759766,37.762237548828125
9380635,2021,2022-01-25,3801,2021-12-20,2335,2139,SOUTH,1,5,7,3801,0,0,0,,0,001,"DELANCEY ST","BRANNAN ST",210.00,S,N,A,-,N,,,,,,,,,,N,2,0,1,2,A,-,00,12500,B,N,C,E,A,A,H,-,C,A,0,,,Y,,Y,,C,02,1,0,0,0,0,0,0,0,1,"- ","- ",,,"SAN FRANCISCO","SAN FRANCISCO",-122.38932800292969,37.783195495605469
9380636,2021,2022-01-25,3801,2021-12-20,2145,2459,MISSI,1,5,7,3801,0,0,0,,0,3D14E,"POTRERO AV","25TH ST",25.00,S,N,A,-,N,,,,,,,,,,N,4,0,1,2,A,-,08,22107,,N,B,G,A,A,H,-,C,D,0,,Y,,,Y,,A,01,0,0,1,0,0,0,1,0,0,"- ","- ",,,"SAN FRANCISCO","SAN FRANCISCO",-122.40618896484375,37.751670837402344
9380637,2021,2022-01-25,3801,2021-12-20,1746,2168,CENTR,1,5,7,3801,0,0,0,,0,3A00,"1ST ST","STEVENSON ST",0.00,,Y,A,-,N,,,,,,,,,,N,4,0,1,2,A,-,03,22350,,F,C,C,A,A,H,-,C,A,0,,,,,Y,,-,,0,0,1,0,0,0,0,0,0,"- ","- ",,,"SAN FRANCISCO","SAN FRANCISCO",-122.39859771728516,37.790603637695312
9380638,2021,2022-02-10,3801,2021-12-26,1430,2238,BAYVI,7,5,7,3801,0,0,0,,0,2CAR,"INDUSTRIAL ST","LOOMIS ST",0.00,,Y,C,-,N,,,,,,,,,,Y,3,0,1,2,A,-,09,21800,A,F,D,C,A,B,H,-,A,A,0,,,,,Y,,-,"- ",0,1,0,0,0,0,0,0,0,"- ","- ",,,"SAN FRANCISCO","SAN FRANCISCO",-122.40565490722656,37.738376617431641
9380639,2021,2022-01-25,3801,2021-12-26,1317,4283,RICHM,7,5,7,3801,0,0,0,,0,3G3A,"FULTON ST","7TH AV",0.00,,Y,C,-,N,,,,,,,,,,,4,0,1,2,A,-,00,16029,,N,D,C,A,B,H,-,A,-,0,,,,,Y,,A,01,0,0,1,0,0,0,0,0,0,"- ","- ",,,"SAN FRANCISCO","SAN FRANCISCO",-122.46482849121094,37.773487091064453
9380640,2021,2022-01-25,3801,2021-12-26,0927,1377,INGLE,7,5,7,3801,0,0,0,,0,3H15A,"MISSION ST","REFERENCE POINT",12.00,N,N,B,-,N,,,,,,,,,,Y,4,0,1,2,A,-,09,21804,A,N,D,C,A,B,H,-,A,D,0,,,,,Y,,A,01,0,0,1,0,0,0,0,0,0,"- ","- ",,,"SAN FRANCISCO","SAN FRANCISCO",,
9380641,2021,2022-02-02,3801,2021-12-26,0833,2750,PARK,7,5,7,3801,0,0,0,,0,3F13A,"OAK ST","SHRADER ST",0.00,,Y,B,C,N,,,,,,,,,,N,3,0,1,1,A,-,03,22350,,N,D,I,A,B,H,-,A,A,0,,,,,Y,,A,01,0,1,0,0,0,0,0,0,0,"- ","- ",,,"SAN FRANCISCO","SAN FRANCISCO",-122.45221710205078,37.771228790283203
9380642,2021,2022-01-26,3801,2021-12-25,1801,1352,MISSI,6,5,7,3801,0,0,0,,0,3D11C,"24TH ST","POTRERO ST",0.00,,Y,B,C,N,,,,,,,,,,N,3,0,1,2,A,-,11,21955,,F,A,B,D,B,H,-,C,A,0,Y,,,,Y,,N,60,0,1,0,0,1,0,0,0,0,"- ","- ",,,"SAN FRANCISCO","SAN FRANCISCO",-122.40631866455078,37.752994537353516
9380643,2021,2022-01-26,3801,2021-12-25,1300,4267,TARAV,6,5,7,3801,0,0,0,,0,3I41,"JUDAH ST","16TH AV",0.00,,Y,C,-,N,,,,,,,,,,Y,4,0,1,1,A,-,03,22350,,N,E,I,A,B,H,-,A,D,0,,,,,Y,,A,01,0,0,1,0,0,0,0,0,0,"- ","- ",,,"SAN FRANCISCO","SAN FRANCISCO",-122.47379302978516,37.761913299560547
9380644,2021,2022-01-26,3801,2021-12-25,0610,1917,TARAV,6,5,7,3801,0,0,0,,0,3I16A,"GENEVA AV","SAN JOSE AV",0.00,,Y,C,-,N,,,,,,,,,,N,4,0,3,2,A,-,12,21453,A,F,D,C,A,B,H,-,C,A,0,,,,,Y,,A,01,0,0,3,0,0,0,0,0,0,"- ","- ",,,"SAN FRANCISCO","SAN FRANCISCO",-122.44663238525391,37.720729827880859
9380645,2021,2022-01-26,3801,2021-12-25,0848,1609,RICHM,6,5,7,3801,0,0,0,,0,3G2A,"JOHN F KENNEDY DR","TRANVERSE DR",0.00,,Y,C,-,N,,,,,,,,,,N,3,0,1,2,A,-,12,22450,A,N,G,B,B,B,H,-,A,A,0,Y,,,,Y,,A,01,0,1,0,0,1,0,0,0,0,"- ","- ",,,"SAN FRANCISCO","SAN FRANCISCO",-122.47991943359375,37.770488739013672
9380646,2021,2022-01-26,3801,2021-12-25,0515,1688,BAYVI,6,5,7,3801,0,0,0,,0,,"EVANS AV","3RD ST",40.00,W,N,A,C,N,,,,,,,,,,N,3,0,1,2,D,-,00,,,M,G,B,F,A,H,-,-,D,0,Y,,,,Y,,-,"- ",0,1,0,0,1,0,0,0,0,"- ","- ",,,"SAN FRANCISCO","SAN FRANCISCO",-122.38812255859375,37.742794036865234
9380647,2021,2022-01-26,3801,2021-12-24,1615,1669,TENDE,5,5,7,3801,0,0,0,,0,3J14D,"TAYLOR ST","GOLDEN GATE AV",0.00,,Y,B,-,N,,,,,,,,,,N,3,0,1,2,A,-,10,21950,A,F,G,B,B,B,H,-,A,A,0,Y,,,,Y,,A,08,0,1,0,0,1,0,0,0,0,"- ","- ",,,"SAN FRANCISCO","SAN FRANCISCO",-122.41061401367188,37.782394409179688
9380648,2021,2022-01-26,3801,2021-12-24,1519,1207,MISSI,5,5,7,3801,0,0,0,,0,006,"FOLSOM ST","13TH ST",0.00,,Y,A,B,N,,,,,,,,,,N,4,0,2,2,A,-,09,21801,,N,D,C,A,A,H,-,-,A,0,,,,,Y,,A,01,0,0,2,0,0,0,0,0,0,"- ","- ",,,"SAN FRANCISCO","SAN FRANCISCO",-122.41558837890625,37.769515991210938
9380649,2021,2022-01-26,3801,2021-12-24,1321,4356,INGLE,5,5,7,3801,0,0,0,,0,3H11C,"MISSION ROCK ST","29TH ST",64.00,N,N,A,-,N,,,,,,,,,,N,4,0,1,3,A,-,03,22350,,N,C,C,A,A,-,-,A,A,0,,,,,Y,,A,01,0,0,1,0,0,0,0,0,0,"- ","- ",,,"SAN FRANCISCO","SAN FRANCISCO",-122.42081451416016,37.744235992431641
9380650,2021,2022-01-26,3801,2021-12-23,1612,1033,TENDE,4,5,7,3801,0,0,0,,0,3J13D,"LARKIN ST","TURK ST",70.00,N,N,A,-,N,,,,,,,,,,N,2,0,1,2,A,-,08,22107,,F,B,C,A,B,H,-,A,D,0,,,Y,,Y,,A,07,1,0,0,0,0,0,0,0,1,"- ","- ",,,"SAN FRANCISCO","SAN FRANCISCO",-122.41737365722656,37.782569885253906
9380651,2021,2022-01-26,3801,2021-12-23,1417,1109,INGLE,4,5,7,3801,0,0,0,,0,3H5C,"PERSIA AV",NAPLES,0.00,,Y,C,-,N,,,,,,,,,,N,3,0,1,2,A,-,17,21200,A,N,B,G,A,B,H,-,A,A,0,,Y,,,Y,,L,04,0,1,0,0,0,0,1,0,0,"- ","- ",,,"SAN FRANCISCO","SAN FRANCISCO",-122.43121337890625,37.720863342285156
9380652,2021,2022-01-26,3801,2021-12-23,1339,2237,SOUTH,4,5,7,3801,0,0,0,,0,00B,"HOWARD ST","WASHBURN ST",0.00,,Y,B,-,N,,,,,,,,,,N,3,0,1,2,A,-,05,21651,B,N,G,B,A,B,H,-,A,A,0,,,Y,,Y,,C,03,0,1,0,0,0,0,0,0,1,"- ","- ",,,"SAN FRANCISCO","SAN FRANCISCO",-122.41359710693359,37.774654388427734
9380653,2021,2022-01-26,3801,2021-12-03,1823,2489,SOUTH,5,5,7,3801,0,0,0,,0,3B14D,"3RD ST","TOWNSEND ST",0.00,,Y,A,-,N,,,,,,,,,,N,3,0,1,2,A,-,08,22107,,N,B,G,A,A,H,-,C,A,0,,Y,,,Y,Y,L,04,0,1,0,0,0,0,1,0,0,"- ","- ",,,"SAN FRANCISCO","SAN FRANCISCO",-122.39275360107422,37.778858184814453
9380654,2021,2022-02-03,3801,2021-12-03,1723,2740,CENTR,5,5,7,3801,0,0,0,,0,0A1,"LARKIN ST","CLAY ST",12.00,S,N,A,-,N,,,,,,,,,,N,3,0,1,2,A,-,10,21950,A,F,A,B,D,A,H,-,B,A,0,Y,,,,Y,,A,01,0,1,0,0,1,0,0,0,0,"- ","- ",,,"SAN FRANCISCO","SAN FRANCISCO",-122.41940307617188,37.792556762695312
9380655,2021,2022-01-26,3801,2021-12-02,1400,863,PARK,4,5,7,3801,0,0,0,,0,,"6TH AV",JUDAH,0.00,,Y,A,-,N,,,,,,,,,,N,3,0,1,2,A,-,10,21950,,N,G,B,B,A,H,-,A,D,0,Y,,,,Y,,A,01,0,1,0,0,1,0,0,0,0,"- ","- ",,,"SAN FRANCISCO","SAN FRANCISCO",-122.46296691894531,37.762344360351562
9380656,2021,2022-01-26,3801,2021-12-10,1401,4027,BAYVI,5,5,7,3801,0,0,0,,0,3C15A,"PHELPS ST","OAKDALE AV",0.00,,Y,A,-,N,,,,,,,,,,Y,4,0,1,2,A,-,09,21800,A,N,B,C,A,A,H,-,A,A,0,,,,,Y,,A,01,0,0,1,0,0,0,0,0,0,"- ","- ",,,"SAN FRANCISCO","SAN FRANCISCO",-122.39408874511719,37.736721038818359
9380657,2021,2022-01-26,3801,2021-12-10,0412,1308,SOUTH,5,5,7,3801,0,0,0,,0,3B14E,"HOWARD ST","5TH ST",60.00,E,N,A,-,N,,,,,,,,,,Y,4,0,1,2,A,-,03,22350,,N,C,E,A,A,H,-,C,A,0,,,,,Y,Y,A,01,0,0,1,0,0,0,0,0,0,"- ","- ",,,"SAN FRANCISCO","SAN FRANCISCO",-122.40478515625,37.781627655029297
9380658,2021,2022-01-26,3801,2021-12-03,0730,118,MISSI,5,5,7,3801,0,0,0,,0,3D15A,"MISSION ST","14TH ST",129.00,S,N,B,-,N,,,,,,,,,,N,4,0,1,2,A,-,08,22102,,F,B,C,A,A,H,-,A,D,0,,,Y,,Y,,-,,0,0,1,0,0,0,0,0,1,"- ","- ",,,"SAN FRANCISCO","SAN FRANCISCO",-122.41993713378906,37.767936706542969
9380659,2021,2022-01-26,3801,2021-12-01,1803,1878,MISSI,3,5,7,3801,0,0,0,,0,0D6,"DIVISION ST","PORTERO AV",0.00,,Y,A,-,N,,,,,,,,,,N,4,0,1,2,A,-,09,21801,A,N,-,C,A,-,H,-,C,A,0,,,,,Y,,A,01,0,0,1,0,0,0,0,0,0,"- ","- ",,,"SAN FRANCISCO","SAN FRANCISCO",-122.40834045410156,37.769203186035156
9380662,2021,2022-01-25,3801,2021-12-15,0909,1250,SOUTH,3,5,7,3801,0,0,0,,0,3B14A,"MISSION ST","10TH ST",0.00,,Y,A,-,N,,,,,,,,,,N,4,0,1,2,A,-,10,21950,A,N,G,B,B,B,H,-,A,A,0,Y,,,,Y,,A,01,0,0,1,0,1,0,0,0,0,"- ","- ",,,"SAN FRANCISCO","SAN FRANCISCO",-122.41590881347656,37.775276184082031
9380663,2021,2022-01-27,3801,2021-12-14,1336,1316,RICHM,2,5,7,3801,0,0,0,,0,3G14A,"CALIFORNIA ST","27TH AV",0.00,,Y,A,-,N,,,,,,,,,,Y,4,0,3,2,A,-,09,21802,A,N,D,C,A,A,H,-,A,A,0,,,,,Y,,A,01,0,0,3,0,0,0,0,0,0,"- ","- ",,,"SAN FRANCISCO","SAN FRANCISCO",-122.48715209960938,37.783790588378906
9380664,2021,2023-06-21,3801,2021-12-14,1745,4358,BAYVI,2,5,7,3801,0,0,0,,0,,"SILLIMAN ST","GIRARD ST",0.00,,Y,C,-,N,,,,,,,,,,N,3,0,1,2,A,-,10,21950,A,N,G,B,B,B,H,-,C,A,0,Y,,,,Y,,A,01,0,1,0,0,1,0,0,0,0,"- ","- ",,,"SAN FRANCISCO","SAN FRANCISCO",-122.40608978271484,37.730979919433594
9380666,2021,2022-01-25,3801,2021-12-20,0422,1042,TENDE,1,5,7,3801,0,0,0,,0,3J14E,"SOUTH VAN NESS","DIVISION ST",0.00,,Y,A,-,N,,,,,,,,,,Y,3,0,1,2,A,-,12,21453,A,M,D,C,A,A,H,-,C,A,0,,,,,Y,,A,01,0,1,0,0,0,0,0,0,0,"- ","- ",,,"SAN FRANCISCO","SAN FRANCISCO",,
9380667,2021,2022-02-02,3801,2021-12-22,1806,1534,INGLE,3,5,7,3801,0,0,0,,0,3H11D,"CORLAND AV","PROSPECT AV",0.00,,Y,A,C,N,,,,,,,,,,N,4,0,1,2,A,-,17,21200,A,N,B,G,A,B,H,-,C,-,0,,Y,,,Y,,L,04,0,0,1,0,0,0,1,0,0,"- ","- ",,,"SAN FRANCISCO","SAN FRANCISCO",-122.42082214355469,37.740222930908203
9380668,2021,2022-01-25,3801,2021-12-22,1520,2337,INGLE,3,5,7,3801,0,0,0,,0,3H3C,"SAN JOSE AV","OCEAN AV",0.00,,Y,B,-,N,,,,,,,,,,N,4,0,1,2,A,-,09,21800,A,N,D,C,A,B,H,-,A,A,0,,,,,Y,,A,07,0,0,1,0,0,0,0,0,0,"- ","- ",,,"SAN FRANCISCO","SAN FRANCISCO",-122.44480895996094,37.722934722900391
9380669,2021,2022-01-25,3801,2021-12-22,1523,1523,MISSI,3,5,7,3801,0,0,0,,0,3D13D,"PORTOLA DR","CLIPPER ST",0.00,,Y,C,-,N,,,,,,,,,,N,3,0,3,2,A,-,09,21801,A,N,A,C,A,B,H,-,A,A,0,,,,,Y,,A,01,0,1,2,0,0,0,0,0,0,"- ","- ",,,"SAN FRANCISCO","SAN FRANCISCO",-122.44483947753906,37.746936798095703
9380670,2021,2022-02-16,3801,2021-12-22,2323,250,MISSI,3,5,7,3801,0,0,0,,0,3D15E,"MISSION ST","18TH ST",12.00,N,N,A,-,N,,,,,,,,,,N,4,0,1,2,A,-,08,22107,A,M,D,-,A,B,H,-,C,A,0,,,,,Y,Y,A,01,0,0,1,0,0,0,0,0,0,"- ","- ",,,"SAN FRANCISCO","SAN FRANCISCO",-122.41937255859375,37.761871337890625
9380749,2021,2022-01-21,3801,2021-12-24,0830,2130,BAYVI,5,5,7,3801,0,0,0,,0,3C13A,"MENDELL ST","MENDELL ST 500",0.00,,N,A,-,N,,,,,,,,,,N,4,0,1,2,A,-,11,21456,A,N,B,C,A,B,H,-,A,D,0,,,Y,,Y,,C,06,0,0,1,0,0,0,0,0,0,"- ","- ",,,"SAN FRANCISCO","SAN FRANCISCO",,
9380755,2021,2022-01-21,3801,2021-12-25,2357,2459,MISSI,6,5,7,3801,0,0,0,,0,3D11E,"CASTRO ST","18TH ST",237.00,N,N,C,-,N,,,,,,,,,,Y,4,0,1,2,A,-,03,22350,,N,A,I,A,B,H,-,C,D,0,,,,,Y,,-,,0,0,1,0,0,0,0,0,0,"- ","- ",,,"SAN FRANCISCO","SAN FRANCISCO",-122.43505859375,37.761539459228516
9380756,2021,2022-01-21,3801,2021-12-25,2105,1783,BAYVI,6,5,7,3801,0,0,0,,0,3C15E,"ARMSTRONG AV","3RD ST",0.00,,Y,C,-,N,,,,,,,,,,Y,4,0,3,2,A,-,03,22350,,N,D,C,A,B,H,-,C,A,0,,,,,Y,,A,01,0,0,3,0,0,0,0,0,0,"- ","- ",,,"SAN FRANCISCO","SAN FRANCISCO",-122.39366912841797,37.727035522460938
9380900,2021,2022-02-02,3801,2021-12-23,2238,250,MISSI,4,5,7,3801,0,0,0,,0,3D15E,"16TH ST","POTRERO AV",0.00,,Y,C,-,N,,,,,,,,,,Y,4,0,1,2,A,-,12,21453,A,N,D,C,A,B,H,-,C,A,0,,,,,Y,Y,A,01,0,0,1,0,0,0,0,0,0,"- ","- ",,,"SAN FRANCISCO","SAN FRANCISCO",-122.40756225585938,37.765773773193359
9380901,2021,2022-01-25,3801,2021-12-24,1720,1096,CENTR,5,5,7,3801,0,0,0,,0,3A13D,"TAYLOR ST","NORTHPOINT ST",25.00,N,N,C,-,N,,,,,,,,,,N,4,0,1,2,A,-,00,21954,,N,A,B,D,B,H,-,C,A,0,Y,,,,Y,,N,60,0,0,1,0,1,0,0,0,0,"- ","- ",,,"SAN FRANCISCO","SAN FRANCISCO",-122.41545104980469,37.806427001953125
9380903,2021,2022-02-11,3801,2021-12-08,0810,574,MISSI,3,5,7,3801,0,0,0,,0,3D13A,"CESAR CHAVEZ ST","HARRISON ST",100.00,W,N,A,-,N,,,,,,,,,,Y,4,0,1,2,A,-,03,22350,,N,C,C,A,A,H,-,A,A,0,,,,Y,Y,,A,07,0,0,1,0,0,0,0,0,0,"- ","- ",,,"SAN FRANCISCO","SAN FRANCISCO",-122.41185760498047,37.74835205078125
9380904,2021,2022-02-11,3801,2021-12-03,1733,2730,SOUTH,5,5,7,3801,0,0,0,,0,3B13D,"6TH ST","FOLSOM ST",0.00,,Y,A,-,N,,,,,,,,,,N,4,0,1,2,B,-,22,,,N,C,E,A,A,H,-,C,A,0,,,,,Y,,D,22,0,0,1,0,0,0,0,0,0,"- ","- ",,,"SAN FRANCISCO","SAN FRANCISCO",-122.40560150146484,37.778499603271484
9380905,2021,2022-01-25,3801,2021-12-10,0700,2402,TARAV,5,5,7,3801,0,0,0,,0,3I16A,"SAN JOSE AV","SICKLES AV",0.00,,Y,A,-,N,,,,,,,,,,Y,4,0,2,3,A,-,12,21453,A,N,D,C,A,A,H,-,A,A,0,,,,,Y,,A,01,0,0,2,0,0,0,0,0,0,"- ","- ",,,"SAN FRANCISCO","SAN FRANCISCO",-122.45581817626953,37.71124267578125
9381790,2021,2022-01-24,3801,2021-10-04,1438,1507,SOUTH,1,5,7,3801,0,0,0,,0,14A,"9TH  ST","MINNA ST",30.00,N,N,A,-,N,,,,,,,,,,N,4,0,1,2,A,-,08,22100,A,N,C,C,A,A,H,-,A,A,0,,,,,Y,,A,01,0,0,1,0,0,0,0,0,0,"- ","- ",,,"SAN FRANCISCO","SAN FRANCISCO",-122.41424560546875,37.775859832763672