CASE_ID,ACCIDENT_YEAR,PROC_DATE,JURIS,COLLISION_DATE,COLLISION_TIME,OFFICER_ID,REPORTING_DISTRICT,DAY_OF_WEEK,CHP_SHIFT,POPULATION,CNTY_CITY_LOC,SPECIAL_COND,BEAT_TYPE,CHP_BEAT_TYPE,CITY_DIVISION_LAPD,CHP_BEAT_CLASS,BEAT_NUMBER,PRIMARY_RD,SECONDARY_RD,DISTANCE,DIRECTION,INTERSECTION,WEATHER_1,WEATHER_2,STATE_HWY_IND,CALTRANS_COUNTY,CALTRANS_DISTRICT,STATE_ROUTE,ROUTE_SUFFIX,POSTMILE_PREFIX,POSTMILE,LOCATION_TYPE,RAMP_INTERSECTION,SIDE_OF_HWY,TOW_AWAY,COLLISION_SEVERITY,NUMBER_KILLED,NUMBER_INJURED,PARTY_COUNT,PRIMARY_COLL_FACTOR,PCF_CODE_OF_VIOL,PCF_VIOL_CATEGORY,PCF_VIOLATION,PCF_VIOL_SUBSECTION,HIT_AND_RUN,TYPE_OF_COLLISION,MVIW,PED_ACTION,ROAD_SURFACE,ROAD_COND_1,ROAD_COND_2,LIGHTING,CONTROL_DEVICE,CHP_ROAD_TYPE,PEDESTRIAN_ACCIDENT,BICYCLE_ACCIDENT,MOTORCYCLE_ACCIDENT,TRUCK_ACCIDENT,NOT_PRIVATE_PROPERTY,ALCOHOL_INVOLVED,STWD_VEHTYPE_AT_FAULT,CHP_VEHTYPE_AT_FAULT,COUNT_SEVERE_INJ,COUNT_VISIBLE_INJ,COUNT_COMPLAINT_PAIN,COUNT_PED_KILLED,COUNT_PED_INJURED,COUNT_BICYCLIST_KILLED,COUNT_BICYCLIST_INJURED,COUNT_MC_KILLED,COUNT_MC_INJURED,PRIMARY_RAMP,SECONDARY_RAMP,LATITUDE,LONGITUDE,COUNTY,CITY,POINT_X,POINT_Y
9390978,2021,2022-02-02,3801,2021-12-17,0251,1402,SOUTH,5,5,7,3801,0,0,0,,0,3B12E,"MISSION ST","5TH ST",0.00,,Y,A,-,N,,,,,,,,,,N,4,0,1,2,A,-,12,21453,A,F,D,J,A,A,H,-,C,A,0,,,,,Y,,-,,0,0,1,0,0,0,0,0,0,"- ","- ",,,"SAN FRANCISCO","SAN FRANCISCO",-122.40648651123047,37.782737731933594
9390979,2021,2022-02-02,3801,2021-12-16,2108,709,BAYVI,4,5,7,3801,0,0,0,,0,3C5E,"INA CT","REVERE AV",0.00,,Y,A,-,N,,,,,,,,,,N,2,0,1,2,A,-,10,21950,A,F,G,B,B,A,H,-,C,A,0,Y,,,,Y,,A,07,1,0,0,0,1,0,0,0,0,"- ","- ",,,"SAN FRANCISCO","SAN FRANCISCO",,
9390980,2021,2022-02-02,3801,2021-12-12,1725,1286,SOUTH,7,5,7,3801,0,0,0,,0,3B4,"MARKET ST","GUERRERO ST",0.00,,Y,C,-,N,,,,,,,,,,Y,4,0,1,2,A,-,09,21801,A,N,A,C,A,B,H,-,C,A,0,,,,,Y,,A,01,0,0,1,0,0,0,0,0,0,"- ","- ",,,"SAN FRANCISCO","SAN FRANCISCO",-122.42485809326172,37.770748138427734
9390981,2021,2022-01-24,3801,2021-12-12,0125,1871,INGLE,7,5,7,3801,0,0,0,,0,901,"PORTOLA DR","WOODSIDE AV",0.00,,Y,C,-,N,,,,,,,,,,Y,3,0,2,2,A,-,12,21453,A,N,D,D,A,B,H,-,C,A,0,,,,,Y,,A,07,0,1,1,0,0,0,0,0,0,"- ","- ",,,"SAN FRANCISCO","SAN FRANCISCO",-122.4517822265625,37.745586395263672
9390982,2021,2022-01-24,3801,2021-12-10,1442,2466,RICHM,5,5,7,3801,0,0,0,,0,003,"PARK PRESIDIO AV","GEARY BL",0.00,,Y,A,-,N,,,,,,,,,,N,4,0,1,2,A,-,10,21950,A,N,-,B,-,A,H,-,A,A,0,Y,,,,Y,,A,07,0,0,1,0,1,0,0,0,0,"- ","- ",,,"SAN FRANCISCO","SAN FRANCISCO",-122.44586181640625,37.7825927734375
9391870,2021,2022-01-28,3801,2021-12-05,1330,2716,PARK,7,5,7,3801,0,0,0,,0,3F00,"GROVE ST","CENTRAL AV",244.00,E,N,A,-,N,,,,,,,,,,Y,4,0,2,2,A,-,21,22106,,N,D,C,A,A,H,-,A,D,0,,,,,Y,,D,22,0,0,2,0,0,0,0,0,0,"- ","- ",,,"SAN FRANCISCO","SAN FRANCISCO",-122.44377899169922,37.775177001953125
9391871,2021,2022-02-16,3801,2021-12-04,1101,1938,NORTH,6,5,7,3801,0,0,0,,0,3E13A,"GOUGH ST","POST ST",7.00,N,N,A,-,N,,,,,,,,,,Y,4,0,2,5,A,-,03,22350,,N,C,C,-,A,H,-,A,A,0,Y,,,,Y,,A,01,0,0,2,0,2,0,0,0,0,"- ","- ",,,"SAN FRANCISCO","SAN FRANCISCO",-122.42484283447266,37.786209106445312
9391873,2021,2022-01-25,3801,2021-12-04,1346,826,BAYVI,6,5,7,3801,0,0,0,,0,03C,"BAYSHORE BL","THORNTON AV",0.00,,Y,A,-,N,,,,,,,,,,N,3,0,2,2,A,-,04,21703,,N,C,C,A,A,H,-,A,D,0,,,,,Y,,A,01,0,1,1,0,0,0,0,0,0,"- ","- ",,,"SAN FRANCISCO","SAN FRANCISCO",-122.40341949462891,37.730636596679688
9391878,2021,2022-01-24,3801,2021-12-19,1845,2312,BAYVI,7,5,7,3801,0,0,0,,0,3C13D,"EVANS AV","3RD ST",0.00,,Y,A,-,N,,,,,,,,,,Y,4,0,2,2,A,-,12,21453,A,N,D,C,A,A,H,-,C,A,0,,,,,Y,,A,01,0,0,2,0,0,0,0,0,0,"- ","- ",,,"SAN FRANCISCO","SAN FRANCISCO",-122.38801574707031,37.742733001708984
9391941,2021,2022-01-20,3801,2021-12-09,1316,703,PARK,4,5,7,3801,0,0,0,,0,3F14A,"WALLER ST","LAGUNA ST",281.00,E,N,A,-,N,,,,,,,,,,Y,4,0,1,2,A,-,09,21804,A,N,B,C,A,A,H,-,A,D,0,,,,,Y,,A,01,0,0,1,0,0,0,0,0,0,"- ","- ",,,"SAN FRANCISCO","SAN FRANCISCO",-122.42435455322266,37.771923065185547
9391942,2021,2022-01-20,3801,2021-12-26,1659,1512,BAYVI,7,5,7,3801,0,0,0,,0,0C5,"GILMAN AV","INGALLS ST",0.00,,Y,C,-,N,,,,,,,,,,N,4,0,3,2,A,-,12,22450,A,F,D,C,A,B,H,-,B,D,0,,,,,Y,,A,01,0,0,3,0,0,0,0,0,0,"- ","- ",,,"SAN FRANCISCO","SAN FRANCISCO",-122.39188385009766,37.720340728759766
9391943,2021,2022-01-20,3801,2021-12-26,1644,302,NORTH,7,5,7,3801,0,0,0,,0,3E11A,"OAK ST","DIVISADERO ST",2.00,E,N,C,-,N,,,,,,,,,,N,4,0,1,3,A,-,10,21950,A,N,G,B,B,B,H,-,C,A,0,Y,,,,Y,,A,01,0,0,1,0,1,0,0,0,0,"- ","- ",,,"SAN FRANCISCO","SAN FRANCISCO",-122.43742370605469,37.773139953613281
9391944,2021,2022-01-20,3801,2021-12-19,2150,2735,MISSI,7,5,7,3801,0,0,0,,0,3D14E,"24TH ST","CYPRESS ST",0.00,,Y,A,-,N,,,,,,,,,,Y,2,0,2,2,A,-,01,23153,A,N,F,E,A,A,H,-,C,-,0,,,,,Y,Y,A,01,1,1,0,0,0,0,0,0,0,"- ","- ",,,"SAN FRANCISCO","SAN FRANCISCO",-122.41680145263672,37.752353668212891
9391945,2021,2022-01-20,3801,2021-12-19,1844,2379,INGLE,7,5,7,3801,0,0,0,,0,3H15C,"SUNNYDALE AV","SCHWERIN ST",0.00,,Y,A,-,N,,,,,,,,,,Y,4,0,1,2,A,-,12,22450,A,F,D,C,A,A,H,-,C,A,0,,,,,Y,,A,01,0,0,1,0,0,0,0,0,0,"- ","- ",,,"SAN FRANCISCO","SAN FRANCISCO",-122.41134643554688,37.710567474365234
9391946,2021,2022-01-20,3801,2021-12-18,1618,2726,RICHM,6,5,7,3801,0,0,0,,0,003,"12TH AV","GEARY BL",270.00,S,N,A,-,N,,,,,,,,,,N,4,0,1,2,A,-,03,22350,,N,C,-,A,A,H,-,A,D,0,,,,,Y,Y,M,94,0,0,1,0,0,0,0,0,0,"- ","- ",,,"SAN FRANCISCO","SAN FRANCISCO",-122.47064971923828,37.780048370361328
9391947,2021,2022-03-14,3801,2021-12-18,0307,1454,NORTH,6,5,7,3801,0,0,0,,0,3E15E,"LOMBARD ST","PIERCE ST",0.00,,Y,A,-,N,,,,,,,,,,Y,3,0,2,2,A,-,09,21801,,N,D,C,A,A,H,-,C,A,0,,,,,Y,,A,01,0,1,1,0,0,0,0,0,0,"- ","- ",,,"SAN FRANCISCO","SAN FRANCISCO",-122.43933868408203,37.799423217773438
9391948,2021,2022-01-20,3801,2021-12-18,0219,221,RICHM,6,5,7,3801,0,0,0,,0,3G12E,"GEARY BL","SAINT JOSEPHS AV",20.00,E,N,A,-,N,,,,,,,,,,Y,4,0,1,3,A,-,03,22350,,N,C,C,A,A,-,-,C,A,0,,,,,Y,,A,01,0,0,1,0,0,0,0,0,0,"- ","- ",,,"SAN FRANCISCO","SAN FRANCISCO",-122.44270324707031,37.782817840576172
9391949,2021,2022-01-20,3801,2021-12-17,2358,4043,CENTR,5,5,7,3801,0,0,0,,0,3A11E,"PINE ST","TAYLOR ST",0.00,,Y,A,-,N,,,,,,,,,,N,3,0,1,2,A,-,10,21950,A,F,G,B,B,A,H,-,C,A,0,Y,,,,Y,,A,01,0,1,0,0,1,0,0,0,0,"- ","- ",,,"SAN FRANCISCO","SAN FRANCISCO",-122.41224670410156,37.790657043457031
9391950,2021,2022-01-20,3801,2021-12-17,2151,1463,SOUTH,5,5,7,3801,0,0,0,,0,3B14E,"MARKET ST","GOUGH ST",0.00,,Y,A,-,N,,,,,,,,,,Y,3,0,3,3,A,-,12,21453,A,N,D,C,A,A,-,-,C,A,0,,,,,Y,,A,01,0,2,1,0,0,0,0,0,0,"- ","- ",,,"SAN FRANCISCO","SAN FRANCISCO",-122.42221069335938,37.772872924804688
9391951,2021,2022-01-20,3801,2021-12-17,1800,1911,RICHM,5,5,7,3801,0,0,0,,0,RICHMO,"ANZA ST","STANYAN ST",25.00,W,N,A,-,N,,,,,,,,,,Y,4,0,2,2,A,-,05,21651,A,N,A,C,A,A,H,-,B,A,0,,,,,Y,,A,01,0,0,2,0,0,0,0,0,0,"- ","- ",,,"SAN FRANCISCO","SAN FRANCISCO",-122.45626831054688,37.779777526855469
9391952,2021,2022-01-20,3801,2021-12-10,1710,737,NORTH,5,5,7,3801,0,0,0,,0,3E11A,"4TH ST","TOWNSEND ST",0.00,,Y,A,-,N,,,,,,,,,,N,4,0,1,2,A,-,10,21950,A,M,B,B,B,A,H,-,C,A,0,Y,,,,Y,Y,A,01,0,0,1,0,1,0,0,0,0,"- ","- ",,,"SAN FRANCISCO","SAN FRANCISCO",-122.39498901367188,37.777114868164062
9391953,2021,2022-01-20,3801,2021-12-15,0525,2467,BAYVI,3,5,7,3801,0,0,0,,0,3C13E,"3RD ST","OAKDALE AV",0.00,,Y,C,-,N,,,,,,,,,,N,4,0,1,2,A,-,12,22450,A,N,D,G,A,B,H,-,C,A,0,,Y,,,Y,,L,04,0,0,1,0,0,0,1,0,0,"- ","- ",,,"SAN FRANCISCO","SAN FRANCISCO",-122.39076995849609,37.734832763671875
9391954,2021,2022-01-20,3801,2021-12-14,2207,1066,NORTH,2,5,7,3801,0,0,0,,0,"4 CAR","LAGUNA ST","SUTTER ST",0.00,,Y,A,-,N,,,,,,,,,,N,3,0,1,2,A,-,08,22107,,N,A,G,A,A,H,-,C,A,0,,Y,,,Y,,A,01,0,1,0,0,0,0,1,0,0,"- ","- ",,,"SAN FRANCISCO","SAN FRANCISCO",-122.42832946777344,37.786716461181641
9391955,2021,2022-01-20,3801,2021-12-15,2230,1451,NORTH,3,5,7,3801,0,0,0,,0,3E15E,"STEINER ST","PINE ST",35.00,N,N,C,-,N,,,,,,,,,,N,4,0,1,1,A,-,03,22350,,N,H,A,A,B,A,D,C,A,0,,Y,,,Y,,L,04,0,0,1,0,0,0,1,0,0,"- ","- ",,,"SAN FRANCISCO","SAN FRANCISCO",-122.43531036376953,37.787845611572266
9391956,2021,2022-01-20,3801,2021-12-15,2227,2400,NORTH,3,5,7,3801,0,0,0,,0,"3 CAR","POLK ST","GOLDEN GATE AV",0.00,,Y,C,-,N,,,,,,,,,,N,4,0,1,2,A,-,17,21451,A,F,G,B,B,B,H,-,C,A,0,Y,,,,Y,,A,01,0,0,1,0,1,0,0,0,0,"- ","- ",,,"SAN FRANCISCO","SAN FRANCISCO",-122.41880035400391,37.781227111816406
9391957,2021,2022-01-20,3801,2021-12-15,2212,1104,MISSI,3,5,7,3801,0,0,0,,0,3D13E,"CESAR CHAVEZ ST","SOUTH VAN NESS AV",0.00,,Y,C,G,N,,,,,,,,,,N,3,0,1,2,A,-,09,21801,A,N,A,C,A,B,H,-,C,A,0,,,,,Y,,A,01,0,1,0,0,0,0,0,0,0,"- ","- ",,,"SAN FRANCISCO","SAN FRANCISCO",-122.41593170166016,37.748260498046875
9391958,2021,2022-08-05,3801,2021-12-15,2224,2178,PARK,3,5,7,3801,0,0,0,,0,3F14E,"HAIGHT ST","WEBSTER ST",130.00,E,N,C,-,N,,,,,,,,,,N,4,0,1,2,A,-,03,22350,,N,G,B,E,B,-,-,C,D,0,Y,,,,Y,,A,01,0,0,1,0,1,0,0,0,0,"- ","- ",,,"SAN FRANCISCO","SAN FRANCISCO",-122.42833709716797,37.772384643554688
9391959,2021,2022-01-20,3801,2021-12-15,1726,1878,MISSI,3,5,7,3801,0,0,0,,0,0D6,"17TH ST","POTRERO AV",0.00,,Y,C,-,N,,,,,,,,,,N,4,0,1,2,A,-,09,21800,A,N,D,D,A,B,H,-,C,-,0,,,Y,,Y,,A,01,0,0,1,0,0,0,0,0,1,"- ","- ",,,"SAN FRANCISCO","SAN FRANCISCO",-122.40743255615234,37.764484405517578
9391960,2021,2022-01-20,3801,2021-12-14,0620,1740,CENTR,2,5,7,3801,0,0,0,,0,3A11D,"SUTTER ST","LEAVENWORTH ST",0.00,,Y,A,-,N,,,,,,,,,,N,4,0,1,2,A,-,10,21950,A,F,H,B,B,A,H,-,A,A,0,Y,,,,Y,,A,07,0,0,1,0,1,0,0,0,0,"- ","- ",,,"SAN FRANCISCO","SAN FRANCISCO",-122.41517639160156,37.788379669189453
9391961,2021,2022-01-25,3801,2021-12-21,1005,1061,SOUTH,2,5,7,3801,0,0,0,,0,3B12A,"7TH ST","HARRISON ST",0.00,,Y,A,-,N,,,,,,,,,,N,4,0,1,2,A,-,17,21657,,N,A,G,A,A,H,-,A,A,0,,Y,,,Y,,L,04,0,0,1,0,0,0,1,0,0,"- ","- ",,,"SAN FRANCISCO","SAN FRANCISCO",-122.40628051757812,37.775539398193359
9391962,2021,2022-01-20,3801,2021-12-28,1545,4314,RICHM,2,5,7,3801,0,0,0,,0,0G5,"CHAIN OF LAKES DR","JOHN F KENNEDY DR",0.00,,Y,B,-,N,,,,,,,,,,N,4,0,1,2,D,-,00,,,F,D,G,A,B,H,-,A,A,0,,Y,,,Y,,-,"- ",0,0,1,0,0,0,1,0,0,"- ","- ",,,"SAN FRANCISCO","SAN FRANCISCO",,
9391963,2021,2022-01-20,3801,2021-12-28,1330,798,NORTH,2,5,7,3801,0,0,0,,0,3E12C,"CALIFORNIA ST","POLK ST",0.00,,Y,B,-,N,,,,,,,,,,N,4,0,1,2,A,-,12,21453,A,F,D,G,A,A,H,-,A,A,0,,Y,,,Y,,A,01,0,0,1,0,0,0,1,0,0,"- ","- ",,,"SAN FRANCISCO","SAN FRANCISCO",-122.42068481445312,37.790569305419922
9391964,2021,2022-01-20,3801,2021-12-27,1240,798,NORTH,1,5,7,3801,0,0,0,,0,3E12C,"POST ST","BUCHANAN ST",117.00,W,N,B,-,N,,,,,,,,,,Y,4,0,1,2,A,-,08,22107,,N,B,C,A,A,H,-,A,A,0,,,,,Y,,A,01,0,0,1,0,0,0,0,0,0,"- ","- ",,,"SAN FRANCISCO","SAN FRANCISCO",-122.43016052246094,37.785530090332031
9391965,2021,2022-02-03,3801,2021-12-27,1730,426,NORTH,1,5,7,3801,0,0,0,,0,3E13D,"POLK ST","PINE ST",6.00,S,N,A,-,N,,,,,,,,,,N,3,0,1,2,A,-,10,21950,A,N,G,B,B,A,H,-,C,A,0,Y,,,,Y,,A,01,0,1,0,0,1,0,0,0,0,"- ","- ",,,"SAN FRANCISCO","SAN FRANCISCO",-122.42049407958984,37.789623260498047
9391966,2021,2022-02-18,3801,2021-12-31,1748,307,INGLE,5,5,7,3801,0,0,0,,0,3H13D,"MISSION ST","VALENCIA ST",0.00,,Y,A,-,N,,,,,,,,,,Y,4,0,1,2,A,-,08,22107,,N,D,C,A,A,H,-,C,A,0,,,Y,,Y,,A,01,0,0,1,0,0,0,0,0,1,"- ","- ",,,"SAN FRANCISCO","SAN FRANCISCO",-122.41986846923828,37.745586395263672
9391967,2021,2022-01-20,3801,2021-12-29,1401,937,BAYVI,3,5,7,3801,0,0,0,,0,3C13A,"MENDELL ST","HUDSON AV",0.00,,Y,C,-,N,,,,,,,,,,N,3,0,1,2,A,-,10,21950,,F,D,B,B,B,H,-,A,-,0,Y,,,,Y,,A,01,0,1,0,0,1,0,0,0,0,"- ","- ",,,"SAN FRANCISCO","SAN FRANCISCO",-122.38639831542969,37.738971710205078
9391968,2021,2022-02-03,3801,2021-12-27,1724,301,INGLE,1,5,7,3801,0,0,0,,0,3H11D,"MISSION ST","VIRGINIA AV",104.00,N,N,A,-,N,,,,,,,,,,N,3,0,1,2,A,-,09,21801,,N,D,C,A,A,H,-,B,D,0,,,Y,,Y,,A,07,0,1,0,0,0,0,0,0,1,"- ","- ",,,"SAN FRANCISCO","SAN FRANCISCO",-122.42134094238281,37.743408203125
9391969,2021,2022-02-18,3801,2021-12-29,0110,307,INGLE,3,5,7,3801,0,0,0,,0,3H15D,"GOUGH ST","MCALLISTER ST",0.00,,Y,C,-,N,,,,,,,,,,N,4,0,1,2,A,-,03,22350,,F,C,-,A,B,-,-,C,-,0,,,,,Y,,A,01,0,0,1,0,0,0,0,0,0,"- ","- ",,,"SAN FRANCISCO","SAN FRANCISCO",-122.42353820800781,37.779670715332031
9391972,2021,2022-08-08,3801,2021-12-27,1700,309,TARAV,1,5,7,3801,0,0,0,,0,,"28TH AV","NORIEGA ST",0.00,,Y,A,-,N,,,,,,,,,,N,3,0,2,2,A,-,12,22450,A,N,D,C,A,A,H,-,A,A,0,,,,,Y,,-,,0,2,0,0,0,0,0,0,0,"- ","- ",,,"SAN FRANCISCO","SAN FRANCISCO",-122.48612213134766,37.753810882568359
9391973,2021,2022-01-20,3801,2021-12-27,1511,278,TENDE,1,5,7,3801,0,0,0,,0,3J13D,"LARKIN ST","EDDY ST",95.00,S,N,B,-,N,,,,,,,,,,N,3,0,1,4,A,-,08,22107,,F,B,C,A,B,H,-,A,A,0,,,,,Y,Y,A,01,0,1,0,0,0,0,0,0,0,"- ","- ",,,"SAN FRANCISCO","SAN FRANCISCO",-122.41746520996094,37.783042907714844
9391974,2021,2022-08-08,3801,2021-12-27,1220,750,TENDE,1,5,7,3801,0,0,0,,0,3J12A,"MARKET ST","MARKET ST 801",0.00,,-,C,-,N,,,,,,,,,,,3,0,2,3,A,-,17,21235,G,F,A,B,F,B,H,-,A,A,0,Y,,,,Y,,M,94,0,2,0,0,2,0,0,0,0,"- ","- ",,,"SAN FRANCISCO","SAN FRANCISCO",,
9391975,2021,2022-02-18,3801,2021-12-27,1042,1381,NORTH,1,5,7,3801,0,0,0,,0,3E51,"LAGUNA ST","POST ST",0.00,,Y,C,-,N,,,,,,,,,,Y,4,0,1,3,A,-,12,21453,A,N,D,C,A,B,H,-,A,A,0,,,,,Y,,A,01,0,0,1,0,0,0,0,0,0,"- ","- ",,,"SAN FRANCISCO","SAN FRANCISCO",-122.42816162109375,37.785797119140625
9391976,2021,2022-01-20,3801,2021-12-22,1203,2237,SOUTH,3,5,7,3801,0,0,0,,0,00B,"DIVISION ST","BRYANT ST",0.00,,Y,B,-,N,,,,,,,,,,N,4,0,1,2,A,-,04,21703,,N,C,C,A,B,H,-,A,A,0,,,,,Y,,A,01,0,0,1,0,0,0,0,0,0,"- ","- ",,,"SAN FRANCISCO","SAN FRANCISCO",-122.41082000732422,37.769309997558594
9391977,2021,2022-01-20,3801,2021-12-21,1311,1832,TENDE,2,5,7,3801,0,0,0,,0,3J93C,"MARKET ST","5TH ST",73.00,E,N,B,-,N,,,,,,,,,,N,3,0,1,2,A,-,11,21955,,N,G,B,D,A,H,-,A,A,0,Y,,,,Y,,N,60,0,1,0,0,1,0,0,0,0,"- ","- ",,,"SAN FRANCISCO","SAN FRANCISCO",-122.40787506103516,37.784141540527344
9391978,2021,2022-01-20,3801,2021-12-21,2005,310,SOUTH,2,5,7,3801,0,0,0,,0,3B15C,"KANSAS ST","16TH ST",0.00,,Y,B,C,N,,,,,,,,,,Y,4,0,2,2,A,-,12,21453,A,N,D,C,A,B,H,-,C,A,0,,,,,Y,,A,01,0,0,2,0,0,0,0,0,0,"- ","- ",,,"SAN FRANCISCO","SAN FRANCISCO",-122.40363311767578,37.766033172607422
9391979,2021,2022-01-20,3801,2021-12-20,0935,552,SOUTH,1,5,7,3801,0,0,0,,0,07A,"WHITING WY","NORTH GATE RD",0.00,,Y,A,-,N,,,,,,,,,,Y,4,0,1,1,A,-,03,22350,,N,A,J,A,A,H,-,A,D,0,,,,,Y,,A,01,0,0,1,0,0,0,0,0,0,"- ","- ",,,"SAN FRANCISCO","SAN FRANCISCO",-122.36450958251953,37.812709808349609
9391980,2021,2022-01-20,3801,2021-12-19,0635,2730,SOUTH,7,5,7,3801,0,0,0,,0,3B15A,"9TH ST","AVENUE B",0.00,,Y,A,-,N,,,,,,,,,,Y,4,0,1,2,A,-,09,21801,A,N,A,C,A,A,H,-,C,D,0,,,,,Y,,A,01,0,0,1,0,0,0,0,0,0,"- ","- ",,,"SAN FRANCISCO","SAN FRANCISCO",-122.37542724609375,37.822933197021484
9391981,2021,2022-01-20,3801,2021-12-04,1650,2150,RICHM,6,5,7,3801,0,0,0,,0,3G14D,"24TH AV","ANZA ST",0.00,,Y,A,-,N,,,,,,,,,,Y,4,0,1,2,A,-,09,21802,A,N,D,C,A,A,H,-,A,A,0,,,,,Y,,A,01,0,0,1,0,0,0,0,0,0,"- ","- ",,,"SAN FRANCISCO","SAN FRANCISCO",-122.4835205078125,37.778209686279297
9391982,2021,2022-01-20,3801,2021-12-04,1840,2107,NORTH,6,5,7,3801,0,0,0,,0,3E12D,"GEARY BL","STEINER ST",0.00,,Y,A,-,N,,,,,,,,,,N,4,0,1,2,A,-,12,21453,A,F,D,J,A,A,H,-,C,A,0,,,,,Y,,A,01,0,0,1,0,0,0,0,0,0,"- ","- ",,,"SAN FRANCISCO","SAN FRANCISCO",-122.43457794189453,37.784320831298828
9391983,2021,2022-01-20,3801,2021-12-04,0152,2186,NORTH,6,5,7,3801,0,0,0,,0,3E11E,"FRANKLIN ST","MCALLISTER ST",0.00,,Y,A,-,N,,,,,,,,,,Y,4,0,1,2,A,-,08,22107,,N,B,E,A,A,H,-,C,A,0,,,,,Y,,A,01,0,0,1,0,0,0,0,0,0,"- ","- ",,,"SAN FRANCISCO","SAN FRANCISCO",-122.42189025878906,37.779876708984375
9391984,2021,2022-01-20,3801,2021-12-02,1509,1017,NORTH,4,5,7,3801,0,0,0,,0,3E16A,"FRANKLIN ST",BROADWAY,0.00,,Y,A,-,N,,,,,,,,,,N,4,0,1,2,A,-,08,22107,,N,D,C,A,A,G,-,A,A,0,,,,,Y,,A,01,0,0,1,0,0,0,0,0,0,"- ","- ",,,"SAN FRANCISCO","SAN FRANCISCO",-122.42502593994141,37.795528411865234
9391985,2021,2022-01-20,3801,2021-12-01,0747,2486,BAYVI,3,5,7,3801,0,0,0,,0,3C13A,"PALOU AV","PALOU AV  1766",0.00,,Y,A,-,N,,,,,,,,,,N,4,0,1,2,A,-,09,21801,A,N,D,G,A,A,H,-,A,D,0,,Y,,,Y,,A,01,0,0,1,0,0,0,1,0,0,"- ","- ",,,"SAN FRANCISCO","SAN FRANCISCO",,
9391986,2021,2022-01-20,3801,2021-12-01,2500,1771,INGLE,3,5,7,3801,0,0,0,,0,3H12D,"BOSWORTH ST","CONGO ST",0.00,,Y,A,-,N,,,,,,,,,,Y,3,0,1,1,A,-,03,22350,,N,-,I,A,A,H,-,C,A,0,,,,,Y,,A,01,0,1,0,0,0,0,0,0,0,"- ","- ",37.735000610351562,-122.44026947021484,"SAN FRANCISCO","SAN FRANCISCO",-122.43995666503906,37.734867095947266
9391987,2021,2022-01-20,3801,2021-12-01,1316,2089,BAYVI,3,5,7,3801,0,0,0,,0,BAYVIE,"PALOU AV","KEITH ST",0.00,,Y,A,-,N,,,,,,,,,,N,3,0,1,2,A,-,12,22450,A,F,D,-,A,A,H,-,A,A,0,,,,,Y,,A,01,0,1,0,0,0,0,0,0,0,"- ","- ",,,"SAN FRANCISCO","SAN FRANCISCO",-122.38714599609375,37.731868743896484
9391988,2021,2022-01-20,3801,2021-12-01,0803,375,BAYVI,3,5,7,3801,0,0,0,,0,3C11,"ILLINOIS ST","23RD ST",0.00,,Y,A,-,N,,,,,,,,,,N,4,0,1,2,A,-,05,21650,,N,D,G,A,A,C,D,A,C,0,,Y,,,Y,,L,04,0,0,1,0,0,0,1,0,0,"- ","- ",,,"SAN FRANCISCO","SAN FRANCISCO",-122.38709259033203,37.75543212890625
9391990,2021,2022-01-20,3801,2021-12-01,2045,1512,BAYVI,3,5,7,3801,0,0,0,,0,0C5,"JAMESTOWN AV","3RD ST",0.00,,Y,A,-,N,,,,,,,,,,N,3,0,1,2,A,-,10,21950,A,N,G,B,B,A,H,-,C,A,0,Y,,,,Y,,A,01,0,1,0,0,1,0,0,0,0,"- ","- ",,,"SAN FRANCISCO","SAN FRANCISCO",-122.39671325683594,37.720260620117188
9391994,2021,2022-01-20,3801,2021-12-02,1947,1173,RICHM,4,5,7,3801,0,0,0,,0,901,"POINT LOBOS AV","47TH AV",0.00,,Y,A,-,N,,,,,,,,,,N,2,0,1,2,A,-,09,21801,A,N,D,C,A,A,H,-,C,D,0,,,Y,,Y,,A,01,1,0,0,0,0,0,0,0,1,"- ","- ",,,"SAN FRANCISCO","SAN FRANCISCO",-122.50835418701172,37.779930114746094
9391996,2021,2022-01-20,3801,2021-12-01,0714,1917,TARAV,3,5,7,3801,0,0,0,,0,3I16A,"SAN JOSE AV","SAGAMORE ST",257.00,N,N,A,-,N,,,,,,,,,,N,4,0,1,2,A,-,08,22107,,N,B,C,A,A,H,-,A,D,0,,,,,Y,,A,01,0,0,1,0,0,0,0,0,0,"- ","- ",,,"SAN FRANCISCO","SAN FRANCISCO",-122.45527648925781,37.7117919921875
9391997,2021,2022-01-20,3801,2021-12-01,1236,720,TENDE,3,5,7,3801,0,0,0,,0,3A93E,"GEARY ST","STOCKTON ST",0.00,,Y,-,-,N,,,,,,,,,,N,3,0,1,1,A,-,03,22350,A,N,-,-,A,A,H,-,A,A,0,,Y,,,Y,,L,04,0,1,0,0,0,0,1,0,0,"- ","- ",,,"SAN FRANCISCO","SAN FRANCISCO",-122.40657806396484,37.787563323974609
9391999,2021,2022-01-20,3801,2021-12-29,1122,1052,RICHM,3,5,7,3801,0,0,0,,0,3G14C,"FULTON ST","45TH AV",26.00,S,N,A,-,N,,,,,,,,,,Y,4,0,2,2,A,-,09,21801,A,N,D,C,A,A,H,-,A,D,0,,,Y,,Y,,C,06,0,0,2,0,0,0,0,0,1,"- ","- ",,,"SAN FRANCISCO","SAN FRANCISCO",-122.50562286376953,37.771579742431641
9392017,2021,2022-01-20,3801,2021-12-05,1639,1207,MISSI,7,5,7,3801,0,0,0,,0,0D1,"MARKET ST","15TH ST",36.00,N,N,A,-,N,,,,,,,,,,N,4,0,1,1,A,-,04,21703,,N,H,A,A,A,G,-,A,D,0,,,Y,,Y,,C,02,0,0,1,0,0,0,0,0,1,"- ","- ",,,"SAN FRANCISCO","SAN FRANCISCO",-122.43092346191406,37.766048431396484