CASE_ID,ACCIDENT_YEAR,PROC_DATE,JURIS,COLLISION_DATE,COLLISION_TIME,OFFICER_ID,REPORTING_DISTRICT,DAY_OF_WEEK,CHP_SHIFT,POPULATION,CNTY_CITY_LOC,SPECIAL_COND,BEAT_TYPE,CHP_BEAT_TYPE,CITY_DIVISION_LAPD,CHP_BEAT_CLASS,BEAT_NUMBER,PRIMARY_RD,SECONDARY_RD,DISTANCE,DIRECTION,INTERSECTION,WEATHER_1,WEATHER_2,STATE_HWY_IND,CALTRANS_COUNTY,CALTRANS_DISTRICT,STATE_ROUTE,ROUTE_SUFFIX,POSTMILE_PREFIX,POSTMILE,LOCATION_TYPE,RAMP_INTERSECTION,SIDE_OF_HWY,TOW_AWAY,COLLISION_SEVERITY,NUMBER_KILLED,NUMBER_INJURED,PARTY_COUNT,PRIMARY_COLL_FACTOR,PCF_CODE_OF_VIOL,PCF_VIOL_CATEGORY,PCF_VIOLATION,PCF_VIOL_SUBSECTION,HIT_AND_RUN,TYPE_OF_COLLISION,MVIW,PED_ACTION,ROAD_SURFACE,ROAD_COND_1,ROAD_COND_2,LIGHTING,CONTROL_DEVICE,CHP_ROAD_TYPE,PEDESTRIAN_ACCIDENT,BICYCLE_ACCIDENT,MOTORCYCLE_ACCIDENT,TRUCK_ACCIDENT,NOT_PRIVATE_PROPERTY,ALCOHOL_INVOLVED,STWD_VEHTYPE_AT_FAULT,CHP_VEHTYPE_AT_FAULT,COUNT_SEVERE_INJ,COUNT_VISIBLE_INJ,COUNT_COMPLAINT_PAIN,COUNT_PED_KILLED,COUNT_PED_INJURED,COUNT_BICYCLIST_KILLED,COUNT_BICYCLIST_INJURED,COUNT_MC_KILLED,COUNT_MC_INJURED,PRIMARY_RAMP,SECONDARY_RAMP,LATITUDE,LONGITUDE,COUNTY,CITY,POINT_X,POINT_Y
9392018,2021,2022-01-20,3801,2021-12-05,1748,2745,MISSI,7,5,7,3801,0,0,0,,0,3D13D,"POTRERO AV","25TH ST",365.00,S,N,A,-,N,,,,,,,,,,Y,3,0,2,1,A,-,08,22107,,N,E,I,A,A,H,-,C,D,0,,,,,Y,,A,01,0,1,1,0,0,0,0,0,0,"- ","- ",,,"SAN FRANCISCO","SAN FRANCISCO",-122.40605163574219,37.750747680664062
9392019,2021,2022-01-20,3801,2021-12-05,1724,1160,SOUTH,7,5,7,3801,0,0,0,,0,0B2,HOWARD,"3RD ST",0.00,,Y,A,-,N,,,,,,,,,,N,4,0,1,2,A,-,17,21657,,N,-,J,A,A,H,-,C,A,0,,,,,Y,,M,94,0,0,1,0,0,0,0,0,0,"- ","- ",,,"SAN FRANCISCO","SAN FRANCISCO",-122.40049743652344,37.785007476806641
9392020,2021,2022-01-20,3801,2021-12-05,1143,574,MISSI,7,5,7,3801,0,0,0,,0,3D11A,"MISSION ST","21ST ST",155.00,S,N,A,-,N,,,,,,,,,,N,4,0,1,2,A,-,06,21750,A,F,B,C,A,A,H,-,A,D,0,,,,,Y,,A,01,0,0,1,0,0,0,0,0,0,"- ","- ",,,"SAN FRANCISCO","SAN FRANCISCO",-122.41886901855469,37.756595611572266
9392103,2021,2022-02-09,3801,2021-12-30,1420,2431,RICHM,4,5,7,3801,0,0,0,,0,3G13D,"GEARY BL","3RD AV",0.00,,Y,A,-,N,,,,,,,,,,,4,0,1,2,A,-,03,22350,,M,A,C,A,A,H,-,A,A,0,,,,,Y,,A,01,0,0,1,0,0,0,0,0,0,"- ","- ",,,"SAN FRANCISCO","SAN FRANCISCO",-122.46106719970703,37.781227111816406
9393004,2021,2022-02-02,3801,2021-12-07,1742,654,PARK,2,5,7,3801,0,0,0,,0,3F12D,"JUDAH ST","5TH AV",0.00,,Y,-,-,N,,,,,,,,,,N,4,0,1,2,A,-,09,21800,A,N,H,A,A,A,H,-,C,A,0,,,Y,,Y,,A,01,0,0,1,0,0,0,0,0,1,"- ","- ",,,"SAN FRANCISCO","SAN FRANCISCO",-122.4619140625,37.76239013671875
9393261,2021,2022-02-03,3801,2021-12-06,2239,1933,SOUTH,1,5,7,3801,0,0,0,,0,3B13E,"HOWARD ST","6TH ST",0.00,,Y,C,-,N,,,,,,,,,,N,4,0,1,2,D,-,00,,,F,G,B,D,B,H,-,C,D,0,Y,,,,Y,Y,-,"- ",0,0,1,0,1,0,0,0,0,"- ","- ",,,"SAN FRANCISCO","SAN FRANCISCO",-122.40714263916016,37.779750823974609
9393262,2021,2022-02-03,3801,2021-12-24,1148,4225,INGLE,5,5,7,3801,0,0,0,,0,4CAR,"OCEAN AV","SAN JOSE AV",0.00,,Y,A,-,N,,,,,,,,,,N,3,0,1,1,D,-,00,,,N,H,-,A,A,G,-,A,D,0,,Y,,,Y,,-,"- ",0,1,0,0,0,0,1,0,0,"- ","- ",,,"SAN FRANCISCO","SAN FRANCISCO",-122.44480895996094,37.722934722900391
9396401,2022,2022-06-15,3801,2022-05-24,1810,1194,SOUTH,2,5,7,3801,0,0,0,,0,0B5,"TERRY A FRANCOIS BL","CHINA BASIN ST",0.00,,Y,A,-,N,,,,,,,,,,N,4,0,1,2,A,-,09,21801,A,N,D,C,A,A,H,-,A,A,0,,,,,Y,,A,07,0,0,1,0,0,0,0,0,0,"- ","- ",,,"SAN FRANCISCO","SAN FRANCISCO",-122.38697052001953,37.772182464599609
9396402,2022,2022-06-15,3801,2022-05-10,1141,156,BAYVI,2,5,7,3801,0,0,0,,0,3C60,"LASALLE AV","WHITEFIELD CT",0.00,,Y,A,-,N,,,,,,,,,,Y,4,0,2,2,A,-,09,21801,A,N,D,C,A,A,H,-,A,D,0,,,,,Y,,A,01,0,0,2,0,0,0,0,0,0,"- ","- ",,,"SAN FRANCISCO","SAN FRANCISCO",-122.38156890869141,37.731124877929688
9396403,2022,2022-07-01,3801,2022-05-13,1257,2706,MISSI,5,5,7,3801,0,0,0,,0,,"18TH ST","LEXINGTON ST",0.00,,Y,A,-,N,,,,,,,,,,,4,0,1,2,A,-,06,21750,A,N,-,-,A,A,H,-,A,-,0,,,Y,,Y,,C,03,0,0,1,0,0,0,0,0,1,"- ","- ",,,"SAN FRANCISCO","SAN FRANCISCO",-122.42078399658203,37.761749267578125
9396404,2022,2022-06-15,3801,2022-05-11,1419,1394,MISSI,3,5,7,3801,0,0,0,,0,MISSIO,"MISSION ST","26TH ST",0.00,,Y,A,-,N,,,,,,,,,,Y,4,0,1,2,A,-,12,21453,A,N,D,C,A,A,H,-,A,A,0,,,,,Y,,A,01,0,0,1,0,0,0,0,0,0,"- ","- ",,,"SAN FRANCISCO","SAN FRANCISCO",-122.41813659667969,37.749061584472656
9396405,2022,2022-07-13,3801,2022-05-01,0022,679,NORTH,7,5,7,3801,0,0,0,,0,0E2,"MCALLISTER ST","WEBSTER ST",0.00,,Y,A,-,N,,,,,,,,,,Y,4,0,2,2,A,-,12,21453,A,N,D,C,A,A,H,-,C,A,0,,,,,Y,,-,"- ",0,0,2,0,0,0,0,0,0,"- ","- ",,,"SAN FRANCISCO","SAN FRANCISCO",-122.43010711669922,37.778839111328125
9396407,2022,2022-06-15,3801,2022-05-25,2145,1503,SOUTH,3,5,7,3801,0,0,0,,0,3B13E,"BRYANT ST","7TH ST",97.00,W,N,A,-,N,,,,,,,,,,N,3,0,1,1,A,-,17,21663,,N,E,I,A,A,H,-,C,D,0,,,,,Y,,M,94,0,1,0,0,0,0,0,0,0,"- ","- ",,,"SAN FRANCISCO","SAN FRANCISCO",-122.40516662597656,37.774295806884766
9396408,2022,2022-06-15,3801,2022-05-22,0220,2186,NORTH,7,5,7,3801,0,0,0,,0,3E16E,"HAYES ST","GOUGH ST",0.00,,Y,A,-,N,,,,,,,,,,Y,4,0,1,2,A,-,12,21453,A,F,D,C,A,A,H,-,C,A,0,,,,,Y,,A,07,0,0,1,0,0,0,0,0,0,"- ","- ",,,"SAN FRANCISCO","SAN FRANCISCO",-122.42296600341797,37.776878356933594
9396409,2022,2022-06-15,3801,2022-05-22,1421,244,NORTH,7,5,7,3801,0,0,0,,0,3E4A,"POLK ST","HAYES ST",0.00,,Y,A,-,N,,,,,,,,,,N,4,0,1,2,A,-,10,21950,A,N,-,B,B,A,H,-,A,A,0,Y,,,,Y,,A,08,0,0,1,0,1,0,0,0,0,"- ","- ",,,"SAN FRANCISCO","SAN FRANCISCO",-122.41803741455078,37.777507781982422
9396410,2022,2022-06-15,3801,2022-05-24,1848,1347,PARK,2,5,7,3801,0,0,0,,0,001,"STANYAN ST","CARL ST",36.00,S,N,A,-,N,,,,,,,,,,N,4,0,1,2,A,-,08,22107,,N,B,C,A,A,H,-,A,A,0,,,,,Y,,A,01,0,0,1,0,0,0,0,0,0,"- ","- ",,,"SAN FRANCISCO","SAN FRANCISCO",-122.45272827148438,37.765323638916016
9396411,2022,2022-06-15,3801,2022-05-24,1256,2039,TARAV,2,5,7,3801,0,0,0,,0,005,"JOHN MUIR DR","LAKE MERCED BL",11.00,W,N,A,-,N,,,,,,,,,,N,4,0,1,2,A,-,03,22350,,N,C,A,A,A,H,-,A,A,0,,,,,Y,,A,01,0,0,1,0,0,0,0,0,0,"- ","- ",,,"SAN FRANCISCO","SAN FRANCISCO",-122.48577117919922,37.708126068115234
9396412,2022,2022-07-13,3801,2022-05-23,1905,141,INGLE,1,5,7,3801,0,0,0,,0,3H15D,"OCEAN AV","PERSIA AV",0.00,,Y,A,-,N,,,,,,,,,,N,4,0,2,3,A,-,10,21950,A,N,G,B,B,A,H,-,A,D,0,Y,,,,Y,,A,01,0,0,2,0,2,0,0,0,0,"- ","- ",,,"SAN FRANCISCO","SAN FRANCISCO",-122.4364013671875,37.723796844482422
9396413,2022,2022-06-15,3801,2022-05-23,0656,4124,INGLE,1,5,7,3801,0,0,0,,0,3H5A,"GENEVA AV","RT 280",0.00,,Y,A,-,N,,,,,,,,,,Y,4,0,1,2,A,-,10,21950,A,N,G,B,B,A,H,-,A,A,0,Y,,,,Y,,A,01,0,0,1,0,1,0,0,0,0,"- ","- ",,,"SAN FRANCISCO","SAN FRANCISCO",-122.447998046875,37.721267700195312
9396414,2022,2022-10-31,3801,2022-05-18,1019,73,TRAFF,3,5,7,3801,0,0,0,,0,4B1B,"PLYMOUTH AV","PLYMOUTH AV 959",0.00,,N,A,-,N,,,,,,,,,,Y,2,0,1,2,A,-,11,21955,,N,A,B,D,A,H,-,A,D,0,Y,,,,Y,Y,N,60,1,0,0,0,1,0,0,0,0,"- ","- ",,,"SAN FRANCISCO","SAN FRANCISCO",,
9396416,2022,2022-06-15,3801,2022-05-28,0007,1201,BAYVI,6,5,7,3801,0,0,0,,0,3C13E,"MENDELL ST","INNES AV",0.00,,Y,A,-,N,,,,,,,,,,N,4,0,1,2,A,-,12,22450,A,F,D,C,A,A,H,-,C,D,0,,,,,Y,Y,-,,0,0,1,0,0,0,0,0,0,"- ","- ",,,"SAN FRANCISCO","SAN FRANCISCO",-122.38695526123047,37.738349914550781
9396417,2022,2022-06-15,3801,2022-05-30,1648,540,TARAV,1,5,7,3801,0,0,0,,0,0I2,"SANTIAGO ST","36TH AV",0.00,,Y,A,-,N,,,,,,,,,,Y,4,0,1,2,A,-,12,22450,A,N,D,C,A,A,H,-,A,D,0,,,,,Y,,-,,0,0,1,0,0,0,0,0,0,"- ","- ",,,"SAN FRANCISCO","SAN FRANCISCO",-122.49404144287109,37.744129180908203
9396418,2022,2022-06-15,3801,2022-05-27,1646,901,INGLE,5,5,7,3801,0,0,0,,0,3H13D,"CAYUGA AV","SANTA ROSA AV",305.00,S,N,A,-,N,,,,,,,,,,N,4,0,1,2,A,-,03,22350,,N,D,G,A,A,H,-,A,D,0,,Y,,,Y,,L,04,0,0,1,0,0,0,1,0,0,"- ","- ",,,"SAN FRANCISCO","SAN FRANCISCO",-122.43723297119141,37.726402282714844
9396419,2022,2022-07-13,3801,2022-05-27,1826,141,INGLE,5,5,7,3801,0,0,0,,0,3H16D,"SOUTH VAN NESS","CESAR CHAVEZ",0.00,,Y,A,-,N,,,,,,,,,,N,4,0,1,2,A,-,12,21453,A,F,-,G,A,-,H,-,A,A,0,,Y,,,Y,,L,04,0,0,1,0,0,0,1,0,0,"- ","- ",,,"SAN FRANCISCO","SAN FRANCISCO",-122.41593170166016,37.748260498046875
9396421,2022,2022-06-14,3801,2022-05-15,0132,1066,NORTH,7,5,7,3801,0,0,0,,0,6CAR,"VAN NESS AV","CALIFORNIA ST",0.00,,Y,A,-,N,,,,,,,,,,Y,3,0,2,2,A,-,09,21801,A,N,D,C,A,A,H,-,C,A,0,,,,,Y,,A,01,0,1,1,0,0,0,0,0,0,"- ","- ",,,"SAN FRANCISCO","SAN FRANCISCO",-122.42224884033203,37.790370941162109
9396422,2022,2022-06-14,3801,2022-05-16,1406,2465,TENDE,1,5,7,3801,0,0,0,,0,3J91D,"WILLOW ST","LARKIN ST",50.00,W,N,A,-,N,,,,,,,,,,N,4,0,1,2,A,-,21,22106,,N,C,A,A,A,H,-,A,D,0,,,,,Y,,M,96,0,0,1,0,0,0,0,0,0,"- ","- ",,,"SAN FRANCISCO","SAN FRANCISCO",-122.41779327392578,37.783756256103516
9396424,2022,2022-06-14,3801,2022-05-14,1145,1540,TARAV,6,5,7,3801,0,0,0,,0,3I15A,"LAKE MERCED BL","LIGHT POST # N282 400 C",143.00,W,N,A,-,N,,,,,,,,,,N,4,0,1,2,A,-,21,22106,,N,C,-,A,A,H,-,A,A,0,,,,,Y,,A,07,0,0,1,0,0,0,0,0,0,"- ","- ",,,"SAN FRANCISCO","SAN FRANCISCO",,
9396425,2022,2022-06-14,3801,2022-05-17,1848,1160,SOUTH,2,5,7,3801,0,0,0,,0,0B1,"HOWARD ST","BEALE ST",0.00,,Y,A,-,N,,,,,,,,,,Y,2,0,2,2,A,-,12,21453,A,N,D,C,A,A,H,-,A,C,0,,,Y,,Y,,-,"- ",1,0,1,0,0,0,0,0,1,"- ","- ",,,"SAN FRANCISCO","SAN FRANCISCO",-122.39427947998047,37.789920806884766
9396426,2022,2022-06-14,3801,2022-05-17,1810,2733,SOUTH,2,5,7,3801,0,0,0,,0,0B4,"9TH ST","BRYANT ST",0.00,,Y,A,-,N,,,,,,,,,,N,3,0,1,2,A,-,10,21950,,F,G,B,B,A,H,-,A,A,0,Y,,,,Y,Y,-,,0,1,0,0,1,0,0,0,0,"- ","- ",,,"SAN FRANCISCO","SAN FRANCISCO",-122.40853118896484,37.771289825439453
9396434,2022,2022-06-15,3801,2022-05-14,0337,359,TARAV,6,5,7,3801,0,0,0,,0,3I2D,"SAGAMORE ST","ORIZABA AV",49.00,E,N,A,-,N,,,,,,,,,,Y,4,0,2,1,A,-,03,22350,,N,E,I,A,A,H,-,C,A,0,,,,,Y,,A,07,0,0,2,0,0,0,0,0,0,"- ","- ",,,"SAN FRANCISCO","SAN FRANCISCO",-122.46241760253906,37.711399078369141
9396435,2022,2022-06-16,3801,2022-05-13,0437,577,TARAV,5,5,7,3801,0,0,0,,0,0I4,"PORTAL DR","KENSINGTON WY",112.00,S,N,A,-,N,,,,,,,,,,Y,4,0,1,1,C,-,18,,,N,F,A,A,A,G,-,C,D,0,,,Y,,Y,,-,"- ",0,0,1,0,0,0,0,0,1,"- ","- ",,,"SAN FRANCISCO","SAN FRANCISCO",,
9396436,2022,2022-06-15,3801,2022-05-11,1145,1870,RICHM,3,5,7,3801,0,0,0,,0,03G,"8TH AV",FULTON,0.00,,Y,A,-,N,,,,,,,,,,N,3,0,1,2,A,-,09,21801,A,N,D,G,A,A,H,-,A,D,0,,Y,,,Y,,A,01,0,1,0,0,0,0,1,0,0,"- ","- ",,,"SAN FRANCISCO","SAN FRANCISCO",-122.46588134765625,37.77337646484375
9396437,2022,2022-06-15,3801,2022-05-22,0508,1144,RICHM,7,5,7,3801,0,0,0,,0,3G12E,"FULTON ST","29TH AV",162.00,W,N,A,-,N,,,,,,,,,,Y,4,0,1,2,A,-,01,23152,A,N,C,E,A,A,H,-,C,D,0,,,,,Y,Y,A,01,0,0,1,0,0,0,0,0,0,"- ","- ",,,"SAN FRANCISCO","SAN FRANCISCO",-122.48902893066406,37.772354125976562
9396438,2022,2022-06-15,3801,2022-05-20,1250,2495,BAYVI,5,5,7,3801,0,0,0,,0,3C15A,"3RD ST","LECONTE AV",0.00,,Y,A,-,N,,,,,,,,,,N,2,0,1,1,A,-,"- ",,,N,H,G,A,A,A,C,A,A,0,,Y,,,Y,,L,04,1,0,0,0,0,0,1,0,0,"- ","- ",,,"SAN FRANCISCO","SAN FRANCISCO",-122.39756774902344,37.718875885009766
9396439,2022,2022-06-15,3801,2022-05-21,0917,2461,SOUTH,6,5,7,3801,0,0,0,,0,3B14A,"FOLSOM ST","HARRIET ST",0.00,,Y,A,-,N,,,,,,,,,,N,4,0,1,2,A,-,08,22107,,F,D,G,A,A,H,-,A,D,0,,Y,,,Y,,A,01,0,0,1,0,0,0,1,0,0,"- ","- ",,,"SAN FRANCISCO","SAN FRANCISCO",-122.40613555908203,37.778076171875
9396440,2022,2022-06-15,3801,2022-05-21,2300,1503,S,6,5,7,3801,0,0,0,,0,3B12E,"2ND ST","HARRISON ST",0.00,,Y,A,-,N,,,,,,,,,,N,3,0,1,2,A,-,12,21453,A,N,D,J,A,A,H,-,C,A,0,,,,,Y,,-,,0,1,0,0,0,0,0,0,0,"- ","- ",,,"SAN FRANCISCO","SAN FRANCISCO",-122.39517974853516,37.784332275390625
9396441,2022,2022-11-09,3801,2022-05-21,2200,1453,CENTR,6,5,7,3801,0,0,0,,0,3A12D,"POWELL ST","POWELL ST 730",0.00,,N,A,-,N,,,,,,,,,,N,3,0,1,1,D,-,00,,,N,E,I,A,A,H,-,C,D,0,,,Y,,Y,,-,"- ",0,1,0,0,0,0,0,0,1,"- ","- ",,,"SAN FRANCISCO","SAN FRANCISCO",,
9396442,2022,2022-06-16,3801,2022-05-21,1807,582,CENTR,6,5,7,3801,0,0,0,,0,3A11D,"PINE ST","LARKIN ST",0.00,,Y,A,-,N,,,,,,,,,,N,4,0,1,2,A,-,11,21453,D,N,G,B,B,A,H,-,A,A,0,Y,,,,Y,,N,60,0,0,1,0,1,0,0,0,0,"- ","- ",,,"SAN FRANCISCO","SAN FRANCISCO",-122.41886138916016,37.789829254150391
9396443,2022,2022-10-31,3801,2022-05-19,2112,1709,INGLE,4,5,7,3801,0,0,0,,0,,"NAPLES ST","PERSIA AV",65.00,N,N,A,-,N,,,,,,,,,,Y,4,0,1,4,A,-,08,22107,,M,D,E,A,A,H,-,C,D,0,,,,,Y,,A,01,0,0,1,0,0,0,0,0,0,"- ","- ",,,"SAN FRANCISCO","SAN FRANCISCO",-122.43109130859375,37.721012115478516
9396444,2022,2022-06-16,3801,2022-05-19,0958,1118,SOUTH,4,5,7,3801,0,0,0,,0,3B14A,"MARKET ST","OCTAVIA ST",0.00,,Y,A,-,N,,,,,,,,,,N,3,0,1,2,A,-,08,22101,D,F,D,G,A,A,H,-,A,A,0,,Y,,,Y,,A,01,0,1,0,0,0,0,1,0,0,"- ","- ",,,"SAN FRANCISCO","SAN FRANCISCO",-122.42359161376953,37.771774291992188
9396445,2022,2022-06-16,3801,2022-05-20,1015,1268,CENTR,5,5,7,3801,0,0,0,,0,3A2,"PINE ST",DAVIS,0.00,,Y,A,-,N,,,,,,,,,,,4,0,1,2,A,-,10,21950,A,N,G,B,B,A,H,-,A,A,0,Y,,,,Y,,A,01,0,0,1,0,1,0,0,0,0,"- ","- ",,,"SAN FRANCISCO","SAN FRANCISCO",-122.3973388671875,37.792495727539062
9396446,2022,2022-06-16,3801,2022-05-20,1942,524,INGLE,5,5,7,3801,0,0,0,,0,,"GENEVA AV","BANNOCK ST",0.00,,Y,A,-,N,,,,,,,,,,Y,3,0,2,3,A,-,04,21703,,N,C,C,A,A,H,-,A,A,0,,,,,Y,,A,08,0,1,1,0,0,0,0,0,0,"- ","- ",,,"SAN FRANCISCO","SAN FRANCISCO",-122.44287109375,37.718280792236328
9396448,2022,2022-06-16,3801,2022-05-21,1055,2495,BAYVI,6,5,7,3801,0,0,0,,0,3C13A,"CASHMERE ST","HUDSON AV",240.00,S,N,A,-,N,,,,,,,,,,N,4,0,1,2,A,-,03,22350,,F,C,C,A,A,H,-,A,D,0,,,,,Y,,A,01,0,0,1,0,0,0,0,0,0,"- ","- ",,,"SAN FRANCISCO","SAN FRANCISCO",-122.38423919677734,37.73590087890625
9396449,2022,2022-06-16,3801,2022-05-21,0528,614,TARAV,6,5,7,3801,0,0,0,,0,01E,"LAWTON ST","AUTO DR",0.00,,Y,A,-,N,,,,,,,,,,Y,3,0,1,2,A,-,03,22350,,N,D,C,A,A,H,-,B,D,0,,,,,Y,,A,01,0,1,0,0,0,0,0,0,0,"- ","- ",,,"SAN FRANCISCO","SAN FRANCISCO",-122.46527099609375,37.758472442626953
9396450,2022,2022-06-16,3801,2022-05-22,1115,2461,SOUTH,7,5,7,3801,0,0,0,,0,3B15A,"6TH ST","BRYANT ST",20.00,N,N,A,-,N,,,,,,,,,,N,4,0,1,2,A,-,04,21703,,N,C,C,A,A,H,-,A,A,0,,,Y,,Y,,A,01,0,0,1,0,0,0,0,0,1,"- ","- ",,,"SAN FRANCISCO","SAN FRANCISCO",-122.40254974365234,37.776100158691406
9396451,2022,2022-06-16,3801,2022-05-11,2214,2035,MISSI,3,5,7,3801,0,0,0,,0,,"MISSION ST","ADMIRAL AV",71.00,S,N,A,-,N,,,,,,,,,,N,4,0,1,2,A,-,09,21801,A,F,B,G,A,A,-,-,C,D,0,,Y,,,Y,,A,01,0,0,1,0,0,0,1,0,0,"- ","- ",,,"SAN FRANCISCO","SAN FRANCISCO",-122.43030548095703,37.729709625244141
9396452,2022,2022-06-16,3801,2022-05-12,0720,1477,MISSI,4,5,7,3801,0,0,0,,0,3D13A,"24TH ST","SOUTH VAN NESS AV",0.00,,Y,A,-,N,,,,,,,,,,Y,4,0,1,2,A,-,12,21453,A,F,D,C,A,A,H,-,A,A,0,,,,,Y,Y,A,01,0,0,1,0,0,0,0,0,0,"- ","- ",,,"SAN FRANCISCO","SAN FRANCISCO",-122.41628265380859,37.75238037109375
9396458,2022,2022-06-16,3801,2022-05-26,1749,524,INGLE,4,5,7,3801,0,0,0,,0,3H116D,"SAN BRUNO AV","WARD ST",44.00,N,N,A,-,N,,,,,,,,,,N,2,0,1,2,A,-,03,22350,,N,D,C,A,A,H,-,B,D,0,,,Y,,Y,,C,02,1,0,0,0,0,0,0,0,1,"- ","- ",,,"SAN FRANCISCO","SAN FRANCISCO",-122.40049743652344,37.719287872314453
9396459,2022,2022-07-07,3801,2022-05-26,1107,1572,SOUTH,4,5,7,3801,0,0,0,,0,3B1A,"2ND ST","FOLSOM ST",0.00,,Y,A,-,N,,,,,,,,,,N,4,0,1,2,A,-,03,22350,A,N,C,C,A,A,H,-,A,A,0,,,,,Y,,M,94,0,0,1,0,0,0,0,0,0,"- ","- ",,,"SAN FRANCISCO","SAN FRANCISCO",-122.396728515625,37.785564422607422
9396460,2022,2022-06-16,3801,2022-05-24,0425,1350,BAYVI,2,5,7,3801,0,0,0,,0,3C12E,"PALOU AV","RANKIN ST",25.00,W,N,A,-,N,,,,,,,,,,Y,2,0,1,1,A,-,03,22350,,N,E,I,A,A,H,-,C,A,0,,,Y,,Y,,C,02,1,0,0,0,0,0,0,0,1,"- ","- ",,,"SAN FRANCISCO","SAN FRANCISCO",-122.39845275878906,37.738258361816406
9396461,2022,2022-06-15,3801,2022-05-20,1708,2469,BAYVI,5,5,7,3801,0,0,0,,0,3C15D,"ILLINOIS ST","HUMBOLDT ST",0.00,,Y,A,-,N,,,,,,,,,,N,4,0,1,1,D,-,00,,,N,H,-,A,A,H,-,A,D,0,,Y,,,Y,,-,"- ",0,0,1,0,0,0,1,0,0,"- ","- ",,,"SAN FRANCISCO","SAN FRANCISCO",-122.38723754882812,37.756782531738281
9396463,2022,2022-06-16,3801,2022-05-19,0920,4020,MISSI,4,5,7,3801,0,0,0,,0,3D11A,"17TH ST","POTRERO AV",0.00,,Y,A,-,N,,,,,,,,,,N,4,0,1,2,A,-,08,22107,,N,C,G,A,A,H,-,A,A,0,,Y,,,Y,,L,04,0,0,1,0,0,0,1,0,0,"- ","- ",,,"SAN FRANCISCO","SAN FRANCISCO",-122.40743255615234,37.764484405517578
9396465,2022,2022-06-15,3801,2022-05-22,1305,1418,TARAV,7,5,7,3801,0,0,0,,0,0I6,"VICTORIA ST","GARFIELD ST",51.00,N,N,A,-,N,,,,,,,,,,N,3,0,1,1,A,-,12,22450,A,N,E,I,A,A,H,-,A,A,0,,Y,,,Y,,L,04,0,1,0,0,0,0,1,0,0,"- ","- ",,,"SAN FRANCISCO","SAN FRANCISCO",-122.46536254882812,37.719810485839844
9396466,2022,2022-06-16,3801,2022-05-04,1703,1994,TRAFF,3,5,7,3801,0,0,0,,0,4B3D,"SACRAMENTO ST","DAVIS ST",0.00,,Y,A,-,N,,,,,,,,,,Y,4,0,3,2,A,-,12,21453,A,N,D,C,A,A,H,-,A,A,0,,,,,Y,,A,01,0,0,3,0,0,0,0,0,0,"- ","- ",,,"SAN FRANCISCO","SAN FRANCISCO",-122.39778900146484,37.794490814208984
9396467,2022,2022-06-16,3801,2022-05-12,1559,1994,TRAFF,4,5,7,3801,0,0,0,,0,4B3D,"BUSH ST","LARKIN ST",0.00,,Y,A,-,N,,,,,,,,,,Y,2,0,1,2,A,-,12,21453,A,N,D,C,A,A,H,-,A,A,0,,,Y,,Y,,A,01,1,0,0,0,0,0,0,0,1,"- ","- ",,,"SAN FRANCISCO","SAN FRANCISCO",-122.41867065429688,37.788902282714844
9396468,2022,2022-06-15,3801,2022-05-12,1611,1766,PARK,4,5,7,3801,0,0,0,,0,4B103,"HAYES ST","BRODERICK ST",226.00,W,N,A,-,N,,,,,,,,,,N,2,0,1,1,D,-,00,,,N,H,-,A,A,H,-,A,D,0,,Y,,,Y,,-,"- ",1,0,0,0,0,0,1,0,0,"- ","- ",,,"SAN FRANCISCO","SAN FRANCISCO",-122.44024658203125,37.774665832519531
9396472,2022,2022-06-16,3801,2022-05-28,2107,2459,SOUTH,6,5,7,3801,0,0,0,,0,3B14E,"17TH ST","VERMONT ST",0.00,,Y,A,-,N,,,,,,,,,,N,3,0,1,2,A,-,12,22450,A,N,D,G,A,A,H,-,C,D,0,,Y,,,Y,,A,01,0,1,0,0,0,0,1,0,0,"- ","- ",,,"SAN FRANCISCO","SAN FRANCISCO",-122.40448760986328,37.764682769775391
9396473,2022,2022-06-16,3801,2022-05-28,1813,2168,CENTR,6,5,7,3801,0,0,0,,0,3A12D,"GRANT AV","GEARY ST",0.00,,Y,A,-,N,,,,,,,,,,N,2,0,1,2,A,-,17,21663,,N,G,B,F,A,H,-,A,A,0,Y,,,,Y,,A,01,1,0,0,0,1,0,0,0,0,"- ","- ",,,"SAN FRANCISCO","SAN FRANCISCO",-122.40503692626953,37.787742614746094
9396474,2022,2022-06-15,3801,2022-05-27,1515,2355,TARAV,5,5,7,3801,0,0,0,,0,0I5,"OCEAN AV","CLEARFIELD DR",0.00,,Y,A,-,N,,,,,,,,,,N,3,0,1,2,A,-,12,22450,A,N,D,G,A,A,H,-,A,A,0,,Y,,,Y,,A,01,0,1,0,0,0,0,1,0,0,"- ","- ",,,"SAN FRANCISCO","SAN FRANCISCO",-122.49143981933594,37.732021331787109
9396475,2022,2022-06-16,3801,2022-05-25,1400,1053,TARAV,3,5,7,3801,0,0,0,,0,3I12A,"19TH AV","ORTEGA ST",26.00,N,N,A,-,N,,,,,,,,,,N,4,0,1,2,A,-,04,21703,,N,C,C,A,A,H,-,A,A,0,,,Y,,Y,,C,02,0,0,1,0,0,0,0,0,1,"- ","- ",,,"SAN FRANCISCO","SAN FRANCISCO",-122.476318359375,37.752429962158203
9396476,2022,2022-06-15,3801,2022-05-27,1315,2262,TARAV,5,5,7,3801,0,0,0,,0,3I15A,"GONZALEZ DR","CARDENAS AV",75.00,S,N,A,-,N,,,,,,,,,,N,4,0,1,2,A,-,03,22350,,N,D,E,A,A,H,-,A,D,0,,,Y,,Y,,C,02,0,0,1,0,0,0,0,0,1,"- ","- ",,,"SAN FRANCISCO","SAN FRANCISCO",-122.47548675537109,37.718784332275391