CASE_ID,ACCIDENT_YEAR,PROC_DATE,JURIS,COLLISION_DATE,COLLISION_TIME,OFFICER_ID,REPORTING_DISTRICT,DAY_OF_WEEK,CHP_SHIFT,POPULATION,CNTY_CITY_LOC,SPECIAL_COND,BEAT_TYPE,CHP_BEAT_TYPE,CITY_DIVISION_LAPD,CHP_BEAT_CLASS,BEAT_NUMBER,PRIMARY_RD,SECONDARY_RD,DISTANCE,DIRECTION,INTERSECTION,WEATHER_1,WEATHER_2,STATE_HWY_IND,CALTRANS_COUNTY,CALTRANS_DISTRICT,STATE_ROUTE,ROUTE_SUFFIX,POSTMILE_PREFIX,POSTMILE,LOCATION_TYPE,RAMP_INTERSECTION,SIDE_OF_HWY,TOW_AWAY,COLLISION_SEVERITY,NUMBER_KILLED,NUMBER_INJURED,PARTY_COUNT,PRIMARY_COLL_FACTOR,PCF_CODE_OF_VIOL,PCF_VIOL_CATEGORY,PCF_VIOLATION,PCF_VIOL_SUBSECTION,HIT_AND_RUN,TYPE_OF_COLLISION,MVIW,PED_ACTION,ROAD_SURFACE,ROAD_COND_1,ROAD_COND_2,LIGHTING,CONTROL_DEVICE,CHP_ROAD_TYPE,PEDESTRIAN_ACCIDENT,BICYCLE_ACCIDENT,MOTORCYCLE_ACCIDENT,TRUCK_ACCIDENT,NOT_PRIVATE_PROPERTY,ALCOHOL_INVOLVED,STWD_VEHTYPE_AT_FAULT,CHP_VEHTYPE_AT_FAULT,COUNT_SEVERE_INJ,COUNT_VISIBLE_INJ,COUNT_COMPLAINT_PAIN,COUNT_PED_KILLED,COUNT_PED_INJURED,COUNT_BICYCLIST_KILLED,COUNT_BICYCLIST_INJURED,COUNT_MC_KILLED,COUNT_MC_INJURED,PRIMARY_RAMP,SECONDARY_RAMP,LATITUDE,LONGITUDE,COUNTY,CITY,POINT_X,POINT_Y
9396477,2022,2022-06-16,3801,2022-05-27,0941,1210,TARAV,5,5,7,3801,0,0,0,,0,0I2,"SUNSET BL","WAWONA ST",0.00,,Y,A,-,N,,,,,,,,,,N,4,0,1,2,A,-,12,21453,A,N,D,C,A,A,H,-,A,A,0,,,,,Y,,A,08,0,0,1,0,0,0,0,0,0,"- ","- ",,,"SAN FRANCISCO","SAN FRANCISCO",-122.49413299560547,37.736629486083984
9396478,2022,2022-06-16,3801,2022-05-28,2054,2391,NORTH,6,5,7,3801,0,0,0,,0,3E13E,"POLK ST","TURK ST",12.00,S,N,A,-,N,,,,,,,,,,Y,4,0,1,2,A,-,03,22350,,F,C,C,A,A,H,-,C,A,0,,,,,Y,,A,01,0,0,1,0,0,0,0,0,0,"- ","- ",,,"SAN FRANCISCO","SAN FRANCISCO",-122.41899108886719,37.782138824462891
9396479,2022,2022-10-31,3801,2022-05-28,1435,1886,NORTH,6,5,7,3801,0,0,0,,0,3E44C,"VAN NESS AV",BROADWAY,0.00,,Y,A,-,N,,,,,,,,,,Y,4,0,1,4,A,-,08,22101,D,N,A,C,A,A,H,-,A,A,0,,,,,Y,,A,01,0,0,1,0,0,0,0,0,0,"- ","- ",,,"SAN FRANCISCO","SAN FRANCISCO",-122.42332458496094,37.795753479003906
9396480,2022,2022-06-16,3801,2022-05-28,1124,390,PARK,6,5,7,3801,0,0,0,,0,003,"FULTON ST","BRODERICK ST",0.00,,Y,A,-,N,,,,,,,,,,Y,4,0,2,3,A,-,12,21453,A,N,B,C,A,A,H,-,A,A,0,,,,,Y,,A,01,0,0,2,0,0,0,0,0,0,"- ","- ",,,"SAN FRANCISCO","SAN FRANCISCO",-122.43984222412109,37.776634216308594
9400421,2022,2022-02-15,3801,2022-01-21,1750,2355,TARAV,5,5,7,3801,0,0,0,,0,0I3,"SLOAT BL","42ND AV",22.00,E,N,A,-,N,,,,,,,,,,N,3,0,1,2,A,-,17,21209,A,N,C,G,A,A,H,-,C,D,0,,Y,,,Y,,A,01,0,1,0,0,0,0,1,0,0,"- ","- ",,,"SAN FRANCISCO","SAN FRANCISCO",-122.50000762939453,37.734867095947266
9400422,2022,2022-02-15,3801,2022-01-20,2100,1856,INGLE,4,5,7,3801,0,0,0,,0,0I5,"ALEMANY BL","SAN JOSE AV",0.00,,Y,A,-,N,,,,,,,,,,N,4,0,2,2,A,-,04,21703,,F,C,-,A,A,H,-,C,A,0,,,,,Y,Y,A,01,0,0,2,0,0,0,0,0,0,"- ","- ",,,"SAN FRANCISCO","SAN FRANCISCO",-122.45709991455078,37.710071563720703
9400423,2022,2022-02-15,3801,2022-01-23,1630,1661,TARAV,7,5,7,3801,0,0,0,,0,"3 CAR","LINCOLN WY","45TH AV",0.00,,Y,A,-,N,,,,,,,,,,Y,4,0,1,2,A,-,12,22450,A,N,F,C,A,A,H,-,A,A,0,,,,,Y,,A,01,0,0,1,0,0,0,0,0,0,"- ","- ",,,"SAN FRANCISCO","SAN FRANCISCO",-122.50511932373047,37.764205932617188
9400424,2022,2022-02-18,3801,2022-01-21,2242,1402,SOUTH,5,5,7,3801,0,0,0,,0,3B12E,"BRANNAN ST","BRANNAN ST 518",0.00,,-,A,-,N,,,,,,,,,,N,4,0,1,2,A,-,08,22102,,N,D,-,A,A,H,-,C,D,0,,,,,Y,,A,01,0,0,1,0,0,0,0,0,0,"- ","- ",,,"SAN FRANCISCO","SAN FRANCISCO",,
9400426,2022,2022-03-14,3801,2022-01-10,1010,1003,INGLE,1,5,7,3801,0,0,0,,0,INGSD4,"MONTEREY BL","CONGO ST",0.00,,Y,A,-,N,,,,,,,,,,Y,4,0,2,2,-,-,"- ",,,N,D,C,A,A,-,-,A,A,0,,,,,Y,,-,"- ",0,0,2,0,0,0,0,0,0,"- ","- ",,,"SAN FRANCISCO","SAN FRANCISCO",-122.44203186035156,37.731590270996094
9400427,2022,2022-02-15,3801,2022-01-22,2058,2733,SOUTH,6,5,7,3801,0,0,0,,0,0B5,"CHANNEL ST","4TH ST",0.00,,Y,A,-,N,,,,,,,,,,N,3,0,1,2,A,-,03,22350,,F,G,B,E,A,H,-,C,A,0,Y,,,,Y,,A,01,0,1,0,0,1,0,0,0,0,"- ","- ",,,"SAN FRANCISCO","SAN FRANCISCO",-122.39166259765625,37.774368286132812
9400428,2022,2022-02-23,3801,2022-01-20,1125,1418,TARAV,4,5,7,3801,0,0,0,,0,0I5,"RT 1","CRESPI DR",102.00,S,N,A,-,Y,SF,4,1,-,-,0.860,H,-,N,Y,4,0,1,2,A,-,04,21703,,N,C,C,A,A,H,-,A,A,0,,,,,Y,,A,08,0,0,1,0,0,0,0,0,0,"- ","- ",,,"SAN FRANCISCO","SAN FRANCISCO",-122.47508239746094,37.720024108886719
9400430,2022,2022-02-15,3801,2022-01-21,0744,2485,CENTR,5,5,7,3801,0,0,0,,0,"1 CAR","CALIFORNIA ST","TAYLOR ST",0.00,,Y,A,-,N,,,,,,,,,,Y,4,0,1,2,A,-,12,21453,A,N,D,C,A,A,H,-,A,A,0,,,,,Y,,A,01,0,0,1,0,0,0,0,0,0,"- ","- ",,,"SAN FRANCISCO","SAN FRANCISCO",-122.41246032714844,37.791610717773438
9400465,2022,2022-02-18,3801,2022-01-19,1327,1053,TARAV,3,5,7,3801,0,0,0,,0,3I13A,"42ND AV","TARAVAL ST",304.00,S,N,A,-,N,,,,,,,,,,Y,4,0,1,2,A,-,06,21755,A,N,D,C,A,A,H,-,A,D,0,,,,,Y,,A,01,0,0,1,0,0,0,0,0,0,"- ","- ",,,"SAN FRANCISCO","SAN FRANCISCO",-122.50026702880859,37.741165161132812
9400466,2022,2022-02-18,3801,2022-01-19,1147,1362,RICHM,3,5,7,3801,0,0,0,,0,G13A,"GEARY BL","5TH AV",0.00,,Y,A,-,N,,,,,,,,,,N,4,0,1,2,A,-,12,21453,A,N,D,C,A,A,H,-,A,A,0,,,,,Y,,A,01,0,0,1,0,0,0,0,0,0,"- ","- ",,,"SAN FRANCISCO","SAN FRANCISCO",-122.46322631835938,37.781135559082031
9400467,2022,2022-05-27,3801,2022-01-02,2058,1149,MISSI,7,5,7,3801,0,0,0,,0,3D14D,"MISSION ST","14TH ST",20.00,S,N,A,-,N,,,,,,,,,,N,3,0,1,2,D,-,00,,,N,C,-,A,A,H,-,C,A,0,,,,,Y,,-,"- ",0,1,0,0,0,0,0,0,0,"- ","- ",,,"SAN FRANCISCO","SAN FRANCISCO",-122.41996765136719,37.768234252929688
9400468,2022,2022-03-08,3801,2022-01-23,2012,2744,SOUTH,7,5,7,3801,0,0,0,,0,005,"7TH ST","KING ST",0.00,,Y,A,-,N,,,,,,,,,,Y,4,0,2,2,A,-,08,22100,B,N,D,C,A,A,H,-,C,D,0,,,,,Y,,A,01,0,0,2,0,0,0,0,0,0,"- ","- ",,,"SAN FRANCISCO","SAN FRANCISCO",-122.40081024169922,37.771137237548828
9400472,2022,2022-02-18,3801,2022-01-11,1233,327,MISSI,2,5,7,3801,0,0,0,,0,3D11C,"DOLORES ST","14TH ST",0.00,,Y,A,-,N,,,,,,,,,,Y,4,0,3,2,A,-,09,21801,A,N,D,C,A,A,H,-,A,A,0,,,,,Y,,A,01,0,0,3,0,0,0,0,0,0,"- ","- ",,,"SAN FRANCISCO","SAN FRANCISCO",-122.42677307128906,37.767879486083984
9400473,2022,2022-02-18,3801,2022-01-20,1615,4132,MISSI,4,5,7,3801,0,0,0,,0,"6 CAR","POTRERO AV","18TH ST",0.00,,Y,A,-,N,,,,,,,,,,N,4,0,1,2,A,-,10,21950,A,N,G,B,B,A,H,-,B,A,0,Y,,,,Y,,A,08,0,0,1,0,1,0,0,0,0,"- ","- ",,,"SAN FRANCISCO","SAN FRANCISCO",-122.40721893310547,37.761928558349609
9400474,2022,2022-02-18,3801,2022-01-24,1700,1613,MISSI,1,5,7,3801,0,0,0,,0,3D00,"MARKET ST","VAN NESS AV",0.00,,Y,A,-,N,,,,,,,,,,N,4,0,1,2,A,-,08,22107,,N,B,G,A,A,H,-,A,A,0,,Y,,,Y,,L,04,0,0,1,0,0,0,1,0,0,"- ","- ",,,"SAN FRANCISCO","SAN FRANCISCO",-122.41925811767578,37.775169372558594
9400475,2022,2022-02-18,3801,2022-01-23,1703,327,MISSI,7,5,7,3801,0,0,0,,0,3D11C,"POTRERO AV","22ND ST",28.00,N,N,A,-,N,,,,,,,,,,Y,2,0,1,2,A,-,07,21658,A,F,B,C,A,A,H,-,A,D,0,,,,,Y,,A,01,1,0,0,0,0,0,0,0,0,"- ","- ",,,"SAN FRANCISCO","SAN FRANCISCO",-122.40670776367188,37.756916046142578
9400476,2022,2022-03-08,3801,2022-01-16,1258,993,SOUTH,7,5,7,3801,0,0,0,,0,"4 CAR","9TH ST","HARRISON ST",0.00,,Y,A,-,N,,,,,,,,,,,4,0,5,2,A,-,12,21453,A,N,D,C,A,A,H,-,A,A,0,,,,,Y,,A,01,0,0,5,0,0,0,0,0,0,"- ","- ",,,"SAN FRANCISCO","SAN FRANCISCO",-122.41004943847656,37.772533416748047
9400477,2022,2022-03-08,3801,2022-01-25,1840,341,BAYVI,2,5,7,3801,0,0,0,,0,3C12D,"PALOU AV","QUINT ST",180.00,E,N,A,-,N,,,,,,,,,,Y,2,0,1,2,A,-,04,21703,,N,C,C,A,A,H,-,C,A,0,,,,,Y,,A,01,1,0,0,0,0,0,0,0,0,"- ","- ",,,"SAN FRANCISCO","SAN FRANCISCO",-122.39602661132812,37.736900329589844
9400478,2022,2022-02-18,3801,2022-01-02,1133,4356,INGLE,7,5,7,3801,0,0,0,,0,3H12C,"ATHENS ST","PERSIA AV",0.00,,Y,A,-,N,,,,,,,,,,Y,4,0,2,2,A,-,12,22450,A,N,D,C,A,A,H,-,A,A,0,,,,,Y,,A,01,0,0,2,0,0,0,0,0,0,"- ","- ",,,"SAN FRANCISCO","SAN FRANCISCO",-122.42958831787109,37.720088958740234
9400479,2022,2022-02-18,3801,2022-01-22,1455,A21165,NORTH,6,5,7,3801,0,0,0,,0,3E93F,"MARKET ST","BATTERY ST",126.00,W,N,A,-,N,,,,,,,,,,N,3,0,1,1,B,-,22,,,N,H,J,A,A,H,-,A,D,0,,Y,,,Y,,L,04,0,1,0,0,0,0,1,0,0,"- ","- ",,,"SAN FRANCISCO","SAN FRANCISCO",-122.39982604980469,37.790531158447266
9400480,2022,2022-02-18,3801,2022-01-25,2356,4124,INGLE,2,5,7,3801,0,0,0,,0,INGLES,"TINGLEY ST","ALEMANY BL",0.00,,Y,A,-,N,,,,,,,,,,N,4,0,1,2,A,-,10,21950,A,F,-,B,B,A,H,-,A,A,0,Y,,,,Y,,-,,0,0,1,0,1,0,0,0,0,"- ","- ",,,"SAN FRANCISCO","SAN FRANCISCO",-122.43402099609375,37.729358673095703
9400541,2022,2022-02-14,3801,2022-01-20,1724,2407,MISSI,4,5,7,3801,0,0,0,,0,3D13D,"HARRISON ST","14TH ST",10.00,N,N,-,-,N,,,,,,,,,,N,4,0,1,2,A,-,08,22100,A,F,D,C,A,A,H,-,C,A,0,,,,,Y,,I,11,0,0,1,0,0,0,0,0,0,"- ","- ",,,"SAN FRANCISCO","SAN FRANCISCO",-122.41344451904297,37.768688201904297
9400553,2022,2022-03-03,3801,2022-01-04,1559,104,TRAFF,2,5,7,3801,0,0,0,,0,104,"GENEVA AV","MISSION ST",5.00,W,N,B,-,N,,,,,,,,,,N,4,0,1,2,A,-,10,21950,A,N,G,B,B,A,H,-,A,A,0,Y,,,Y,Y,,F,27,0,0,1,0,1,0,0,0,0,"- ","- ",,,"SAN FRANCISCO","SAN FRANCISCO",-122.44100952148438,37.716403961181641
9400557,2021,2022-03-01,3801,2021-12-28,0845,1422,TRAFF,2,5,7,3801,0,0,0,,0,4B1E,"IRVING ST","5TH AV",0.00,,Y,B,-,N,,,,,,,,,,Y,4,0,2,2,A,-,09,21802,A,N,D,F,A,A,H,-,A,A,0,,,,,Y,,D,22,0,0,2,0,0,0,0,0,0,"- ","- ",,,"SAN FRANCISCO","SAN FRANCISCO",-122.46204376220703,37.764232635498047
9400568,2022,2022-02-22,3801,2022-01-21,0039,740,MISSI,5,5,7,3801,0,0,0,,0,0D2,"CESAR CHAVEZ ST","GUERRERO ST",234.00,W,N,B,-,N,,,,,,,,,,Y,3,0,1,4,A,-,01,23152,A,N,A,E,A,A,H,-,C,D,0,,,,,Y,Y,A,01,0,1,0,0,0,0,0,0,0,"- ","- ",,,"SAN FRANCISCO","SAN FRANCISCO",-122.42328643798828,37.747966766357422
9400576,2022,2022-03-15,3801,2022-01-20,0028,2186,NORTH,4,5,7,3801,0,0,0,,0,3E13E,"VAN NESS AV","CLAY ST",0.00,,Y,A,-,N,,,,,,,,,,Y,3,0,2,2,A,-,08,22107,,N,C,C,A,A,H,-,C,A,0,,,,,Y,,A,07,0,1,1,0,0,0,0,0,0,"- ","- ",,,"SAN FRANCISCO","SAN FRANCISCO",-122.422607421875,37.792186737060547
9400641,2022,2022-02-22,3801,2022-01-25,0637,101,INGLE,2,5,7,3801,0,0,0,,0,3H15A,"GENEVA AV","ATHENS AV",0.00,,Y,A,-,N,,,,,,,,,,N,4,0,1,2,A,-,09,21804,A,N,D,C,A,A,H,-,C,A,0,,,,,Y,,-,,0,0,1,0,0,0,0,0,0,"- ","- ",,,"SAN FRANCISCO","SAN FRANCISCO",-122.43453979492188,37.713474273681641
9400642,2022,2022-02-22,3801,2022-01-26,1400,1355,TARAV,3,5,7,3801,0,0,0,,0,3116B,"SKYLINE BL","LAKE MERCED BL",49.00,N,N,A,-,N,,,,,,,,,,N,4,0,1,2,A,-,08,22107,,N,D,G,A,A,-,-,A,D,0,,Y,,,Y,,A,01,0,0,1,0,0,0,1,0,0,"- ","- ",,,"SAN FRANCISCO","SAN FRANCISCO",-122.49884033203125,37.731639862060547
9400643,2022,2022-02-22,3801,2022-01-25,1720,1368,CENTR,2,5,7,3801,0,0,0,,0,3A14D,"COLUMBUS AV","FILBERT ST",0.00,,Y,A,-,N,,,,,,,,,,N,4,0,1,1,A,-,03,22350,,N,F,A,A,A,H,-,C,A,0,,,Y,,Y,,C,03,0,0,1,0,0,0,0,0,1,"- ","- ",,,"SAN FRANCISCO","SAN FRANCISCO",-122.41136169433594,37.801116943359375
9400644,2022,2022-05-10,3801,2022-01-13,1204,4095,RICHM,4,5,7,3801,0,0,0,,0,001,"GREAT HWY","LINCOLN WY",1282.00,N,N,A,-,N,,,,,,,,,,Y,4,0,1,1,A,-,03,22350,,N,F,I,A,A,H,-,A,D,0,,,,,Y,,A,07,0,0,1,0,0,0,0,0,0,"- ","- ",,,"SAN FRANCISCO","SAN FRANCISCO",-122.510498046875,37.767555236816406
9400646,2022,2022-02-22,3801,2022-01-12,1411,649,INGLE,3,5,7,3801,0,0,0,,0,3H16C,"CORTLAND AV","ELSIE ST",5.00,W,N,A,-,N,,,,,,,,,,N,3,0,1,1,-,-,"- ",,,N,H,A,A,A,H,-,A,D,0,,Y,,,Y,,-,"- ",0,1,0,0,0,0,1,0,0,"- ","- ",,,"SAN FRANCISCO","SAN FRANCISCO",-122.41975402832031,37.739768981933594
9400649,2022,2022-02-22,3801,2022-01-11,1716,2215,NORTH,2,5,7,3801,0,0,0,,0,3E12D,"SCOTT ST","ELLIS ST",10.00,S,N,A,-,N,,,,,,,,,,N,3,0,1,2,A,-,10,21950,A,N,G,B,B,A,H,-,A,A,0,Y,,,,Y,,A,01,0,1,0,0,1,0,0,0,0,"- ","- ",,,"SAN FRANCISCO","SAN FRANCISCO",-122.43745422363281,37.781703948974609
9400655,2022,2022-02-22,3801,2022-01-18,1900,2113,SOUTH,2,5,7,3801,0,0,0,,0,003,"8TH ST","HOWARD ST",0.00,,Y,A,-,N,,,,,,,,,,N,3,0,1,2,D,-,00,,,N,G,B,B,A,H,-,C,A,0,Y,,,,Y,,-,"- ",0,1,0,0,1,0,0,0,0,"- ","- ",,,"SAN FRANCISCO","SAN FRANCISCO",-122.41159057617188,37.776229858398438
9400658,2022,2022-02-22,3801,2022-01-19,2011,2102,BAYVI,3,5,7,3801,0,0,0,,0,3C30,"SAN BRUNO AV","SILVER AV",0.00,,Y,A,-,N,,,,,,,,,,N,4,0,1,2,A,-,10,21950,A,N,G,B,F,A,H,-,C,D,0,Y,,,,Y,,A,01,0,0,1,0,1,0,0,0,0,"- ","- ",,,"SAN FRANCISCO","SAN FRANCISCO",-122.40561676025391,37.732444763183594
9400659,2022,2022-02-22,3801,2022-01-19,1051,1628,RICHM,3,5,7,3801,0,0,0,,0,4SECTO,"29TH AV","BALBOA ST",0.00,,Y,A,-,N,,,,,,,,,,Y,4,0,1,2,A,-,09,21800,A,N,D,C,A,A,H,-,A,A,0,,,,,Y,,A,01,0,0,1,0,0,0,0,0,0,"- ","- ",,,"SAN FRANCISCO","SAN FRANCISCO",-122.48876953125,37.776115417480469
9400660,2022,2022-02-22,3801,2022-01-17,1859,1520,BAYVI,1,5,7,3801,0,0,0,,0,0C5,"CARROLL AV","3RD ST",45.00,E,N,A,-,N,,,,,,,,,,N,3,0,1,2,A,-,08,22107,,F,D,G,A,A,H,-,C,D,0,,Y,,,Y,,A,01,0,1,0,0,0,0,1,0,0,"- ","- ",,,"SAN FRANCISCO","SAN FRANCISCO",-122.39424133300781,37.725448608398438
9400684,2022,2022-02-15,3801,2022-01-20,0825,2210,SOUTH,4,5,7,3801,0,0,0,,0,0B4,"SOUTH VAN NESS AV","PLUM ST",78.00,N,N,A,B,N,,,,,,,,,,Y,4,0,2,2,A,-,21,22106,,N,D,C,A,A,H,-,A,D,0,,,,,Y,,A,01,0,0,2,0,0,0,0,0,0,"- ","- ",,,"SAN FRANCISCO","SAN FRANCISCO",-122.41797637939453,37.771076202392578
9400685,2022,2022-02-15,3801,2022-01-17,1753,1750,NORTH,1,5,7,3801,0,0,0,,0,0E3,"GEARY ST","GOUGH ST",12.00,W,N,A,-,N,,,,,,,,,,N,4,0,1,2,A,-,10,21950,A,F,G,B,B,A,H,-,C,A,0,Y,,,,Y,,-,"- ",0,0,1,0,1,0,0,0,0,"- ","- ",,,"SAN FRANCISCO","SAN FRANCISCO",-122.42472839355469,37.785411834716797
9400686,2022,2022-02-15,3801,2022-01-17,1539,2215,NORTH,1,5,7,3801,0,0,0,,0,3E12D,"GOLDEN GATE AV","STEINER ST",25.00,W,N,A,-,N,,,,,,,,,,Y,4,0,4,2,A,-,08,22107,,N,B,C,A,A,H,-,A,A,0,,,,,Y,,A,01,0,0,4,0,0,0,0,0,0,"- ","- ",,,"SAN FRANCISCO","SAN FRANCISCO",-122.43366241455078,37.779338836669922
9400687,2022,2022-03-01,3801,2022-01-18,1820,4269,INGLE,2,5,7,3801,0,0,0,,0,3H12C,"DOLORES ST","SAN JOSE AV",0.00,,Y,A,-,N,,,,,,,,,,N,4,0,2,2,A,-,03,22350,,N,C,C,A,A,H,-,C,A,0,,,,,Y,,A,01,0,0,2,0,0,0,0,0,0,"- ","- ",,,"SAN FRANCISCO","SAN FRANCISCO",-122.42414093017578,37.740276336669922
9400688,2022,2022-02-15,3801,2022-01-22,1630,4047,MISSI,6,5,7,3801,0,0,0,,0,3D11D,"VALENCIA ST","16TH ST",0.00,,Y,A,-,N,,,,,,,,,,N,4,0,1,2,A,-,04,21703,,N,C,C,A,A,H,-,A,A,0,,,,,Y,,A,01,0,0,1,0,0,0,0,0,0,"- ","- ",,,"SAN FRANCISCO","SAN FRANCISCO",-122.42189025878906,37.764907836914062
9400855,2022,2022-02-11,3801,2022-01-18,2244,2303,PARK,2,5,7,3801,0,0,0,,0,3CAR,"SAINT JOSEPHS AV","OFARRELL ST",0.00,,Y,A,-,N,,,,,,,,,,Y,3,0,1,4,A,-,03,22350,,N,C,E,A,A,H,-,C,D,0,,,,,Y,,A,07,0,1,0,0,0,0,0,0,0,"- ","- ",,,"SAN FRANCISCO","SAN FRANCISCO",-122.44178009033203,37.78228759765625
9401106,2021,2022-02-23,3801,2021-12-16,1000,2376,SOUTH,4,5,7,3801,0,0,0,,0,3B12A,"3RD ST","MISSION BAY BL S",0.00,,Y,A,-,N,,,,,,,,,,Y,4,0,1,2,A,-,03,22350,,N,D,C,A,A,H,-,A,A,0,,,,,Y,,A,01,0,0,1,0,0,0,0,0,0,"- ","- ",,,"SAN FRANCISCO","SAN FRANCISCO",-122.38957977294922,37.770687103271484
9401107,2021,2022-02-11,3801,2021-12-31,1034,2266,INGLE,5,5,7,3801,0,0,0,,0,3H11A,"ONONDAGA AV","MISSION ST",81.00,W,N,A,-,N,,,,,,,,,,N,4,0,1,2,A,-,09,21804,A,N,D,C,A,A,H,-,A,D,0,,,,,Y,,A,01,0,0,1,0,0,0,0,0,0,"- ","- ",,,"SAN FRANCISCO","SAN FRANCISCO",-122.43775177001953,37.72125244140625
9401108,2021,2022-02-11,3801,2021-12-25,1015,1250,SOUTH,6,5,7,3801,0,0,0,,0,3B14A,"MARKET ST","GOUGH ST",0.00,,Y,C,-,N,,,,,,,,,,Y,4,0,2,2,A,-,12,21453,A,N,D,C,A,B,H,-,A,A,0,,,,,Y,,-,"- ",0,0,2,0,0,0,0,0,0,"- ","- ",,,"SAN FRANCISCO","SAN FRANCISCO",-122.42221069335938,37.772872924804688
9403359,2022,2022-03-18,3801,2022-02-17,1632,334,BAYVI,4,5,7,3801,0,0,0,,0,0C2,"BAYSHORE BL","BAYSHORE BL 491",0.00,,-,A,-,N,,,,,,,,,,N,4,0,1,2,A,-,11,21456,C,N,-,B,B,A,H,-,A,A,0,Y,,,,Y,,N,60,0,0,1,0,1,0,0,0,0,"- ","- ",,,"SAN FRANCISCO","SAN FRANCISCO",-122.40431213378906,37.745937347412109
9403535,2022,2022-03-15,3801,2022-01-30,2007,2085,RICHM,7,5,7,3801,0,0,0,,0,3G5D,"FULTON ST","44TH AV",0.00,,Y,A,-,N,,,,,,,,,,Y,2,0,1,2,A,-,09,21804,A,N,D,C,A,A,H,-,C,A,0,,,Y,,Y,,A,01,1,0,0,0,0,0,0,0,1,"- ","- ",,,"SAN FRANCISCO","SAN FRANCISCO",-122.50456237792969,37.771633148193359
9403536,2022,2022-03-15,3801,2022-01-12,1200,2025,INGLE,3,5,7,3801,0,0,0,,0,3H16C,"SUNNYDALE AV","HAHN ST",0.00,,Y,A,-,N,,,,,,,,,,N,2,0,1,2,A,-,10,21950,A,N,G,B,B,A,H,-,A,D,0,Y,,,,Y,,I,09,1,0,0,0,1,0,0,0,0,"- ","- ",,,"SAN FRANCISCO","SAN FRANCISCO",-122.41603088378906,37.711925506591797
9403537,2022,2022-03-21,3801,2022-01-31,2224,2154,TARAV,1,5,7,3801,0,0,0,,0,3I11E,"OCEAN AV","JULES AV",0.00,,Y,A,-,N,,,,,,,,,,N,3,0,1,2,A,-,09,21801,A,N,D,C,A,A,H,-,C,A,0,,,Y,,Y,,A,01,0,1,0,0,0,0,0,0,1,"- ","- ",,,"SAN FRANCISCO","SAN FRANCISCO",-122.46123504638672,37.724948883056641
9403538,2022,2022-05-09,3801,2022-01-15,1815,2020,SOUTH,6,5,7,3801,0,0,0,,0,3CAR,"MARKET ST","SOUTH VAN NESS",0.00,,Y,A,B,N,,,,,,,,,,N,4,0,1,2,A,-,08,22101,D,N,D,G,A,A,H,-,C,A,0,,Y,,,Y,,A,01,0,0,1,0,0,0,1,0,0,"- ","- ",,,"SAN FRANCISCO","SAN FRANCISCO",-122.41925811767578,37.775169372558594
9403539,2022,2022-03-15,3801,2022-01-26,0422,933,CENTR,3,5,7,3801,0,0,0,,0,0A2,"PINE ST","MONTGOMERY ST",0.00,,Y,A,-,N,,,,,,,,,,N,4,0,1,2,A,-,05,21650,1,N,D,G,A,A,H,-,C,A,0,,Y,,,Y,Y,L,04,0,0,1,0,0,0,1,0,0,"- ","- ",,,"SAN FRANCISCO","SAN FRANCISCO",-122.40254974365234,37.791919708251953
9403545,2021,2022-03-15,3801,2021-12-30,0711,1525,TENDE,4,5,7,3801,0,0,0,,0,3J13A,"ELLIS ST","ELLIS ST  710",0.00,,Y,A,-,N,,,,,,,,,,N,4,0,1,2,A,-,09,21804,A,N,B,C,A,A,H,-,A,D,0,,,,,Y,,A,01,0,0,1,0,0,0,0,0,0,"- ","- ",,,"SAN FRANCISCO","SAN FRANCISCO",,
9403600,2022,2022-04-19,3801,2022-01-06,1949,643,TARAV,4,5,7,3801,0,0,0,,0,3II3D,"PORTOLA DR","ST FRANCIS BL",0.00,,Y,C,-,N,,,,,,,,,,Y,3,0,1,1,A,-,03,22350,,N,E,I,A,B,H,-,C,D,0,,,,,Y,,A,01,0,1,0,0,0,0,0,0,0,"- ","- ",,,"SAN FRANCISCO","SAN FRANCISCO",-122.47153472900391,37.734760284423828
9403611,2022,2022-03-18,3801,2022-02-12,1512,2379,INGLE,6,5,7,3801,0,0,0,,0,3H11C,"PORTOLA DR","TWIN PEAKS BL",0.00,,Y,A,-,N,,,,,,,,,,N,3,0,1,2,A,-,11,21954,A,N,G,B,E,A,H,-,A,A,0,Y,,,,Y,,N,60,0,1,0,0,1,0,0,0,0,"- ","- ",,,"SAN FRANCISCO","SAN FRANCISCO",-122.45082855224609,37.74591064453125
9403613,2022,2022-03-17,3801,2022-02-15,0715,2339,PARK,2,5,7,3801,0,0,0,,0,3F13A,"GOUGH ST","FULTON ST",0.00,,Y,A,-,N,,,,,,,,,,Y,4,0,1,2,A,-,07,21658,A,N,E,I,A,A,H,-,A,A,0,,,,,Y,,D,22,0,0,1,0,0,0,0,0,0,"- ","- ",,,"SAN FRANCISCO","SAN FRANCISCO",-122.42334747314453,37.778751373291016
9403615,2022,2022-03-17,3801,2022-02-14,0726,375,BAYVI,1,5,7,3801,0,0,0,,0,3801,"3RD ST","EVANS AV",0.00,,Y,B,-,N,,,,,,,,,,Y,4,0,1,2,A,-,12,21453,A,N,D,C,A,A,-,-,B,A,0,,,,,Y,,A,01,0,0,1,0,0,0,0,0,0,"- ","- ",,,"SAN FRANCISCO","SAN FRANCISCO",-122.38801574707031,37.742733001708984
9403617,2022,2022-03-17,3801,2022-02-18,0616,1157,BAYVI,5,5,7,3801,0,0,0,,0,3C14A,WOOLSEY,BOWDOIN,0.00,,Y,A,-,N,,,,,,,,,,Y,4,0,1,2,A,-,12,22450,A,F,D,C,A,A,H,-,C,A,0,,,,,Y,,D,22,0,0,1,0,0,0,0,0,0,"- ","- ",,,"SAN FRANCISCO","SAN FRANCISCO",-122.40953826904297,37.723426818847656