CASE_ID,ACCIDENT_YEAR,PROC_DATE,JURIS,COLLISION_DATE,COLLISION_TIME,OFFICER_ID,REPORTING_DISTRICT,DAY_OF_WEEK,CHP_SHIFT,POPULATION,CNTY_CITY_LOC,SPECIAL_COND,BEAT_TYPE,CHP_BEAT_TYPE,CITY_DIVISION_LAPD,CHP_BEAT_CLASS,BEAT_NUMBER,PRIMARY_RD,SECONDARY_RD,DISTANCE,DIRECTION,INTERSECTION,WEATHER_1,WEATHER_2,STATE_HWY_IND,CALTRANS_COUNTY,CALTRANS_DISTRICT,STATE_ROUTE,ROUTE_SUFFIX,POSTMILE_PREFIX,POSTMILE,LOCATION_TYPE,RAMP_INTERSECTION,SIDE_OF_HWY,TOW_AWAY,COLLISION_SEVERITY,NUMBER_KILLED,NUMBER_INJURED,PARTY_COUNT,PRIMARY_COLL_FACTOR,PCF_CODE_OF_VIOL,PCF_VIOL_CATEGORY,PCF_VIOLATION,PCF_VIOL_SUBSECTION,HIT_AND_RUN,TYPE_OF_COLLISION,MVIW,PED_ACTION,ROAD_SURFACE,ROAD_COND_1,ROAD_COND_2,LIGHTING,CONTROL_DEVICE,CHP_ROAD_TYPE,PEDESTRIAN_ACCIDENT,BICYCLE_ACCIDENT,MOTORCYCLE_ACCIDENT,TRUCK_ACCIDENT,NOT_PRIVATE_PROPERTY,ALCOHOL_INVOLVED,STWD_VEHTYPE_AT_FAULT,CHP_VEHTYPE_AT_FAULT,COUNT_SEVERE_INJ,COUNT_VISIBLE_INJ,COUNT_COMPLAINT_PAIN,COUNT_PED_KILLED,COUNT_PED_INJURED,COUNT_BICYCLIST_KILLED,COUNT_BICYCLIST_INJURED,COUNT_MC_KILLED,COUNT_MC_INJURED,PRIMARY_RAMP,SECONDARY_RAMP,LATITUDE,LONGITUDE,COUNTY,CITY,POINT_X,POINT_Y
9403620,2022,2022-03-18,3801,2022-02-10,1205,826,BAYVI,4,5,7,3801,0,0,0,,0,03C,"3RD ST","KIRKWOOD AV",0.00,,Y,A,-,N,,,,,,,,,,Y,4,0,2,3,A,-,17,21461,A,N,D,C,A,A,H,-,A,A,0,,,,,Y,,A,01,0,0,2,0,0,0,0,0,0,"- ","- ",,,"SAN FRANCISCO","SAN FRANCISCO",-122.38967895507812,37.737998962402344
9403621,2022,2022-03-18,3801,2022-02-11,1900,215,BAYVI,5,5,7,3801,0,0,0,,0,3C61,"BOWDOIN ST","WOOSLEY ST",72.00,S,N,A,-,N,,,,,,,,,,N,3,0,1,2,A,-,09,21804,A,F,D,B,E,A,H,-,C,D,0,Y,,,Y,Y,,F,26,0,1,0,0,1,0,0,0,0,"- ","- ",,,"SAN FRANCISCO","SAN FRANCISCO",-122.40946197509766,37.723243713378906
9403624,2022,2022-04-01,3801,2022-02-14,0629,1925,BAYVI,1,5,7,3801,0,0,0,,0,3C13A,"3RD ST","EVANS AV",0.00,,Y,A,-,N,,,,,,,,,,N,4,0,1,2,A,-,12,21453,A,N,D,C,A,A,H,-,C,A,0,,,,,Y,,D,22,0,0,1,0,0,0,0,0,0,"- ","- ",,,"SAN FRANCISCO","SAN FRANCISCO",-122.38801574707031,37.742733001708984
9403625,2021,2022-03-18,3801,2021-02-17,1535,4046,INGLE,3,5,7,3801,0,0,0,,0,3H00,"CASTRO ST","24TH ST",30.00,N,N,A,-,N,,,,,,,,,,N,4,0,1,2,A,-,21,22106,,N,C,-,A,A,H,-,A,D,0,,,,,Y,,A,07,0,0,1,0,0,0,0,0,0,"- ","- ",,,"SAN FRANCISCO","SAN FRANCISCO",-122.43408203125,37.751380920410156
9403626,2022,2022-03-18,3801,2022-02-20,1042,1849,TENDE,7,5,7,3801,0,0,0,,0,3J15A,"EDDY ST","HYDE ST",0.00,,Y,A,-,N,,,,,,,,,,N,3,0,1,2,A,-,17,22517,,N,H,G,A,A,H,-,A,A,0,,Y,,,Y,,A,07,0,1,0,0,0,0,1,0,0,"- ","- ",,,"SAN FRANCISCO","SAN FRANCISCO",-122.41588592529297,37.783512115478516
9403627,2022,2022-03-18,3801,2022-02-20,1900,207,CENTR,7,5,7,3801,0,0,0,,0,3A46,"POWELL ST","SACRAMENTO ST",0.00,,Y,A,-,N,,,,,,,,,,N,3,0,1,2,A,-,10,21950,A,N,G,B,B,A,H,-,C,A,0,Y,,,,Y,,D,22,0,1,0,0,1,0,0,0,0,"- ","- ",,,"SAN FRANCISCO","SAN FRANCISCO",-122.40936279296875,37.792987823486328
9403628,2022,2022-03-17,3801,2022-02-18,1752,2231,SOUTH,5,5,7,3801,0,0,0,,0,3B12D,"BRYANT ST","3RD ST",23.00,E,N,A,-,N,,,,,,,,,,N,4,0,1,2,A,-,03,22350,,N,A,J,A,A,H,-,C,A,0,,,,,Y,,I,11,0,0,1,0,0,0,0,0,0,"- ","- ",,,"SAN FRANCISCO","SAN FRANCISCO",-122.39579010009766,37.781352996826172
9403761,2022,2022-03-21,3801,2022-02-09,1248,1936,TRAFF,3,5,7,3801,0,0,0,,0,4B1D,"JONES ST","BAY ST",0.00,,Y,A,-,N,,,,,,,,,,Y,2,0,2,2,A,-,12,21453,A,N,D,C,A,A,H,-,A,A,0,,,Y,,Y,,A,07,1,1,0,0,0,0,0,0,1,"- ","- ",,,"SAN FRANCISCO","SAN FRANCISCO",-122.41690063476562,37.805221557617188
9403762,2022,2022-03-21,3801,2022-02-19,0318,A23187,CENTR,6,5,7,3801,0,0,0,,0,3A11E,"POST ST","LEAVENWORTH ST",0.00,,Y,A,-,N,,,,,,,,,,N,2,0,1,2,A,-,08,22107,,N,B,C,A,A,H,-,C,A,0,,,,,Y,,A,01,1,0,0,0,0,0,0,0,0,"- ","- ",,,"SAN FRANCISCO","SAN FRANCISCO",-122.41499328613281,37.787452697753906
9403763,2022,2022-03-21,3801,2022-02-19,0954,2580,SOUTH,6,5,7,3801,0,0,0,,0,901,"HOWARD ST","3RD ST",20.00,W,N,A,-,N,,,,,,,,,,Y,4,0,2,2,A,-,08,22107,,N,B,D,A,A,H,-,A,A,0,,,Y,,Y,,A,01,0,0,2,0,0,0,0,0,0,"- ","- ",,,"SAN FRANCISCO","SAN FRANCISCO",-122.40055084228516,37.78497314453125
9403764,2022,2022-03-21,3801,2022-02-23,2308,1150,PARK,3,5,7,3801,0,0,0,,0,0F3,"HAIGHT ST","MASONIC AV",1.00,W,N,A,-,N,,,,,,,,,,Y,3,0,2,2,A,-,03,22350,,N,B,E,A,A,H,-,C,A,0,,,,,Y,Y,A,01,0,2,0,0,0,0,0,0,0,"- ","- ",,,"SAN FRANCISCO","SAN FRANCISCO",-122.44535064697266,37.770210266113281
9403765,2022,2022-03-21,3801,2022-02-23,0725,1377,INGLE,3,5,7,3801,0,0,0,,0,3H16A,"SUNNYDALE AV","BAYSHORE BL",0.00,,Y,A,-,N,,,,,,,,,,N,4,0,1,2,A,-,10,21950,A,N,G,B,B,A,H,-,A,A,0,Y,,,,Y,,A,01,0,0,1,0,1,0,0,0,0,"- ","- ",,,"SAN FRANCISCO","SAN FRANCISCO",-122.40522766113281,37.708900451660156
9403766,2022,2022-03-21,3801,2022-02-23,1529,890,BAYVI,3,5,7,3801,0,0,0,,0,BAYVIE,"CASHMERE ST","HUDSON AV",0.00,,Y,A,-,N,,,,,,,,,,N,4,0,1,2,A,-,21,22106,,F,H,E,A,A,H,-,A,D,0,,,,,Y,,A,01,0,0,1,0,0,0,0,0,0,"- ","- ",,,"SAN FRANCISCO","SAN FRANCISCO",-122.38343048095703,37.735885620117188
9403921,2022,2022-03-18,3801,2022-02-15,0540,2354,TARAV,2,5,7,3801,0,0,0,,0,2CAR,"SANTIAGO ST","27TH AV",0.00,,Y,A,-,N,,,,,,,,,,Y,3,0,1,4,A,-,09,21802,A,N,D,C,A,A,H,-,B,A,0,,,,,Y,,A,01,0,1,0,0,0,0,0,0,0,"- ","- ",,,"SAN FRANCISCO","SAN FRANCISCO",-122.48439025878906,37.744541168212891
9403922,2022,2022-03-17,3801,2022-02-14,0852,892,SOUTH,1,5,7,3801,0,0,0,,0,0B3,"MISSION ST","8TH ST",0.00,,Y,A,-,N,,,,,,,,,,N,4,0,1,2,A,-,04,21703,,N,C,G,A,A,H,-,A,A,0,,Y,,,Y,,A,07,0,0,1,0,0,0,1,0,0,"- ","- ",,,"SAN FRANCISCO","SAN FRANCISCO",-122.41315460205078,37.7774658203125
9403926,2022,2022-03-17,3801,2022-02-02,1848,2102,BAYVI,3,5,7,3801,0,0,0,,0,3C12D,"OAKDALE AV","PHELPS ST",0.00,,Y,A,-,N,,,,,,,,,,Y,4,0,1,2,A,-,12,22450,A,F,D,C,A,A,H,-,C,A,0,,,,,Y,,A,01,0,0,1,0,0,0,0,0,0,"- ","- ",,,"SAN FRANCISCO","SAN FRANCISCO",-122.39408874511719,37.736721038818359
9403927,2022,2022-03-17,3801,2022-02-14,1033,1340,RICHM,1,5,7,3801,0,0,0,,0,3G12A,"GEARY BL","10TH AV",135.00,E,N,B,-,N,,,,,,,,,,N,3,0,1,2,A,-,03,22350,,F,H,-,F,A,H,-,A,D,0,Y,Y,,,Y,,L,04,0,1,0,0,1,0,0,0,0,"- ","- ",,,"SAN FRANCISCO","SAN FRANCISCO",-122.46811676025391,37.780914306640625
9403929,2022,2022-03-17,3801,2022-02-13,2316,623,BAYVI,7,5,7,3801,0,0,0,,0,3C11E,"25TH ST","ILLINOIS ST",0.00,,Y,A,-,N,,,,,,,,,,N,4,0,1,2,A,-,17,24250,,N,D,C,A,A,H,-,C,A,0,,,,,Y,,A,01,0,0,1,0,0,0,0,0,0,"- ","- ",,,"SAN FRANCISCO","SAN FRANCISCO",-122.38686370849609,37.752902984619141
9403931,2022,2022-03-17,3801,2022-02-15,1738,426,NORTH,2,5,7,3801,0,0,0,,0,3E13D,"POLK ST","AUSTIN ST",55.00,S,N,A,-,N,,,,,,,,,,N,4,0,1,2,A,-,00,21294,C,N,B,C,A,A,H,-,A,D,0,,,,,Y,,M,93,0,0,1,0,0,0,0,0,0,"- ","- ",,,"SAN FRANCISCO","SAN FRANCISCO",-122.42036437988281,37.78900146484375
9403932,2022,2022-03-17,3801,2022-02-17,0800,2495,BAYVI,4,5,7,3801,0,0,0,,0,3C15A,"INGALLS ST","WALLACE AV",0.00,,Y,A,-,N,,,,,,,,,,N,3,0,1,2,A,-,"- ",,,N,H,C,A,A,H,-,A,A,0,,,Y,,Y,Y,A,01,0,1,0,0,0,0,0,0,1,"- ","- ",,,"SAN FRANCISCO","SAN FRANCISCO",-122.38736724853516,37.725334167480469
9403933,2022,2022-03-17,3801,2022-02-15,0813,1609,RICHM,2,5,7,3801,0,0,0,,0,3G12A,"GEARY BL","20TH AV",0.00,,Y,A,-,N,,,,,,,,,,N,2,0,1,2,A,-,10,21950,A,N,G,B,B,A,H,-,A,A,0,Y,,,,Y,,A,01,1,0,0,0,1,0,0,0,0,"- ","- ",,,"SAN FRANCISCO","SAN FRANCISCO",-122.47938537597656,37.780387878417969
9403934,2022,2022-03-17,3801,2022-02-09,1129,4375,TRAFF,3,5,7,3801,0,0,0,,0,4B1F,"FRANKLIN ST",BROADWAY,25.00,S,N,A,-,N,,,,,,,,,,Y,4,0,5,4,A,-,12,21453,A,F,D,C,A,-,H,-,A,A,0,,,,,Y,Y,A,01,0,0,5,0,0,0,0,0,0,"- ","- ",,,"SAN FRANCISCO","SAN FRANCISCO",-122.42501831054688,37.795463562011719
9403935,2022,2022-03-18,3801,2022-02-17,2052,4043,CENTR,4,5,7,3801,0,0,0,,0,3A12E,"SUTTER ST","LEAVENWORTH ST",0.00,,Y,A,-,N,,,,,,,,,,N,4,0,1,2,A,-,10,21950,A,N,G,B,B,A,H,-,C,A,0,Y,,,,Y,,A,01,0,0,1,0,1,0,0,0,0,"- ","- ",,,"SAN FRANCISCO","SAN FRANCISCO",-122.41517639160156,37.788379669189453
9403936,2022,2022-03-18,3801,2022-02-20,1226,1133,CENTR,7,5,7,3801,0,0,0,,0,03A,"NORTH POINT ST","JONES ST",0.00,,Y,A,-,N,,,,,,,,,,N,4,0,1,2,A,-,09,21801,A,N,-,J,A,A,H,-,A,A,0,,,Y,,Y,,A,01,0,0,1,0,0,0,0,0,1,"- ","- ",,,"SAN FRANCISCO","SAN FRANCISCO",-122.41709899902344,37.806148529052734
9403937,2022,2022-04-18,3801,2022-02-19,0314,740,MISSI,6,5,7,3801,0,0,0,,0,0D3,"GUERRERO ST","20TH ST",0.00,,Y,A,-,N,,,,,,,,,,Y,4,0,2,3,A,-,09,21801,A,N,A,C,A,A,H,-,C,A,0,,,,,Y,,A,01,0,0,2,0,0,0,0,0,0,"- ","- ",,,"SAN FRANCISCO","SAN FRANCISCO",-122.42346954345703,37.758358001708984
9403939,2022,2022-03-18,3801,2022-02-07,1735,2321,TENDE,1,5,7,3801,0,0,0,,0,3J96C,"EDDY ST","LEAVENWORTH ST",15.00,W,N,A,-,N,,,,,,,,,,N,3,0,1,2,A,-,03,22350,,F,C,C,A,A,H,-,B,A,0,,,,,Y,Y,M,94,0,1,0,0,0,0,0,0,0,"- ","- ",,,"SAN FRANCISCO","SAN FRANCISCO",-122.41429138183594,37.783721923828125
9403940,2022,2022-03-18,3801,2022-02-11,1630,1937,PARK,5,5,7,3801,0,0,0,,0,,"LINCOLN WY","5TH AV",0.00,,Y,A,-,N,,,,,,,,,,N,3,0,1,2,A,-,12,21453,A,N,D,G,A,A,H,-,A,A,0,,Y,,,Y,,L,04,0,1,0,0,0,0,1,0,0,"- ","- ",,,"SAN FRANCISCO","SAN FRANCISCO",-122.462158203125,37.766105651855469
9403941,2022,2022-03-15,3801,2022-02-18,1919,1160,SOUTH,5,5,7,3801,0,0,0,,0,0B1,"HARRISON ST","HAWTHORNE ST",0.00,,Y,A,-,N,,,,,,,,,,N,4,0,3,2,A,-,12,21453,A,F,-,C,A,A,H,-,C,A,0,,,,,Y,,A,01,0,0,3,0,0,0,0,0,0,"- ","- ",,,"SAN FRANCISCO","SAN FRANCISCO",-122.39630889892578,37.783432006835938
9403942,2022,2022-03-16,3801,2022-02-18,2216,1144,RICHM,5,5,7,3801,0,0,0,,0,3G12E,"GEARY BL","SAINT JOSEPHS AV",0.00,,Y,A,-,N,,,,,,,,,,N,4,0,1,1,A,-,03,22350,,N,E,A,E,A,H,-,C,A,0,Y,,,,Y,,N,60,0,0,1,0,1,0,0,0,0,"- ","- ",,,"SAN FRANCISCO","SAN FRANCISCO",-122.44276428222656,37.782810211181641
9403943,2022,2022-03-15,3801,2022-02-19,1521,2141,BAYVI,6,5,7,3801,0,0,0,,0,3C12D,"THORNTON AV","NEPTUNE ST",0.00,,N,A,-,N,,,,,,,,,,,4,0,1,2,A,-,03,22350,,M,G,B,D,A,H,-,A,D,0,Y,,Y,,Y,,C,02,0,0,1,0,1,0,0,0,0,"- ","- ",,,"SAN FRANCISCO","SAN FRANCISCO",-122.3968505859375,37.731311798095703
9403944,2022,2022-03-15,3801,2022-02-17,1440,2730,SOUTH,4,5,7,3801,0,0,0,,0,3B13C,"8TH ST","MINNA ST",0.00,,Y,A,-,N,,,,,,,,,,N,3,0,1,2,A,-,17,21657,,N,D,C,A,A,H,-,A,D,0,,,Y,,Y,,C,03,0,1,0,0,0,0,0,0,1,"- ","- ",,,"SAN FRANCISCO","SAN FRANCISCO",-122.41259765625,37.777050018310547
9403945,2022,2022-03-15,3801,2022-02-18,1849,312,TARAV,5,5,7,3801,0,0,0,,0,1CAR,"PACHECO ST","ALTON AV",0.00,,Y,A,-,N,,,,,,,,,,N,4,0,1,1,A,-,03,22350,,N,F,A,A,A,H,-,C,D,0,,,Y,,Y,,C,02,0,0,1,0,0,0,0,0,1,"- ","- ",,,"SAN FRANCISCO","SAN FRANCISCO",-122.46388244628906,37.750408172607422
9403946,2022,2022-03-15,3801,2022-02-18,1400,1389,BAYVI,5,5,7,3801,0,0,0,,0,3C11C,"CARGO WY","CARGO WY 100",0.00,,N,A,-,N,,,,,,,,,,Y,3,0,1,2,D,-,00,,,F,A,C,A,A,H,-,A,A,0,,,,,Y,,-,"- ",0,1,0,0,0,0,0,0,0,"- ","- ",,,"SAN FRANCISCO","SAN FRANCISCO",,
9403947,2022,2022-03-15,3801,2022-02-19,0840,1242,CENTR,6,5,7,3801,0,0,0,,0,3A12A,"GEARY ST","KEARNY ST",0.00,,Y,A,-,N,,,,,,,,,,N,4,0,1,2,A,-,10,21950,A,N,G,B,B,A,H,-,A,A,0,Y,,,,Y,,A,01,0,0,1,0,1,0,0,0,0,"- ","- ",,,"SAN FRANCISCO","SAN FRANCISCO",-122.40351104736328,37.787948608398438
9403948,2022,2022-03-15,3801,2022-02-11,1405,2237,SOUTH,5,5,7,3801,0,0,0,,0,00B,"5TH ST","HARRISON ST",0.00,,Y,A,-,N,,,,,,,,,,Y,4,0,1,2,A,-,03,22350,,N,A,C,A,A,H,-,A,A,0,,,,,Y,,A,01,0,0,1,0,0,0,0,0,0,"- ","- ",,,"SAN FRANCISCO","SAN FRANCISCO",-122.40187072753906,37.779056549072266
9403949,2022,2022-03-15,3801,2022-02-11,1850,801,SOUTH,5,5,7,3801,0,0,0,,0,0B3,"HARRIET ST","HARRISON ST",8.00,E,N,A,-,N,,,,,,,,,,N,4,0,1,2,A,-,12,22450,A,F,D,C,A,A,H,-,C,A,0,,,,,Y,,A,01,0,0,1,0,0,0,0,0,0,"- ","- ",,,"SAN FRANCISCO","SAN FRANCISCO",-122.40462493896484,37.776844024658203
9403950,2022,2022-03-15,3801,2022-02-14,1434,310,SOUTH,1,5,7,3801,0,0,0,,0,3B15C,"MARKET ST","GOUGH ST",58.00,E,N,A,-,N,,,,,,,,,,N,3,0,1,2,D,-,00,,,N,C,C,A,A,H,-,A,A,0,,,,,Y,,-,"- ",0,1,0,0,0,0,0,0,0,"- ","- ",,,"SAN FRANCISCO","SAN FRANCISCO",-122.42206573486328,37.772979736328125
9403951,2022,2022-03-15,3801,2022-02-14,2052,2008,MISSI,1,5,7,3801,0,0,0,,0,3D15D,"16TH ST","CAPP ST",0.00,,Y,A,-,N,,,,,,,,,,N,3,0,1,2,D,-,00,,,N,H,-,A,A,H,-,C,A,0,,,,,Y,,-,"- ",0,1,0,0,0,0,0,0,0,"- ","- ",,,"SAN FRANCISCO","SAN FRANCISCO",-122.418701171875,37.765098571777344
9403952,2022,2022-03-21,3801,2022-02-16,0700,82,MISSI,3,5,7,3801,0,0,0,,0,3D44C,"POTRERO AV","24TH ST",82.00,S,N,A,-,N,,,,,,,,,,N,4,0,1,2,A,-,03,22350,,F,G,B,E,A,H,-,A,A,0,Y,,,,Y,,A,01,0,0,1,0,1,0,0,0,0,"- ","- ",,,"SAN FRANCISCO","SAN FRANCISCO",-122.40629577636719,37.752765655517578
9403953,2022,2022-03-15,3801,2022-02-16,1640,2268,INGLE,3,5,7,3801,0,0,0,,0,3H16D,"BAYSHORE BL","LELAND AV",0.00,,Y,A,-,N,,,,,,,,,,Y,4,0,2,2,D,-,00,,,N,D,C,A,A,H,-,A,A,0,,,,,Y,,-,"- ",0,0,2,0,0,0,0,0,0,"- ","- ",,,"SAN FRANCISCO","SAN FRANCISCO",-122.40377044677734,37.711204528808594
9403954,2022,2022-03-15,3801,2022-02-16,1440,1396,SOUTH,3,5,7,3801,0,0,0,,0,3B2A,"TOWNSEND ST","4TH ST",20.00,W,N,A,-,N,,,,,,,,,,N,3,0,1,2,A,-,17,21200,A,F,D,G,A,A,H,-,A,A,0,,Y,,,Y,,A,01,0,1,0,0,0,0,1,0,0,"- ","- ",,,"SAN FRANCISCO","SAN FRANCISCO",-122.39504241943359,37.777069091796875
9403955,2022,2022-03-15,3801,2022-02-14,1630,2439,CENTR,1,5,7,3801,0,0,0,,0,,"STOCKTON ST","BUSH ST",422.00,N,N,A,-,N,,,,,,,,,,Y,4,0,2,3,A,-,03,22350,,M,C,C,A,A,H,-,C,D,0,,,,,Y,,-,,0,0,2,0,0,0,0,0,0,"- ","- ",,,"SAN FRANCISCO","SAN FRANCISCO",-122.40739440917969,37.791522979736328
9403956,2022,2022-03-15,3801,2022-02-15,2201,2249,TARAV,2,5,7,3801,0,0,0,,0,3I15D,"WINSTON DR","LAKE MERCED BL",120.00,E,N,A,-,N,,,,,,,,,,Y,3,0,1,1,A,-,03,22350,,N,E,I,A,A,H,-,C,A,0,,,,,Y,,A,07,0,1,0,0,0,0,0,0,0,"- ","- ",,,"SAN FRANCISCO","SAN FRANCISCO",-122.48355865478516,37.727024078369141
9403957,2022,2022-03-15,3801,2022-02-15,0844,2039,TARAV,2,5,7,3801,0,0,0,,0,3I15A,"TARAVAL ST","SUNSET BL",0.00,,Y,A,-,N,,,,,,,,,,Y,4,0,1,2,A,-,12,21453,A,N,D,C,A,A,H,-,A,A,0,,,,,Y,Y,A,01,0,0,1,0,0,0,0,0,0,"- ","- ",,,"SAN FRANCISCO","SAN FRANCISCO",-122.49452972412109,37.742210388183594
9403959,2022,2022-03-15,3801,2022-02-12,2316,1166,INGLE,6,5,7,3801,0,0,0,,0,3H15E,"OCEAN AV","HOWTH ST",105.00,W,N,A,-,N,,,,,,,,,,N,4,0,1,2,A,-,11,21955,,N,G,B,D,A,H,-,C,D,0,Y,,,,Y,,N,60,0,0,1,0,1,0,0,0,0,"- ","- ",,,"SAN FRANCISCO","SAN FRANCISCO",-122.44994354248047,37.72296142578125
9403960,2022,2022-03-15,3801,2022-02-12,0900,1438,INGLE,6,5,7,3801,0,0,0,,0,5CAR,"MISSION ST","PERSIA ST",28.00,S,N,A,-,N,,,,,,,,,,N,4,0,1,3,A,-,05,21460,A,N,A,C,A,A,H,-,A,D,0,,,,,Y,,A,01,0,0,1,0,0,0,0,0,0,"- ","- ",,,"SAN FRANCISCO","SAN FRANCISCO",-122.43602752685547,37.723075866699219
9403977,2022,2022-03-16,3801,2022-02-22,0839,859,TENDE,2,5,7,3801,0,0,0,,0,005,"LEAVENWORTH ST","OFARRELL ST",15.00,N,N,A,-,N,,,,,,,,,,N,4,0,1,4,A,-,03,22350,,N,C,E,A,A,H,-,A,A,0,,,,,Y,,-,"- ",0,0,1,0,0,0,0,0,0,"- ","- ",,,"SAN FRANCISCO","SAN FRANCISCO",-122.41461944580078,37.785640716552734
9403978,2022,2022-03-16,3801,2022-02-21,2110,LI,TARAV,1,5,7,3801,0,0,0,,0,3G14E,"19TH AV","LINCOLN WY",0.00,,Y,A,B,N,,,,,,,,,,N,4,0,1,2,A,-,08,22107,,N,B,C,A,B,H,-,C,A,0,,,,,Y,,A,01,0,0,1,0,0,0,0,0,0,"- ","- ",,,"SAN FRANCISCO","SAN FRANCISCO",-122.47732543945312,37.76544189453125
9403979,2022,2022-03-16,3801,2022-02-19,1920,426,NORTH,6,5,7,3801,0,0,0,,0,3E13D,"POLK ST","TURK ST",0.00,,Y,A,-,N,,,,,,,,,,N,3,0,1,2,A,-,10,21950,A,F,G,B,B,A,H,-,C,A,0,Y,,,,Y,,A,01,0,1,0,0,1,0,0,0,0,"- ","- ",,,"SAN FRANCISCO","SAN FRANCISCO",-122.41899871826172,37.782169342041016
9403980,2022,2022-03-16,3801,2022-02-18,2319,1252,RICHM,5,5,7,3801,0,0,0,,0,0G3,"GEARY BL","3RD AV",112.00,W,N,A,-,N,,,,,,,,,,N,4,0,1,2,A,-,11,21954,A,N,B,B,D,A,H,-,C,A,0,Y,,,,Y,,N,60,0,0,1,0,1,0,0,0,0,"- ","- ",,,"SAN FRANCISCO","SAN FRANCISCO",-122.46145629882812,37.781219482421875
9404332,2022,2022-02-22,3801,2022-01-05,1700,2094,SOUTH,3,5,7,3801,0,0,0,,0,0B4,"MCALLISTER ST","POLK ST",0.00,,Y,A,-,N,,,,,,,,,,N,4,0,1,2,A,-,03,22350,,M,C,C,A,A,-,-,C,A,0,,,,,Y,,-,99,0,0,1,0,0,0,0,0,0,"- ","- ",,,"SAN FRANCISCO","SAN FRANCISCO",-122.41860198974609,37.7802734375
9404627,2021,2022-02-23,3801,2021-10-28,0615,2376,SOUTH,4,5,7,3801,0,0,0,,0,3B15A,"16TH ST","4TH ST",0.00,,Y,A,-,N,,,,,,,,,,N,4,0,1,2,A,-,12,21453,A,N,B,C,A,A,H,-,C,A,0,,,,,Y,,A,01,0,0,1,0,0,0,0,0,0,"- ","- ",,,"SAN FRANCISCO","SAN FRANCISCO",-122.39083099365234,37.766845703125
9404808,2022,2022-02-11,3801,2022-01-25,1117,2375,,2,5,7,3801,0,0,0,,0,3G12A,"CROSSOVER DR","PARK PRESIDIO BY PASS",53.00,W,N,A,-,N,,,,,,,,,,Y,3,0,2,3,A,-,01,23152,,N,A,C,A,A,H,-,A,D,0,,,,,Y,Y,A,07,0,1,1,0,0,0,0,0,0,"- ","- ",,,"SAN FRANCISCO","SAN FRANCISCO",-122.47957611083984,37.771289825439453
9404956,2022,2022-03-11,3801,2022-01-05,0115,1301,TENDE,3,5,7,3801,0,0,0,,0,3J12E,"6TH ST","STEVENSON ST",0.00,,Y,A,-,N,,,,,,,,,,Y,4,0,1,2,A,-,09,21800,A,F,B,C,A,A,H,-,C,D,0,,,,,Y,,A,07,0,0,1,0,0,0,0,0,0,"- ","- ",,,"SAN FRANCISCO","SAN FRANCISCO",-122.40966796875,37.781764984130859
9405006,2022,2022-02-22,3801,2022-01-07,1550,4267,TARAV,5,5,7,3801,0,0,0,,0,3I00,"CHESTNUT ST","DIVISADERO ST",0.00,,Y,-,-,N,,,,,,,,,,Y,4,0,1,2,D,-,00,,,N,-,-,A,-,-,-,-,-,0,,,,,Y,,-,"- ",0,0,1,0,0,0,0,0,0,"- ","- ",,,"SAN FRANCISCO","SAN FRANCISCO",-122.44284057617188,37.799980163574219
9405007,2022,2022-03-08,3801,2022-01-06,2248,740,MISSI,4,5,7,3801,0,0,0,,0,0D4,"S VAN NESS AV","26TH ST",135.00,S,N,C,-,N,,,,,,,,,,N,4,0,1,2,A,-,03,22350,,F,C,C,A,B,H,-,C,D,0,,,,,Y,,A,01,0,0,1,0,0,0,0,0,0,"- ","- ",,,"SAN FRANCISCO","SAN FRANCISCO",-122.41596984863281,37.748798370361328
9405008,2022,2022-02-17,3801,2022-01-06,1250,2728,TENDE,4,5,7,3801,0,0,0,,0,908,"MARKET ST","5TH ST",0.00,,Y,A,-,N,,,,,,,,,,N,3,0,1,2,A,-,10,21950,A,F,A,C,A,A,B,G,A,D,0,,Y,,,Y,,L,04,0,1,0,0,0,0,1,0,0,"- ","- ",,,"SAN FRANCISCO","SAN FRANCISCO",-122.40805816650391,37.78399658203125
9405009,2022,2022-02-17,3801,2022-01-03,1745,893,INGLE,1,5,7,3801,0,0,0,,0,3H15D,"SAN JOSE AV","SAN JUAN AV",0.00,,Y,C,-,N,,,,,,,,,,N,4,0,1,2,A,-,10,21950,A,N,G,B,B,B,H,-,C,A,0,Y,,,,Y,,A,01,0,0,1,0,1,0,0,0,0,"- ","- ",,,"SAN FRANCISCO","SAN FRANCISCO",-122.44145202636719,37.726982116699219
9405010,2022,2022-02-17,3801,2022-01-05,2133,1326,BAYVI,3,5,7,3801,0,0,0,,0,3C11E,"IOWA ST","23RD ST",0.00,,Y,A,-,N,,,,,,,,,,N,3,0,1,1,A,-,03,22350,,N,H,J,A,A,-,-,E,D,0,,,Y,,Y,,C,02,0,1,0,0,0,0,0,0,1,"- ","- ",,,"SAN FRANCISCO","SAN FRANCISCO",-122.39200592041016,37.755180358886719
9405011,2022,2022-02-17,3801,2022-01-06,1808,2312,BAYVI,4,5,7,3801,0,0,0,,0,3C13D,"DEDMAN CT","DEDMAN CT 17",31.00,N,N,B,-,N,,,,,,,,,,N,4,0,1,2,A,-,03,22350,,F,G,H,E,A,H,-,C,D,0,Y,,,,Y,,A,01,0,0,1,0,1,0,0,0,0,"- ","- ",,,"SAN FRANCISCO","SAN FRANCISCO",,
9405012,2022,2022-02-17,3801,2022-01-07,1405,2312,BAYVI,5,5,7,3801,0,0,0,,0,3C12D,"BAYSHORE BL","EGBERT AV",60.00,S,N,A,-,N,,,,,,,,,,N,4,0,1,2,A,-,04,21703,,F,C,C,A,A,H,-,A,A,0,,,,,Y,,A,01,0,0,1,0,0,0,0,0,0,"- ","- ",,,"SAN FRANCISCO","SAN FRANCISCO",-122.40215301513672,37.727790832519531