CASE_ID,ACCIDENT_YEAR,PROC_DATE,JURIS,COLLISION_DATE,COLLISION_TIME,OFFICER_ID,REPORTING_DISTRICT,DAY_OF_WEEK,CHP_SHIFT,POPULATION,CNTY_CITY_LOC,SPECIAL_COND,BEAT_TYPE,CHP_BEAT_TYPE,CITY_DIVISION_LAPD,CHP_BEAT_CLASS,BEAT_NUMBER,PRIMARY_RD,SECONDARY_RD,DISTANCE,DIRECTION,INTERSECTION,WEATHER_1,WEATHER_2,STATE_HWY_IND,CALTRANS_COUNTY,CALTRANS_DISTRICT,STATE_ROUTE,ROUTE_SUFFIX,POSTMILE_PREFIX,POSTMILE,LOCATION_TYPE,RAMP_INTERSECTION,SIDE_OF_HWY,TOW_AWAY,COLLISION_SEVERITY,NUMBER_KILLED,NUMBER_INJURED,PARTY_COUNT,PRIMARY_COLL_FACTOR,PCF_CODE_OF_VIOL,PCF_VIOL_CATEGORY,PCF_VIOLATION,PCF_VIOL_SUBSECTION,HIT_AND_RUN,TYPE_OF_COLLISION,MVIW,PED_ACTION,ROAD_SURFACE,ROAD_COND_1,ROAD_COND_2,LIGHTING,CONTROL_DEVICE,CHP_ROAD_TYPE,PEDESTRIAN_ACCIDENT,BICYCLE_ACCIDENT,MOTORCYCLE_ACCIDENT,TRUCK_ACCIDENT,NOT_PRIVATE_PROPERTY,ALCOHOL_INVOLVED,STWD_VEHTYPE_AT_FAULT,CHP_VEHTYPE_AT_FAULT,COUNT_SEVERE_INJ,COUNT_VISIBLE_INJ,COUNT_COMPLAINT_PAIN,COUNT_PED_KILLED,COUNT_PED_INJURED,COUNT_BICYCLIST_KILLED,COUNT_BICYCLIST_INJURED,COUNT_MC_KILLED,COUNT_MC_INJURED,PRIMARY_RAMP,SECONDARY_RAMP,LATITUDE,LONGITUDE,COUNTY,CITY,POINT_X,POINT_Y
9405015,2022,2022-02-17,3801,2022-01-16,1934,307,INGLE,7,5,7,3801,0,0,0,,0,3H13D,"PARIS ST","RUSSIA AV",219.00,E,N,A,-,N,,,,,,,,,,Y,4,0,2,3,A,-,05,21651,B,N,A,E,A,A,H,-,C,D,0,,,,,Y,Y,A,01,0,0,2,0,0,0,0,0,0,"- ","- ",,,"SAN FRANCISCO","SAN FRANCISCO",-122.43518829345703,37.721317291259766
9405016,2022,2022-02-17,3801,2022-01-16,1826,1534,INGLE,7,5,7,3801,0,0,0,,0,3H16D,"NAPLES ST","AMAZON AV",0.00,,Y,A,-,N,,,,,,,,,,Y,4,0,1,4,A,-,03,22350,,F,D,C,A,A,H,-,C,D,0,,,,,Y,,A,01,0,0,1,0,0,0,0,0,0,"- ","- ",,,"SAN FRANCISCO","SAN FRANCISCO",-122.43536376953125,37.715389251708984
9405017,2022,2022-04-12,3801,2022-01-16,0243,2164,INGLE,7,5,7,3801,0,0,0,,0,210007,"PRECITA AV","PRECITA AV 321",0.00,,-,A,-,N,,,,,,,,,,N,3,0,1,1,C,-,18,,,N,H,A,A,-,G,-,C,A,0,,,,,Y,,-,"- ",0,1,0,0,0,0,0,0,0,"- ","- ",,,"SAN FRANCISCO","SAN FRANCISCO",,
9405019,2022,2022-02-17,3801,2022-01-18,1703,1642,INGLE,2,5,7,3801,0,0,0,,0,3H15D,"ALEMANY BL","SENECA AV",0.00,,Y,A,-,N,,,,,,,,,,N,3,0,1,2,A,-,08,22100,,N,D,G,A,A,-,-,A,A,0,,Y,,,Y,,L,04,0,1,0,0,0,0,1,0,0,"- ","- ",,,"SAN FRANCISCO","SAN FRANCISCO",-122.44136047363281,37.718658447265625
9405039,2022,2022-03-23,3801,2022-01-07,0031,1252,RICHM,5,5,7,3801,0,0,0,,0,0I1,"19TH AV","LINCOLN WY",0.00,,Y,C,-,N,,,,,,,,,,Y,4,0,1,2,A,-,01,23153,A,F,D,D,A,B,H,-,C,A,0,,,,,Y,Y,-,,0,0,1,0,0,0,0,0,0,"- ","- ",,,"SAN FRANCISCO","SAN FRANCISCO",-122.47732543945312,37.76544189453125
9405040,2022,2022-02-23,3801,2022-01-01,1455,1062,MISSI,6,5,7,3801,0,0,0,,0,3D45C,"17TH ST","FOLSOM ST",46.00,E,N,A,-,N,,,,,,,,,,Y,4,0,1,2,A,-,03,22350,,F,C,C,A,A,H,-,A,A,0,,,,,Y,,A,01,0,0,1,0,0,0,0,0,0,"- ","- ",,,"SAN FRANCISCO","SAN FRANCISCO",-122.41499328613281,37.763698577880859
9405041,2022,2022-02-22,3801,2022-01-06,0700,1477,MISSI,4,5,7,3801,0,0,0,,0,3D14A,"POTRERO AV","24TH ST",0.00,,Y,A,-,N,,,,,,,,,,N,4,0,1,2,A,-,10,21950,A,N,G,B,B,A,H,-,B,A,0,Y,,,,Y,,A,01,0,0,1,0,1,0,0,0,0,"- ","- ",,,"SAN FRANCISCO","SAN FRANCISCO",-122.40631866455078,37.752994537353516
9405067,2022,2022-02-18,3801,2022-01-13,0954,2485,CENTR,4,5,7,3801,0,0,0,,0,1CAR,"HYDE ST","BUSH ST",87.00,S,N,A,-,N,,,,,,,,,,Y,4,0,2,3,A,-,08,22100,B,N,-,C,A,A,H,-,A,D,0,,,,,Y,,A,01,0,0,2,0,0,0,0,0,0,"- ","- ",,,"SAN FRANCISCO","SAN FRANCISCO",-122.41696166992188,37.788883209228516
9405068,2022,2022-02-14,3801,2022-01-12,1716,426,NORTH,3,5,7,3801,0,0,0,,0,3E3D,"FRANKLIN ST","MCALLISTER ST",0.00,,Y,A,-,N,,,,,,,,,,N,4,0,2,2,A,-,12,21453,A,F,B,C,A,A,H,-,C,A,0,,,,,Y,,A,07,0,0,2,0,0,0,0,0,0,"- ","- ",,,"SAN FRANCISCO","SAN FRANCISCO",-122.42189025878906,37.779876708984375
9405069,2022,2022-02-14,3801,2022-01-12,2200,1386,SOUTH,3,5,7,3801,0,0,0,,0,003,"8TH ST","MISSION ST",75.00,S,N,A,-,N,,,,,,,,,,Y,4,0,1,2,A,-,09,21453,B,F,A,B,-,A,-,-,C,A,0,Y,,,,Y,,-,,0,0,1,0,1,0,0,0,0,"- ","- ",,,"SAN FRANCISCO","SAN FRANCISCO",-122.41297149658203,37.777320861816406
9405070,2022,2022-03-01,3801,2022-01-11,1537,2733,SOUTH,2,5,7,3801,0,0,0,,0,0B4,"S VAN NESS AV","12TH ST",0.00,,Y,A,-,N,,,,,,,,,,N,4,0,1,2,A,-,08,22107,,N,B,C,A,A,H,-,A,A,0,,,Y,,Y,,A,01,0,0,1,0,0,0,0,0,1,"- ","- ",,,"SAN FRANCISCO","SAN FRANCISCO",-122.41876983642578,37.773540496826172
9405071,2022,2022-02-18,3801,2022-01-14,2108,1856,INGLE,5,5,7,3801,0,0,0,,0,0H5,"GENEVA AV","PARIS ST",0.00,,Y,A,-,N,,,,,,,,,,Y,2,0,2,2,A,-,09,21801,A,N,D,C,A,A,H,-,C,A,0,,,,,Y,,A,01,1,0,1,0,0,0,0,0,0,"- ","- ",,,"SAN FRANCISCO","SAN FRANCISCO",-122.43943023681641,37.715679168701172
9405072,2022,2022-02-18,3801,2022-01-11,1920,1194,SOUTH,2,5,7,3801,0,0,0,,0,0B1,"HARRISON ST","2ND ST",172.00,E,N,A,-,N,,,,,,,,,,N,3,0,1,2,A,-,04,21703,,N,C,C,A,A,H,-,C,A,0,,,,,Y,,A,01,0,1,0,0,0,0,0,0,0,"- ","- ",,,"SAN FRANCISCO","SAN FRANCISCO",-122.39476776123047,37.78466796875
9405073,2022,2022-02-14,3801,2022-01-08,1337,2743,SOUTH,6,5,7,3801,0,0,0,,0,3B12C,"MINNA ST","6TH ST",0.00,,Y,A,-,N,,,,,,,,,,N,2,0,1,2,A,-,10,21950,A,F,G,B,B,A,H,-,A,A,0,Y,,,,Y,,A,01,1,0,0,0,1,0,0,0,0,"- ","- ",,,"SAN FRANCISCO","SAN FRANCISCO",-122.40813446044922,37.780551910400391
9405074,2022,2022-02-14,3801,2022-01-16,1748,1160,SOUTH,7,5,7,3801,0,0,0,,0,0B4,"HARRISON ST","9TH ST",0.00,,Y,A,-,N,,,,,,,,,,N,4,0,1,2,A,-,09,21453,B,N,G,B,B,A,H,-,C,A,0,Y,,,,Y,,A,01,0,0,1,0,1,0,0,0,0,"- ","- ",,,"SAN FRANCISCO","SAN FRANCISCO",-122.41004943847656,37.772533416748047
9405075,2022,2022-02-14,3801,2022-01-16,1134,2237,SOUTH,7,5,7,3801,0,0,0,,0,00B,"7TH ST","HARRISON ST",0.00,,Y,A,-,N,,,,,,,,,,Y,4,0,1,2,A,-,12,21453,A,N,D,C,A,A,H,-,A,A,0,,,,,Y,,A,01,0,0,1,0,0,0,0,0,0,"- ","- ",,,"SAN FRANCISCO","SAN FRANCISCO",-122.40628051757812,37.775539398193359
9405076,2022,2022-02-14,3801,2022-01-14,2339,1308,SOUTH,5,5,7,3801,0,0,0,,0,3B11E,"BRANNAN ST","2ND ST",0.00,,Y,A,-,N,,,,,,,,,,Y,4,0,1,2,A,-,08,22107,,N,A,C,A,A,H,-,C,A,0,,,,,Y,,A,01,0,0,1,0,0,0,0,0,0,"- ","- ",,,"SAN FRANCISCO","SAN FRANCISCO",-122.39205932617188,37.781837463378906
9405077,2022,2022-02-14,3801,2022-01-15,0644,4027,BAYVI,6,5,7,3801,0,0,0,,0,3C11A,"SILVER AV","ELMIRA ST",24.00,W,N,A,-,N,,,,,,,,,,Y,4,0,1,4,A,-,01,23152,A,F,B,C,A,A,H,-,C,D,0,,,,,Y,Y,A,01,0,0,1,0,0,0,0,0,0,NO,NO,,,"SAN FRANCISCO","SAN FRANCISCO",-122.40357971191406,37.733631134033203
9405078,2022,2022-02-14,3801,2022-01-15,0835,244,NORTH,6,5,7,3801,0,0,0,,0,NOR5,"GREEN ST","GOUGH ST",25.00,W,N,A,-,N,,,,,,,,,,Y,4,0,1,2,A,-,09,21804,A,N,B,C,A,A,H,-,A,D,0,,,,,Y,,A,01,0,0,1,0,0,0,0,0,0,"- ","- ",,,"SAN FRANCISCO","SAN FRANCISCO",-122.42716217041016,37.797187805175781
9405079,2022,2022-02-14,3801,2022-01-15,2031,1160,SOUTH,6,5,7,3801,0,0,0,,0,0B2,"3RD ST","MISSION ST",0.00,,Y,A,-,N,,,,,,,,,,N,4,0,1,2,D,-,00,,,N,D,G,A,A,H,-,C,A,0,,Y,,,Y,,-,"- ",0,0,1,0,0,0,1,0,0,"- ","- ",,,"SAN FRANCISCO","SAN FRANCISCO",-122.40200042724609,37.786266326904297
9405080,2022,2022-02-14,3801,2022-01-15,2105,2186,NORTH,6,5,7,3801,0,0,0,,0,,"FRANKLIN ST","BUSH ST",0.00,,Y,A,-,N,,,,,,,,,,N,4,0,1,2,-,-,"- ",,A,F,G,B,B,A,H,-,C,A,0,Y,,,,Y,,A,01,0,0,1,0,1,0,0,0,0,"- ","- ",,,"SAN FRANCISCO","SAN FRANCISCO",-122.42357635498047,37.788280487060547
9405084,2021,2022-02-15,3801,2021-12-03,1259,2237,SOUTH,5,5,7,3801,0,0,0,,0,00B,"5TH ST","FOLSOM ST",0.00,,Y,A,-,N,,,,,,,,,,N,3,0,1,2,A,-,09,21804,A,N,D,G,A,A,H,-,A,A,0,,Y,,,Y,,A,01,0,1,0,0,0,0,1,0,0,"- ","- ",,,"SAN FRANCISCO","SAN FRANCISCO",-122.40340423583984,37.7802734375
9405085,2021,2022-02-15,3801,2021-12-30,0011,1514,MISSI,4,5,7,3801,0,0,0,,0,,"VALENCIA ST","17TH ST",0.00,,Y,A,-,N,,,,,,,,,,N,4,0,1,2,A,-,12,21453,A,N,D,C,A,A,H,-,C,A,0,,,,,Y,,A,01,0,0,1,0,0,0,0,0,0,"- ","- ",,,"SAN FRANCISCO","SAN FRANCISCO",-122.42173767089844,37.763298034667969
9405400,2021,2022-02-11,3801,2021-12-21,1929,1385,SOUTH,2,5,7,3801,0,0,0,,0,3B13D,"2ND ST","BRYANT ST",0.00,,Y,C,-,N,,,,,,,,,,Y,4,0,1,2,A,-,05,21651,A,N,D,C,A,B,H,-,C,A,0,,,,,Y,,A,01,0,0,1,0,0,0,0,0,0,"- ","- ",,,"SAN FRANCISCO","SAN FRANCISCO",-122.39363098144531,37.7830810546875
9405562,2021,2022-02-11,3801,2021-12-30,1157,1936,TRAFF,4,5,7,3801,0,0,0,,0,4B1D,"GEARY BL","36TH AV",0.00,,Y,A,-,N,,,,,,,,,,Y,2,0,1,2,A,-,03,22350,,N,D,C,A,A,H,-,A,A,0,,,Y,,Y,,C,02,1,0,0,0,0,0,0,0,1,"- ","- ",,,"SAN FRANCISCO","SAN FRANCISCO",-122.49652862548828,37.779560089111328
9405563,2021,2022-02-28,3801,2021-12-31,1439,1936,TRAFF,5,5,7,3801,0,0,0,,0,4B1D,"MASONIC AV","FREDERICK ST",212.00,N,N,A,-,N,,,,,,,,,,N,2,0,1,2,A,-,06,21755,A,N,D,G,A,A,H,-,A,A,0,,Y,,,Y,,L,04,1,0,0,0,0,0,1,0,0,"- ","- ",,,"SAN FRANCISCO","SAN FRANCISCO",-122.44485473632812,37.76800537109375
9405564,2021,2022-02-11,3801,2021-12-19,1813,4178,INGLE,7,5,7,3801,0,0,0,,0,4B3A,"MUNICH ST","ROLPH ST",0.00,,Y,B,-,N,,,,,,,,,,Y,3,0,4,3,A,-,09,21802,A,N,D,C,A,A,H,-,C,A,0,,,,,Y,,A,01,0,1,3,0,0,0,0,0,0,"- ","- ",,,"SAN FRANCISCO","SAN FRANCISCO",-122.43344879150391,37.71209716796875
9405699,2022,2022-02-11,3801,2022-01-08,1018,1377,INGLE,6,5,7,3801,0,0,0,,0,3H15A,"BRUNSWICK ST","OLIVER ST",0.00,,Y,A,-,N,,,,,,,,,,N,3,0,1,2,A,-,12,22450,A,N,A,G,A,A,H,-,A,A,0,,Y,,,Y,,L,04,0,1,0,0,0,0,1,0,0,"- ","- ",,,"SAN FRANCISCO","SAN FRANCISCO",-122.44985961914062,37.708324432373047
9405700,2022,2022-02-11,3801,2022-01-06,0925,1359,INGLE,4,5,7,3801,0,0,0,,0,0H5,"EDINBURGH ST","RUSSIA AV",310.00,S,N,B,-,N,,,,,,,,,,N,4,0,1,2,A,-,03,22350,,N,B,C,A,A,G,-,A,D,0,,,,,Y,,A,01,0,0,1,0,0,0,0,0,0,"- ","- ",,,"SAN FRANCISCO","SAN FRANCISCO",-122.43373107910156,37.718959808349609
9405760,2022,2022-02-22,3801,2022-01-09,1820,4314,RICHM,7,5,7,3801,0,0,0,,0,0G3,"PARK PRESIDIO BL","CLEMENT ST",5.00,S,N,A,-,N,,,,,,,,,,N,4,0,1,2,A,-,10,21950,A,N,G,B,B,A,H,-,C,A,0,Y,,,,Y,,A,01,0,0,1,0,1,0,0,0,0,"- ","- ",,,"SAN FRANCISCO","SAN FRANCISCO",-122.47246551513672,37.782566070556641
9405841,2022,2022-03-17,3801,2022-02-04,1950,614,TARAV,5,5,7,3801,0,0,0,,0,3I13E,"TARAVAL ST","43RD AV",75.00,E,N,A,-,N,,,,,,,,,,Y,3,0,1,1,A,-,03,22350,,N,E,I,A,A,H,-,C,A,0,,,,,Y,,A,01,0,1,0,0,0,0,0,0,0,"- ","- ",,,"SAN FRANCISCO","SAN FRANCISCO",-122.50115203857422,37.741878509521484
9405842,2022,2022-03-17,3801,2022-02-01,1339,2743,SOUTH,2,5,7,3801,0,0,0,,0,3B4,"8TH ST","NATOMA ST",37.00,N,N,A,-,N,,,,,,,,,,N,2,0,1,2,A,-,11,21955,,N,G,B,D,A,H,-,A,A,0,Y,,,,Y,,N,60,1,0,0,0,1,0,0,0,0,"- ","- ",,,"SAN FRANCISCO","SAN FRANCISCO",-122.41221618652344,37.7767333984375
9405843,2022,2022-03-17,3801,2022-02-01,1551,1286,SOUTH,2,5,7,3801,0,0,0,,0,3B3,"6TH ST","FOLSOM ST",0.00,,Y,A,-,N,,,,,,,,,,Y,4,0,1,2,D,-,00,,,N,B,C,A,A,H,-,A,A,0,,,,,Y,,-,"- ",0,0,1,0,0,0,0,0,0,"- ","- ",,,"SAN FRANCISCO","SAN FRANCISCO",-122.40560150146484,37.778499603271484
9405844,2022,2022-03-17,3801,2022-02-07,1200,893,INGLE,1,5,7,3801,0,0,0,,0,3H13D,"CIRCULAR AV","BADEN ST",0.00,,Y,A,-,N,,,,,,,,,,N,3,0,1,2,A,-,10,21950,A,N,G,B,B,-,H,-,A,A,0,Y,,,,Y,,A,01,0,1,0,0,1,0,0,0,0,"- ","- ",,,"SAN FRANCISCO","SAN FRANCISCO",-122.439697265625,37.730304718017578
9406520,2022,2022-02-22,3801,2022-01-11,0826,1804,TARAV,2,5,7,3801,0,0,0,,0,3I15B,"WINSTON DR","LAKE MERCED BL",440.00,E,N,A,-,N,,,,,,,,,,Y,4,0,2,4,A,-,05,21651,B,N,B,E,A,A,H,-,A,-,0,,,,,Y,,A,07,0,0,2,0,0,0,0,0,0,"- ","- ",,,"SAN FRANCISCO","SAN FRANCISCO",-122.48245239257812,37.727073669433594
9406521,2022,2022-03-04,3801,2022-01-06,0620,2466,RICHM,4,5,7,3801,0,0,0,,0,TWO,"PRESIDIO AV","PINE ST",0.00,,Y,A,-,N,,,,,,,,,,Y,4,0,1,2,A,-,12,21453,A,N,-,C,A,A,-,-,C,A,0,,,,,Y,,A,01,0,0,1,0,0,0,0,0,0,"- ","- ",,,"SAN FRANCISCO","SAN FRANCISCO",-122.44660186767578,37.786293029785156
9406523,2022,2022-02-16,3801,2022-01-07,1424,2209,MISSI,5,5,7,3801,0,0,0,,0,3D44C,"HARRISON ST","24TH ST",0.00,,Y,A,-,N,,,,,,,,,,Y,3,0,1,2,A,-,09,21801,A,N,D,G,A,A,H,-,A,A,0,,Y,,,Y,,D,22,0,1,0,0,0,0,1,0,0,"- ","- ",,,"SAN FRANCISCO","SAN FRANCISCO",-122.41188812255859,37.752651214599609
9406526,2022,2022-02-16,3801,2022-01-13,1710,2443,BAYVI,4,5,7,3801,0,0,0,,0,3C15D,"BAY SHORE BL","COSTA ST",570.00,N,N,A,-,N,,,,,,,,,,Y,4,0,2,3,A,-,08,22107,,F,C,C,A,A,H,-,A,A,0,,,,,Y,,D,22,0,0,2,0,0,0,0,0,0,"- ","- ",,,"SAN FRANCISCO","SAN FRANCISCO",-122.40427398681641,37.745800018310547
9408019,2022,2022-03-17,3801,2022-01-25,1433,1304,NORTH,2,5,7,3801,0,0,0,,0,3E46C,"FILLMORE ST","LOMBARD ST",150.00,S,N,A,-,N,,,,,,,,,,Y,4,0,2,2,A,-,03,22350,,N,C,E,A,A,H,-,A,D,0,,,,,Y,,A,07,0,0,2,0,0,0,0,0,0,"- ","- ",,,"SAN FRANCISCO","SAN FRANCISCO",-122.43597412109375,37.799442291259766
9409003,2022,2022-03-15,3801,2022-01-26,1054,1653,INGLE,3,5,7,3801,0,0,0,,0,3H13A,"SILVER AV","NAPLES ST",0.00,,Y,A,-,N,,,,,,,,,,N,4,0,1,2,A,-,10,21950,A,N,G,B,B,A,H,-,A,D,0,Y,,,,Y,,D,22,0,0,1,0,1,0,0,0,0,"- ","- ",,,"SAN FRANCISCO","SAN FRANCISCO",-122.42532348632812,37.728664398193359
9409604,2022,2022-03-18,3801,2022-02-07,1343,1304,NORTH,1,5,7,3801,0,0,0,,0,3E46C,"VAN NESS AV","PINE ST",65.00,S,N,A,-,N,,,,,,,,,,N,4,0,1,2,A,-,04,21703,,N,C,C,A,A,H,-,A,D,0,,,,,Y,,D,22,0,0,1,0,0,0,0,0,0,"- ","- ",,,"SAN FRANCISCO","SAN FRANCISCO",-122.42206573486328,37.789241790771484
9409608,2022,2022-03-21,3801,2022-01-27,1321,398,CENTR,4,5,7,3801,0,0,0,,0,3A15C,"NEW MONTGOMERY ST","MISSION ST",0.00,,Y,A,-,N,,,,,,,,,,N,3,0,1,2,D,-,00,,,N,B,G,A,A,H,-,A,D,0,,Y,,,Y,,-,"- ",0,1,0,0,0,0,1,0,0,"- ","- ",,,"SAN FRANCISCO","SAN FRANCISCO",-122.40049743652344,37.787452697753906
9409651,2022,2022-03-17,3801,2022-02-06,1530,2400,NORTH,7,5,7,3801,0,0,0,,0,3CAR,"VAN NESS AV","CALIFORNIA ST",32.00,N,N,A,-,N,,,,,,,,,,N,4,0,1,2,A,-,04,21703,,F,C,C,A,A,H,-,A,A,0,,,,,Y,,D,22,0,0,1,0,0,0,0,0,0,"- ","- ",,,"SAN FRANCISCO","SAN FRANCISCO",-122.42226409912109,37.790458679199219
9409663,2022,2022-03-17,3801,2022-02-08,0610,563,TARAV,2,5,7,3801,0,0,0,,0,005,"19TH AV","EUCALYPTUS DR",0.00,,Y,A,-,N,,,,,,,,,,Y,3,0,1,2,A,-,08,22107,,N,D,C,A,A,H,-,C,A,0,,,,,Y,,A,01,0,1,0,0,0,0,0,0,0,"- ","- ",,,"SAN FRANCISCO","SAN FRANCISCO",-122.47486877441406,37.7310791015625
9409671,2022,2022-03-22,3801,2022-01-27,1415,2493,PARK,4,5,7,3801,0,0,0,,0,3F13C,"CASTRO ST","CASTRO ST 376",0.00,,Y,A,-,N,,,,,,,,,,Y,4,0,1,4,A,-,03,22350,,N,B,C,A,A,H,-,A,D,0,,,,,Y,,A,01,0,0,1,0,0,0,0,0,0,"- ","- ",,,"SAN FRANCISCO","SAN FRANCISCO",,
9409679,2022,2022-03-18,3801,2022-02-04,0534,2023,PARK,5,5,7,3801,0,0,0,,0,001,"PARNASSUS AV","4TH AV",30.00,E,N,A,-,N,,,,,,,,,,N,3,0,1,2,A,-,03,22350,,N,C,D,A,A,H,-,C,D,0,,,,,Y,,A,01,0,1,0,0,0,0,0,0,0,"- ","- ",,,"SAN FRANCISCO","SAN FRANCISCO",-122.46080017089844,37.762676239013672
9409846,2021,2022-03-07,3801,2021-12-31,1033,2202,INGLE,5,5,7,3801,0,0,0,,0,3H15A,"RUSSIA AV","ATHENS ST",0.00,,Y,A,-,N,,,,,,,,,,Y,4,0,2,2,A,-,12,22450,A,N,D,C,A,A,H,-,A,A,0,,,,,Y,,A,01,0,0,2,0,0,0,0,0,0,"- ","- ",,,"SAN FRANCISCO","SAN FRANCISCO",-122.43077087402344,37.718540191650391
9409993,2022,2022-03-21,3801,2022-02-04,2500,1614,MISSI,5,5,7,3801,0,0,0,,0,3D14D,"24TH ST","BALMY ST",28.00,W,N,A,-,N,,,,,,,,,,N,4,0,1,2,A,-,03,22350,,N,C,E,A,A,H,-,C,D,0,,,,,Y,Y,A,01,0,0,1,0,0,0,0,0,0,"- ","- ",,,"SAN FRANCISCO","SAN FRANCISCO",-122.41255950927734,37.752601623535156
9410001,2022,2022-03-16,3801,2022-02-14,1400,1377,INGLE,1,5,7,3801,0,0,0,,0,3H15A,"MONTEREY BL","JOOST AV",0.00,,-,A,-,N,,,,,,,,,,N,4,0,1,3,A,-,03,22350,,M,C,C,A,A,H,-,A,A,0,,,,,Y,,-,99,0,0,1,0,0,0,0,0,0,"- ","- ",,,"SAN FRANCISCO","SAN FRANCISCO",-122.43514251708984,37.732246398925781
9410002,2022,2022-03-16,3801,2022-02-14,0730,1377,INGLE,1,5,7,3801,0,0,0,,0,3H15A,"GENEVA AV","MISSION ST",0.00,,-,A,-,N,,,,,,,,,,N,4,0,5,2,A,-,03,22350,,N,C,-,A,A,H,-,A,A,0,,,,,Y,,A,07,0,0,5,0,0,0,0,0,0,"- ","- ",,,"SAN FRANCISCO","SAN FRANCISCO",-122.44100189208984,37.716388702392578
9410003,2022,2022-03-16,3801,2022-02-11,2250,1967,NORTH,5,5,7,3801,0,0,0,,0,3E13E,"OCTAVIA ST","HAIGHT ST",0.00,,Y,A,-,N,,,,,,,,,,N,4,0,1,2,A,-,03,22350,,F,C,C,A,A,H,-,C,A,0,,,Y,,Y,,A,01,0,0,1,0,0,0,0,0,1,"- ","- ",,,"SAN FRANCISCO","SAN FRANCISCO",-122.42392730712891,37.772964477539062
9410004,2022,2022-03-16,3801,2022-02-13,0434,1574,NORTH,7,5,7,3801,0,0,0,,0,3E14E,"OCTAVIA ST","PAGE ST",96.00,N,N,A,-,N,,,,,,,,,,Y,3,0,1,1,A,-,17,21663,,N,E,I,A,A,H,-,C,A,0,,,,,Y,,A,01,0,1,0,0,0,0,0,0,0,"- ","- ",,,"SAN FRANCISCO","SAN FRANCISCO",-122.42416381835938,37.774139404296875
9410005,2022,2022-04-20,3801,2022-02-13,2049,54,NORTH,7,5,7,3801,0,0,0,,0,3E12D,"OAK ST","LAGUNA ST",6.00,E,N,A,-,N,,,,,,,,,,N,4,0,1,2,A,-,11,21954,A,N,G,B,B,A,H,-,C,A,0,Y,,,,Y,,A,01,0,0,1,0,1,0,0,0,0,"- ","- ",,,"SAN FRANCISCO","SAN FRANCISCO",-122.42585754394531,37.774600982666016
9410007,2022,2022-03-16,3801,2022-02-14,1810,426,NORTH,1,5,7,3801,0,0,0,,0,3E13D,"POLK ST","ELLIS ST",0.00,,Y,A,-,N,,,,,,,,,,,4,0,1,3,A,-,12,21453,A,N,D,C,A,A,H,-,C,A,0,,,,,Y,,A,07,0,0,1,0,0,0,0,0,0,"- ","- ",,,"SAN FRANCISCO","SAN FRANCISCO",-122.41934967041016,37.784042358398438
9410008,2022,2022-03-16,3801,2022-02-16,1616,643,TARAV,3,5,7,3801,0,0,0,,0,5CAR,"OCEAN AV","20TH AV",0.00,,Y,A,-,N,,,,,,,,,,N,4,0,1,2,A,-,09,21801,A,N,D,G,A,A,H,-,A,A,0,,Y,,,Y,,A,01,0,0,1,0,0,0,1,0,0,"- ","- ",,,"SAN FRANCISCO","SAN FRANCISCO",-122.47604370117188,37.732688903808594
9410009,2022,2022-03-16,3801,2022-02-12,1056,126,RICHM,6,5,7,3801,0,0,0,,0,3G15A,"48TH AV","BALBOA ST",330.00,S,N,A,-,N,,,,,,,,,,Y,3,0,1,2,A,-,01,23152,A,N,A,C,A,A,H,-,A,A,0,,,,,Y,Y,A,01,0,1,0,0,0,0,0,0,0,"- ","- ",,,"SAN FRANCISCO","SAN FRANCISCO",-122.509033203125,37.774272918701172
9410010,2022,2022-04-19,3801,2022-02-06,1928,2149,NORTH,7,5,7,3801,0,0,0,,0,3E12C,"FILLMORE ST","MCALLISTER ST",0.00,,Y,A,-,N,,,,,,,,,,Y,3,0,2,2,A,-,03,22350,,N,D,C,A,A,H,-,C,A,0,,,,,Y,,A,01,0,1,1,0,0,0,0,0,0,"- ","- ",,,"SAN FRANCISCO","SAN FRANCISCO",-122.43175506591797,37.778644561767578
9410011,2022,2022-03-16,3801,2022-02-05,0945,724,INGLE,6,5,7,3801,0,0,0,,0,3H11A,"CHURCH ST","28TH ST",0.00,,Y,A,-,N,,,,,,,,,,N,4,0,1,2,A,-,09,21801,A,N,A,C,A,A,H,-,A,D,0,,,,,Y,Y,A,01,0,0,1,0,0,0,0,0,0,"- ","- ",,,"SAN FRANCISCO","SAN FRANCISCO",-122.42681884765625,37.745307922363281
9410012,2022,2022-03-16,3801,2022-02-05,2134,2288,INGLE,6,5,7,3801,0,0,0,,0,3H13E,"FELTON ST","OXFORD ST",0.00,,Y,A,-,N,,,,,,,,,,N,3,0,1,2,A,-,12,22450,A,N,D,C,A,A,H,-,C,A,0,,,Y,,Y,,C,02,0,1,0,0,0,0,0,0,1,"- ","- ",,,"SAN FRANCISCO","SAN FRANCISCO",-122.41940307617188,37.726181030273438
9410013,2022,2022-03-16,3801,2022-02-03,0831,A20952,INGLE,4,5,7,3801,0,0,0,,0,1CAR,"CORTLAND AV","ELSIE ST",0.00,,Y,A,-,N,,,,,,,,,,N,4,0,1,2,A,-,10,21950,A,N,G,B,B,A,H,-,A,D,0,Y,,,,Y,,A,01,0,0,1,0,1,0,0,0,0,"- ","- ",,,"SAN FRANCISCO","SAN FRANCISCO",-122.41973876953125,37.739761352539062
9410014,2022,2022-03-16,3801,2022-02-24,1246,231,BAYVI,4,5,7,3801,0,0,0,,0,901,"IOWA ST","23RD ST",0.00,,Y,A,-,N,,,,,,,,,,N,3,0,1,2,A,-,05,21651,A,F,A,G,A,A,H,-,A,D,0,,Y,,,Y,,A,01,0,1,0,0,0,0,1,0,0,"- ","- ",,,"SAN FRANCISCO","SAN FRANCISCO",-122.39200592041016,37.755180358886719