CASE_ID,ACCIDENT_YEAR,PROC_DATE,JURIS,COLLISION_DATE,COLLISION_TIME,OFFICER_ID,REPORTING_DISTRICT,DAY_OF_WEEK,CHP_SHIFT,POPULATION,CNTY_CITY_LOC,SPECIAL_COND,BEAT_TYPE,CHP_BEAT_TYPE,CITY_DIVISION_LAPD,CHP_BEAT_CLASS,BEAT_NUMBER,PRIMARY_RD,SECONDARY_RD,DISTANCE,DIRECTION,INTERSECTION,WEATHER_1,WEATHER_2,STATE_HWY_IND,CALTRANS_COUNTY,CALTRANS_DISTRICT,STATE_ROUTE,ROUTE_SUFFIX,POSTMILE_PREFIX,POSTMILE,LOCATION_TYPE,RAMP_INTERSECTION,SIDE_OF_HWY,TOW_AWAY,COLLISION_SEVERITY,NUMBER_KILLED,NUMBER_INJURED,PARTY_COUNT,PRIMARY_COLL_FACTOR,PCF_CODE_OF_VIOL,PCF_VIOL_CATEGORY,PCF_VIOLATION,PCF_VIOL_SUBSECTION,HIT_AND_RUN,TYPE_OF_COLLISION,MVIW,PED_ACTION,ROAD_SURFACE,ROAD_COND_1,ROAD_COND_2,LIGHTING,CONTROL_DEVICE,CHP_ROAD_TYPE,PEDESTRIAN_ACCIDENT,BICYCLE_ACCIDENT,MOTORCYCLE_ACCIDENT,TRUCK_ACCIDENT,NOT_PRIVATE_PROPERTY,ALCOHOL_INVOLVED,STWD_VEHTYPE_AT_FAULT,CHP_VEHTYPE_AT_FAULT,COUNT_SEVERE_INJ,COUNT_VISIBLE_INJ,COUNT_COMPLAINT_PAIN,COUNT_PED_KILLED,COUNT_PED_INJURED,COUNT_BICYCLIST_KILLED,COUNT_BICYCLIST_INJURED,COUNT_MC_KILLED,COUNT_MC_INJURED,PRIMARY_RAMP,SECONDARY_RAMP,LATITUDE,LONGITUDE,COUNTY,CITY,POINT_X,POINT_Y
9421313,2022,2022-03-25,3801,2022-02-01,1855,893,INGLE,2,5,7,3801,0,0,0,,0,3H13D,"CRESCENT AV","ALEMANY BL",0.00,,Y,A,-,N,,,,,,,,,,N,3,0,1,2,A,-,09,21453,B,F,D,J,A,A,H,-,C,A,0,,,,,Y,,A,07,0,1,0,0,0,0,0,0,0,"- ","- ",,,"SAN FRANCISCO","SAN FRANCISCO",-122.41170501708984,37.734554290771484
9421314,2022,2022-03-25,3801,2022-02-02,1446,2493,PARK,3,5,7,3801,0,0,0,,0,3F13C,"STANYAN ST","HAYES ST",135.00,N,N,A,-,N,,,,,,,,,,N,2,0,1,2,A,-,03,22350,,N,C,C,A,A,-,-,A,A,0,,,Y,,Y,Y,C,02,1,0,0,0,0,0,0,0,1,"- ","- ",,,"SAN FRANCISCO","SAN FRANCISCO",-122.45436859130859,37.773235321044922
9421315,2022,2022-03-25,3801,2022-02-01,1915,1642,INGLE,2,5,7,3801,0,0,0,,0,3H15D,"ALEMANY BL","MOUNT VERNON AV",0.00,,Y,A,-,N,,,,,,,,,,Y,4,0,1,2,A,-,08,22107,,N,D,C,A,A,H,-,C,A,0,,,Y,,Y,,A,01,0,0,1,0,0,0,0,0,1,"- ","- ",,,"SAN FRANCISCO","SAN FRANCISCO",-122.44460296630859,37.716102600097656
9422549,2022,2022-06-03,3801,2022-04-23,1313,2310,BAYVI,6,5,7,3801,0,0,0,,0,3C44A,"FELTON ST","CAMBRIDGE ST",0.00,,Y,A,-,N,,,,,,,,,,Y,3,0,1,3,A,-,12,22450,A,N,B,C,A,A,H,-,A,A,0,,,,,Y,,A,01,0,1,0,0,0,0,0,0,0,"- ","- ",,,"SAN FRANCISCO","SAN FRANCISCO",-122.41840362548828,37.726432800292969
9422550,2022,2022-06-03,3801,2022-04-25,0907,488,INGLE,1,5,7,3801,0,0,0,,0,3H1A,"DIAMOND HEIGHTS BL","GOLD MINE DR",210.00,S,N,A,-,N,,,,,,,,,,N,3,0,1,2,A,-,11,21955,,N,G,B,D,A,H,-,A,A,0,Y,,,,Y,,N,60,0,1,0,0,1,0,0,0,0,"- ","- ",,,"SAN FRANCISCO","SAN FRANCISCO",-122.43715667724609,37.743186950683594
9422552,2022,2022-06-03,3801,2022-04-23,1524,2100,MISSI,6,5,7,3801,0,0,0,,0,3D11D,"18TH ST","DEARBORN ST",0.00,,Y,A,-,N,,,,,,,,,,N,3,0,1,2,A,-,06,21750,A,N,B,C,A,A,C,-,A,D,0,,,,,Y,,M,94,0,1,0,0,0,0,0,0,0,"- ","- ",,,"SAN FRANCISCO","SAN FRANCISCO",-122.42279815673828,37.761650085449219
9422554,2022,2022-07-21,3801,2022-04-21,1230,4020,MISSI,4,5,7,3801,0,0,0,,0,3D14A,"BAYSHORE AV","INDUSTRIAL AV",0.00,,Y,F,-,N,,,,,,,,,,N,4,0,1,2,A,-,08,22107,,N,-,G,A,-,G,-,-,-,0,,Y,,,Y,,-,"- ",0,0,1,0,0,0,1,0,0,"- ","- ",,,"SAN FRANCISCO","SAN FRANCISCO",-122.40695953369141,37.737998962402344
9422555,2022,2022-06-03,3801,2022-04-21,1120,4132,MISSI,4,5,7,3801,0,0,0,,0,6CAR,"HARRISON ST","16TH ST",0.00,,Y,A,-,N,,,,,,,,,,N,4,0,1,2,A,-,09,21801,A,N,D,G,A,A,H,-,A,A,0,,Y,,,Y,,A,01,0,0,1,0,0,0,1,0,0,"- ","- ",,,"SAN FRANCISCO","SAN FRANCISCO",-122.41314697265625,37.765449523925781
9422556,2022,2022-07-11,3801,2022-04-20,1050,610,MISSI,3,5,7,3801,0,0,0,,0,3D11A,"GUERRERO ST","CESAR CHAVEZ ST",0.00,,Y,A,-,N,,,,,,,,,,N,4,0,1,2,A,-,12,21453,A,N,B,C,A,A,H,-,A,A,0,,,,,Y,,A,01,0,0,1,0,0,0,0,0,0,"- ","- ",,,"SAN FRANCISCO","SAN FRANCISCO",-122.4224853515625,37.748016357421875
9422557,2022,2022-06-03,3801,2022-04-19,1602,2143,MISSI,2,5,7,3801,0,0,0,,0,3D11D,"VALENCIA ST","SYCAMORE ST",0.00,,Y,A,-,N,,,,,,,,,,Y,4,0,1,2,A,-,06,21750,A,N,D,C,A,A,H,-,A,D,0,,,Y,,Y,Y,C,02,0,0,1,0,0,0,0,0,1,"- ","- ",,,"SAN FRANCISCO","SAN FRANCISCO",-122.42164611816406,37.762550354003906
9422560,2022,2022-06-03,3801,2022-04-22,1817,1505,NORTH,5,5,7,3801,0,0,0,,0,3CAR,"GEARY BL","LAGUNA ST",0.00,,Y,A,-,N,,,,,,,,,,Y,4,0,1,2,A,-,00,21461,,N,D,C,A,A,H,-,A,A,0,,,,,Y,,A,01,0,0,1,0,0,0,0,0,0,"- ","- ",,,"SAN FRANCISCO","SAN FRANCISCO",-122.42800140380859,37.785041809082031
9425172,2021,2022-05-12,3801,2021-04-23,2155,4115,SOUTH,5,5,7,3801,0,0,0,,0,3B3,"BRYANT ST","5TH ST",0.00,,Y,A,-,N,,,,,,,,,,N,4,0,1,2,A,-,03,22350,,M,B,C,A,A,H,-,C,A,0,,,,,Y,,D,72,0,0,1,0,0,0,0,0,0,"- ","- ",,,"SAN FRANCISCO","SAN FRANCISCO",-122.40029144287109,37.777797698974609
9425262,2022,2022-04-19,3801,2022-03-25,1825,2107,NORTH,5,5,7,3801,0,0,0,,0,3E12D,"FULTON ST","WEBSTER ST",0.00,,Y,A,-,N,,,,,,,,,,N,3,0,1,2,A,-,08,22107,,N,B,G,A,A,H,-,A,A,0,,Y,,,Y,,A,01,0,1,0,0,0,0,1,0,0,"- ","- ",,,"SAN FRANCISCO","SAN FRANCISCO",-122.42990875244141,37.777912139892578
9425263,2022,2022-04-19,3801,2022-03-26,1200,1342,NORTH,6,5,7,3801,0,0,0,,0,3E13A,"ELLIS ST","POLK ST",0.00,,Y,-,-,N,,,,,,,,,,N,4,0,1,2,A,-,08,22107,,N,-,C,A,A,H,-,A,A,0,,,,,Y,,M,94,0,0,1,0,0,0,0,0,0,"- ","- ",,,"SAN FRANCISCO","SAN FRANCISCO",-122.41934967041016,37.784042358398438
9425264,2022,2022-04-19,3801,2022-03-23,1755,1945,BAYVI,3,5,7,3801,0,0,0,,0,3C13D,"WEST POINT RD","MIDDLE POINT RD",0.00,,Y,A,-,N,,,,,,,,,,N,4,0,1,2,A,-,08,22107,,F,D,C,A,A,H,-,C,A,0,,,,,Y,,-,"- ",0,0,1,0,0,0,0,0,0,"- ","- ",,,"SAN FRANCISCO","SAN FRANCISCO",-122.37943267822266,37.735282897949219
9425266,2022,2022-04-19,3801,2022-03-23,1511,890,BAYVI,3,5,7,3801,0,0,0,,0,BAYVIE,"GRIFFITH ST","NAVY RD",116.00,S,N,A,-,N,,,,,,,,,,N,4,0,1,2,A,-,05,21650,,F,B,C,A,A,G,-,A,D,0,,,,,Y,,A,01,0,0,1,0,0,0,0,0,0,"- ","- ",,,"SAN FRANCISCO","SAN FRANCISCO",-122.37876129150391,37.728660583496094
9425267,2022,2022-04-19,3801,2022-03-23,0616,310,SOUTH,3,5,7,3801,0,0,0,,0,3B14A,"11TH ST","NATOMA ST",0.00,,Y,-,-,N,,,,,,,,,,N,3,0,1,2,D,-,00,,,N,D,G,A,A,H,-,C,D,0,,Y,,,Y,,-,"- ",0,1,0,0,0,0,1,0,0,"- ","- ",,,"SAN FRANCISCO","SAN FRANCISCO",-122.41609954833984,37.773521423339844
9425268,2022,2022-04-19,3801,2022-03-22,1728,1951,SOUTH,2,5,7,3801,0,0,0,,0,0B3,"HARRISON ST","7TH ST",0.00,,Y,A,-,N,,,,,,,,,,N,4,0,1,2,A,-,17,21657,,N,D,G,A,A,H,-,A,A,0,,Y,,,Y,,L,04,0,0,1,0,0,0,1,0,0,"- ","- ",,,"SAN FRANCISCO","SAN FRANCISCO",-122.40628051757812,37.775539398193359
9425269,2022,2022-04-19,3801,2022-03-22,1309,798,NORTH,2,5,7,3801,0,0,0,,0,3E4C,"OCTAVIA ST","PACIFIC AV",15.00,S,N,A,-,N,,,,,,,,,,N,2,0,2,3,A,-,10,21950,,N,G,B,B,A,H,-,A,A,0,Y,,,,Y,,A,01,1,1,0,0,2,0,0,0,0,"- ","- ",,,"SAN FRANCISCO","SAN FRANCISCO",-122.42813873291016,37.794147491455078
9425270,2022,2022-04-19,3801,2022-03-23,1410,1258,PARK,3,5,7,3801,0,0,0,,0,3F1,"7TH AV","KIRKHAM ST",290.00,S,N,A,-,N,,,,,,,,,,Y,4,0,1,2,A,-,21,22106,,N,B,C,A,A,H,-,A,D,0,,,,,Y,,A,01,0,0,1,0,0,0,0,0,0,"- ","- ",,,"SAN FRANCISCO","SAN FRANCISCO",-122.46388244628906,37.759593963623047
9425271,2022,2022-12-20,3801,2022-03-10,0927,73,TRAFF,4,5,7,3801,0,0,0,,0,4B1B,"FILLMORE ST","CHESTNUT ST",14.00,N,N,A,-,N,,,,,,,,,,N,1,1,0,2,-,-,"- ",,B,N,G,B,B,A,H,-,A,A,0,Y,,,,Y,,N,60,0,0,0,1,0,0,0,0,0,"- ","- ",,,"SAN FRANCISCO","SAN FRANCISCO",-122.436279296875,37.800868988037109
9425272,2022,2022-04-20,3801,2022-03-12,1227,1605,NORTH,6,5,7,3801,0,0,0,,0,3E15A,"LOMBARD ST","PIER 19",75.00,E,N,A,-,N,,,,,,,,,,N,4,0,1,2,A,-,08,22107,,F,C,C,A,A,H,-,A,D,0,,,,,Y,,A,01,0,0,1,0,0,0,0,0,0,"- ","- ",,,"SAN FRANCISCO","SAN FRANCISCO",,
9425274,2022,2022-04-20,3801,2022-03-08,1315,1572,SOUTH,2,5,7,3801,0,0,0,,0,3B1A,"HARRISON ST","MAIN ST",0.00,,Y,A,-,N,,,,,,,,,,Y,3,0,1,2,A,-,09,21801,,N,B,C,A,A,H,-,A,A,0,,,,,Y,,A,01,0,1,0,0,0,0,0,0,0,"- ","- ",,,"SAN FRANCISCO","SAN FRANCISCO",-122.39031982421875,37.78814697265625
9425275,2022,2022-04-20,3801,2022-03-13,0356,1308,SOUTH,7,5,7,3801,0,0,0,,0,3B15E,"2ND ST","CLEMENTINA ST",0.00,,Y,C,-,N,,,,,,,,,,N,3,0,1,2,A,-,09,21801,A,F,D,C,-,B,H,-,C,D,0,Y,,,,Y,,A,01,0,1,0,0,1,0,0,0,0,"- ","- ",,,"SAN FRANCISCO","SAN FRANCISCO",-122.39724731445312,37.785995483398438
9425276,2022,2022-04-19,3801,2022-03-14,1738,893,INGLE,1,5,7,3801,0,0,0,,0,3H15D,"PERSIA AV","EDINBURGH ST",0.00,,Y,A,-,N,,,,,,,,,,N,3,0,2,2,A,-,09,21802,A,N,D,D,A,-,H,-,A,A,0,,,,,Y,,A,01,0,1,1,0,0,0,0,0,0,"- ","- ",,,"SAN FRANCISCO","SAN FRANCISCO",-122.43199920654297,37.721233367919922
9425277,2022,2022-04-19,3801,2022-03-06,2052,158,INGLE,7,5,7,3801,0,0,0,,0,3H15D,"GENEVA AV","SAN JOSE AV",0.00,,Y,A,-,N,,,,,,,,,,N,3,0,1,2,A,-,10,21950,A,N,G,B,B,A,H,-,C,A,0,Y,,,,Y,,A,01,0,1,0,0,1,0,0,0,0,"- ","- ",,,"SAN FRANCISCO","SAN FRANCISCO",-122.44663238525391,37.720729827880859
9425278,2022,2022-04-20,3801,2022-03-14,1010,179,NORTH,1,5,7,3801,0,0,0,,0,3E12A,"LAGUNA ST","FULTON ST",0.00,,Y,A,-,N,,,,,,,,,,N,4,0,1,2,-,-,"- ",,A,N,D,C,A,A,H,-,A,A,0,,,,,Y,,A,01,0,0,1,0,0,0,0,0,0,"- ","- ",,,"SAN FRANCISCO","SAN FRANCISCO",-122.42664337158203,37.778327941894531
9425279,2022,2022-04-20,3801,2022-03-15,0756,1917,TARAV,2,5,7,3801,0,0,0,,0,3I16A,"LAKEVIEW AV","MAJESTIC AV",0.00,,Y,C,-,N,,,,,,,,,,N,3,0,1,2,A,-,09,21801,A,N,D,G,A,B,H,-,A,A,0,,Y,,,Y,,A,07,0,1,0,0,0,0,1,0,0,"- ","- ",,,"SAN FRANCISCO","SAN FRANCISCO",-122.45188140869141,37.716957092285156
9425280,2022,2022-04-20,3801,2022-03-15,1355,4117,TARAV,2,5,7,3801,0,0,0,,0,3I11A,"IRVING ST","19TH AV",0.00,,Y,A,-,N,,,,,,,,,,Y,4,0,1,2,A,-,08,22102,,N,D,C,A,A,H,-,A,D,0,,,Y,,Y,,A,01,0,0,1,0,0,0,0,0,1,"- ","- ",,,"SAN FRANCISCO","SAN FRANCISCO",-122.47720336914062,37.763557434082031
9425281,2022,2022-04-19,3801,2022-03-14,1602,4041,TARAV,1,5,7,3801,0,0,0,,0,3I13D,"43RD AV","LINCOLN WY",0.00,,Y,A,-,N,,,,,,,,,,N,4,0,1,2,A,-,10,21950,A,N,G,B,B,A,H,-,A,A,0,Y,,,,Y,,A,01,0,0,1,0,1,0,0,0,0,"- ","- ",,,"SAN FRANCISCO","SAN FRANCISCO",-122.50296783447266,37.764324188232422
9425282,2021,2023-06-21,3801,2021-03-09,0909,1003,INGLE,2,5,7,3801,0,0,0,,0,3CAR,"ALEMANY BL","STONEYBROOK AV",0.00,,Y,A,-,N,,,,,,,,,,Y,3,0,2,2,A,-,08,22107,,N,C,C,A,A,H,-,A,D,0,,,,,Y,,A,01,0,2,0,0,0,0,0,0,0,"- ","- ",,,"SAN FRANCISCO","SAN FRANCISCO",-122.42173767089844,37.731330871582031
9425284,2022,2022-04-19,3801,2022-03-08,1741,1368,CENTR,2,5,7,3801,0,0,0,,0,3A12D,"PINE ST","KEARNY ST",131.00,W,N,A,-,N,,,,,,,,,,N,3,0,1,2,A,-,04,21703,,N,C,C,A,A,H,-,A,A,0,,,Y,,Y,,C,03,0,1,0,0,0,0,0,0,1,"- ","- ",,,"SAN FRANCISCO","SAN FRANCISCO",-122.40465545654297,37.791633605957031
9425286,2022,2022-04-19,3801,2022-03-10,1742,2443,BAYVI,4,5,7,3801,0,0,0,,0,3C15D,"3RD ST","UNDERWOOD AV",22.00,S,N,A,-,N,,,,,,,,,,N,3,0,1,2,A,-,11,21955,,F,G,B,D,A,H,-,A,A,0,Y,,,,Y,,N,60,0,1,0,0,1,0,0,0,0,"- ","- ",,,"SAN FRANCISCO","SAN FRANCISCO",-122.39247131347656,37.730003356933594
9425287,2022,2022-04-19,3801,2022-03-10,1526,1057,NORTH,4,5,7,3801,0,0,0,,0,3E13D,"POST ST","DIVISADERO ST",0.00,,Y,A,-,N,,,,,,,,,,N,4,0,1,2,A,-,09,21801,A,N,-,G,A,-,H,-,A,A,0,,Y,,,Y,,A,07,0,0,1,0,0,0,1,0,0,"- ","- ",,,"SAN FRANCISCO","SAN FRANCISCO",-122.43967437744141,37.784313201904297
9425288,2022,2022-06-20,3801,2022-03-10,0924,504,NORTH,4,5,7,3801,0,0,0,,0,3E15A,"LOMBARD ST","OCTAVIA ST",0.00,,Y,A,-,N,,,,,,,,,,Y,4,0,1,2,A,-,08,22107,,N,C,C,A,A,H,-,A,A,0,,,,,Y,,A,01,0,0,1,0,0,0,0,0,0,"- ","- ",,,"SAN FRANCISCO","SAN FRANCISCO",-122.42947387695312,37.800693511962891
9425289,2022,2022-04-19,3801,2022-03-02,0123,1823,SOUTH,3,5,7,3801,0,0,0,,0,001,"MISSION ST","NEW MONTGOMERY ST",0.00,,Y,A,-,N,,,,,,,,,,N,3,0,1,2,A,-,00,21954,,N,G,B,E,A,H,-,C,D,0,Y,,,,Y,,N,60,0,1,0,0,1,0,0,0,0,"- ","- ",,,"SAN FRANCISCO","SAN FRANCISCO",-122.40049743652344,37.787452697753906
9425291,2022,2022-04-19,3801,2022-03-10,0050,1933,NORTH,4,5,7,3801,0,0,0,,0,3E13E,"FRANKLIN ST","JACKSON ST",0.00,,Y,A,-,N,,,,,,,,,,Y,3,0,1,2,A,-,08,22100,B,N,D,C,A,A,H,-,C,A,0,,,Y,,Y,,A,01,0,1,0,0,0,0,0,0,1,"- ","- ",,,"SAN FRANCISCO","SAN FRANCISCO",-122.42467498779297,37.793727874755859
9425292,2022,2022-04-19,3801,2022-03-10,1820,2580,SOUTH,4,5,7,3801,0,0,0,,0,901,"FOLSOM ST","8TH ST",11.00,W,N,A,-,N,,,,,,,,,,N,2,0,1,2,A,-,05,21651,B,N,A,C,A,A,H,-,A,A,0,,,Y,,Y,,C,03,1,0,0,0,0,0,0,0,1,"- ","- ",,,"SAN FRANCISCO","SAN FRANCISCO",-122.41007995605469,37.774967193603516
9425294,2022,2022-04-19,3801,2022-03-12,1428,2268,INGLE,6,5,7,3801,0,0,0,,0,3H11C,"FOLSOM ST","BESSIE ST",0.00,,Y,A,-,N,,,,,,,,,,N,3,0,1,2,A,-,12,21453,,M,D,C,A,A,H,-,A,A,0,,,Y,,Y,,C,02,0,1,0,0,0,0,0,0,1,"- ","- ",,,"SAN FRANCISCO","SAN FRANCISCO",-122.41355133056641,37.746799468994141
9425295,2022,2022-04-19,3801,2022-03-12,0757,1185,BAYVI,6,5,7,3801,0,0,0,,0,3C15A,"AUGUSTA ST","ELMIRA ST",0.00,,Y,A,-,N,,,,,,,,,,N,4,0,1,2,A,-,09,21800,A,N,D,C,A,A,H,-,A,A,0,,,,,Y,,A,01,0,0,1,0,0,0,0,0,0,"- ","- ",,,"SAN FRANCISCO","SAN FRANCISCO",-122.40357971191406,37.734409332275391
9425296,2022,2022-04-19,3801,2022-03-13,1616,1771,TENDE,7,5,7,3801,0,0,0,,0,3J15D,"5TH ST","JESSIE ST",0.00,,Y,A,-,N,,,,,,,,,,N,4,0,1,2,A,-,08,22107,,N,B,D,A,A,H,-,A,D,0,,,,,Y,,A,01,0,0,1,0,0,0,0,0,0,"- ","- ",37.783149719238281,-122.40704345703125,"SAN FRANCISCO","SAN FRANCISCO",-122.40700531005859,37.783161163330078
9425297,2022,2022-06-27,3801,2022-03-11,2304,2130,TENDE,5,5,7,3801,0,0,0,,0,3J15E,"LEAVENWORTH ST","EDDY ST",94.00,S,N,A,-,N,,,,,,,,,,N,3,0,1,2,A,-,11,21955,,N,C,B,D,A,H,-,C,D,0,Y,,,,Y,,N,60,0,1,0,0,1,0,0,0,0,"- ","- ",,,"SAN FRANCISCO","SAN FRANCISCO",-122.4141845703125,37.783473968505859
9425299,2022,2022-04-19,3801,2022-03-05,1445,986,TARAV,6,5,7,3801,0,0,0,,0,3I15B,"SLOAT BL","ZOO RD",0.00,,Y,A,-,N,,,,,,,,,,N,4,0,1,2,A,-,08,22107,,N,B,G,A,A,G,H,A,D,0,,Y,,,Y,,A,07,0,0,1,0,0,0,1,0,0,"- ","- ",,,"SAN FRANCISCO","SAN FRANCISCO",,
9425303,2022,2022-04-19,3801,2022-03-25,1700,1945,BAYVI,5,5,7,3801,0,0,0,,0,3C14D,"MENSELL ST","BRUSSELS ST",0.00,,Y,A,-,N,,,,,,,,,,N,3,0,1,2,A,-,10,21950,A,N,G,B,B,A,H,-,A,A,0,Y,,,,Y,,A,01,0,1,0,0,1,0,0,0,0,"- ","- ",,,"SAN FRANCISCO","SAN FRANCISCO",-122.40309906005859,37.721107482910156
9425304,2022,2022-04-19,3801,2022-03-25,1747,341,BAYVI,5,5,7,3801,0,0,0,,0,3C2C,"INDUSTRIAL ST","PALOU AV",100.00,W,N,A,-,N,,,,,,,,,,Y,4,0,4,3,A,-,03,22350,,N,C,C,A,A,H,-,A,D,0,,,,,Y,,-,"- ",0,0,4,0,0,0,0,0,0,"- ","- ",,,"SAN FRANCISCO","SAN FRANCISCO",-122.4012451171875,37.739597320556641
9425305,2022,2022-04-19,3801,2022-03-24,2028,1503,SOUTH,4,5,7,3801,0,0,0,,0,3B106,"BRANNAN ST","2ND ST",0.00,,Y,A,-,N,,,,,,,,,,Y,3,0,1,2,A,-,08,22107,,N,A,C,A,A,H,-,C,A,0,,,,,Y,,A,01,0,1,0,0,0,0,0,0,0,"- ","- ",,,"SAN FRANCISCO","SAN FRANCISCO",-122.39205932617188,37.781837463378906
9425306,2022,2022-04-19,3801,2022-03-27,0002,1472,PARK,7,5,7,3801,0,0,0,,0,003,"MASONIC AV","FELL ST",0.00,,Y,A,-,N,,,,,,,,,,Y,4,0,5,2,A,-,12,21453,A,N,D,C,A,A,H,-,C,A,0,,,,,Y,,A,01,0,0,5,0,0,0,0,0,0,"- ","- ",,,"SAN FRANCISCO","SAN FRANCISCO",-122.44591522216797,37.772983551025391
9425308,2022,2022-04-19,3801,2022-03-19,1710,2199,INGLE,6,5,7,3801,0,0,0,,0,3H14C,"GUERRERO ST","28TH ST",150.00,S,N,C,-,N,,,,,,,,,,N,3,0,1,1,A,-,03,22350,,N,F,-,A,B,H,-,A,D,0,,,Y,,Y,,C,03,0,1,0,0,0,0,0,0,1,"- ","- ",,,"SAN FRANCISCO","SAN FRANCISCO",-122.42232513427734,37.745170593261719
9425309,2022,2022-04-19,3801,2022-03-24,2225,367,CENTR,4,5,7,3801,0,0,0,,0,3A13E,"TAYLOR ST","BAY ST",0.00,,Y,A,-,N,,,,,,,,,,Y,3,0,2,1,A,-,03,22350,,F,E,-,A,A,H,-,C,A,0,,,,,Y,,A,01,0,1,1,0,0,0,0,0,0,"- ","- ",,,"SAN FRANCISCO","SAN FRANCISCO",-122.41525268554688,37.805408477783203
9425310,2022,2022-04-19,3801,2022-03-27,1536,2727,TARAV,7,5,7,3801,0,0,0,,0,3I16D,"ALEMANY BL","BROTHERHOOD WY",0.00,,Y,B,-,N,,,,,,,,,,Y,4,0,1,2,A,-,12,21453,A,F,D,C,A,A,H,-,A,A,0,,,,,Y,,A,01,0,0,1,0,0,0,0,0,0,"- ","- ",,,"SAN FRANCISCO","SAN FRANCISCO",-122.46389770507812,37.711612701416016
9425321,2022,2022-05-09,3801,2022-02-27,1420,379,TRAFF,7,5,7,3801,0,0,0,,0,4B3H,"IRVING ST","8TH AV",195.00,W,N,A,-,N,,,,,,,,,,N,4,0,1,2,A,-,03,22350,,M,C,C,A,A,H,-,A,B,0,,,,,Y,,A,01,0,0,1,0,0,0,0,0,0,"- ","- ",,,"SAN FRANCISCO","SAN FRANCISCO",-122.46592712402344,37.764057159423828
9425322,2022,2022-05-09,3801,2022-02-27,1413,1994,,7,5,7,3801,0,0,0,,0,4B3G,"IRVING ST","8TH ST",113.00,W,N,A,-,N,,,,,,,,,,Y,2,0,8,9,A,-,21,22106,,N,G,B,F,A,H,-,A,D,0,Y,,,,Y,,A,01,1,3,4,0,6,0,0,0,0,"- ","- ",,,"SAN FRANCISCO","SAN FRANCISCO",-122.46563720703125,37.764072418212891
9425323,2022,2022-05-10,3801,2022-02-05,1102,454,TENDE,6,5,7,3801,0,0,0,,0,011,"8TH ST","MISSION ST",0.00,,Y,A,-,N,,,,,,,,,,N,3,0,1,2,A,-,06,21750,,N,B,C,A,A,H,-,A,A,0,,,,,Y,,A,01,0,1,0,0,0,0,0,0,0,"- ","- ",,,"SAN FRANCISCO","SAN FRANCISCO",-122.41315460205078,37.7774658203125
9425324,2022,2022-04-11,3801,2022-02-18,1754,2237,SOUTH,5,5,7,3801,0,0,0,,0,00B,"FOLSOM ST","FREMONT ST",0.00,,Y,A,-,N,,,,,,,,,,N,4,0,1,2,A,-,08,22102,,N,C,C,A,A,H,-,C,A,0,,,,,Y,,-,,0,0,1,0,0,0,0,0,0,"- ","- ",,,"SAN FRANCISCO","SAN FRANCISCO",-122.39360046386719,37.788002014160156
9425325,2022,2022-05-11,3801,2022-02-09,0707,1172,SOUTH,3,5,7,3801,0,0,0,,0,3B14A,"MARKET ST","GOUGH ST",0.00,,Y,A,-,N,,,,,,,,,,N,4,0,1,2,-,-,"- ",,,N,G,B,-,A,H,-,A,A,0,Y,,,,Y,,N,60,0,0,1,0,1,0,0,0,0,"- ","- ",,,"SAN FRANCISCO","SAN FRANCISCO",-122.42221069335938,37.772872924804688
9425755,2021,2022-04-14,3801,2021-06-19,1834,377,SOUTH,6,5,7,3801,0,0,0,,0,004,"MARKET ST","GUERRERO ST",0.00,,Y,A,-,N,,,,,,,,,,N,3,0,1,1,A,-,03,22350,,N,H,A,A,A,H,-,A,A,0,,,Y,,Y,,C,03,0,1,0,0,0,0,0,0,1,"- ","- ",,,"SAN FRANCISCO","SAN FRANCISCO",-122.42485809326172,37.770748138427734
9425868,2021,2022-03-24,3801,2021-11-28,2211,2325,SOUTH,7,5,7,3801,0,0,0,,0,,"MISSION ST","8TH ST",0.00,,Y,A,-,N,,,,,,,,,,Y,3,0,1,2,B,-,22,,,N,G,B,D,A,H,-,C,A,0,Y,,,,Y,,A,01,0,1,0,0,1,0,0,0,0,"- ","- ",,,"SAN FRANCISCO","SAN FRANCISCO",-122.41315460205078,37.7774658203125
9427332,2022,2022-05-04,3801,2022-03-11,0754,1858,BAYVI,5,5,7,3801,0,0,0,,0,3C14D,"BAYSHORE BL","FLOWER ST",266.00,S,N,A,-,N,,,,,,,,,,Y,3,0,2,2,A,-,17,21209,,N,D,C,A,A,H,-,A,D,0,,,,,Y,Y,A,01,0,1,1,0,0,0,0,0,0,"- ","- ",,,"SAN FRANCISCO","SAN FRANCISCO",-122.40613555908203,37.74188232421875
9427333,2022,2022-04-19,3801,2022-03-05,2212,1750,NORTH,6,5,7,3801,0,0,0,,0,0E1,"FRANKLIN ST","FELL ST",0.00,,Y,A,-,N,,,,,,,,,,N,3,0,1,2,A,-,11,21453,D,N,G,B,B,A,H,-,C,A,0,Y,,,,Y,,N,60,0,1,0,0,1,0,0,0,0,"- ","- ",,,"SAN FRANCISCO","SAN FRANCISCO",-122.421142578125,37.776157379150391
9427334,2022,2022-04-19,3801,2022-03-11,1816,1347,NORTH,5,5,7,3801,0,0,0,,0,004,"STEINER ST","CALIFORNIA ST",90.00,S,N,A,-,N,,,,,,,,,,N,3,0,1,2,A,-,09,21804,,N,D,G,A,A,H,-,B,D,0,,Y,,,Y,,A,01,0,1,0,0,0,0,1,0,0,"- ","- ",,,"SAN FRANCISCO","SAN FRANCISCO",-122.43544006347656,37.788467407226562