CASE_ID,ACCIDENT_YEAR,PROC_DATE,JURIS,COLLISION_DATE,COLLISION_TIME,OFFICER_ID,REPORTING_DISTRICT,DAY_OF_WEEK,CHP_SHIFT,POPULATION,CNTY_CITY_LOC,SPECIAL_COND,BEAT_TYPE,CHP_BEAT_TYPE,CITY_DIVISION_LAPD,CHP_BEAT_CLASS,BEAT_NUMBER,PRIMARY_RD,SECONDARY_RD,DISTANCE,DIRECTION,INTERSECTION,WEATHER_1,WEATHER_2,STATE_HWY_IND,CALTRANS_COUNTY,CALTRANS_DISTRICT,STATE_ROUTE,ROUTE_SUFFIX,POSTMILE_PREFIX,POSTMILE,LOCATION_TYPE,RAMP_INTERSECTION,SIDE_OF_HWY,TOW_AWAY,COLLISION_SEVERITY,NUMBER_KILLED,NUMBER_INJURED,PARTY_COUNT,PRIMARY_COLL_FACTOR,PCF_CODE_OF_VIOL,PCF_VIOL_CATEGORY,PCF_VIOLATION,PCF_VIOL_SUBSECTION,HIT_AND_RUN,TYPE_OF_COLLISION,MVIW,PED_ACTION,ROAD_SURFACE,ROAD_COND_1,ROAD_COND_2,LIGHTING,CONTROL_DEVICE,CHP_ROAD_TYPE,PEDESTRIAN_ACCIDENT,BICYCLE_ACCIDENT,MOTORCYCLE_ACCIDENT,TRUCK_ACCIDENT,NOT_PRIVATE_PROPERTY,ALCOHOL_INVOLVED,STWD_VEHTYPE_AT_FAULT,CHP_VEHTYPE_AT_FAULT,COUNT_SEVERE_INJ,COUNT_VISIBLE_INJ,COUNT_COMPLAINT_PAIN,COUNT_PED_KILLED,COUNT_PED_INJURED,COUNT_BICYCLIST_KILLED,COUNT_BICYCLIST_INJURED,COUNT_MC_KILLED,COUNT_MC_INJURED,PRIMARY_RAMP,SECONDARY_RAMP,LATITUDE,LONGITUDE,COUNTY,CITY,POINT_X,POINT_Y
9427335,2022,2022-04-19,3801,2022-03-06,1347,1657,BAYVI,7,5,7,3801,0,0,0,,0,3801,"BAYSHORE BL","SILVER AV",23.00,S,N,A,-,N,,,,,,,,,,N,4,0,1,2,A,-,08,22107,,N,B,G,A,A,H,-,A,A,0,,Y,,,Y,,A,01,0,0,1,0,0,0,1,0,0,"- ","- ",,,"SAN FRANCISCO","SAN FRANCISCO",-122.40461730957031,37.732902526855469
9427337,2022,2022-04-19,3801,2022-03-07,1330,156,BAYVI,1,5,7,3801,0,0,0,,0,3C60,"FELTON ST","BOWDOIN ST",0.00,,Y,A,-,N,,,,,,,,,,N,4,0,1,2,A,-,12,22450,A,N,D,D,A,A,H,-,A,D,0,,,,,Y,,-,,0,0,1,0,0,0,0,0,0,"- ","- ",,,"SAN FRANCISCO","SAN FRANCISCO",-122.41151428222656,37.728233337402344
9427338,2022,2022-04-19,3801,2022-03-02,0609,156,BAYVI,3,5,7,3801,0,0,0,,0,3C60,"3RD ST","KIRKWOOD AV",0.00,,Y,A,-,N,,,,,,,,,,Y,2,0,1,1,A,-,07,21658,A,N,-,I,A,A,H,-,B,D,0,,,,,Y,,A,01,1,0,0,0,0,0,0,0,0,"- ","- ",,,"SAN FRANCISCO","SAN FRANCISCO",-122.38967895507812,37.737998962402344
9427339,2022,2022-04-19,3801,2022-03-07,1041,2401,BAYVI,1,5,7,3801,0,0,0,,0,3C13A,"3RD ST","EVANS AV",0.00,,Y,A,-,N,,,,,,,,,,Y,4,0,1,2,A,-,12,21453,A,N,D,C,A,A,H,-,A,A,0,,,,,Y,,A,01,0,0,1,0,0,0,0,0,0,"- ","- ",,,"SAN FRANCISCO","SAN FRANCISCO",-122.38801574707031,37.742733001708984
9427340,2022,2022-04-19,3801,2022-03-07,1320,310,SOUTH,1,5,7,3801,0,0,0,,0,3B12A,"6TH ST","BRYANT ST",0.00,,Y,A,-,N,,,,,,,,,,Y,4,0,2,4,A,-,03,22350,,N,D,C,A,A,H,-,A,A,0,,,,,Y,,A,01,0,0,2,0,0,0,0,0,0,"- ","- ",,,"SAN FRANCISCO","SAN FRANCISCO",-122.40250396728516,37.776058197021484
9427343,2022,2022-04-20,3801,2022-03-07,2154,2499,TARAV,1,5,7,3801,0,0,0,,0,3I16E,"JUNIPERO SERRA","19TH AV",0.00,,Y,A,-,N,,,,,,,,,,N,2,0,1,2,C,-,18,,,N,G,B,D,A,H,-,C,A,0,Y,,,,Y,,-,"- ",1,0,0,0,1,0,0,0,0,"- ","- ",,,"SAN FRANCISCO","SAN FRANCISCO",-122.47271728515625,37.717182159423828
9427344,2022,2022-04-20,3801,2022-03-07,1741,2733,SOUTH,1,5,7,3801,0,0,0,,0,0B2,"5TH ST","MISSION ST",0.00,,Y,A,-,N,,,,,,,,,,Y,4,0,1,2,A,-,04,21703,,N,C,C,A,A,H,-,A,A,0,,,,,Y,,A,01,0,0,1,0,0,0,0,0,0,"- ","- ",,,"SAN FRANCISCO","SAN FRANCISCO",-122.40648651123047,37.782737731933594
9427345,2022,2022-04-20,3801,2022-03-04,0747,2262,TARAV,5,5,7,3801,0,0,0,,0,3I2A,"LINCOLN WY","20TH AV",60.00,E,N,A,-,N,,,,,,,,,,Y,4,0,1,2,A,-,05,21460,A,N,D,C,A,B,H,-,A,A,0,,,,,Y,,A,07,0,0,1,0,0,0,0,0,0,"- ","- ",,,"SAN FRANCISCO","SAN FRANCISCO",-122.47811889648438,37.765407562255859
9427346,2022,2022-04-20,3801,2022-03-07,1130,986,TARAV,1,5,7,3801,0,0,0,,0,3I15B,"33RD AV","RIVERA ST",0.00,,Y,A,-,N,,,,,,,,,,N,3,0,1,1,A,-,03,22350,,N,-,I,A,A,H,-,A,D,0,,,,,Y,,A,01,0,1,0,0,0,0,0,0,0,"- ","- ",,,"SAN FRANCISCO","SAN FRANCISCO",-122.49095916748047,37.746116638183594
9427348,2022,2022-04-20,3801,2022-03-04,2246,4347,TARAV,5,5,7,3801,0,0,0,,0,3I11E,"LINCOLN WY","19TH AV",0.00,,Y,C,-,N,,,,,,,,,,N,4,0,1,1,A,-,03,22350,,N,H,A,A,B,H,-,C,A,0,,,Y,,Y,,C,02,0,0,1,0,0,0,0,0,1,"- ","- ",,,"SAN FRANCISCO","SAN FRANCISCO",-122.47732543945312,37.76544189453125
9427349,2022,2022-04-20,3801,2022-03-03,1436,2376,SOUTH,4,5,7,3801,0,0,0,,0,0B2,"BRANNAN ST","5TH ST",43.00,E,N,A,-,N,,,,,,,,,,Y,2,0,3,5,A,-,03,22350,,N,C,C,A,D,H,-,A,D,0,,,,,Y,,-,"- ",2,0,1,0,0,0,0,0,0,"- ","- ",,,"SAN FRANCISCO","SAN FRANCISCO",-122.39865112304688,37.776653289794922
9427350,2022,2022-04-20,3801,2022-03-02,1827,54,NORTH,3,5,7,3801,0,0,0,,0,3E14D,"EDDY ST","GOUGH ST",315.00,W,N,A,-,N,,,,,,,,,,N,4,0,1,2,A,-,11,21954,A,N,G,B,-,A,H,-,C,D,0,Y,,,,Y,,N,60,0,0,1,0,1,0,0,0,0,"- ","- ",,,"SAN FRANCISCO","SAN FRANCISCO",-122.42519378662109,37.782333374023438
9427353,2022,2022-04-20,3801,2022-03-01,2003,1505,SOUTH,2,5,7,3801,0,0,0,,0,0B2,"HARRISON ST","3RD AV",0.00,,Y,A,-,N,,,,,,,,,,N,3,0,1,2,A,-,11,21456,A,N,G,B,B,A,H,-,C,A,0,Y,,,,Y,Y,A,01,0,1,0,0,1,0,0,0,0,"- ","- ",,,"SAN FRANCISCO","SAN FRANCISCO",-122.39739227294922,37.782550811767578
9427354,2022,2022-04-20,3801,2022-03-02,1300,1053,TARAV,3,5,7,3801,0,0,0,,0,3I13A,"19TH AV","LINCOLN WY",27.00,N,N,A,-,N,,,,,,,,,,N,4,0,2,2,A,-,03,22350,,N,C,C,A,A,H,-,A,A,0,,,,,Y,,A,01,0,0,2,0,0,0,0,0,0,"- ","- ",,,"SAN FRANCISCO","SAN FRANCISCO",-122.47733306884766,37.76544189453125
9427355,2022,2022-04-20,3801,2022-03-01,2117,2707,TARAV,2,5,7,3801,0,0,0,,0,5CAR,"CHUMASERO DR","GALINDO AV",0.00,,Y,A,-,N,,,,,,,,,,N,4,0,1,2,A,-,08,22107,,F,D,C,A,A,H,-,C,D,0,,,,,Y,Y,-,"- ",0,0,1,0,0,0,0,0,0,"- ","- ",,,"SAN FRANCISCO","SAN FRANCISCO",-122.47319793701172,37.713970184326172
9427357,2022,2022-04-20,3801,2022-02-26,0142,821,SOUTH,6,5,7,3801,0,0,0,,0,3B14E,"MARKET ST","GOUGH ST",0.00,,Y,A,-,N,,,,,,,,,,N,4,0,1,2,A,-,12,21453,A,N,D,C,A,A,H,-,C,A,0,,,,,Y,Y,A,07,0,0,1,0,0,0,0,0,0,"- ","- ",,,"SAN FRANCISCO","SAN FRANCISCO",-122.42221069335938,37.772872924804688
9427358,2022,2022-04-20,3801,2022-03-01,2100,2175,BAYVI,2,5,7,3801,0,0,0,,0,3C13E,"BAY SHORE BL","SAN BRUNO AV",0.00,,Y,A,-,N,,,,,,,,,,N,4,0,1,2,A,-,03,22350,,N,C,C,A,A,H,-,C,A,0,,,,,Y,,A,07,0,0,1,0,0,0,0,0,0,"- ","- ",,,"SAN FRANCISCO","SAN FRANCISCO",-122.40318298339844,37.711971282958984
9427359,2022,2022-04-20,3801,2022-03-29,2020,2215,NORTH,2,5,7,3801,0,0,0,,0,3E15D,"EDDY ST","FILLMORE ST",15.00,E,N,F,-,N,,,,,,,,,,N,4,0,1,2,A,-,10,21950,A,N,G,B,B,A,H,-,C,A,0,Y,,,,Y,,-,,0,0,1,0,1,0,0,0,0,"- ","- ",,,"SAN FRANCISCO","SAN FRANCISCO",-122.43226623535156,37.781425476074219
9427360,2022,2022-04-20,3801,2022-03-30,1246,A20702,NORTH,3,5,7,3801,0,0,0,,0,01E,"FRANKLIN ST","FELL ST",0.00,,Y,A,-,N,,,,,,,,,,N,4,0,1,2,A,-,04,21703,,N,C,C,A,A,H,-,A,D,0,,,,,Y,,-,"- ",0,0,1,0,0,0,0,0,0,"- ","- ",,,"SAN FRANCISCO","SAN FRANCISCO",-122.421142578125,37.776157379150391
9427365,2022,2022-06-23,3801,2022-02-15,1414,328,CENTR,2,5,7,3801,0,0,0,,0,3A44C,"COLUMBUS AV","PACIFIC AV",14.00,N,N,A,-,N,,,,,,,,,,Y,4,0,3,3,A,-,03,22350,,N,C,C,A,A,H,-,A,A,0,,,,,Y,,A,01,0,0,3,0,0,0,0,0,0,"- ","- ",,,"SAN FRANCISCO","SAN FRANCISCO",-122.40542602539062,37.797084808349609
9427369,2022,2022-04-18,3801,2022-02-05,1340,2157,RICHM,6,5,7,3801,0,0,0,,0,002,"GEARY BL","PARKER AV",50.00,W,N,A,-,N,,,,,,,,,,N,4,0,1,2,A,-,07,21658,A,N,B,C,A,A,H,-,A,A,0,,,,,Y,,A,01,0,0,1,0,0,0,0,0,0,"- ","- ",,,"SAN FRANCISCO","SAN FRANCISCO",-122.45433044433594,37.781639099121094
9427380,2022,2022-04-18,3801,2022-02-25,2028,1858,BAYVI,5,5,7,3801,0,0,0,,0,3C15D,"SAN BRUNO AV","WAYLAND ST",0.00,,Y,A,-,N,,,,,,,,,,Y,4,0,1,2,A,-,09,21802,A,F,-,D,A,A,H,-,C,A,0,,,,,Y,Y,A,01,0,0,1,0,0,0,0,0,0,"- ","- ",,,"SAN FRANCISCO","SAN FRANCISCO",-122.40312194824219,37.726444244384766
9427381,2022,2022-04-21,3801,2022-03-01,1020,1420,INGLE,2,5,7,3801,0,0,0,,0,3H15A,"PERSIA AV","PARIS ST",0.00,,Y,A,-,N,,,,,,,,,,N,4,0,1,2,A,-,17,22517,,N,B,E,A,A,H,-,A,A,0,,,,,Y,,-,,0,0,1,0,0,0,0,0,0,"- ","- ",,,"SAN FRANCISCO","SAN FRANCISCO",-122.43437957763672,37.722393035888672
9427385,2022,2022-04-21,3801,2022-03-12,1530,2141,BAYVI,6,5,7,3801,0,0,0,,0,3C13D,"POTRERO AV","22ND ST",0.00,,Y,A,-,N,,,,,,,,,,N,4,0,1,2,A,-,03,22350,,F,C,C,A,A,H,-,A,A,0,,,,,Y,Y,D,22,0,0,1,0,0,0,0,0,0,"- ","- ",,,"SAN FRANCISCO","SAN FRANCISCO",-122.40670013427734,37.7568359375
9427691,2022,2022-05-24,3801,2022-03-27,1350,2202,INGLE,7,5,7,3801,0,0,0,,0,3H13A,"GENNESSEE ST","STAPLES AV",0.00,,Y,A,-,N,,,,,,,,,,Y,3,0,1,2,A,-,09,21802,A,N,D,C,A,A,H,-,A,A,0,,,,,Y,,D,22,0,1,0,0,0,0,0,0,0,"- ","- ",,,"SAN FRANCISCO","SAN FRANCISCO",-122.451171875,37.729053497314453
9427850,2022,2022-04-13,3801,2022-02-24,1026,1017,NORTH,4,5,7,3801,0,0,0,,0,3E12E,"SCOTT ST","FULTON ST",0.00,,Y,A,-,N,,,,,,,,,,Y,4,0,2,2,A,-,09,21804,A,N,D,C,A,A,H,-,A,A,0,,,,,Y,,A,08,0,0,2,0,0,0,0,0,0,"- ","- ",,,"SAN FRANCISCO","SAN FRANCISCO",-122.43650817871094,37.777069091796875
9427853,2022,2022-04-13,3801,2022-02-27,1647,649,INGLE,7,5,7,3801,0,0,0,,0,3H13D,"MISSION ST","PRECITA AV",0.00,,Y,A,-,N,,,,,,,,,,N,4,0,1,2,A,-,10,21950,A,N,-,B,B,A,H,-,A,A,0,Y,,,,Y,,A,01,0,0,1,0,1,0,0,0,0,"- ","- ",,,"SAN FRANCISCO","SAN FRANCISCO",-122.41912078857422,37.746757507324219
9427854,2022,2022-04-13,3801,2022-02-23,0940,1872,MISSI,3,5,7,3801,0,0,0,,0,,"23RD ST","HARRISON ST",0.00,,Y,A,-,N,,,,,,,,,,N,4,0,1,2,A,-,12,22450,,N,D,G,A,A,H,-,A,D,0,,Y,,,Y,,L,04,0,0,1,0,0,0,1,0,0,"- ","- ",,,"SAN FRANCISCO","SAN FRANCISCO",-122.41210174560547,37.754245758056641
9427855,2022,2022-04-13,3801,2022-02-01,0635,1810,MISSI,2,5,7,3801,0,0,0,,0,3D00,"22ND ST","TREAT AV",0.00,,Y,-,-,N,,,,,,,,,,N,4,0,1,2,A,-,"- ",,,N,-,-,A,-,-,-,-,-,0,,Y,,,Y,,-,"- ",0,0,1,0,0,0,1,0,0,"- ","- ",,,"SAN FRANCISCO","SAN FRANCISCO",-122.41329193115234,37.755783081054688
9427856,2022,2022-04-13,3801,2022-02-28,1816,540,TARAV,1,5,7,3801,0,0,0,,0,015,"OCEAN AV","SYLVAN DR",0.00,,Y,-,-,N,,,,,,,,,,N,2,0,1,2,A,-,11,21954,A,N,B,B,D,A,H,-,C,D,0,Y,,,,Y,,N,60,1,0,0,0,1,0,0,0,0,"- ","- ",,,"SAN FRANCISCO","SAN FRANCISCO",-122.48538970947266,37.732292175292969
9427857,2022,2022-04-13,3801,2022-02-25,1425,1460,SOUTH,5,5,7,3801,0,0,0,,0,3B5C,"HOWARD ST","8TH ST",143.00,E,N,A,-,N,,,,,,,,,,N,3,0,1,2,A,-,11,21955,,N,G,B,D,A,H,-,A,D,0,Y,,,,Y,,N,60,0,1,0,0,1,0,0,0,0,"- ","- ",,,"SAN FRANCISCO","SAN FRANCISCO",-122.41123199462891,37.776500701904297
9427858,2022,2022-04-13,3801,2022-02-24,0818,2466,RICHM,4,5,7,3801,0,0,0,,0,004,"BALBOA ST","20TH AV",0.00,,Y,A,-,N,,,,,,,,,,Y,4,0,1,2,A,-,09,21802,A,N,D,C,A,A,H,-,A,A,0,,,,,Y,,A,01,0,0,1,0,0,0,0,0,0,"- ","- ",,,"SAN FRANCISCO","SAN FRANCISCO",-122.4791259765625,37.776538848876953
9427859,2022,2022-04-13,3801,2022-02-25,1600,1389,BAYVI,5,5,7,3801,0,0,0,,0,3C13D,"EVANS AV","NEWHALL ST",0.00,,Y,A,-,N,,,,,,,,,,N,2,0,1,2,A,-,10,21950,A,F,G,B,B,A,H,-,A,D,0,Y,,,,Y,,A,01,1,0,0,0,1,0,0,0,0,"- ","- ",,,"SAN FRANCISCO","SAN FRANCISCO",-122.38661956787109,37.741886138916016
9427860,2022,2022-04-13,3801,2022-02-25,2029,2718,BAYVI,5,5,7,3801,0,0,0,,0,3CI1D,"BAYSHORE BL","INDUSTRIAL ST",0.00,,Y,A,-,N,,,,,,,,,,Y,4,0,2,2,A,-,01,23153,A,F,D,C,A,A,H,-,C,A,0,,,,,Y,Y,-,"- ",0,0,2,0,0,0,0,0,0,"- ","- ",,,"SAN FRANCISCO","SAN FRANCISCO",-122.40695953369141,37.737998962402344
9427880,2022,2022-04-13,3801,2022-02-13,2100,969,MISSI,7,5,7,3801,0,0,0,,0,3D11D,"MARKET ST","NOE ST",0.00,,Y,A,-,N,,,,,,,,,,Y,2,0,1,2,A,-,09,21801,A,N,D,C,A,A,H,-,C,A,0,,,Y,,Y,,A,01,1,0,0,0,0,0,0,0,1,"- ","- ",,,"SAN FRANCISCO","SAN FRANCISCO",-122.43313598632812,37.764244079589844
9427936,2022,2022-04-13,3801,2022-02-25,1728,1330,INGLE,5,5,7,3801,0,0,0,,0,3H11D,"OCEAN AV","MISSION ST",0.00,,Y,A,-,N,,,,,,,,,,N,4,0,1,2,A,-,10,21950,A,N,G,B,B,A,H,-,B,A,0,Y,,,,Y,,A,01,0,0,1,0,1,0,0,0,0,"- ","- ",,,"SAN FRANCISCO","SAN FRANCISCO",-122.43540954589844,37.723888397216797
9427937,2022,2022-04-13,3801,2022-02-25,1310,1529,CENTR,5,5,7,3801,0,0,0,,0,3ASK,"COLUMBUS AV","VALLEJO ST",20.00,S,N,A,-,N,,,,,,,,,,N,3,0,1,2,D,-,00,,,F,C,C,A,A,H,-,A,D,0,,,,,Y,,-,"- ",0,1,0,0,0,0,0,0,0,"- ","- ",,,"SAN FRANCISCO","SAN FRANCISCO",-122.4078369140625,37.798683166503906
9427938,2022,2022-04-13,3801,2022-02-24,1102,2262,TARAV,4,5,7,3801,0,0,0,,0,,"OCEAN AV","FAXON AV",0.00,,Y,A,-,N,,,,,,,,,,Y,4,0,1,2,A,-,08,22107,,N,D,C,A,A,H,-,A,A,0,,,,,Y,,A,01,0,0,1,0,0,0,0,0,0,"- ","- ",,,"SAN FRANCISCO","SAN FRANCISCO",-122.46024322509766,37.724758148193359
9427939,2022,2022-04-13,3801,2022-02-27,1740,2705,BAYVI,7,5,7,3801,0,0,0,,0,3C13D,"JERROLD AV","DORMITORY RD",0.00,,Y,A,-,N,,,,,,,,,,Y,2,0,1,2,A,-,07,21658,A,N,C,C,A,A,H,-,A,D,0,,,Y,,Y,Y,C,03,1,0,0,0,0,0,0,0,1,"- ","- ",,,"SAN FRANCISCO","SAN FRANCISCO",-122.37429809570312,37.730224609375
9427940,2022,2022-04-13,3801,2022-02-27,0813,2402,TARAV,7,5,7,3801,0,0,0,,0,3I16A,"BROTHERHOOD AV","ARCH ST",0.00,,Y,A,-,N,,,,,,,,,,Y,4,0,1,2,A,-,12,21453,A,N,D,I,A,A,H,-,A,A,0,,,Y,,Y,,C,06,0,0,1,0,0,0,0,0,0,"- ","- ",,,"SAN FRANCISCO","SAN FRANCISCO",-122.46707916259766,37.712368011474609
9428101,2021,2022-04-19,3801,2021-12-14,0130,196,CENTR,2,5,7,3801,0,0,0,,0,3A13E,"HYDE ST","BUSH ST",0.00,,Y,C,-,N,,,,,,,,,,N,3,0,1,2,A,-,10,21950,A,F,A,B,B,B,H,-,C,A,0,Y,,,,Y,Y,-,,0,1,0,0,1,0,0,0,0,"- ","- ",,,"SAN FRANCISCO","SAN FRANCISCO",-122.41700744628906,37.789119720458984
9428104,2021,2022-04-19,3801,2021-12-29,2113,1332,CENTR,3,5,7,3801,0,0,0,,0,0A1,"GEARY ST","LARKIN ST",68.00,E,N,A,-,N,,,,,,,,,,N,4,0,1,2,A,-,09,21804,A,N,C,C,A,B,H,-,C,A,0,,,,,Y,,A,01,0,0,1,0,0,0,0,0,0,"- ","- ",,,"SAN FRANCISCO","SAN FRANCISCO",-122.41787719726562,37.786136627197266
9428585,2022,2022-04-22,3801,2022-03-30,1215,4132,MISSI,3,5,7,3801,0,0,0,,0,3-CAR,"VALENCIA ST","21ST ST",0.00,,Y,A,-,N,,,,,,,,,,N,2,0,1,2,A,-,08,22107,,F,D,C,A,A,H,-,A,A,0,,,Y,,Y,,A,01,1,0,0,0,0,0,0,0,1,"- ","- ",,,"SAN FRANCISCO","SAN FRANCISCO",-122.42109680175781,37.756908416748047
9428587,2022,2022-04-22,3801,2022-03-31,1600,1184,INGLE,4,5,7,3801,0,0,0,,0,3H11D,"41 LEESE ST","PARK ST",0.00,,Y,A,-,N,,,,,,,,,,N,4,0,1,2,A,-,10,21950,,N,B,B,E,A,H,-,A,D,0,Y,,,,Y,,A,01,0,0,1,0,1,0,0,0,0,"- ","- ",,,"SAN FRANCISCO","SAN FRANCISCO",-122.42362213134766,37.736656188964844
9428703,2022,2022-04-21,3801,2022-02-27,0739,2202,INGLE,7,5,7,3801,0,0,0,,0,3H13A,"ALEMANY BL","SICKLES AV",0.00,,Y,A,-,N,,,,,,,,,,N,4,0,1,2,A,-,12,21453,A,N,D,G,A,A,H,-,A,A,0,,Y,,,Y,Y,L,04,0,0,1,0,0,0,1,0,0,"- ","- ",,,"SAN FRANCISCO","SAN FRANCISCO",-122.45491790771484,37.710514068603516
9428769,2022,2022-04-21,3801,2022-03-08,0723,488,INGLE,2,5,7,3801,0,0,0,,0,3H11A,"OCEAN AV","GENEVA AV",0.00,,Y,A,-,N,,,,,,,,,,N,3,0,1,2,A,-,11,21456,C,N,G,B,B,A,H,-,A,A,0,Y,,,,Y,,N,60,0,1,0,0,1,0,0,0,0,"- ","- ",,,"SAN FRANCISCO","SAN FRANCISCO",-122.45233154296875,37.723068237304688
9428771,2022,2022-05-03,3801,2022-03-26,1228,768,INGLE,6,5,7,3801,0,0,0,,0,5CAR,"MISSION ST","LEO ST",0.00,,Y,A,-,N,,,,,,,,,,Y,3,0,3,2,A,-,09,21804,A,N,D,C,A,A,H,-,A,A,0,,,,,Y,,A,01,0,1,2,0,0,0,0,0,0,"- ","- ",,,"SAN FRANCISCO","SAN FRANCISCO",-122.43650817871094,37.722457885742188
9428772,2022,2022-04-21,3801,2022-03-02,1109,686,TENDE,3,5,7,3801,0,0,0,,0,005,"LARKIN ST","OFARRELL ST",112.00,N,N,A,-,N,,,,,,,,,,N,4,0,1,2,A,-,21,22106,,N,G,B,D,A,H,-,A,D,0,Y,,,,Y,,A,07,0,0,1,0,1,0,0,0,0,"- ","- ",,,"SAN FRANCISCO","SAN FRANCISCO",-122.41796875,37.785472869873047
9428774,2022,2022-04-21,3801,2022-03-17,0942,768,INGLE,4,5,7,3801,0,0,0,,0,3H15A,"SAN JOSE AV","OCEAN AV",0.00,,Y,A,-,N,,,,,,,,,,Y,4,0,1,2,A,-,08,22100,B,F,D,C,A,A,H,-,A,A,0,,,,,Y,,A,01,0,0,1,0,0,0,0,0,0,"- ","- ",,,"SAN FRANCISCO","SAN FRANCISCO",-122.44480895996094,37.722934722900391
9428775,2022,2022-04-21,3801,2022-03-23,0548,2102,RICHM,3,5,7,3801,0,0,0,,0,3G14E,"FULTON ST","6TH ST",0.00,,Y,E,-,N,,,,,,,,,,N,4,0,3,2,A,-,03,22350,,N,C,C,A,B,H,-,B,A,0,,,,,Y,,A,01,0,0,3,0,0,0,0,0,0,"- ","- ",,,"SAN FRANCISCO","SAN FRANCISCO",-122.46376037597656,37.773612976074219
9428779,2022,2022-04-21,3801,2022-03-26,1151,2202,INGLE,6,5,7,3801,0,0,0,,0,3H13A,"OSHAUGHNESSY BL","DEL VALE AV",866.00,W,N,A,-,N,,,,,,,,,,N,4,0,1,2,A,-,08,22105,,F,D,C,A,A,H,-,A,D,0,,,Y,,Y,,A,01,0,0,1,0,0,0,0,0,1,"- ","- ",,,"SAN FRANCISCO","SAN FRANCISCO",-122.44775390625,37.74267578125
9429812,2022,2022-05-12,3801,2022-03-07,1749,2008,MISSI,1,5,7,3801,0,0,0,,0,3D15D,"20TH ST","CHURCH ST",48.00,E,N,-,-,N,,,,,,,,,,Y,3,0,2,7,A,-,08,22107,,F,G,E,-,A,H,-,A,D,0,Y,,,Y,Y,,F,26,0,1,1,0,2,0,0,0,0,"- ","- ",,,"SAN FRANCISCO","SAN FRANCISCO",-122.42788696289062,37.758071899414062
9429813,2022,2022-04-27,3801,2022-03-15,1105,610,MISSI,2,5,7,3801,0,0,0,,0,3D11A,"CASTRO ST","JERSEY ST",0.00,,Y,A,-,N,,,,,,,,,,N,2,0,1,2,A,-,10,21950,A,N,G,B,B,A,H,-,A,D,0,Y,,,,Y,,-,,1,0,0,0,1,0,0,0,0,"- ","- ",,,"SAN FRANCISCO","SAN FRANCISCO",-122.43400573730469,37.750480651855469
9429815,2022,2022-04-26,3801,2022-03-16,1710,1184,INGLE,3,5,7,3801,0,0,0,,0,3H14D,"OSHAUGHNESSY BL","OSHAUGHNESSY BL 990",0.00,,N,A,-,N,,,,,,,,,,,3,0,2,4,A,-,04,21703,,N,C,-,A,A,H,-,A,D,0,,,,,Y,,D,22,0,2,0,0,0,0,0,0,0,"- ","- ",,,"SAN FRANCISCO","SAN FRANCISCO",,
9429817,2022,2022-04-20,3801,2022-03-12,2024,1542,INGLE,6,5,7,3801,0,0,0,,0,2024,"ALEMANY BL","CONGDON AV",0.00,,Y,B,-,N,,,,,,,,,,Y,2,0,1,2,A,-,12,21453,A,N,D,C,A,A,H,-,C,A,0,,,Y,,Y,,C,03,1,0,0,0,0,0,0,0,1,"- ","- ",,,"SAN FRANCISCO","SAN FRANCISCO",-122.42619323730469,37.731166839599609
9430874,2022,2022-04-21,3801,2022-03-24,1930,4046,INGLE,4,5,7,3801,0,0,0,,0,3H13D,"MONTEREY BL","GENNESSEE ST",0.00,,Y,A,-,N,,,,,,,,,,N,3,0,1,2,A,-,10,21950,A,N,G,B,B,A,H,-,B,A,0,Y,,,,Y,,D,22,0,1,0,0,1,0,0,0,0,"- ","- ",,,"SAN FRANCISCO","SAN FRANCISCO",-122.45112609863281,37.731536865234375
9431367,2022,2022-04-21,3801,2022-03-04,1820,203,MISSI,5,5,7,3801,0,0,0,,0,,"GUERRERO ST","20TH ST",213.00,N,N,B,G,N,,,,,,,,,,N,3,0,1,2,A,-,11,21950,B,N,B,B,E,A,H,-,C,D,0,Y,,,,Y,,N,60,0,1,0,0,1,0,0,0,0,"- ","- ",,,"SAN FRANCISCO","SAN FRANCISCO",-122.42351531982422,37.758945465087891
9431368,2022,2022-04-21,3801,2022-03-03,2112,740,MISSI,4,5,7,3801,0,0,0,,0,0D4,"POTRERO AV","25TH ST",365.00,S,N,C,-,N,,,,,,,,,,Y,4,0,1,1,A,-,07,21658,A,N,A,I,A,B,H,-,C,D,0,,,,,Y,,D,22,0,0,1,0,0,0,0,0,0,"- ","- ",,,"SAN FRANCISCO","SAN FRANCISCO",-122.40605163574219,37.750747680664062
9431370,2022,2022-04-18,3801,2022-02-23,0850,2469,BAYVI,3,5,7,3801,0,0,0,,0,3C13A,"YORK ST","25TH ST",0.00,,Y,-,-,N,,,,,,,,,,N,4,0,1,2,A,-,07,21658,A,M,B,C,A,A,-,-,A,-,0,,,,,Y,,D,22,0,0,1,0,0,0,0,0,0,"- ","- ",,,"SAN FRANCISCO","SAN FRANCISCO",-122.4080810546875,37.751247406005859
9431371,2022,2022-06-23,3801,2022-02-28,1219,1297,PARK,1,5,7,3801,0,0,0,,0,3F13A,"MASONIC AV","EWING TER",0.00,,Y,A,-,N,,,,,,,,,,N,4,0,1,2,A,-,04,21703,,N,C,C,A,A,H,-,A,A,0,,,,Y,Y,,F,21,0,0,1,0,0,0,0,0,0,"- ","- ",,,"SAN FRANCISCO","SAN FRANCISCO",-122.44735717773438,37.780147552490234
9431373,2022,2022-04-26,3801,2022-02-22,1630,2470,CENTR,2,5,7,3801,0,0,0,,0,3A13D,TAYLOR,"FILBERT ST",0.00,,Y,A,-,N,,,,,,,,,,Y,4,0,1,3,A,-,12,22450,A,N,D,E,A,A,H,-,A,D,0,,,,Y,Y,,A,01,0,0,1,0,0,0,0,0,0,"- ","- ",,,"SAN FRANCISCO","SAN FRANCISCO",-122.414306640625,37.800754547119141