CASE_ID,ACCIDENT_YEAR,PROC_DATE,JURIS,COLLISION_DATE,COLLISION_TIME,OFFICER_ID,REPORTING_DISTRICT,DAY_OF_WEEK,CHP_SHIFT,POPULATION,CNTY_CITY_LOC,SPECIAL_COND,BEAT_TYPE,CHP_BEAT_TYPE,CITY_DIVISION_LAPD,CHP_BEAT_CLASS,BEAT_NUMBER,PRIMARY_RD,SECONDARY_RD,DISTANCE,DIRECTION,INTERSECTION,WEATHER_1,WEATHER_2,STATE_HWY_IND,CALTRANS_COUNTY,CALTRANS_DISTRICT,STATE_ROUTE,ROUTE_SUFFIX,POSTMILE_PREFIX,POSTMILE,LOCATION_TYPE,RAMP_INTERSECTION,SIDE_OF_HWY,TOW_AWAY,COLLISION_SEVERITY,NUMBER_KILLED,NUMBER_INJURED,PARTY_COUNT,PRIMARY_COLL_FACTOR,PCF_CODE_OF_VIOL,PCF_VIOL_CATEGORY,PCF_VIOLATION,PCF_VIOL_SUBSECTION,HIT_AND_RUN,TYPE_OF_COLLISION,MVIW,PED_ACTION,ROAD_SURFACE,ROAD_COND_1,ROAD_COND_2,LIGHTING,CONTROL_DEVICE,CHP_ROAD_TYPE,PEDESTRIAN_ACCIDENT,BICYCLE_ACCIDENT,MOTORCYCLE_ACCIDENT,TRUCK_ACCIDENT,NOT_PRIVATE_PROPERTY,ALCOHOL_INVOLVED,STWD_VEHTYPE_AT_FAULT,CHP_VEHTYPE_AT_FAULT,COUNT_SEVERE_INJ,COUNT_VISIBLE_INJ,COUNT_COMPLAINT_PAIN,COUNT_PED_KILLED,COUNT_PED_INJURED,COUNT_BICYCLIST_KILLED,COUNT_BICYCLIST_INJURED,COUNT_MC_KILLED,COUNT_MC_INJURED,PRIMARY_RAMP,SECONDARY_RAMP,LATITUDE,LONGITUDE,COUNTY,CITY,POINT_X,POINT_Y
9433962,2022,2022-05-18,3801,2022-04-20,1232,624,NORTH,3,5,7,3801,0,0,0,,0,004,"PINE ST","DIVISADERO ST",0.00,,Y,A,-,N,,,,,,,,,,Y,4,0,2,2,A,-,09,21806,A,N,D,-,A,A,H,-,A,A,0,,,,,Y,,A,01,0,0,2,0,0,0,0,0,0,"- ","- ",,,"SAN FRANCISCO","SAN FRANCISCO",-122.44023895263672,37.787120819091797
9433967,2022,2022-05-24,3801,2022-04-29,0004,2113,INGLE,5,5,7,3801,0,0,0,,0,901,"GENEVA AV","CALGARY ST",0.00,,Y,A,-,N,,,,,,,,,,Y,4,0,3,2,A,-,12,22450,A,N,D,C,A,A,H,-,C,A,0,,,,,Y,,A,01,0,0,3,0,0,0,0,0,0,"- ","- ",,,"SAN FRANCISCO","SAN FRANCISCO",-122.41664123535156,37.707328796386719
9433971,2022,2022-05-18,3801,2022-04-02,1100,262,TRAFF,6,5,7,3801,0,0,0,,0,4B2G,"HAIGHT ST","CLAYTON ST",210.00,E,N,A,-,N,,,,,,,,,,Y,3,0,1,2,A,-,03,22350,,N,C,C,A,A,H,-,A,D,0,,,Y,,Y,,C,02,0,1,0,0,0,0,0,0,1,"- ","- ",,,"SAN FRANCISCO","SAN FRANCISCO",-122.44786071777344,37.769886016845703
9433975,2022,2022-05-23,3801,2022-04-08,1919,379,TRAFF,5,5,7,3801,0,0,0,,0,,"ALEMANY BL","LYELL ST",0.00,,Y,A,-,N,,,,,,,,,,Y,3,0,3,2,A,-,12,21453,,N,D,C,A,A,H,-,A,A,0,,,,,Y,,J,48,0,1,2,0,0,0,0,0,0,"- ","- ",,,"SAN FRANCISCO","SAN FRANCISCO",-122.43122863769531,37.730609893798828
9434241,2022,2022-04-19,3801,2022-03-04,2205,1217,MISSI,5,5,7,3801,0,0,0,,0,3CAR,"HARRISON ST","22ND ST",0.00,,Y,A,-,N,,,,,,,,,,Y,4,0,1,2,A,-,12,22450,,F,D,C,A,A,H,-,C,D,0,,,,,Y,,-,,0,0,1,0,0,0,0,0,0,"- ","- ",,,"SAN FRANCISCO","SAN FRANCISCO",-122.41222381591797,37.755836486816406
9434242,2022,2022-04-19,3801,2022-03-22,1614,2359,TENDE,2,5,7,3801,0,0,0,,0,0J5,"ELLIS ST","LEAVENWORTH ST",0.00,,Y,A,-,N,,,,,,,,,,N,4,0,1,2,A,-,00,20002,,M,H,C,A,A,H,-,A,D,0,,,,,Y,,A,01,0,0,1,0,0,0,0,0,0,"- ","- ",,,"SAN FRANCISCO","SAN FRANCISCO",-122.41442108154297,37.784671783447266
9434243,2022,2022-04-18,3801,2022-03-18,2020,2017,MISSI,5,5,7,3801,0,0,0,,0,3D11D,"18TH ST","DOLORES ST",0.00,,Y,A,-,N,,,,,,,,,,N,2,0,1,1,A,-,03,22350,A,N,-,I,A,A,H,-,C,A,0,,,,,Y,,M,94,1,0,0,0,0,0,0,0,0,"- ","- ",,,"SAN FRANCISCO","SAN FRANCISCO",-122.42615509033203,37.761444091796875
9434244,2022,2022-04-19,3801,2022-03-20,1050,610,MISSI,7,5,7,3801,0,0,0,,0,3D11A,"GUERRERO ST","DUBOCE AV",93.00,S,N,A,-,N,,,,,,,,,,N,4,0,1,2,A,-,05,21650,,N,A,G,A,A,H,-,A,D,0,,Y,,,Y,,L,04,0,0,1,0,0,0,1,0,0,"- ","- ",,,"SAN FRANCISCO","SAN FRANCISCO",-122.424560546875,37.769485473632812
9434245,2022,2022-04-19,3801,2022-03-22,2355,727,BAYVI,2,5,7,3801,0,0,0,,0,3C15E,"3RD ST","YOSEMITE AV",43.00,N,N,A,-,N,,,,,,,,,,N,3,0,1,2,A,-,12,21453,A,F,D,G,A,A,H,-,C,A,0,,Y,,,Y,,A,01,0,1,0,0,0,0,1,0,0,"- ","- ",,,"SAN FRANCISCO","SAN FRANCISCO",-122.39327239990234,37.727912902832031
9434246,2022,2022-04-19,3801,2022-03-22,1903,540,TARAV,2,5,7,3801,0,0,0,,0,015,"JUNIPERO SERRA BL","WINSTON DR",0.00,,Y,A,-,N,,,,,,,,,,N,4,0,1,2,A,-,10,21950,A,N,G,B,B,A,H,-,B,A,0,Y,,,,Y,,A,01,0,0,1,0,1,0,0,0,0,"- ","- ",,,"SAN FRANCISCO","SAN FRANCISCO",-122.47236633300781,37.726837158203125
9434247,2022,2022-05-10,3801,2022-03-18,1830,141,INGLE,5,5,7,3801,0,0,0,,0,3H90,"MISSION ST","MISSION ST 4753",0.00,,-,A,-,N,,,,,,,,,,N,4,0,2,3,A,-,03,22350,,F,C,-,A,A,H,-,A,D,0,,,,,Y,,-,,0,0,2,0,0,0,0,0,0,"- ","- ",,,"SAN FRANCISCO","SAN FRANCISCO",-122.41979217529297,37.7705078125
9434248,2022,2022-04-18,3801,2022-03-18,2027,2379,INGLE,5,5,7,3801,0,0,0,,0,3H16D,"SAN JOSE AV","PILGRAM AV",0.00,,Y,A,-,N,,,,,,,,,,Y,3,0,1,1,A,-,07,21658,A,N,A,J,A,A,H,-,C,D,0,,,,,Y,,A,01,0,1,0,0,0,0,0,0,0,"- ","- ",,,"SAN FRANCISCO","SAN FRANCISCO",-122.43958282470703,37.729267120361328
9434249,2022,2022-04-19,3801,2022-03-17,0808,244,NORTH,4,5,7,3801,0,0,0,,0,3E4A,"MCALLISTER ST","WEBSTER ST",0.00,,Y,A,-,N,,,,,,,,,,Y,3,0,1,2,A,-,09,21801,,N,D,C,A,A,H,-,A,A,0,,,,,Y,,A,01,0,1,0,0,0,0,0,0,0,"- ","- ",,,"SAN FRANCISCO","SAN FRANCISCO",-122.43010711669922,37.778839111328125
9434250,2022,2022-04-19,3801,2022-03-18,0020,4370,NORTH,5,5,7,3801,0,0,0,,0,4A1,"6TH ST","BRYANT ST",0.00,,Y,A,-,N,,,,,,,,,,Y,3,0,2,2,D,-,00,,,N,D,C,A,A,H,-,C,A,0,,,,,Y,,-,"- ",0,1,1,0,0,0,0,0,0,"- ","- ",,,"SAN FRANCISCO","SAN FRANCISCO",-122.40250396728516,37.776058197021484
9434251,2022,2022-04-19,3801,2022-03-18,0220,2149,NORTH,5,5,7,3801,0,0,0,,0,3E15E,"POLK ST","PINE ST",0.00,,Y,A,-,N,,,,,,,,,,Y,4,0,1,2,A,-,05,21460,A,F,A,C,A,A,H,-,C,A,0,,,,,Y,,A,01,0,0,1,0,0,0,0,0,0,"- ","- ",,,"SAN FRANCISCO","SAN FRANCISCO",-122.42050170898438,37.789642333984375
9434252,2022,2022-04-20,3801,2022-03-16,1825,2097,TENDE,3,5,7,3801,0,0,0,,0,3J14D,"MASON ST","EDDY ST",0.00,,Y,A,-,N,,,,,,,,,,N,3,0,1,3,A,-,17,22517,,N,B,G,A,A,H,-,B,A,0,,Y,,,Y,,-,,0,1,0,0,0,0,1,0,0,"- ","- ",,,"SAN FRANCISCO","SAN FRANCISCO",-122.4093017578125,37.784374237060547
9434253,2022,2022-05-09,3801,2022-03-03,0730,2376,SOUTH,4,5,7,3801,0,0,0,,0,3B15A,"16TH ST","4TH ST",0.00,,Y,A,-,N,,,,,,,,,,N,2,0,1,2,A,-,08,22107,,N,D,-,A,A,H,-,A,A,0,,Y,,,Y,,A,01,1,0,0,0,0,0,1,0,0,"- ","- ",,,"SAN FRANCISCO","SAN FRANCISCO",-122.39083099365234,37.766845703125
9434254,2022,2022-04-19,3801,2022-03-15,1756,2733,SOUTH,2,5,7,3801,0,0,0,,0,0B2,"THE EMBARCADERO","FOLSOM ST",0.00,,Y,A,-,N,,,,,,,,,,N,4,0,1,2,A,-,03,22350,,M,C,C,A,A,H,-,A,A,0,,,,,Y,,A,07,0,0,1,0,0,0,0,0,0,"- ","- ",,,"SAN FRANCISCO","SAN FRANCISCO",-122.39015960693359,37.790756225585938
9434255,2022,2022-04-18,3801,2022-03-15,0805,1657,BAYVI,2,5,7,3801,0,0,0,,0,3801,"NAPOLEON ST","EVANS AV",0.00,S,N,B,C,N,,,,,,,,,,N,2,0,1,2,A,-,10,21950,A,F,G,B,B,B,H,-,A,A,0,Y,,,,Y,Y,-,99,1,0,0,0,1,0,0,0,0,"- ","- ",,,"SAN FRANCISCO","SAN FRANCISCO",-122.39595031738281,37.747234344482422
9434256,2022,2022-04-18,3801,2022-03-16,0812,2445,CENTR,3,5,7,3801,0,0,0,,0,3A11A,"COLUMBUS AV","BROADWAY ST",0.00,,Y,A,-,N,,,,,,,,,,Y,3,0,2,2,A,-,08,22101,D,N,D,C,A,A,H,-,A,A,0,,,,,Y,,A,01,0,1,1,0,0,0,0,0,0,"- ","- ",,,"SAN FRANCISCO","SAN FRANCISCO",-122.40663909912109,37.797893524169922
9434257,2022,2022-06-20,3801,2022-03-16,1234,1429,CENTR,3,5,7,3801,0,0,0,,0,,"POWELL ST","PACIFIC AV",52.00,N,N,A,-,N,,,,,,,,,,,3,0,1,2,A,-,"- ",,,F,A,B,F,A,H,-,A,A,0,Y,Y,,,Y,,L,04,0,1,0,0,1,0,0,0,0,"- ","- ",,,"SAN FRANCISCO","SAN FRANCISCO",-122.41008758544922,37.796649932861328
9434258,2022,2022-04-18,3801,2022-03-15,1240,2718,BAYVI,2,5,7,3801,0,0,0,,0,3C11D,"VALENCIA ST","19TH ST",0.00,,Y,A,-,N,,,,,,,,,,N,3,0,1,2,A,-,21,22106,,N,D,G,A,A,H,-,A,D,0,,Y,,,Y,,A,01,0,1,0,0,0,0,1,0,0,"- ","- ",,,"SAN FRANCISCO","SAN FRANCISCO",-122.42140197753906,37.760112762451172
9434259,2022,2022-04-18,3801,2022-03-17,0828,2081,CENTR,4,5,7,3801,0,0,0,,0,004,"TAYLOR ST","BEACH ST",0.00,,Y,B,-,N,,,,,,,,,,N,4,0,1,2,A,-,10,21950,A,N,-,B,B,A,H,-,A,A,0,Y,,,,Y,,A,08,0,0,1,0,1,0,0,0,0,"- ","- ",,,"SAN FRANCISCO","SAN FRANCISCO",-122.41561889648438,37.807289123535156
9434260,2022,2022-04-20,3801,2022-03-16,0705,1118,SOUTH,3,5,7,3801,0,0,0,,0,3B14A,"MISSION ST","LAFAYETTE ST",59.00,W,N,A,-,N,,,,,,,,,,N,3,0,1,2,A,-,11,21453,D,N,H,H,C,A,H,-,A,A,0,Y,,Y,,Y,,N,60,0,1,0,0,0,0,0,0,1,"- ","- ",,,"SAN FRANCISCO","SAN FRANCISCO",-122.41822814941406,37.773410797119141
9434285,2022,2022-04-19,3801,2022-03-22,0813,4286,RICHM,2,5,7,3801,0,0,0,,0,0G4,"CALIFORNIA ST","22ND AV",5.00,E,N,A,-,N,,,,,,,,,,N,3,0,1,2,A,-,10,21950,A,N,B,B,B,A,H,-,A,A,0,Y,,,,Y,,A,07,0,1,0,0,1,0,0,0,0,"- ","- ",,,"SAN FRANCISCO","SAN FRANCISCO",-122.48178100585938,37.784019470214844
9434286,2022,2022-04-19,3801,2022-03-21,1810,1420,INGLE,1,5,7,3801,0,0,0,,0,3H13D,"PUTNAM ST","TOMPKINS ST",228.00,N,N,A,-,N,,,,,,,,,,Y,4,0,1,2,A,-,05,21460,,F,A,C,A,A,-,-,A,D,0,,,,,Y,,A,01,0,0,1,0,0,0,0,0,0,"- ","- ",,,"SAN FRANCISCO","SAN FRANCISCO",-122.41094207763672,37.737583160400391
9434287,2022,2022-04-19,3801,2022-03-23,2027,309,TARAV,3,5,7,3801,0,0,0,,0,,"19TH AV","JUDAH ST",0.00,,Y,A,-,N,,,,,,,,,,N,2,0,1,2,A,-,11,21453,D,N,D,B,B,A,H,-,C,A,0,Y,,,,Y,,N,60,1,0,0,0,1,0,0,0,0,"- ","- ",,,"SAN FRANCISCO","SAN FRANCISCO",-122.47702789306641,37.761695861816406
9434288,2022,2022-04-19,3801,2022-03-23,2341,1933,NORTH,3,5,7,3801,0,0,0,,0,3E13E,"HAYES ST","VAN NESS AV",0.00,,Y,A,-,N,,,,,,,,,,N,4,0,1,2,A,-,12,21453,A,F,D,C,A,A,H,-,C,A,0,,,,,Y,,A,01,0,0,1,0,0,0,0,0,0,"- ","- ",,,"SAN FRANCISCO","SAN FRANCISCO",-122.419677734375,37.777294158935547
9434289,2022,2022-04-19,3801,2022-03-23,0930,2402,TARAV,3,5,7,3801,0,0,0,,0,3I11A,"19TH AV","KIRKHAM ST",133.00,N,N,B,-,N,,,,,,,,,,Y,4,0,1,2,A,-,08,22107,,N,B,C,A,A,H,-,A,A,0,,,,,Y,,A,01,0,0,1,0,0,0,0,0,0,"- ","- ",,,"SAN FRANCISCO","SAN FRANCISCO",-122.47686767578125,37.76019287109375
9434290,2022,2022-04-19,3801,2022-03-24,0810,1418,TARAV,4,5,7,3801,0,0,0,,0,03I,"QUINTARA ST","18TH AV",0.00,,Y,B,-,N,,,,,,,,,,Y,4,0,1,2,A,-,12,22450,A,N,D,C,A,A,H,-,A,A,0,,,,,Y,,A,01,0,0,1,0,0,0,0,0,0,"- ","- ",,,"SAN FRANCISCO","SAN FRANCISCO",-122.47499847412109,37.748691558837891
9434291,2022,2022-04-19,3801,2022-03-23,0608,2089,TARAV,3,5,7,3801,0,0,0,,0,COI/1C,"IRVING ST","9TH AV",0.00,,Y,F,-,N,,,,,,,,,,N,3,0,1,1,A,-,03,22350,,N,F,-,A,B,H,-,C,A,0,,Y,,,Y,,L,04,0,1,0,0,0,0,1,0,0,"- ","- ",,,"SAN FRANCISCO","SAN FRANCISCO",-122.46632385253906,37.764034271240234
9434292,2022,2022-04-19,3801,2022-03-14,0823,1637,MISSI,1,5,7,3801,0,0,0,,0,3D15C,"15TH ST","DOLORES ST",30.00,W,N,A,-,N,,,,,,,,,,N,4,0,1,2,A,-,06,21750,A,M,B,G,A,-,H,-,A,A,0,,Y,,,Y,,-,,0,0,1,0,0,0,1,0,0,"- ","- ",,,"SAN FRANCISCO","SAN FRANCISCO",-122.42670440673828,37.766254425048828
9434293,2022,2022-04-19,3801,2022-03-25,1143,2105,CENTR,5,5,7,3801,0,0,0,,0,3A40C,"BEACH ST","LEAVENWORTH ST",40.00,E,N,A,-,N,,,,,,,,,,Y,4,0,1,2,A,-,21,22106,,N,G,C,A,A,H,-,A,D,0,,,,,Y,,A,01,0,0,1,0,0,0,0,0,0,"- ","- ",,,"SAN FRANCISCO","SAN FRANCISCO",-122.41878509521484,37.806888580322266
9434294,2022,2022-04-19,3801,2022-03-15,2314,2486,TENDE,2,5,7,3801,0,0,0,,0,3J15E,"GOLDEN GATE AV","GOLDEN GATE AV 243",0.00,,Y,A,-,N,,,,,,,,,,N,4,0,1,1,A,-,03,22350,,N,H,I,A,A,G,-,C,A,0,,,Y,,Y,,C,03,0,0,1,0,0,0,0,0,1,"- ","- ",,,"SAN FRANCISCO","SAN FRANCISCO",-122.47750854492188,37.810787200927734
9434295,2022,2022-04-19,3801,2022-03-17,1440,2089,TARAV,4,5,7,3801,0,0,0,,0,COI6C,"OCEAN AV","LEE AV",0.00,,Y,A,-,N,,,,,,,,,,N,4,0,1,2,A,-,11,21955,,N,G,B,D,A,H,-,A,A,0,Y,,,,Y,,N,60,0,0,1,0,1,0,0,0,0,"- ","- ",,,"SAN FRANCISCO","SAN FRANCISCO",-122.4541015625,37.723491668701172
9434296,2022,2022-04-19,3801,2022-03-20,0333,4212,PARK,7,5,7,3801,0,0,0,,0,3F14E,"DIVISADERO ST","OAK ST",0.00,,Y,A,-,N,,,,,,,,,,Y,4,0,2,2,A,-,12,21453,A,N,D,C,A,A,H,-,C,A,0,,,,,Y,,A,01,0,0,2,0,0,0,0,0,0,"- ","- ",,,"SAN FRANCISCO","SAN FRANCISCO",-122.43743133544922,37.773143768310547
9434297,2022,2022-04-19,3801,2022-03-20,0145,1237,CENTR,7,5,7,3801,0,0,0,,0,3A11E,"LARKIN ST","CLAY ST",52.00,N,N,A,-,N,,,,,,,,,,N,3,0,1,1,A,-,03,22350,,N,F,J,A,A,H,-,D,D,0,,,,,Y,,M,94,0,1,0,0,0,0,0,0,0,"- ","- ",,,"SAN FRANCISCO","SAN FRANCISCO",-122.41944122314453,37.792732238769531
9434299,2022,2022-04-19,3801,2022-03-21,0956,2496,PARK,1,5,7,3801,0,0,0,,0,003,"GROVE ST","BORDERICK ST",0.00,,Y,A,-,N,,,,,,,,,,N,3,0,1,2,A,-,10,21950,A,F,G,B,B,A,H,-,A,-,0,Y,,,,Y,,N,60,0,1,0,0,1,0,0,0,0,"- ","- ",,,"SAN FRANCISCO","SAN FRANCISCO",-122.43965911865234,37.775699615478516
9434300,2022,2022-10-31,3801,2022-03-21,2330,4103,MISSI,1,5,7,3801,0,0,0,,0,3D14E,"CESAR CHAVEZ BL","FOLSOM ST",0.00,,Y,A,-,N,,,,,,,,,,Y,4,0,2,2,A,-,09,21801,A,N,D,C,A,A,H,-,C,A,0,,,,,Y,,A,07,0,0,2,0,0,0,0,0,0,"- ","- ",,,"SAN FRANCISCO","SAN FRANCISCO",-122.41368103027344,37.748313903808594
9434335,2022,2022-05-03,3801,2022-03-04,1705,1173,RICHM,5,5,7,3801,0,0,0,,0,901,"CABRILLO ST","14TH AV",0.00,,Y,A,-,N,,,,,,,,,,N,4,0,1,2,A,-,10,21950,A,N,G,B,B,A,H,-,B,D,0,Y,,,,Y,,A,01,0,0,1,0,1,0,0,0,0,"- ","- ",,,"SAN FRANCISCO","SAN FRANCISCO",-122.47245025634766,37.774978637695312
9434336,2022,2022-05-03,3801,2022-03-12,2319,2357,RICHM,6,5,7,3801,0,0,0,,0,3G13E,"GEARY BL","4TH AV",8.00,W,N,C,-,N,,,,,,,,,,Y,3,0,1,5,A,-,07,21658,A,N,B,E,A,B,H,-,C,A,0,,,,,Y,,A,01,0,1,0,0,0,0,0,0,0,"- ","- ",,,"SAN FRANCISCO","SAN FRANCISCO",-122.46218109130859,37.78118896484375
9434337,2022,2022-05-03,3801,2022-03-10,1855,643,TARAV,4,5,7,3801,0,0,0,,0,3I13D,"20TH AV","PACHECO ST",0.00,,Y,A,-,N,,,,,,,,,,N,2,0,1,2,A,-,10,21950,A,N,G,B,B,A,H,-,C,A,0,Y,,,,Y,,A,01,1,0,0,0,1,0,0,0,0,"- ","- ",,,"SAN FRANCISCO","SAN FRANCISCO",-122.47730255126953,37.750465393066406
9434338,2022,2022-05-03,3801,2022-03-11,0240,2740,TARAV,5,5,7,3801,0,0,0,,0,0I6,"SAGAMORE ST","SAN JOSE AV",0.00,,Y,A,-,N,,,,,,,,,,Y,3,0,1,1,A,-,17,21663,,N,E,I,A,A,H,-,C,A,0,,,,,Y,,A,01,0,1,0,0,0,0,0,0,0,"- ","- ",,,"SAN FRANCISCO","SAN FRANCISCO",-122.45581817626953,37.71124267578125
9434339,2022,2022-05-03,3801,2022-03-08,2346,2741,MISSI,2,5,7,3801,0,0,0,,0,901,"SOUTH VAN NESS AV","16TH ST",0.00,,Y,A,-,N,,,,,,,,,,Y,3,0,1,2,A,-,09,21801,,N,A,C,A,A,H,-,C,A,0,,,,,Y,,A,07,0,1,0,0,0,0,0,0,0,"- ","- ",,,"SAN FRANCISCO","SAN FRANCISCO",-122.41748809814453,37.765178680419922
9434583,2022,2022-04-15,3801,2022-02-15,0858,1172,SOUTH,2,5,7,3801,0,0,0,,0,4CAR,"MARKET ST","OCTAVIA ST",0.00,,Y,A,-,N,,,,,,,,,,N,4,0,1,2,A,-,21,22106,,F,-,G,A,A,H,-,A,A,0,,Y,,,Y,Y,A,01,0,0,1,0,0,0,1,0,0,"- ","- ",,,"SAN FRANCISCO","SAN FRANCISCO",-122.42359161376953,37.771774291992188
9434584,2022,2022-04-15,3801,2022-02-12,1101,4335,NORTH,6,5,7,3801,0,0,0,,0,901,"LOMBARD ST","FILLMORE ST",0.00,,Y,A,-,N,,,,,,,,,,Y,4,0,3,2,A,-,08,22107,,N,A,C,A,A,H,-,A,A,0,,,,,Y,,A,07,0,0,3,0,0,0,0,0,0,"- ","- ",,,"SAN FRANCISCO","SAN FRANCISCO",-122.43605041503906,37.799846649169922
9434585,2022,2022-04-15,3801,2022-02-04,0217,1574,NORTH,5,5,7,3801,0,0,0,,0,3E12E,"LOMBARD ST","LOMBARD ST 2576",0.00,,Y,A,-,N,,,,,,,,,,Y,4,0,1,1,A,-,03,22350,,N,E,I,A,A,H,-,C,A,0,,,,,Y,,A,01,0,0,1,0,0,0,0,0,0,"- ","- ",,,"SAN FRANCISCO","SAN FRANCISCO",-122.44487762451172,37.798858642578125
9434753,2022,2022-04-14,3801,2022-02-10,1952,33,RICHM,4,5,7,3801,0,0,0,,0,003,FULTON,"12TH AV",32.00,W,N,B,-,N,,,,,,,,,,Y,4,0,1,3,C,-,18,,,N,C,C,A,A,H,-,C,D,0,,,,,Y,,-,"- ",0,0,1,0,0,0,0,0,0,"- ","- ",,,"SAN FRANCISCO","SAN FRANCISCO",-122.47028350830078,37.773204803466797
9434846,2022,2022-05-12,3801,2022-03-10,1010,2726,RICHM,4,5,7,3801,0,0,0,,0,1CAR,"PARK PRESIDIO BYPASS DR","CROSSOVER DR",130.00,N,N,A,-,N,,,,,,,,,,Y,4,0,1,2,A,-,03,22350,,N,D,C,A,A,H,-,A,D,0,,,,,Y,,A,01,0,0,1,0,0,0,0,0,0,"- ","- ",,,"SAN FRANCISCO","SAN FRANCISCO",-122.47946929931641,37.771533966064453
9435241,2022,2022-04-28,3801,2022-03-10,1615,1614,MISSI,4,5,7,3801,0,0,0,,0,0D2,"CASTRO ST","24TH ST",42.00,N,N,A,-,N,,,,,,,,,,N,4,0,1,2,A,-,08,22107,,N,C,E,A,A,H,-,A,D,0,,,,,Y,,A,01,0,0,1,0,0,0,0,0,0,"- ","- ",,,"SAN FRANCISCO","SAN FRANCISCO",-122.43408203125,37.751415252685547
9435242,2022,2022-04-28,3801,2022-03-10,1710,1238,MISSI,4,5,7,3801,0,0,0,,0,,"16TH ST","ALBION ST",0.00,,Y,A,-,N,,,,,,,,,,N,4,0,1,2,A,-,09,21801,,N,D,G,A,A,H,-,A,-,0,,Y,,,Y,,A,01,0,0,1,0,0,0,1,0,0,"- ","- ",,,"SAN FRANCISCO","SAN FRANCISCO",-122.423095703125,37.764835357666016
9435243,2022,2022-04-28,3801,2022-03-11,1700,1148,MISSI,5,5,7,3801,0,0,0,,0,3D15D,"MISSION ST","18TH ST",0.00,,Y,A,-,N,,,,,,,,,,N,4,0,1,2,A,-,08,22102,,N,B,G,A,A,H,-,A,D,0,,Y,,,Y,,A,01,0,0,1,0,0,0,1,0,0,"- ","- ",,,"SAN FRANCISCO","SAN FRANCISCO",-122.41936492919922,37.7618408203125
9435245,2022,2022-04-28,3801,2022-03-13,1239,724,INGLE,7,5,7,3801,0,0,0,,0,3H13C,"MISSION ST","HIGHLAND AV",0.00,,Y,A,-,N,,,,,,,,,,N,2,0,1,2,A,-,12,21453,A,F,G,B,B,A,H,-,A,A,0,Y,,,,Y,Y,-,,1,0,0,0,1,0,0,0,0,"- ","- ",,,"SAN FRANCISCO","SAN FRANCISCO",-122.42404174804688,37.737358093261719
9435247,2022,2022-04-28,3801,2022-03-13,1052,2723,BAYVI,7,5,7,3801,0,0,0,,0,3C13D,"3RD ST","FAIRFAX AV",0.00,,Y,A,-,N,,,,,,,,,,Y,4,0,1,3,A,-,12,21453,A,F,B,C,A,A,H,-,A,A,0,,,,,Y,,A,01,0,0,1,0,0,0,0,0,0,"- ","- ",,,"SAN FRANCISCO","SAN FRANCISCO",-122.38829040527344,37.741966247558594
9435249,2022,2022-04-29,3801,2022-03-09,1706,2008,MISSI,3,5,7,3801,0,0,0,,0,3D15D,"17TH ST","HOFF ST",35.00,W,N,A,-,N,,,,,,,,,,Y,4,0,1,2,A,-,02,22400,A,N,C,C,A,A,H,-,A,D,0,,,,,Y,,A,01,0,0,1,0,0,0,0,0,0,"- ","- ",,,"SAN FRANCISCO","SAN FRANCISCO",-122.42053985595703,37.763362884521484
9435251,2022,2022-05-11,3801,2022-03-10,1347,2017,MISSI,4,5,7,3801,0,0,0,,0,3D4C,"CESAR CHAVEZ ST",SHOTWELL,0.00,,Y,A,-,N,,,,,,,,,,N,4,0,2,2,A,-,12,21453,A,N,-,C,A,A,-,-,A,A,0,,Y,,,Y,,-,,0,0,2,0,0,0,1,0,0,"- ","- ",,,"SAN FRANCISCO","SAN FRANCISCO",-122.41490936279297,37.7481689453125
9435252,2022,2022-04-29,3801,2022-03-13,1724,1033,TENDE,7,5,7,3801,0,0,0,,0,3J15D,"OFARRELL ST","HYDE ST",20.00,E,N,A,-,N,,,,,,,,,,N,4,0,1,1,C,-,18,,,N,H,J,A,A,A,-,A,D,0,,Y,,,Y,,-,"- ",0,0,1,0,0,0,1,0,0,"- ","- ",,,"SAN FRANCISCO","SAN FRANCISCO",-122.41619110107422,37.785400390625
9435357,2021,2022-04-22,3801,2021-11-23,2333,1466,SOUTH,2,5,7,3801,0,0,0,,0,0B4,"MARKET ST","OCTAVIA ST",0.00,,Y,A,-,N,,,,,,,,,,N,3,0,1,2,A,-,12,21453,A,N,D,J,A,A,H,-,C,A,0,,,,,Y,,A,01,0,1,0,0,0,0,0,0,0,"- ","- ",,,"SAN FRANCISCO","SAN FRANCISCO",-122.42359161376953,37.771774291992188
9437091,2022,2022-05-16,3801,2022-04-06,0940,156,BAYVI,3,5,7,3801,0,0,0,,0,3C60,"SHAFTER AV","3RD ST",0.00,,Y,A,-,N,,,,,,,,,,N,4,0,2,2,A,-,09,21804,,N,D,D,A,A,H,-,A,D,0,,,,,Y,,A,01,0,0,2,0,0,0,0,0,0,"- ","- ",,,"SAN FRANCISCO","SAN FRANCISCO",-122.39189147949219,37.731636047363281
9437128,2022,2022-05-12,3801,2022-03-11,1402,1819,INGLE,5,5,7,3801,0,0,0,,0,,"OCTAVIA ST","HAIGHT ST",100.00,S,N,A,-,N,,,,,,,,,,N,3,0,1,2,A,-,11,21954,A,N,G,B,D,A,H,-,A,D,0,Y,,,,Y,,N,60,0,1,0,0,1,0,0,0,0,"- ","- ",,,"SAN FRANCISCO","SAN FRANCISCO",-122.42387390136719,37.772689819335938
9437129,2022,2022-05-12,3801,2022-03-31,0808,4285,SOUTH,4,5,7,3801,0,0,0,,0,3B00,"BEALE ST","FOLSOM ST",226.00,S,N,B,-,N,,,,,,,,,,N,4,0,1,2,A,-,08,22107,,N,B,C,A,A,H,-,A,A,0,,,Y,,Y,,A,08,0,0,1,0,0,0,0,0,1,"- ","- ",,,"SAN FRANCISCO","SAN FRANCISCO",-122.39217376708984,37.788265228271484