CASE_ID,ACCIDENT_YEAR,PROC_DATE,JURIS,COLLISION_DATE,COLLISION_TIME,OFFICER_ID,REPORTING_DISTRICT,DAY_OF_WEEK,CHP_SHIFT,POPULATION,CNTY_CITY_LOC,SPECIAL_COND,BEAT_TYPE,CHP_BEAT_TYPE,CITY_DIVISION_LAPD,CHP_BEAT_CLASS,BEAT_NUMBER,PRIMARY_RD,SECONDARY_RD,DISTANCE,DIRECTION,INTERSECTION,WEATHER_1,WEATHER_2,STATE_HWY_IND,CALTRANS_COUNTY,CALTRANS_DISTRICT,STATE_ROUTE,ROUTE_SUFFIX,POSTMILE_PREFIX,POSTMILE,LOCATION_TYPE,RAMP_INTERSECTION,SIDE_OF_HWY,TOW_AWAY,COLLISION_SEVERITY,NUMBER_KILLED,NUMBER_INJURED,PARTY_COUNT,PRIMARY_COLL_FACTOR,PCF_CODE_OF_VIOL,PCF_VIOL_CATEGORY,PCF_VIOLATION,PCF_VIOL_SUBSECTION,HIT_AND_RUN,TYPE_OF_COLLISION,MVIW,PED_ACTION,ROAD_SURFACE,ROAD_COND_1,ROAD_COND_2,LIGHTING,CONTROL_DEVICE,CHP_ROAD_TYPE,PEDESTRIAN_ACCIDENT,BICYCLE_ACCIDENT,MOTORCYCLE_ACCIDENT,TRUCK_ACCIDENT,NOT_PRIVATE_PROPERTY,ALCOHOL_INVOLVED,STWD_VEHTYPE_AT_FAULT,CHP_VEHTYPE_AT_FAULT,COUNT_SEVERE_INJ,COUNT_VISIBLE_INJ,COUNT_COMPLAINT_PAIN,COUNT_PED_KILLED,COUNT_PED_INJURED,COUNT_BICYCLIST_KILLED,COUNT_BICYCLIST_INJURED,COUNT_MC_KILLED,COUNT_MC_INJURED,PRIMARY_RAMP,SECONDARY_RAMP,LATITUDE,LONGITUDE,COUNTY,CITY,POINT_X,POINT_Y
9437130,2022,2022-05-12,3801,2022-03-31,2040,1148,MISSI,4,5,7,3801,0,0,0,,0,3D15D,"LIBERTY ST","CHURCH ST",188.00,E,N,A,-,N,,,,,,,,,,Y,4,0,1,5,A,-,21,22106,,N,H,C,A,A,H,-,C,D,0,,,,,Y,,A,01,0,0,1,0,0,0,0,0,0,"- ","- ",,,"SAN FRANCISCO","SAN FRANCISCO",-122.42731475830078,37.757343292236328
9437131,2022,2022-05-12,3801,2022-03-25,1723,1614,MISSI,5,5,7,3801,0,0,0,,0,006,"BRYANT ST","16TH ST",260.00,N,N,A,-,N,,,,,,,,,,Y,4,0,2,2,A,-,09,21804,A,N,D,C,A,A,H,-,A,D,0,,,,,Y,,A,01,0,0,2,0,0,0,0,0,0,"- ","- ",,,"SAN FRANCISCO","SAN FRANCISCO",-122.41057586669922,37.766304016113281
9437132,2022,2022-05-12,3801,2022-03-12,0206,2461,SOUTH,6,5,7,3801,0,0,0,,0,3B14E,"10TH ST","HARRISON ST",0.00,,Y,A,-,N,,,,,,,,,,Y,3,0,1,2,A,-,12,21453,A,F,D,C,A,A,H,-,C,A,0,,,,,Y,,A,01,0,1,0,0,0,0,0,0,0,"- ","- ",,,"SAN FRANCISCO","SAN FRANCISCO",-122.41124725341797,37.771595001220703
9437196,2022,2022-05-16,3801,2022-04-15,1740,1442,NORTH,5,5,7,3801,0,0,0,,0,3E12D,"POLK ST","WASHINGTON ST",0.00,N,N,A,-,N,,,,,,,,,,N,4,0,1,2,A,-,03,22350,,F,C,C,A,A,H,-,A,A,0,,,,,Y,,A,01,0,0,1,0,0,0,0,0,0,"- ","- ",,,"SAN FRANCISCO","SAN FRANCISCO",-122.42121887207031,37.793258666992188
9437197,2022,2022-05-16,3801,2022-04-12,1423,2088,INGLE,2,5,7,3801,0,0,0,,0,3H12C,"BOSWORTH ST","DIAMOND ST",240.00,E,N,A,-,N,,,,,,,,,,N,3,0,2,2,A,-,08,22107,,F,-,G,A,A,H,-,A,D,0,,Y,,,Y,,-,,0,1,1,0,0,0,2,0,0,"- ","- ",,,"SAN FRANCISCO","SAN FRANCISCO",-122.433349609375,37.733329772949219
9437198,2022,2022-05-16,3801,2022-04-08,2007,2727,TARAV,5,5,7,3801,0,0,0,,0,3I16D,"19TH AV","HOLLOWAY AV",450.00,N,N,A,-,N,,,,,,,,,,Y,3,0,4,3,A,-,03,22350,,N,C,C,A,A,H,-,C,D,0,,,,,Y,,A,01,0,1,3,0,0,0,0,0,0,"- ","- ",,,"SAN FRANCISCO","SAN FRANCISCO",-122.47529602050781,37.722183227539062
9437199,2022,2022-05-19,3801,2022-04-01,2145,1503,SOUTH,5,5,7,3801,0,0,0,,0,3B13E,"MISSION ST","WASHBURN ST",0.00,,Y,A,-,N,,,,,,,,,,Y,4,0,1,3,A,-,03,22350,,F,C,D,A,A,H,-,C,A,0,,,Y,,Y,Y,A,07,0,0,1,0,0,0,0,0,1,"- ","- ",,,"SAN FRANCISCO","SAN FRANCISCO",-122.41513824462891,37.775890350341797
9437201,2022,2022-05-16,3801,2022-04-05,0725,670,INGLE,2,5,7,3801,0,0,0,,0,3H15A,"MISSION ST","FOOTE AV",0.00,,Y,A,-,N,,,,,,,,,,N,4,0,1,3,A,-,08,22107,,N,B,C,A,A,H,-,A,D,0,,,,,Y,,A,01,0,0,1,0,0,0,0,0,0,"- ","- ",,,"SAN FRANCISCO","SAN FRANCISCO",-122.44477081298828,37.712638854980469
9437203,2022,2022-05-16,3801,2022-04-10,2036,1149,MISSI,7,5,7,3801,0,0,0,,0,005,"DUBOCE AV",WOODWARD,127.00,W,N,A,-,N,,,,,,,,,,Y,3,0,1,3,A,-,01,23153,A,N,D,E,A,A,H,-,C,A,0,,,,,Y,Y,A,01,0,1,0,0,0,0,0,0,0,"- ","- ",,,"SAN FRANCISCO","SAN FRANCISCO",-122.42135620117188,37.769908905029297
9437204,2022,2022-05-25,3801,2022-04-10,2150,1480,MISSI,7,5,7,3801,0,0,0,,0,3D15E,"MISSION ST","SYCAMORE ST",20.00,S,N,-,-,N,,,,,,,,,,N,4,0,1,2,A,-,21,22106,,F,G,B,E,-,-,-,-,D,0,Y,,,,Y,,A,01,0,0,1,0,1,0,0,0,0,"- ","- ",,,"SAN FRANCISCO","SAN FRANCISCO",-122.41945648193359,37.762664794921875
9437205,2022,2022-05-16,3801,2022-04-10,1603,2100,MISSI,7,5,7,3801,0,0,0,,0,3D11D,"GUERRERO ST","16TH ST",0.00,,Y,A,-,N,,,,,,,,,,N,3,0,1,2,A,-,08,22101,D,F,G,B,B,A,H,-,A,A,0,Y,,,,Y,,A,01,0,1,0,0,1,0,0,0,0,"- ","- ",,,"SAN FRANCISCO","SAN FRANCISCO",-122.42410278320312,37.764781951904297
9437207,2022,2022-05-25,3801,2022-04-09,0234,1480,MISSI,6,5,7,3801,0,0,0,,0,3D15E,"21ST ST","MISSION ST",0.00,,Y,-,-,N,,,,,,,,,,N,3,0,1,2,A,-,09,21801,A,F,H,J,-,-,-,-,-,A,0,Y,,,,Y,,-,,0,1,0,0,1,0,0,0,0,"- ","- ",,,"SAN FRANCISCO","SAN FRANCISCO",-122.41891479492188,37.757015228271484
9437208,2022,2022-05-25,3801,2022-04-02,2135,969,MISSI,6,5,7,3801,0,0,0,,0,3D13E,"CAPP ST","22ND ST",0.00,,Y,A,-,N,,,,,,,,,,N,3,0,1,1,A,-,"- ",,,N,E,I,A,A,H,-,C,D,0,,,,,Y,Y,M,94,0,1,0,0,0,0,0,0,0,"- ","- ",,,"SAN FRANCISCO","SAN FRANCISCO",-122.41765594482422,37.755531311035156
9437211,2022,2022-05-16,3801,2022-04-09,1023,1053,TARAV,6,5,7,3801,0,0,0,,0,3I15A,"LINCOLN WY","21ST AV",9.00,W,N,A,-,N,,,,,,,,,,N,2,0,1,2,A,-,10,21950,A,N,G,B,B,A,H,-,A,D,0,Y,,,,Y,,A,01,1,0,0,0,1,0,0,0,0,"- ","- ",,,"SAN FRANCISCO","SAN FRANCISCO",-122.4794921875,37.765357971191406
9437212,2022,2022-05-16,3801,2022-04-03,0136,2094,SOUTH,7,5,7,3801,0,0,0,,0,3B14E,"10TH ST","HARRISON ST",107.00,S,N,A,-,N,,,,,,,,,,Y,2,0,1,2,A,-,09,21804,A,N,B,G,A,A,H,-,C,A,0,,Y,,,Y,,L,04,1,0,0,0,0,0,1,0,0,"- ","- ",,,"SAN FRANCISCO","SAN FRANCISCO",-122.41099548339844,37.771389007568359
9437213,2022,2022-05-16,3801,2022-04-13,2117,1057,NORTH,3,5,7,3801,0,0,0,,0,,"VAN NESS AV","VAN NESS AV 601",0.00,,-,A,-,N,,,,,,,,,,N,4,0,1,2,A,-,00,21208,1,N,B,G,A,A,H,-,C,D,0,,Y,,,Y,Y,L,04,0,0,1,0,0,0,1,0,0,"- ","- ",,,"SAN FRANCISCO","SAN FRANCISCO",-122.42446899414062,37.80133056640625
9437214,2022,2022-05-16,3801,2022-04-03,1444,4358,BAYVI,7,5,7,3801,0,0,0,,0,901,"25TH ST","PENNSYLVANIA AV",0.00,E,N,A,-,N,,,,,,,,,,Y,4,0,2,1,A,-,01,23152,A,N,A,I,A,A,H,-,A,A,0,,,Y,,Y,Y,C,06,0,0,2,0,0,0,0,0,2,"- ","- ",,,"SAN FRANCISCO","SAN FRANCISCO",-122.39266204833984,37.752544403076172
9437215,2022,2022-05-16,3801,2022-04-13,0258,740,MISSI,3,5,7,3801,0,0,0,,0,0D6,"16TH ST","POTRERO AV",0.00,,Y,B,-,N,,,,,,,,,,Y,4,0,2,2,A,-,12,21453,A,N,D,C,A,A,-,-,C,A,0,,,,,Y,,A,01,0,0,2,0,0,0,0,0,0,"- ","- ",,,"SAN FRANCISCO","SAN FRANCISCO",-122.40756225585938,37.765773773193359
9437216,2022,2022-05-25,3801,2022-04-14,2005,2107,NORTH,4,5,7,3801,0,0,0,,0,3E12D,"GEARY BL","WEBSTER ST",0.00,,Y,C,-,N,,,,,,,,,,N,3,0,1,2,A,-,12,21453,A,N,D,J,A,B,H,-,C,A,0,,,,,Y,,M,94,0,1,0,0,0,0,0,0,0,"- ","- ",,,"SAN FRANCISCO","SAN FRANCISCO",-122.43130493164062,37.784725189208984
9437219,2022,2022-05-16,3801,2022-04-17,1831,1160,SOUTH,7,5,7,3801,0,0,0,,0,0B1,"THE EMBARCADERO SOUTH","TOWNSEND ST",0.00,,Y,A,-,N,,,,,,,,,,N,3,0,2,3,A,-,02,22526,A,N,D,G,A,A,H,-,A,A,0,,Y,,,Y,,L,04,0,1,1,0,0,0,1,0,0,"- ","- ",,,"SAN FRANCISCO","SAN FRANCISCO",-122.38840484619141,37.781810760498047
9437220,2022,2022-05-16,3801,2022-04-17,0142,1741,SOUTH,7,5,7,3801,0,0,0,,0,901,"6TH ST","FOLSOM ST",0.00,,Y,A,-,N,,,,,,,,,,N,2,0,2,3,A,-,11,21456,B,N,D,B,B,A,-,-,C,A,0,Y,Y,,,Y,Y,N,60,1,1,0,0,2,0,0,0,0,"- ","- ",,,"SAN FRANCISCO","SAN FRANCISCO",-122.40560150146484,37.778499603271484
9437221,2022,2022-05-16,3801,2022-04-16,1744,2461,SOUTH,6,5,7,3801,0,0,0,,0,0B1,"THE EMBARCADERO","HARRISON ST",0.00,,Y,A,-,N,,,,,,,,,,N,4,0,1,2,A,-,17,21200,A,N,B,G,A,A,H,-,A,A,0,,Y,,,Y,,L,04,0,0,1,0,0,0,1,0,0,"- ","- ",,,"SAN FRANCISCO","SAN FRANCISCO",-122.38861083984375,37.789497375488281
9437222,2022,2022-05-16,3801,2022-04-14,1520,952,CENTR,4,5,7,3801,0,0,0,,0,901,"CALIFORNIA ST","DAVIS ST",75.00,W,N,B,C,N,,,,,,,,,,Y,3,0,1,1,A,-,03,22350,,N,F,A,A,D,H,-,A,A,0,,,Y,,Y,,C,02,0,1,0,0,0,0,0,0,1,"- ","- ",,,"SAN FRANCISCO","SAN FRANCISCO",-122.39788818359375,37.793468475341797
9437223,2022,2022-05-17,3801,2022-04-15,1526,215,BAYVI,5,5,7,3801,0,0,0,,0,SECTOR,"3RD ST","GILMAN AV",0.00,,Y,A,-,N,,,,,,,,,,N,3,0,2,3,A,-,11,21955,,N,B,B,D,A,H,-,A,A,0,Y,,,,Y,,N,60,0,1,1,0,2,0,0,0,0,"- ","- ",,,"SAN FRANCISCO","SAN FRANCISCO",-122.39556884765625,37.722366333007812
9437224,2022,2022-05-16,3801,2022-04-16,1230,2401,BAYVI,6,5,7,3801,0,0,0,,0,3C13B,"MADDUX AV","QUINT ST",0.00,,Y,A,-,N,,,,,,,,,,N,3,0,1,1,C,-,18,,,N,H,A,A,A,G,-,A,D,0,,Y,,,Y,,-,"- ",0,1,0,0,0,0,1,0,0,"- ","- ",,,"SAN FRANCISCO","SAN FRANCISCO",-122.39820861816406,37.735298156738281
9437225,2022,2022-05-17,3801,2022-04-12,1044,488,INGLE,2,5,7,3801,0,0,0,,0,3H11A,"SAN JOSE AV","BROOK ST",15.00,S,N,A,-,N,,,,,,,,,,N,4,0,1,3,A,-,08,22107,,N,B,C,A,A,H,-,A,D,0,,,,,Y,,A,01,0,0,1,0,0,0,0,0,0,"- ","- ",,,"SAN FRANCISCO","SAN FRANCISCO",-122.42387390136719,37.740638732910156
9437226,2022,2022-05-31,3801,2022-04-09,2500,2420,TARAV,6,5,7,3801,0,0,0,,0,3I15B,"35TH ST","NORIEGA ST",0.00,,Y,A,-,N,,,,,,,,,,N,2,0,1,2,A,-,05,21650,,N,-,G,A,A,-,-,A,D,0,,Y,,,Y,,L,04,1,0,0,0,0,0,1,0,0,"- ","- ",,,"SAN FRANCISCO","SAN FRANCISCO",-122.49361419677734,37.753498077392578
9437228,2022,2022-05-31,3801,2022-04-06,1645,4358,BAYVI,3,5,7,3801,0,0,0,,0,901,"WISCONSIN ST","25TH ST",0.00,,-,A,-,N,,,,,,,,,,Y,4,0,1,2,A,-,03,22350,A,N,C,C,A,A,H,-,A,A,0,,,Y,,Y,Y,C,06,0,0,1,0,0,0,0,0,1,"- ","- ",,,"SAN FRANCISCO","SAN FRANCISCO",-122.39846801757812,37.75213623046875
9437229,2022,2022-05-16,3801,2022-04-09,0855,2713,TARAV,6,5,7,3801,0,0,0,,0,3CAR,"45TH AV","TARAVAL ST",0.00,,Y,A,-,N,,,,,,,,,,Y,3,0,1,2,A,-,12,22450,A,N,D,C,A,A,H,-,A,D,0,,,,,Y,,A,01,0,1,0,0,0,0,0,0,0,"- ","- ",,,"SAN FRANCISCO","SAN FRANCISCO",-122.50354766845703,37.741825103759766
9437230,2022,2022-05-17,3801,2022-04-11,2212,2497,TARAV,1,5,7,3801,0,0,0,,0,,"SLOAT BL","22ND AV",100.00,W,N,A,-,N,,,,,,,,,,Y,4,0,1,1,A,-,01,23152,A,N,F,I,A,A,H,-,C,D,0,,,,,Y,Y,A,01,0,0,1,0,0,0,0,0,0,"- ","- ",,,"SAN FRANCISCO","SAN FRANCISCO",-122.47830200195312,37.734527587890625
9437231,2022,2022-05-17,3801,2022-04-07,0240,1237,CENTR,4,5,7,3801,0,0,0,,0,3A2E,"LARKIN ST","POST ST",0.00,N,N,A,-,N,,,,,,,,,,N,3,0,1,2,A,-,05,21651,B,F,A,G,A,A,H,-,C,D,0,,Y,,,Y,,L,04,0,1,0,0,0,0,1,0,0,"- ","- ",,,"SAN FRANCISCO","SAN FRANCISCO",-122.41826629638672,37.787040710449219
9437232,2022,2022-05-17,3801,2022-04-06,1457,1429,CENTR,3,5,7,3801,0,0,0,,0,3A11C,"STOCKTON ST","SUTTER ST",0.00,,Y,A,-,N,,,,,,,,,,N,4,0,1,2,A,-,10,21950,A,N,G,B,B,A,H,-,A,A,0,Y,,,,Y,,A,01,0,0,1,0,1,0,0,0,0,"- ","- ",,,"SAN FRANCISCO","SAN FRANCISCO",-122.40693664550781,37.789417266845703
9437521,2022,2022-05-16,3801,2022-04-24,0818,891,PARK,7,5,7,3801,0,0,0,,0,3F4A,"CASTRO ST","15TH ST",0.00,,Y,A,-,N,,,,,,,,,,Y,4,0,2,2,A,-,03,22350,,N,D,C,A,A,H,-,A,A,0,,,,,Y,,A,01,0,0,2,0,0,0,0,0,0,"- ","- ",,,"SAN FRANCISCO","SAN FRANCISCO",-122.43546295166016,37.765720367431641
9437522,2022,2022-05-17,3801,2022-04-19,1409,4292,BAYVI,2,5,7,3801,0,0,0,,0,3C77,"ARELIOUS WALKER DR","FITZGERALD AV",65.00,N,N,A,-,N,,,,,,,,,,N,4,0,1,1,A,-,17,23109,C,N,H,A,A,-,-,-,A,D,0,,,Y,,Y,,C,02,0,0,1,0,0,0,0,0,1,"- ","- ",,,"SAN FRANCISCO","SAN FRANCISCO",-122.38558197021484,37.717945098876953
9437523,2022,2022-05-16,3801,2022-04-10,1535,2186,NORTH,7,5,7,3801,0,0,0,,0,3E13D,"HAYES ST","WEBSTER ST",0.00,,Y,A,-,N,,,,,,,,,,Y,2,0,1,2,A,-,12,21453,A,N,D,C,A,A,H,-,A,A,0,,,Y,,Y,,C,03,1,0,0,0,0,0,0,0,1,"- ","- ",,,"SAN FRANCISCO","SAN FRANCISCO",-122.42953491210938,37.776042938232422
9437525,2022,2022-05-16,3801,2022-04-08,1652,2407,MISSI,5,5,7,3801,0,0,0,,0,3D13D,"20TH ST","CHURCH ST",194.00,E,N,A,-,N,,,,,,,,,,N,4,0,1,2,A,-,03,22350,,N,C,C,A,A,H,-,A,A,0,,,,,Y,,A,01,0,0,1,0,0,0,0,0,0,"- ","- ",,,"SAN FRANCISCO","SAN FRANCISCO",-122.42738342285156,37.758106231689453
9437526,2022,2022-05-16,3801,2022-04-09,1655,2407,MISSI,6,5,7,3801,0,0,0,,0,3D13D,"24TH ST","YORK ST",0.00,,Y,A,-,N,,,,,,,,,,N,4,0,1,2,A,-,12,22450,A,N,D,J,A,-,H,-,A,A,0,,,,,Y,,A,01,0,0,1,0,0,0,0,0,0,"- ","- ",,,"SAN FRANCISCO","SAN FRANCISCO",-122.40818023681641,37.75286865234375
9437527,2022,2022-05-16,3801,2022-04-03,2131,746,INGLE,7,5,7,3801,0,0,0,,0,3H13D,"RANDALL ST","SAN JOSE AV",0.00,,Y,A,-,N,,,,,,,,,,Y,4,0,1,2,A,-,12,21453,A,N,A,C,A,-,H,-,C,A,0,,,,,Y,Y,A,01,0,0,1,0,0,0,0,0,0,"- ","- ",,,"SAN FRANCISCO","SAN FRANCISCO",-122.42426300048828,37.739860534667969
9437529,2022,2022-05-16,3801,2022-04-21,1805,615,PARK,4,5,7,3801,0,0,0,,0,3F12D,"STANYAN ST","OAK ST",0.00,,Y,A,-,N,,,,,,,,,,Y,4,0,2,2,A,-,03,22350,,F,H,C,A,A,H,-,A,A,0,,,Y,,Y,,C,02,0,0,2,0,0,0,0,0,1,"- ","- ",,,"SAN FRANCISCO","SAN FRANCISCO",-122.45395660400391,37.771354675292969
9437530,2022,2022-05-16,3801,2022-04-25,0816,4124,INGLE,1,5,7,3801,0,0,0,,0,3H15A,"ALEMANY BL","ONONDAGA AV",0.00,,Y,A,-,N,,,,,,,,,,Y,4,0,2,2,A,-,12,21453,A,N,D,C,A,A,H,-,A,A,0,,,,,Y,,A,01,0,0,2,0,0,0,0,0,0,"- ","- ",,,"SAN FRANCISCO","SAN FRANCISCO",-122.43870544433594,37.721645355224609
9437531,2022,2022-05-16,3801,2022-04-20,1624,426,NORTH,3,5,7,3801,0,0,0,,0,3E13D,"BUSH ST","POLK ST",6.00,E,N,A,-,N,,,,,,,,,,N,3,0,1,2,A,-,03,22350,,N,D,J,A,A,H,-,A,A,0,,,,,Y,,M,94,0,1,0,0,0,0,0,0,0,"- ","- ",,,"SAN FRANCISCO","SAN FRANCISCO",-122.42028045654297,37.788692474365234
9437532,2022,2022-05-13,3801,2022-04-22,1202,198,PARK,5,5,7,3801,0,0,0,,0,0F3,"STANYAN ST","OAK ST",0.00,,Y,A,-,N,,,,,,,,,,N,4,0,1,2,A,-,10,21950,A,N,G,B,B,A,H,-,A,A,0,Y,,,,Y,,A,01,0,0,1,0,1,0,0,0,0,"- ","- ",,,"SAN FRANCISCO","SAN FRANCISCO",-122.45395660400391,37.771354675292969
9437533,2022,2022-05-13,3801,2022-04-23,2053,158,NORTH,6,5,7,3801,0,0,0,,0,3E15D,"LAGUNA ST","SUTTER ST",6.00,S,N,A,-,N,,,,,,,,,,N,4,0,1,2,A,-,10,21950,A,N,G,B,B,A,H,-,C,A,0,Y,,,,Y,,A,01,0,0,1,0,1,0,0,0,0,"- ","- ",,,"SAN FRANCISCO","SAN FRANCISCO",-122.42832946777344,37.786705017089844
9437534,2022,2022-05-13,3801,2022-04-25,1824,1039,MISS,1,5,7,3801,0,0,0,,0,MISS,"CAPP ST","20TH ST",0.00,,Y,A,-,N,,,,,,,,,,Y,4,0,2,4,A,-,12,22450,A,N,D,C,A,A,H,-,A,D,0,,,,,Y,,A,01,0,0,2,0,0,0,0,0,0,"- ","- ",,,"SAN FRANCISCO","SAN FRANCISCO",-122.41796112060547,37.758682250976562
9437535,2022,2022-05-13,3801,2022-04-23,1755,1637,MISSI,6,5,7,3801,0,0,0,,0,3D12D,"16TH ST","HOFF ST",0.00,,Y,A,-,N,,,,,,,,,,N,3,0,1,2,A,-,11,21954,A,N,G,B,D,A,H,-,A,D,0,Y,,,,Y,,N,60,0,1,0,0,1,0,0,0,0,"- ","- ",,,"SAN FRANCISCO","SAN FRANCISCO",-122.42057037353516,37.764991760253906
9437536,2022,2022-05-13,3801,2022-04-22,1950,2239,INGLE,5,5,7,3801,0,0,0,,0,3H11D,"MISSION ST","VALENCIA ST",0.00,,N,A,-,N,,,,,,,,,,N,2,0,1,2,A,-,04,21703,,N,C,G,A,A,H,-,A,B,0,,Y,,,Y,,A,01,1,0,0,0,0,0,1,0,0,"- ","- ",,,"SAN FRANCISCO","SAN FRANCISCO",-122.41986846923828,37.745586395263672
9437537,2022,2022-05-13,3801,2022-04-20,1849,2725,RICHM,3,5,7,3801,0,0,0,,0,,"LINCOLN WY","18TH AV",20.00,E,N,B,-,N,,,,,,,,,,N,3,0,1,2,A,-,11,21954,A,N,D,B,D,A,H,-,A,D,0,Y,,,,Y,Y,N,60,0,1,0,0,1,0,0,0,0,"- ","- ",,,"SAN FRANCISCO","SAN FRANCISCO",-122.47611999511719,37.765491485595703
9437538,2022,2022-05-13,3801,2022-04-22,1009,1396,SOUTH,5,5,7,3801,0,0,0,,0,3B13A,"FOLSOM ST","HARRIET ST",0.00,,Y,A,-,N,,,,,,,,,,N,3,0,1,2,A,-,00,21650,D,N,D,C,A,-,H,-,A,D,0,,,,,Y,,M,97,0,1,0,0,0,0,0,0,0,"- ","- ",,,"SAN FRANCISCO","SAN FRANCISCO",-122.40613555908203,37.778076171875
9437539,2022,2022-05-13,3801,2022-04-24,1516,1878,SOUTH,7,5,7,3801,0,0,0,,0,0B3,"8TH ST","MINNA ST",0.00,,Y,A,-,N,,,,,,,,,,N,4,0,2,2,A,-,03,22350,,N,D,C,A,A,H,-,A,D,0,,,Y,,Y,,C,02,0,0,2,0,0,0,0,0,2,"- ","- ",,,"SAN FRANCISCO","SAN FRANCISCO",-122.41259765625,37.777050018310547
9437540,2022,2022-05-13,3801,2022-04-22,1606,2359,TARAV,5,5,7,3801,0,0,0,,0,0I2,"21ST AV","QUINTARA ST",0.00,,Y,A,-,N,,,,,,,,,,Y,4,0,1,2,A,-,09,21800,A,N,D,C,A,A,H,-,A,D,0,,,,,Y,,A,01,0,0,1,0,0,0,0,0,0,"- ","- ",,,"SAN FRANCISCO","SAN FRANCISCO",-122.478271484375,37.748538970947266
9437541,2022,2022-05-13,3801,2022-04-22,2031,2359,TARAV,5,5,7,3801,0,0,0,,0,0I2,"JUDAH ST","27TH AV",0.00,,Y,A,-,N,,,,,,,,,,Y,4,0,1,1,A,-,03,22350,,N,B,I,A,A,H,-,C,D,0,,,,,Y,,A,01,0,0,1,0,0,0,0,0,0,"- ","- ",,,"SAN FRANCISCO","SAN FRANCISCO",-122.48555755615234,37.761325836181641
9437542,2022,2022-05-13,3801,2022-04-24,0702,2485,CENTR,7,5,7,3801,0,0,0,,0,5CAR,"SANSOME ST","CALIFORNIA ST",43.00,N,N,A,-,N,,,,,,,,,,N,4,0,1,2,A,-,08,22107,,N,B,G,A,A,H,-,A,D,0,,Y,,,Y,,L,04,0,0,1,0,0,0,1,0,0,"- ","- ",,,"SAN FRANCISCO","SAN FRANCISCO",-122.40116119384766,37.793216705322266
9437543,2022,2022-05-16,3801,2022-04-23,1739,2441,INGLE,6,5,7,3801,0,0,0,,0,3H15D,"LONDON ST","GENEVA AV",0.00,,Y,A,-,N,,,,,,,,,,N,4,0,1,2,A,-,21,22106,,N,C,C,A,A,H,-,A,D,0,,,,,Y,,A,01,0,0,1,0,0,0,0,0,0,"- ","- ",,,"SAN FRANCISCO","SAN FRANCISCO",-122.44023895263672,37.716049194335938
9437544,2022,2022-05-13,3801,2022-04-22,1200,724,INGLE,5,5,7,3801,0,0,0,,0,3H13C,"MT VERNON ST","MISSION ST",0.00,,Y,A,-,N,,,,,,,,,,N,4,0,1,2,A,-,10,21950,A,N,G,B,B,A,H,-,A,A,0,Y,,,,Y,Y,A,01,0,0,1,0,1,0,0,0,0,"- ","- ",,,"SAN FRANCISCO","SAN FRANCISCO",-122.44264984130859,37.714607238769531
9437545,2022,2022-05-13,3801,2022-04-23,1249,A20952,INGLE,6,5,7,3801,0,0,0,,0,3H11A,"EUGENIA AV","BONVIEW ST",0.00,,Y,A,-,N,,,,,,,,,,N,4,0,1,2,A,-,12,22450,A,N,A,G,A,A,H,-,A,A,0,,Y,,,Y,,-,"- ",0,0,1,0,0,0,1,0,0,"- ","- ",,,"SAN FRANCISCO","SAN FRANCISCO",-122.41831970214844,37.740798950195312
9437546,2022,2022-06-03,3801,2022-04-22,1537,319,CENTR,5,5,7,3801,0,0,0,,0,3A15D,"NEW MONTGOMERY ST","JESSIE ST",0.00,,Y,A,-,N,,,,,,,,,,N,4,0,1,2,A,-,03,22350,A,F,B,G,A,A,H,-,A,A,0,,Y,,,Y,,A,01,0,0,1,0,0,0,1,0,0,"- ","- ",,,"SAN FRANCISCO","SAN FRANCISCO",-122.40099334716797,37.787868499755859
9437547,2022,2022-05-16,3801,2022-04-11,0829,1129,TARAV,1,5,7,3801,0,0,0,,0,005,"SKYLINE BL","LAKE MERCED BL",0.00,,Y,B,C,N,,,,,,,,,,N,3,0,2,2,A,-,09,21801,A,N,D,C,A,B,H,-,A,D,0,,,,,Y,,A,01,0,1,1,0,0,0,0,0,0,"- ","- ",,,"SAN FRANCISCO","SAN FRANCISCO",-122.49894714355469,37.731536865234375
9437548,2022,2022-05-13,3801,2022-04-14,1739,2469,BAYVI,4,5,7,3801,0,0,0,,0,3C105,"BAY SHORE BL","FLOWER ST",0.00,,Y,C,-,N,,,,,,,,,,N,4,0,2,2,A,-,09,21801,A,N,D,C,A,B,H,-,A,D,0,,,,,Y,,A,01,0,0,2,0,0,0,0,0,0,"- ","- ",,,"SAN FRANCISCO","SAN FRANCISCO",-122.40565490722656,37.742500305175781
9437549,2022,2022-05-13,3801,2022-04-13,1539,1875,BAYVI,3,5,7,3801,0,0,0,,0,3C13D,"3RD ST","LA SALLE AV",0.00,,Y,A,-,N,,,,,,,,,,Y,4,0,3,2,A,-,08,22107,,N,D,C,A,A,H,-,A,A,0,,,,,Y,,A,01,0,0,3,0,0,0,0,0,0,"- ","- ",,,"SAN FRANCISCO","SAN FRANCISCO",-122.38993835449219,37.737216949462891
9437550,2022,2022-05-13,3801,2022-04-07,2104,2056,SOUTH,4,5,7,3801,0,0,0,,0,0B4,"SOUTH VAN NESS","MISSION ST",0.00,,Y,A,-,N,,,,,,,,,,N,3,0,1,2,A,-,12,21453,,N,A,G,A,-,H,-,C,A,0,,Y,,,Y,,L,04,0,1,0,0,0,0,1,0,0,"- ","- ",,,"SAN FRANCISCO","SAN FRANCISCO",-122.41863250732422,37.773109436035156