CASE_ID,ACCIDENT_YEAR,PROC_DATE,JURIS,COLLISION_DATE,COLLISION_TIME,OFFICER_ID,REPORTING_DISTRICT,DAY_OF_WEEK,CHP_SHIFT,POPULATION,CNTY_CITY_LOC,SPECIAL_COND,BEAT_TYPE,CHP_BEAT_TYPE,CITY_DIVISION_LAPD,CHP_BEAT_CLASS,BEAT_NUMBER,PRIMARY_RD,SECONDARY_RD,DISTANCE,DIRECTION,INTERSECTION,WEATHER_1,WEATHER_2,STATE_HWY_IND,CALTRANS_COUNTY,CALTRANS_DISTRICT,STATE_ROUTE,ROUTE_SUFFIX,POSTMILE_PREFIX,POSTMILE,LOCATION_TYPE,RAMP_INTERSECTION,SIDE_OF_HWY,TOW_AWAY,COLLISION_SEVERITY,NUMBER_KILLED,NUMBER_INJURED,PARTY_COUNT,PRIMARY_COLL_FACTOR,PCF_CODE_OF_VIOL,PCF_VIOL_CATEGORY,PCF_VIOLATION,PCF_VIOL_SUBSECTION,HIT_AND_RUN,TYPE_OF_COLLISION,MVIW,PED_ACTION,ROAD_SURFACE,ROAD_COND_1,ROAD_COND_2,LIGHTING,CONTROL_DEVICE,CHP_ROAD_TYPE,PEDESTRIAN_ACCIDENT,BICYCLE_ACCIDENT,MOTORCYCLE_ACCIDENT,TRUCK_ACCIDENT,NOT_PRIVATE_PROPERTY,ALCOHOL_INVOLVED,STWD_VEHTYPE_AT_FAULT,CHP_VEHTYPE_AT_FAULT,COUNT_SEVERE_INJ,COUNT_VISIBLE_INJ,COUNT_COMPLAINT_PAIN,COUNT_PED_KILLED,COUNT_PED_INJURED,COUNT_BICYCLIST_KILLED,COUNT_BICYCLIST_INJURED,COUNT_MC_KILLED,COUNT_MC_INJURED,PRIMARY_RAMP,SECONDARY_RAMP,LATITUDE,LONGITUDE,COUNTY,CITY,POINT_X,POINT_Y
9437551,2022,2022-06-03,3801,2022-04-12,0730,1540,TARAV,2,5,7,3801,0,0,0,,0,3I13A,"SANTIAGO ST","47TH AV",84.00,E,N,A,-,N,,,,,,,,,,Y,4,0,1,3,A,-,03,22350,,N,-,E,A,A,H,-,A,D,0,,,,,Y,,A,01,0,0,1,0,0,0,0,0,0,"- ","- ",,,"SAN FRANCISCO","SAN FRANCISCO",-122.50556182861328,37.743598937988281
9437552,2022,2022-05-13,3801,2022-04-11,1245,1609,RICHM,1,5,7,3801,0,0,0,,0,3G15A,"CALIFORNIA ST","26TH AV",0.00,,Y,A,-,N,,,,,,,,,,Y,4,0,1,2,A,-,09,21800,A,N,D,C,A,A,H,-,A,A,0,,,,,Y,,A,01,0,0,1,0,0,0,0,0,0,"- ","- ",,,"SAN FRANCISCO","SAN FRANCISCO",-122.486083984375,37.783828735351562
9437553,2022,2022-05-13,3801,2022-04-11,1626,2733,SOUTH,1,5,7,3801,0,0,0,,0,0B1,"MISSION ST","MAIN ST",0.00,,Y,A,-,N,,,,,,,,,,N,3,0,1,2,A,-,10,21950,A,N,G,B,B,A,H,-,A,A,0,Y,,,,Y,,A,01,0,1,0,0,1,0,0,0,0,"- ","- ",,,"SAN FRANCISCO","SAN FRANCISCO",-122.39496612548828,37.791862487792969
9437554,2022,2022-05-13,3801,2022-04-12,1807,2725,RICHM,2,5,7,3801,0,0,0,,0,,"CALIFORNIA ST",ARGUELLO,0.00,,Y,A,-,N,,,,,,,,,,N,3,0,1,2,A,-,10,21950,A,N,D,B,B,-,H,-,A,A,0,Y,,,,Y,,A,01,0,1,0,0,1,0,0,0,0,"- ","- ",,,"SAN FRANCISCO","SAN FRANCISCO",-122.45921325683594,37.785671234130859
9437555,2022,2022-05-13,3801,2022-04-11,1530,2398,NORTH,1,5,7,3801,0,0,0,,0,02E,"GOUGH ST","FELL ST",0.00,,Y,A,-,N,,,,,,,,,,N,4,0,1,2,A,-,08,22107,,N,D,C,A,A,H,-,A,A,0,,,,,Y,,A,01,0,0,1,0,0,0,0,0,0,"- ","- ",,,"SAN FRANCISCO","SAN FRANCISCO",-122.42277526855469,37.775943756103516
9437556,2022,2022-05-13,3801,2022-04-12,0347,2479,NORTH,2,5,7,3801,0,0,0,,0,3E13E,"VAN NESS AV","TURK ST",0.00,,Y,A,-,N,,,,,,,,,,Y,4,0,1,2,A,-,12,21453,A,F,D,C,A,A,H,-,C,A,0,,,,,Y,,A,01,0,0,1,0,0,0,0,0,0,"- ","- ",,,"SAN FRANCISCO","SAN FRANCISCO",-122.42057800292969,37.781936645507812
9437557,2022,2022-05-13,3801,2022-04-13,1544,1160,SOUTH,3,5,7,3801,0,0,0,,0,0B2,"3RD ST","HOWARD ST",0.00,,Y,A,-,N,,,,,,,,,,N,4,0,1,2,A,-,06,21750,A,N,D,C,A,A,H,-,A,A,0,,,Y,,Y,,C,02,0,0,1,0,0,0,0,0,1,"- ","- ",,,"SAN FRANCISCO","SAN FRANCISCO",-122.40049743652344,37.785007476806641
9437558,2022,2022-05-19,3801,2022-04-13,1159,4022,MISSI,3,5,7,3801,0,0,0,,0,3D95C,"16TH ST","ALABAMA ST",0.00,,Y,A,-,N,,,,,,,,,,Y,4,0,1,3,A,-,09,21804,A,F,D,C,A,A,H,-,A,A,0,,,,,Y,,A,01,0,0,1,0,0,0,0,0,0,"- ","- ",,,"SAN FRANCISCO","SAN FRANCISCO",-122.41239929199219,37.765495300292969
9437560,2022,2022-05-13,3801,2022-04-21,2055,713,CENTR,4,5,7,3801,0,0,0,,0,3A14D,"THE EMBARCADERO NORTH","GRANT ST",19.00,E,N,A,-,N,,,,,,,,,,N,4,0,2,2,A,-,03,22350,,F,C,C,A,A,H,-,C,A,0,,,,,Y,,A,01,0,0,2,0,0,0,0,0,0,"- ","- ",,,"SAN FRANCISCO","SAN FRANCISCO",-122.40901947021484,37.808109283447266
9437561,2022,2022-05-17,3801,2022-04-07,1445,1518,CENTR,4,5,7,3801,0,0,0,,0,3A50A,"EMBARCADERO NORTH","GRANT AV",30.00,E,N,A,-,N,,,,,,,,,,N,3,0,1,1,A,-,03,22350,,N,-,I,A,A,H,-,A,A,0,,Y,,,Y,,L,04,0,1,0,0,0,0,1,0,0,"- ","- ",,,"SAN FRANCISCO","SAN FRANCISCO",-122.40898895263672,37.808094024658203
9437562,2022,2022-05-17,3801,2022-04-06,0703,2202,INGLE,3,5,7,3801,0,0,0,,0,3H13A,"MISSION ST","SANTA ROSA AV",0.00,,Y,A,-,N,,,,,,,,,,N,3,0,1,2,A,-,10,21950,A,N,G,B,B,A,H,-,A,A,0,Y,,,,Y,,A,01,0,1,0,0,1,0,0,0,0,"- ","- ",,,"SAN FRANCISCO","SAN FRANCISCO",-122.43401336669922,37.725757598876953
9437563,2022,2022-05-17,3801,2022-04-06,0750,4356,INGLE,3,5,7,3801,0,0,0,,0,3H12A,"OSHAUGHNESSY BL","PORTOLA DR",700.00,E,N,A,-,N,,,,,,,,,,N,4,0,1,2,A,-,04,21703,,N,C,C,A,A,H,-,A,D,0,,,,,Y,,A,01,0,0,1,0,0,0,0,0,0,"- ","- ",,,"SAN FRANCISCO","SAN FRANCISCO",-122.450439453125,37.743850708007812
9437564,2022,2022-05-17,3801,2022-04-04,2024,158,INGLE,1,5,7,3801,0,0,0,,0,3H12D,"CHURCH ST","28TH ST",0.00,,Y,A,-,N,,,,,,,,,,N,4,0,1,2,-,-,"- ",,A,N,G,B,B,A,H,-,C,A,0,Y,,,,Y,,A,01,0,0,1,0,1,0,0,0,0,"- ","- ",,,"SAN FRANCISCO","SAN FRANCISCO",-122.42681884765625,37.745307922363281
9437565,2022,2022-05-17,3801,2022-04-11,1642,2743,SOUTH,1,5,7,3801,0,0,0,,0,3B4,"WASHBURN ST","HOWARD ST",260.00,N,N,A,-,N,,,,,,,,,,N,4,0,2,2,A,-,11,21950,B,N,H,B,D,A,H,-,A,D,0,Y,,,,Y,,N,60,0,0,2,0,1,0,0,0,0,"- ","- ",,,"SAN FRANCISCO","SAN FRANCISCO",-122.41423797607422,37.775165557861328
9437723,2022,2022-06-07,3801,2022-04-11,1310,1917,TARAV,1,5,7,3801,0,0,0,,0,3I16A,"GENEVA AV","HOWTH ST",62.00,E,N,A,G,N,,,,,,,,,,N,4,0,4,2,A,-,03,22350,,N,C,C,A,A,H,-,A,A,0,,,,,Y,,I,19,0,0,4,0,0,0,0,0,0,"- ","- ",,,"SAN FRANCISCO","SAN FRANCISCO",-122.44992828369141,37.722000122070312
9437727,2022,2022-05-18,3801,2022-04-13,1719,4314,RICHM,3,5,7,3801,0,0,0,,0,0G5,"FULTON ST","47TH AV",47.00,W,N,A,B,N,,,,,,,,,,Y,4,0,1,2,D,-,00,,,N,C,E,A,A,H,-,A,D,0,,,,,Y,,-,"- ",0,0,1,0,0,0,0,0,0,"- ","- ",,,"SAN FRANCISCO","SAN FRANCISCO",-122.50791931152344,37.771484375
9437731,2022,2022-05-18,3801,2022-04-13,1510,334,BAYVI,3,5,7,3801,0,0,0,,0,0C2,"BAYSHORE BL","JERROLD AV",0.00,,Y,A,-,N,,,,,,,,,,N,4,0,1,2,A,-,03,22350,,N,C,C,A,A,H,-,A,A,0,,,,,Y,,D,22,0,0,1,0,0,0,0,0,0,"- ","- ",,,"SAN FRANCISCO","SAN FRANCISCO",-122.40361785888672,37.747386932373047
9437743,2022,2022-05-18,3801,2022-04-07,1445,724,INGLE,4,5,7,3801,0,0,0,,0,3H13C,"MISSION ST","LEO ST",81.00,S,N,A,-,N,,,,,,,,,,Y,4,0,1,2,A,-,08,22102,,N,D,C,A,A,H,-,A,D,0,,,,,Y,Y,A,07,0,0,1,0,0,0,0,0,0,"- ","- ",,,"SAN FRANCISCO","SAN FRANCISCO",-122.43665313720703,37.722267150878906
9437747,2022,2022-05-19,3801,2022-04-14,2341,2330,TARAV,4,5,7,3801,0,0,0,,0,901,"GREAT HWY","RIVERA ST",68.00,N,N,B,C,N,,,,,,,,,,Y,4,0,1,2,A,-,03,22350,,N,C,E,A,B,H,-,C,A,0,,,,,Y,,D,22,0,0,1,0,0,0,0,0,0,"- ","- ",,,"SAN FRANCISCO","SAN FRANCISCO",-122.50749206542969,37.745594024658203
9438252,2022,2022-05-23,3801,2022-04-10,0301,614,TARAV,7,5,7,3801,0,0,0,,0,3I11E,"FONT BL","ARBALLO DR",0.00,,Y,A,-,N,,,,,,,,,,Y,3,0,1,1,A,-,03,22350,,N,E,J,A,A,A,B,C,A,0,,,,,Y,,-,,0,1,0,0,0,0,0,0,0,"- ","- ",,,"SAN FRANCISCO","SAN FRANCISCO",-122.48244476318359,37.721748352050781
9438253,2022,2022-05-23,3801,2022-04-18,0420,1489,BAYVI,1,5,7,3801,0,0,0,,0,3C13E,"EVANS AV","PHELPS ST",0.00,,Y,A,-,N,,,,,,,,,,Y,4,0,1,2,A,-,12,21453,A,F,D,C,A,A,H,-,C,A,0,,,,,Y,,A,01,0,0,1,0,0,0,0,0,0,"- ","- ",,,"SAN FRANCISCO","SAN FRANCISCO",-122.38845062255859,37.742977142333984
9438255,2022,2022-05-23,3801,2022-04-07,1000,244,NORTH,4,5,7,3801,0,0,0,,0,3E14A,"CALIFORNIA ST","LAGUNA ST",0.00,,Y,A,-,N,,,,,,,,,,Y,4,0,1,2,D,-,00,,,N,D,C,A,A,H,-,A,A,0,,,,,Y,,-,"- ",0,0,1,0,0,0,0,0,0,"- ","- ",,,"SAN FRANCISCO","SAN FRANCISCO",-122.42888641357422,37.789531707763672
9438256,2022,2022-05-23,3801,2022-04-09,0957,1605,NORTH,6,5,7,3801,0,0,0,,0,3E11A,"FILLMORE ST","MARINA BL",4.00,N,N,A,-,N,,,,,,,,,,N,3,0,3,3,D,-,00,,,N,H,B,F,A,H,-,A,D,0,Y,Y,,,Y,,-,"- ",0,1,2,0,2,0,1,0,0,"- ","- ",,,"SAN FRANCISCO","SAN FRANCISCO",-122.43743896484375,37.806400299072266
9438257,2022,2022-05-23,3801,2022-04-09,1635,1353,NORTH,6,5,7,3801,0,0,0,,0,3E91,"SUTTER ST","WEBSTER ST",0.00,,Y,A,-,N,,,,,,,,,,,3,0,1,1,A,-,03,22350,,N,F,-,A,A,H,-,A,A,0,,,Y,,Y,,C,03,0,1,0,0,0,0,0,0,1,"- ","- ",,,"SAN FRANCISCO","SAN FRANCISCO",-122.43168640136719,37.786293029785156
9438258,2022,2022-05-23,3801,2022-04-09,0106,2461,SOUTH,6,5,7,3801,0,0,0,,0,3B12E,"HOWARD ST","6TH ST",30.00,W,N,A,-,N,,,,,,,,,,N,4,0,1,2,A,-,03,22350,,N,C,C,A,A,H,-,C,A,0,,,,,Y,,A,01,0,0,1,0,0,0,0,0,0,"- ","- ",,,"SAN FRANCISCO","SAN FRANCISCO",-122.40721130371094,37.779689788818359
9438982,2022,2022-05-13,3801,2022-04-26,0850,1242,CENTR,2,5,7,3801,0,0,0,,0,3A5A,"CALIFORNIA ST","BATTERY ST",0.00,,Y,A,-,N,,,,,,,,,,N,4,0,1,2,A,-,10,21950,A,N,G,B,B,A,H,-,A,A,0,Y,,,,Y,,I,11,0,0,1,0,1,0,0,0,0,"- ","- ",,,"SAN FRANCISCO","SAN FRANCISCO",-122.39997863769531,37.793231964111328
9438985,2022,2022-05-18,3801,2022-04-26,0825,1944,INGLE,2,5,7,3801,0,0,0,,0,0H6,"WILDE AV","GOETTINGEN ST",0.00,,Y,A,G,N,,,,,,,,,,N,3,0,1,2,A,-,10,21952,,N,D,B,C,A,H,-,A,D,0,Y,,,,Y,,D,22,0,1,0,0,1,0,0,0,0,"- ","- ",,,"SAN FRANCISCO","SAN FRANCISCO",-122.40208435058594,37.716056823730469
9438986,2022,2022-05-13,3801,2022-04-28,1315,2723,BAYVI,4,5,7,3801,0,0,0,,0,3C11A,"SILVER AV","BOWDOIN ST",0.00,,Y,A,-,N,,,,,,,,,,Y,3,0,1,2,A,-,12,22450,A,N,A,C,A,A,H,-,A,A,0,,,,,Y,,A,01,0,1,0,0,0,0,0,0,0,"- ","- ",,,"SAN FRANCISCO","SAN FRANCISCO",-122.41262817382812,37.730152130126953
9438989,2022,2022-06-06,3801,2022-04-27,1230,764,MISSI,3,5,7,3801,0,0,0,,0,3D44C,MISSION,"25TH ST",0.00,,Y,A,-,N,,,,,,,,,,N,4,0,1,2,A,-,08,22107,,N,B,C,A,A,H,-,A,A,0,,,,,Y,Y,A,01,0,0,1,0,0,0,0,0,0,"- ","- ",,,"SAN FRANCISCO","SAN FRANCISCO",-122.41830444335938,37.750663757324219
9438991,2022,2022-05-18,3801,2022-03-17,0929,4375,TRAFF,4,5,7,3801,0,0,0,,0,4B1F,"VAN NESS AV","TURK ST",38.00,N,N,A,-,N,,,,,,,,,,N,4,0,1,2,A,-,07,21658,A,F,B,C,A,A,H,-,A,-,0,,,,,Y,,-,,0,0,1,0,0,0,0,0,0,"- ","- ",,,"SAN FRANCISCO","SAN FRANCISCO",-122.42060089111328,37.78204345703125
9439301,2022,2022-05-19,3801,2022-04-20,2020,1987,TARAV,3,5,7,3801,0,0,0,,0,3I13E,"19TH AV","WAWONA ST",0.00,,Y,C,-,N,,,,,,,,,,N,4,0,4,2,A,-,04,21703,,N,A,C,A,B,H,-,C,A,0,,,,,Y,,A,01,0,0,4,0,0,0,0,0,0,"- ","- ",,,"SAN FRANCISCO","SAN FRANCISCO",-122.47529602050781,37.737457275390625
9441187,2022,2022-05-20,3801,2022-04-25,1043,1129,TARAV,1,5,7,3801,0,0,0,,0,005,"LAKE MERCED BL","JOHN MUIR DR",0.00,,Y,A,-,N,,,,,,,,,,Y,3,0,1,1,A,-,08,22107,,N,E,I,A,A,H,-,A,D,0,,,,,Y,,A,01,0,1,0,0,0,0,0,0,0,"- ","- ",,,"SAN FRANCISCO","SAN FRANCISCO",-122.48574066162109,37.708110809326172
9441188,2022,2022-05-20,3801,2022-04-25,1543,2733,SOUTH,1,5,7,3801,0,0,0,,0,0B2,"04TH ST","HOWARD ST",0.00,,Y,A,-,N,,,,,,,,,,N,3,0,1,2,A,-,08,22101,D,N,C,G,A,A,H,-,A,A,0,,Y,Y,,Y,,L,04,0,1,0,0,0,0,1,0,0,"- ","- ",,,"SAN FRANCISCO","SAN FRANCISCO",-122.40272400000001,37.783270000000002
9441189,2022,2022-09-06,3801,2022-04-26,0022,460,INGLE,2,5,7,3801,0,0,0,,0,3H15E,"MISSION ST","30TH ST",0.00,,Y,A,-,N,,,,,,,,,,Y,4,0,1,2,A,-,08,22107,,F,B,C,A,A,H,-,C,A,0,,,,,Y,,A,01,0,0,1,0,0,0,0,0,0,"- ","- ",,,"SAN FRANCISCO","SAN FRANCISCO",-122.42195892333984,37.742389678955078
9441190,2022,2022-05-20,3801,2022-04-28,1638,2741,INGLE,4,5,7,3801,0,0,0,,0,901,"GENEVA AV","BROOKDALE AV",63.00,W,N,A,-,N,,,,,,,,,,N,4,0,1,2,A,-,08,22107,,N,B,C,A,A,H,-,A,D,0,,,,,Y,,A,07,0,0,1,0,0,0,0,0,0,"- ","- ",,,"SAN FRANCISCO","SAN FRANCISCO",-122.4246826171875,37.710193634033203
9441193,2022,2022-05-20,3801,2022-04-28,1700,231,BAYVI,4,5,7,3801,0,0,0,,0,901,"SAN BRUNO AV","WOOLSEY AV",0.00,,Y,A,-,N,,,,,,,,,,N,3,0,1,2,A,-,10,21950,A,N,G,B,B,A,H,-,A,D,0,Y,,,,Y,,A,01,0,1,0,0,1,0,0,0,0,"- ","- ",,,"SAN FRANCISCO","SAN FRANCISCO",-122.40261077880859,37.725238800048828
9441196,2022,2022-05-26,3801,2022-04-28,0041,2307,NORTH,4,5,7,3801,0,0,0,,0,3E14E,"OCTAVIA ST","BUSH ST",0.00,,Y,A,-,N,,,,,,,,,,Y,4,0,1,2,A,-,12,21453,A,F,D,C,A,A,H,-,C,A,0,,,,,Y,,-,"- ",0,0,1,0,0,0,0,0,0,"- ","- ",,,"SAN FRANCISCO","SAN FRANCISCO",-122.42687225341797,37.787860870361328
9441197,2022,2022-05-20,3801,2022-04-26,0823,1423,NORTH,2,5,7,3801,0,0,0,,0,3E4A,"VAN NESS AV","TURK ST",0.00,,Y,A,-,N,,,,,,,,,,N,4,0,1,2,A,-,08,22107,,N,B,G,A,A,H,-,A,A,0,,Y,,,Y,,A,07,0,0,1,0,0,0,1,0,0,"- ","- ",,,"SAN FRANCISCO","SAN FRANCISCO",-122.42057800292969,37.781936645507812
9441198,2022,2022-05-20,3801,2022-04-28,1545,1307,CENTR,4,5,7,3801,0,0,0,,0,3A54C,BROADWAY,"STOCKTON ST",108.00,E,N,A,-,N,,,,,,,,,,N,4,0,1,2,A,-,08,22107,,N,C,C,A,-,H,-,A,D,0,,,,,Y,,A,01,0,0,1,0,0,0,0,0,0,"- ","- ",,,"SAN FRANCISCO","SAN FRANCISCO",-122.40823364257812,37.797702789306641
9441199,2022,2022-05-20,3801,2022-04-24,1017,2466,RICHM,7,5,7,3801,0,0,0,,0,FOUR,"FULTON AV","18TH AV",0.00,,Y,A,-,N,,,,,,,,,,Y,4,0,1,2,A,-,04,21703,,F,E,I,A,A,H,-,A,A,0,,,,,Y,,A,01,0,0,1,0,0,0,0,0,0,"- ","- ",,,"SAN FRANCISCO","SAN FRANCISCO",-122.47669982910156,37.772899627685547
9441200,2022,2022-05-20,3801,2022-04-07,2146,1994,TRAFF,4,5,7,3801,0,0,0,,0,4B3D,"CAPP ST","16TH ST",126.00,N,N,A,-,N,,,,,,,,,,N,2,0,1,2,A,-,11,21955,,F,G,B,D,A,H,-,C,D,0,Y,,,,Y,,N,60,1,0,0,0,1,0,0,0,0,"- ","- ",,,"SAN FRANCISCO","SAN FRANCISCO",-122.418701171875,37.765098571777344
9441313,2022,2022-05-19,3801,2022-04-02,1720,1994,TRAFF,6,5,7,3801,0,0,0,,0,4B3D,"POWELL ST","OFARRELL ST",70.00,N,N,A,-,N,,,,,,,,,,N,3,0,1,1,A,-,03,22350,,N,H,I,A,A,G,-,A,D,0,,Y,,,Y,,L,04,0,1,0,0,0,0,1,0,0,"- ","- ",,,"SAN FRANCISCO","SAN FRANCISCO",-122.40806579589844,37.786628723144531
9441314,2022,2022-05-19,3801,2022-04-06,1800,4119,TRAFF,3,5,7,3801,0,0,0,,0,4B3K,"FELTON ST","OXFORD ST",0.00,,Y,B,-,N,,,,,,,,,,N,2,0,1,2,A,-,12,22450,A,N,A,D,A,A,H,-,A,A,0,,,Y,,Y,,C,03,1,0,0,0,0,0,0,0,1,"- ","- ",,,"SAN FRANCISCO","SAN FRANCISCO",-122.41940307617188,37.726181030273438
9441315,2022,2022-05-18,3801,2022-04-08,1346,1936,TRAFF,5,5,7,3801,0,0,0,,0,4B1D,"COLUMBUS AV","BAY ST",0.00,,Y,A,-,N,,,,,,,,,,Y,4,0,1,3,A,-,12,21453,A,F,D,C,A,A,H,-,A,A,0,,,,,Y,,A,01,0,0,1,0,0,0,0,0,0,"- ","- ",,,"SAN FRANCISCO","SAN FRANCISCO",-122.41719818115234,37.805194854736328
9441316,2022,2022-05-19,3801,2022-04-05,0010,1078,NORTH,2,5,7,3801,0,0,0,,0,,"FRANKLIN ST","CHESTNUT ST",0.00,,Y,A,-,N,,,,,,,,,,Y,4,0,1,2,A,-,12,21453,A,F,D,C,A,A,H,-,C,A,0,,,,,Y,,A,01,0,0,1,0,0,0,0,0,0,"- ","- ",,,"SAN FRANCISCO","SAN FRANCISCO",-122.42637634277344,37.802070617675781
9441317,2022,2022-05-26,3801,2022-04-16,1847,1420,INGLE,6,5,7,3801,0,0,0,,0,3H15D,"SAN JOSE AV","ALAMANEY BL",0.00,,Y,A,-,N,,,,,,,,,,Y,4,0,2,2,D,-,00,,,N,-,C,A,A,H,-,B,A,0,,,Y,,Y,,-,"- ",0,0,2,0,0,0,0,0,1,"- ","- ",,,"SAN FRANCISCO","SAN FRANCISCO",,
9441318,2022,2022-05-19,3801,2022-04-19,0815,1003,INGLE,2,5,7,3801,0,0,0,,0,3CAR,"MISSION ST","COLLEGE TER",55.00,N,N,A,-,N,,,,,,,,,,Y,4,0,2,2,A,-,09,21804,A,N,D,D,A,A,H,-,A,D,0,,,,,Y,,A,01,0,0,2,0,0,0,0,0,0,"- ","- ",,,"SAN FRANCISCO","SAN FRANCISCO",-122.42567443847656,37.734397888183594
9441320,2022,2022-05-19,3801,2022-04-20,1719,2231,SOUTH,3,5,7,3801,0,0,0,,0,3B14D,"HOWARD ST","10TH ST",0.00,,Y,A,-,N,,,,,,,,,,N,4,0,1,2,A,-,10,21950,A,N,A,B,B,A,H,-,A,A,0,Y,,,,Y,,A,01,0,0,1,0,1,0,0,0,0,"- ","- ",,,"SAN FRANCISCO","SAN FRANCISCO",-122.41436767578125,37.774024963378906
9441463,2022,2022-06-27,3801,2022-03-27,0643,812,BAYVI,7,5,7,3801,0,0,0,,0,002,"PALOU AV","DUNSHEE ST",0.00,,Y,B,-,N,,,,,,,,,,N,4,0,1,2,A,-,06,21755,,N,G,-,A,A,H,-,B,D,0,,,,,Y,,M,94,0,0,1,0,0,0,0,0,0,"- ","- ",,,"SAN FRANCISCO","SAN FRANCISCO",-122.39569091796875,37.7366943359375
9441465,2022,2022-05-23,3801,2022-03-03,0808,4375,TRAFF,4,5,7,3801,0,0,0,,0,4B1F,"ITALY AV","MOSCOW ST",12.00,E,N,B,-,N,,,,,,,,,,N,2,0,1,2,A,-,10,21950,A,N,D,B,B,B,H,-,A,A,0,Y,,,,Y,,A,01,1,0,0,0,1,0,0,0,0,"- ","- ",,,"SAN FRANCISCO","SAN FRANCISCO",-122.43232727050781,37.715049743652344
9441561,2022,2022-05-20,3801,2022-04-07,1533,1133,CENTR,4,5,7,3801,0,0,0,,0,02A,"OFARRELL ST","STOCKTON ST",0.00,,Y,A,-,N,,,,,,,,,,N,4,0,1,1,D,-,00,,,N,H,A,A,A,H,-,A,D,0,,,Y,,Y,,-,"- ",0,0,1,0,0,0,0,0,1,"- ","- ",,,"SAN FRANCISCO","SAN FRANCISCO",-122.40638732910156,37.786624908447266
9441750,2022,2022-05-13,3801,2022-04-01,1545,319,CENTR,5,5,7,3801,0,0,0,,0,3A12D,"GEARY ST","GEARY ST 510",0.00,,Y,A,-,N,,,,,,,,,,N,4,0,1,2,A,-,03,22350,A,N,B,C,A,A,H,-,A,D,0,,,,,Y,,A,01,0,0,1,0,0,0,0,0,0,"- ","- ",,,"SAN FRANCISCO","SAN FRANCISCO",-122.42139434814453,37.785690307617188
9441860,2022,2022-05-13,3801,2022-03-16,1256,2419,RICHM,3,5,7,3801,0,0,0,,0,0G2,"ARGUELLO BL","MCALLISTER ST",50.00,S,N,A,-,N,,,,,,,,,,N,4,0,1,2,A,-,03,22350,,N,C,C,A,A,H,-,A,D,0,,,Y,,Y,,A,01,0,0,1,0,0,0,0,0,1,"- ","- ",,,"SAN FRANCISCO","SAN FRANCISCO",-122.45842742919922,37.775104522705078
9442089,2022,2022-05-13,3801,2022-04-08,0242,2742,BAYVI,5,5,7,3801,0,0,0,,0,3C15E,"JENNINGS ST","WALLACE AV",135.00,S,N,A,-,N,,,,,,,,,,Y,2,0,3,2,A,-,03,22350,,N,D,E,A,A,H,-,C,D,0,,,,,Y,,A,01,1,0,2,0,0,0,0,0,0,"- ","- ",,,"SAN FRANCISCO","SAN FRANCISCO",-122.38951873779297,37.726116180419922
9442090,2022,2022-05-13,3801,2022-04-09,2140,2315,TENDE,6,5,7,3801,0,0,0,,0,3J12E,"MARKET ST","MASON ST",0.00,,Y,A,-,N,,,,,,,,,,N,3,0,1,2,A,-,09,21801,A,F,D,G,A,A,H,-,C,A,0,,Y,,,Y,,A,01,0,1,0,0,0,0,1,0,0,"- ","- ",,,"SAN FRANCISCO","SAN FRANCISCO",-122.40908050537109,37.783233642578125
9442092,2022,2022-05-13,3801,2022-04-09,0109,1336,NORTH,6,5,7,3801,0,0,0,,0,3E12E,"FULTON ST","WEBSTER ST",221.00,W,N,A,-,N,,,,,,,,,,Y,3,0,1,2,A,-,03,22350,,N,F,E,A,A,H,-,C,A,0,,,,,Y,,A,01,0,1,0,0,0,0,0,0,0,"- ","- ",,,"SAN FRANCISCO","SAN FRANCISCO",-122.4306640625,37.777812957763672
9442093,2022,2022-05-13,3801,2022-04-01,1859,1858,BAYVI,5,5,7,3801,0,0,0,,0,3C13D,"EVANS AV","JENNINGS ST",387.00,E,N,A,-,N,,,,,,,,,,N,4,0,1,2,A,-,05,21460,A,N,B,C,A,A,H,-,A,D,0,,,,,Y,,A,01,0,0,1,0,0,0,0,0,0,"- ","- ",,,"SAN FRANCISCO","SAN FRANCISCO",-122.37803649902344,37.737068176269531
9442094,2022,2022-05-16,3801,2022-04-04,1621,746,INGLE,1,5,7,3801,0,0,0,,0,3H13D,"SILVER AV","NAPLES ST",0.00,,Y,B,-,N,,,,,,,,,,Y,4,0,1,2,A,-,06,21750,A,N,B,C,A,A,-,-,A,D,0,,,Y,,Y,,C,02,0,0,1,0,0,0,0,0,1,"- ","- ",,,"SAN FRANCISCO","SAN FRANCISCO",-122.42532348632812,37.728664398193359
9442096,2022,2022-05-13,3801,2022-04-01,1530,1429,CENTR,5,5,7,3801,0,0,0,,0,3A12C,"STOCKTON ST","GEARY ST",80.00,S,N,A,-,N,,,,,,,,,,N,4,0,2,2,A,-,04,21703,,N,C,C,A,A,H,-,A,A,0,,,,,Y,,A,07,0,0,2,0,0,0,0,0,0,"- ","- ",,,"SAN FRANCISCO","SAN FRANCISCO",-122.40653228759766,37.787342071533203
9442097,2022,2022-05-13,3801,2022-03-31,0808,244,NORTH,4,5,7,3801,0,0,0,,0,3E14A,"WEBSTER ST","POST ST",0.00,,Y,A,-,N,,,,,,,,,,N,4,0,1,2,A,-,03,22350,,N,C,C,A,A,H,-,A,A,0,,,,,Y,,A,08,0,0,1,0,0,0,0,0,0,"- ","- ",,,"SAN FRANCISCO","SAN FRANCISCO",-122.43145751953125,37.785358428955078
9442098,2022,2022-05-13,3801,2022-04-03,1449,1423,NORTH,7,5,7,3801,0,0,0,,0,3E3D,"TURK ST","WEBSTER ST",0.00,,Y,A,-,N,,,,,,,,,,N,3,0,1,2,A,-,08,22107,,N,B,C,A,A,H,-,A,A,0,,,,,Y,,A,07,0,1,0,0,0,0,0,0,0,"- ","- ",,,"SAN FRANCISCO","SAN FRANCISCO",-122.43048858642578,37.780685424804688