CASE_ID,ACCIDENT_YEAR,PROC_DATE,JURIS,COLLISION_DATE,COLLISION_TIME,OFFICER_ID,REPORTING_DISTRICT,DAY_OF_WEEK,CHP_SHIFT,POPULATION,CNTY_CITY_LOC,SPECIAL_COND,BEAT_TYPE,CHP_BEAT_TYPE,CITY_DIVISION_LAPD,CHP_BEAT_CLASS,BEAT_NUMBER,PRIMARY_RD,SECONDARY_RD,DISTANCE,DIRECTION,INTERSECTION,WEATHER_1,WEATHER_2,STATE_HWY_IND,CALTRANS_COUNTY,CALTRANS_DISTRICT,STATE_ROUTE,ROUTE_SUFFIX,POSTMILE_PREFIX,POSTMILE,LOCATION_TYPE,RAMP_INTERSECTION,SIDE_OF_HWY,TOW_AWAY,COLLISION_SEVERITY,NUMBER_KILLED,NUMBER_INJURED,PARTY_COUNT,PRIMARY_COLL_FACTOR,PCF_CODE_OF_VIOL,PCF_VIOL_CATEGORY,PCF_VIOLATION,PCF_VIOL_SUBSECTION,HIT_AND_RUN,TYPE_OF_COLLISION,MVIW,PED_ACTION,ROAD_SURFACE,ROAD_COND_1,ROAD_COND_2,LIGHTING,CONTROL_DEVICE,CHP_ROAD_TYPE,PEDESTRIAN_ACCIDENT,BICYCLE_ACCIDENT,MOTORCYCLE_ACCIDENT,TRUCK_ACCIDENT,NOT_PRIVATE_PROPERTY,ALCOHOL_INVOLVED,STWD_VEHTYPE_AT_FAULT,CHP_VEHTYPE_AT_FAULT,COUNT_SEVERE_INJ,COUNT_VISIBLE_INJ,COUNT_COMPLAINT_PAIN,COUNT_PED_KILLED,COUNT_PED_INJURED,COUNT_BICYCLIST_KILLED,COUNT_BICYCLIST_INJURED,COUNT_MC_KILLED,COUNT_MC_INJURED,PRIMARY_RAMP,SECONDARY_RAMP,LATITUDE,LONGITUDE,COUNTY,CITY,POINT_X,POINT_Y
9442099,2022,2022-05-13,3801,2022-04-03,1442,327,MISSI,7,5,7,3801,0,0,0,,0,3D13C,"VALENCIA ST","14TH ST",0.00,,Y,A,-,N,,,,,,,,,,N,2,0,1,2,A,-,09,21801,A,N,D,C,A,A,H,-,A,A,0,,,,,Y,,A,01,1,0,0,0,0,0,0,0,0,"- ","- ",,,"SAN FRANCISCO","SAN FRANCISCO",-122.42218017578125,37.768150329589844
9442100,2022,2022-05-13,3801,2022-04-02,1152,2167,NORTH,6,5,7,3801,0,0,0,,0,3E12C,"FILLMORE ST","GOLDEN GATE AV",0.00,,Y,A,-,N,,,,,,,,,,Y,4,0,1,2,A,-,09,21801,A,N,D,C,A,A,H,-,A,A,0,,,,,Y,,A,01,0,0,1,0,0,0,0,0,0,"- ","- ",,,"SAN FRANCISCO","SAN FRANCISCO",-122.43193817138672,37.779560089111328
9442101,2022,2022-05-17,3801,2022-04-19,1217,1530,BAYVI,2,5,7,3801,0,0,0,,0,3C13A,"LA SALLE AV","OSCEOLA LN",235.00,W,N,A,-,N,,,,,,,,,,N,4,0,1,3,A,-,03,22350,,N,C,E,A,A,H,-,A,A,0,,,,,Y,,A,01,0,0,1,0,0,0,0,0,0,"- ","- ",,,"SAN FRANCISCO","SAN FRANCISCO",-122.38453674316406,37.732776641845703
9442103,2022,2022-05-17,3801,2022-04-14,0937,2124,MISSI,4,5,7,3801,0,0,0,,0,,"15TH ST","DOLORES ST",0.00,,Y,B,C,N,,,,,,,,,,N,4,0,1,2,A,-,10,21950,A,M,G,B,B,B,H,-,A,A,0,Y,,,,Y,,A,01,0,0,1,0,1,0,0,0,0,"- ","- ",,,"SAN FRANCISCO","SAN FRANCISCO",-122.42659759521484,37.766258239746094
9442104,2022,2022-06-17,3801,2022-04-19,0552,2499,TARAV,2,5,7,3801,0,0,0,,0,,"LAKE MERCED BL","BROTHERHOOD WY",50.00,N,N,A,-,N,,,,,,,,,,Y,4,0,1,2,A,-,03,22350,,N,D,C,A,B,-,-,C,A,0,,,,,Y,,A,01,0,0,1,0,0,0,0,0,0,"- ","- ",,,"SAN FRANCISCO","SAN FRANCISCO",-122.48523712158203,37.714859008789062
9442105,2022,2022-05-17,3801,2022-04-17,2135,2490,BAYVI,7,5,7,3801,0,0,0,,0,3C15E,"OAKDALE AV","QUINT ST",100.00,W,N,A,-,N,,,,,,,,,,Y,4,0,1,5,A,-,03,22350,,F,B,C,A,A,H,-,C,A,0,,,,,Y,Y,A,01,0,0,1,0,0,0,0,0,0,"- ","- ",,,"SAN FRANCISCO","SAN FRANCISCO",-122.39624786376953,37.737960815429688
9442106,2022,2022-05-17,3801,2022-04-14,2316,740,MISSI,4,5,7,3801,0,0,0,,0,0D4,"CESAR CHAVEZ ST","ALABAMA ST",0.00,,Y,B,-,N,,,,,,,,,,Y,4,0,1,2,A,-,09,21801,A,N,D,C,A,B,H,-,C,A,0,,,,,Y,,A,01,0,0,1,0,0,0,0,0,0,"- ","- ",,,"SAN FRANCISCO","SAN FRANCISCO",-122.41054534912109,37.748374938964844
9442107,2022,2022-05-17,3801,2022-04-15,1250,1557,TARAV,5,5,7,3801,0,0,0,,0,3G5,"POINT LOBOS AV","POINT LOBOS AV 1090",0.00,,-,A,-,N,,,,,,,,,,Y,4,0,1,2,A,-,03,22350,,N,C,E,A,A,H,-,A,D,0,,,,,Y,,A,01,0,0,1,0,0,0,0,0,0,"- ","- ",,,"SAN FRANCISCO","SAN FRANCISCO",,
9442108,2022,2022-05-17,3801,2022-04-15,2139,2139,TARAV,5,5,7,3801,0,0,0,,0,901,"SUNSET BL","NORIEGA ST",8.00,N,N,B,-,N,,,,,,,,,,N,2,0,1,2,A,-,00,21456,1,N,G,B,B,A,H,-,C,A,0,Y,,,,Y,,N,60,1,0,0,0,1,0,0,0,0,"- ","- ",,,"SAN FRANCISCO","SAN FRANCISCO",-122.49532318115234,37.753452301025391
9442109,2022,2022-05-17,3801,2022-04-18,0100,1982,MISSI,1,5,7,3801,0,0,0,,0,3D15E,"VALENCIA ST","18TH ST",95.00,N,N,A,-,N,,,,,,,,,,N,4,0,1,2,A,-,21,22106,,F,B,G,A,A,H,-,C,D,0,,Y,,,Y,,A,01,0,0,1,0,0,0,1,0,0,"- ","- ",,,"SAN FRANCISCO","SAN FRANCISCO",-122.42158508300781,37.761970520019531
9442110,2022,2022-05-20,3801,2022-04-14,0149,2153,TARAV,4,5,7,3801,0,0,0,,0,3I16E,"RANDOLPH ST","RANDOLPH ST 940",0.00,,-,A,-,N,,,,,,,,,,Y,4,0,1,3,A,-,03,22350,,N,G,E,A,A,-,-,C,A,0,,,,,Y,,-,,0,0,1,0,0,0,0,0,0,"- ","- ",,,"SAN FRANCISCO","SAN FRANCISCO",,
9442112,2022,2022-05-17,3801,2022-04-17,1155,555,MISSI,7,5,7,3801,0,0,0,,0,3D14A,"20TH ST","TREAT AV",0.00,,Y,A,-,N,,,,,,,,,,N,4,0,1,2,A,-,10,21950,A,F,A,B,B,A,H,-,A,D,0,Y,,,,Y,,A,01,0,0,1,0,1,0,0,0,0,"- ","- ",,,"SAN FRANCISCO","SAN FRANCISCO",-122.41358947753906,37.758949279785156
9442114,2022,2022-05-17,3801,2022-04-13,0815,1477,MISSI,3,5,7,3801,0,0,0,,0,3D13A,"YORK ST","CESAR CHAVEZ ST",8.00,N,N,A,-,N,,,,,,,,,,N,4,0,1,2,A,-,07,21658,A,F,A,G,A,A,H,-,A,A,0,,Y,,,Y,,A,08,0,0,1,0,0,0,1,0,0,"- ","- ",,,"SAN FRANCISCO","SAN FRANCISCO",-122.40789031982422,37.748329162597656
9443598,2022,2022-05-10,3801,2022-03-29,1601,327,MISSI,2,5,7,3801,0,0,0,,0,3D12C,"14TH ST","MISSION ST",0.00,,Y,A,-,N,,,,,,,,,,N,4,0,1,2,A,-,10,21950,A,N,A,B,B,A,H,-,A,A,0,Y,,,,Y,,A,07,0,0,1,0,1,0,0,0,0,"- ","- ",,,"SAN FRANCISCO","SAN FRANCISCO",-122.41996765136719,37.768291473388672
9443769,2021,2022-05-16,3801,2021-12-16,0938,1825,SOUTH,4,5,7,3801,0,0,0,,0,3B15A,"7TH ST","16TH ST",0.00,,Y,A,-,N,,,,,,,,,,N,2,0,1,2,A,-,08,22107,,N,D,G,A,A,H,-,A,A,0,,Y,,,Y,,A,01,1,0,0,0,0,0,1,0,0,"- ","- ",,,"SAN FRANCISCO","SAN FRANCISCO",-122.39506530761719,37.766536712646484
9443829,2022,2022-05-20,3801,2022-04-06,1115,768,INGLE,3,5,7,3801,0,0,0,,0,3H12A,"CHURCH ST","VALLEY ST",0.00,,Y,A,-,N,,,,,,,,,,Y,4,0,1,2,A,-,09,21802,A,N,D,C,A,A,H,-,A,A,0,,,,Y,Y,,A,01,0,0,1,0,0,0,0,0,0,"- ","- ",,,"SAN FRANCISCO","SAN FRANCISCO",-122.42672729492188,37.7445068359375
9443975,2022,2022-05-13,3801,2022-04-08,1005,A22051,CENTR,5,5,7,3801,0,0,0,,0,3A14A,BROADWAY,"BATTERY ST",0.00,,Y,A,-,N,,,,,,,,,,N,4,0,1,2,A,-,10,21950,A,N,G,B,B,A,H,-,A,A,0,Y,,,,Y,,-,"- ",0,0,1,0,1,0,0,0,0,"- ","- ",,,"SAN FRANCISCO","SAN FRANCISCO",-122.40103912353516,37.798595428466797
9443982,2022,2022-05-16,3801,2022-03-23,0931,1936,TRAFF,3,5,7,3801,0,0,0,,0,4B1D,"PERSIA ST","MISSION ST",14.00,E,N,B,-,N,,,,,,,,,,Y,2,0,1,2,A,-,10,21950,A,N,G,B,B,A,H,-,A,A,0,Y,,,,Y,,A,01,1,0,0,0,1,0,0,0,0,"- ","- ",,,"SAN FRANCISCO","SAN FRANCISCO",-122.43592834472656,37.723121643066406
9443984,2022,2022-05-16,3801,2022-03-22,2120,1993,SOUTH,2,5,7,3801,0,0,0,,0,,"FOLSOM ST","9TH ST",0.00,,Y,F,-,N,,,,,,,,,,N,4,0,1,2,A,-,10,21950,A,F,G,B,B,-,G,-,C,-,0,Y,,,,Y,,-,"- ",0,0,1,0,1,0,0,0,0,"- ","- ",,,"SAN FRANCISCO","SAN FRANCISCO",-122.41161346435547,37.773773193359375
9443985,2022,2022-05-16,3801,2022-03-24,1324,1114,RICHM,4,5,7,3801,0,0,0,,0,3G4A,"POINT LOBOS AV","POINT LOBOS AV 1090",0.00,,Y,A,-,N,,,,,,,,,,N,3,0,1,2,A,-,03,22350,,N,C,G,A,A,H,-,A,D,0,,Y,,,Y,,L,04,0,1,0,0,0,0,1,0,0,"- ","- ",37.464309692382812,-122.30496215820312,"SAN FRANCISCO","SAN FRANCISCO",,
9443986,2022,2022-05-16,3801,2022-03-31,1720,383,TARAV,4,5,7,3801,0,0,0,,0,3I15D,"BROTHERHOOD WY","CHURCH ACCESS RD",0.00,,Y,A,-,N,,,,,,,,,,Y,4,0,2,3,A,-,04,21703,,N,C,C,A,A,H,-,A,A,0,,,,,Y,,A,01,0,0,2,0,0,0,0,0,0,"- ","- ",,,"SAN FRANCISCO","SAN FRANCISCO",,
9443987,2022,2022-05-16,3801,2022-03-31,1733,1057,NORTH,4,5,7,3801,0,0,0,,0,3E13D,"POLK ST","TURK ST",0.00,,Y,A,-,N,,,,,,,,,,N,4,0,1,2,A,-,12,21453,A,N,D,C,A,A,H,-,A,A,0,,,Y,,Y,,C,03,0,0,1,0,0,0,0,0,1,"- ","- ",,,"SAN FRANCISCO","SAN FRANCISCO",-122.41899871826172,37.782169342041016
9444188,2022,2022-06-02,3801,2022-02-23,1900,1505,SOUTH,3,5,7,3801,0,0,0,,0,0B2,"FOLSOM ST","HAWTHORNE ST",90.00,W,N,A,-,N,,,,,,,,,,,4,0,1,2,D,-,00,,,N,B,J,A,A,H,-,C,A,0,,,,,Y,,-,"- ",0,0,1,0,0,0,0,0,0,"- ","- ",,,"SAN FRANCISCO","SAN FRANCISCO",-122.39804840087891,37.784507751464844
9444396,2022,2022-05-25,3801,2022-03-14,0647,610,MISSI,1,5,7,3801,0,0,0,,0,3D11A,"DUBOCE AV","VALENCIA ST",194.00,E,N,A,-,N,,,,,,,,,,N,4,0,1,2,A,-,05,21460,A,N,D,C,A,A,H,-,C,D,0,,,Y,,Y,,C,02,0,0,1,0,0,0,0,0,1,"- ","- ",,,"SAN FRANCISCO","SAN FRANCISCO",-122.42169189453125,37.769901275634766
9444397,2022,2022-05-25,3801,2022-03-05,0145,1226,MISSI,6,5,7,3801,0,0,0,,0,,"GRANT AV","VALLEJO ST",0.00,,Y,A,-,N,,,,,,,,,,N,4,0,1,2,A,-,08,22107,,F,B,C,A,A,H,-,C,A,0,,,,,Y,,A,01,0,0,1,0,0,0,0,0,0,"- ","- ",,,"SAN FRANCISCO","SAN FRANCISCO",-122.40718841552734,37.798793792724609
9445244,2022,2022-05-23,3801,2022-04-12,0934,392,MISSI,2,5,7,3801,0,0,0,,0,3D14A,"POTRERO AV","18TH ST",216.00,S,N,A,-,N,,,,,,,,,,N,3,0,1,2,A,-,17,22517,,N,H,C,-,A,H,-,A,D,0,Y,,,,Y,,-,,0,1,0,0,1,0,0,0,0,"- ","- ",,,"SAN FRANCISCO","SAN FRANCISCO",-122.40716552734375,37.761337280273438
94457507,2023,2024-11-04,9335,2023-09-30,1610,022795,,6,2,7,3801,0,1,2,,2,013,"US-101 S/B TO PAUL AVENUE","SAN BRUNO AVENUE",70.00,E,N,A,-,Y,SF,,101," "," ",0.988,H,,L,Y,1,1,1,1,A,-,03,22350,,N,E,8,A,A,H,-,A,A,0,,,,,Y,,A,01,0,1,0,0,0,0,0,0,0,"- ","- ",37.721771240234375,-122.40081787109375,"SAN FRANCISCO","SAN FRANCISCO",-122.40059661865234,37.721820831298828
9446236,2022,2022-06-01,3801,2022-01-24,0130,1782,TENDE,1,5,7,3801,0,0,0,,0,SOUTHE,"SOUTH VAN NESS AV","MISSION ST",0.00,N,Y,A,-,N,,,,,,,,,,N,4,0,2,2,A,-,12,21453,,F,D,C,A,A,H,-,C,A,0,,,,,Y,,A,07,0,0,2,0,0,0,0,0,0,NO,NO,,,"SAN FRANCISCO","SAN FRANCISCO",-122.41863250732422,37.773109436035156
9446237,2022,2022-06-01,3801,2022-01-25,1640,278,TENDE,2,5,7,3801,0,0,0,,0,3J11D,"MARKET ST","MCALLISTER ST",0.00,,Y,A,-,N,,,,,,,,,,N,4,0,1,2,A,-,12,21453,A,N,D,-,A,A,H,-,A,A,0,,Y,Y,,Y,,C,03,0,0,1,0,0,0,1,0,0,"- ","- ",,,"SAN FRANCISCO","SAN FRANCISCO",-122.41164398193359,37.781181335449219
9446239,2022,2022-06-01,3801,2022-01-21,2340,2424,SOUTH,5,5,7,3801,0,0,0,,0,3B15E,"KING ST","3RD ST",0.00,,Y,A,-,N,,,,,,,,,,Y,4,0,2,2,A,-,03,22350,,N,C,C,A,A,H,-,C,A,0,,,,,Y,,A,01,0,0,2,0,0,0,0,0,0,"- ","- ",,,"SAN FRANCISCO","SAN FRANCISCO",-122.39195251464844,37.778202056884766
9446657,2022,2022-07-01,3801,2022-05-11,0957,2444,RICHM,3,5,7,3801,0,0,0,,0,3G12A,"CALIFORNIA ST","LOCUST ST",0.00,,Y,A,-,N,,,,,,,,,,N,3,0,2,2,A,-,06,21755,A,N,B,C,A,A,H,-,A,D,0,,,,,Y,,-,,0,2,0,0,0,0,0,0,0,"- ","- ",,,"SAN FRANCISCO","SAN FRANCISCO",-122.45175170898438,37.786609649658203
9446801,2022,2022-06-09,3801,2022-04-29,1230,2728,TENDE,5,5,7,3801,0,0,0,,0,908,"LEAVENWORTH ST","GOLDEN GATE AV",86.00,N,N,A,-,N,,,,,,,,,,N,4,0,1,3,A,-,03,22350,,M,C,C,A,A,H,-,-,D,0,,,,,Y,,A,01,0,0,1,0,0,0,0,0,0,"- ","- ",,,"SAN FRANCISCO","SAN FRANCISCO",-122.41390228271484,37.7821044921875
9446802,2022,2022-06-09,3801,2022-04-29,1208,1306,CENTR,5,5,7,3801,0,0,0,,0,3A44C,"PINE ST","GRANT AV",0.00,,Y,A,-,N,,,,,,,,,,N,4,0,1,2,A,-,10,21950,A,N,G,B,B,A,H,-,A,A,0,Y,,,,Y,,A,01,0,0,1,0,1,0,0,0,0,"- ","- ",,,"SAN FRANCISCO","SAN FRANCISCO",-122.40571594238281,37.791511535644531
9446804,2022,2022-06-09,3801,2022-04-29,0043,2149,NORTH,5,5,7,3801,0,0,0,,0,3E13E,"TURK ST","POLK ST",0.00,,Y,A,-,N,,,,,,,,,,N,4,0,1,2,A,-,09,21453,C,M,B,C,A,A,H,-,C,A,0,,,,,Y,,A,01,0,0,1,0,0,0,0,0,0,"- ","- ",,,"SAN FRANCISCO","SAN FRANCISCO",-122.41899871826172,37.782169342041016
9446805,2022,2022-06-09,3801,2022-04-29,1650,2379,INGLE,5,5,7,3801,0,0,0,,0,3H13D,"MISSION ST","COLLEGE AV",0.00,,Y,A,-,N,,,,,,,,,,,4,0,1,2,A,-,09,21801,A,N,D,C,A,A,H,-,A,A,0,,,,,Y,,A,01,0,0,1,0,0,0,0,0,0,"- ","- ",,,"SAN FRANCISCO","SAN FRANCISCO",-122.4248046875,37.735263824462891
9446807,2022,2022-10-31,3801,2022-04-28,1925,1544,CENTR,4,5,7,3801,0,0,0,,0,3A14D,"COLUMBUS AV","KEARNY ST",0.00,,Y,A,-,N,,,,,,,,,,N,4,0,1,2,A,-,04,21703,,F,D,C,A,A,H,-,A,A,0,,,Y,,Y,,C,02,0,0,1,0,0,0,0,0,0,"- ","- ",,,"SAN FRANCISCO","SAN FRANCISCO",-122.40538787841797,37.79705810546875
9446808,2022,2022-06-09,3801,2022-04-28,1630,713,CENTR,4,5,7,3801,0,0,0,,0,3A14D,"THE EMBARCADERO",BROADWAY,339.00,S,N,A,-,N,,,,,,,,,,N,4,0,1,2,A,-,08,22107,,N,B,G,A,A,H,-,A,D,0,,Y,,,Y,,A,01,0,0,1,0,0,0,1,0,0,"- ","- ",,,"SAN FRANCISCO","SAN FRANCISCO",-122.39743804931641,37.798290252685547
9446809,2022,2022-06-09,3801,2022-04-29,0855,1503,SOUTH,5,5,7,3801,0,0,0,,0,0855,"6TH ST","TEHAMA ST",0.00,,Y,A,-,N,,,,,,,,,,N,3,0,1,2,A,-,17,21200,A,N,H,A,A,A,H,-,A,D,0,,Y,,,Y,,L,04,0,1,0,0,0,0,1,0,0,"- ","- ",,,"SAN FRANCISCO","SAN FRANCISCO",-122.40658569335938,37.779308319091797
9446810,2022,2022-06-09,3801,2022-04-29,1625,2325,SOUTH,5,5,7,3801,0,0,0,,0,,"BATTERY ST","CALIFORNIA ST",0.00,,Y,A,-,N,,,,,,,,,,N,4,0,1,2,A,-,03,22350,,F,C,C,A,A,G,-,A,-,0,,,,,Y,,A,01,0,0,1,0,0,0,0,0,0,"- ","- ",,,"SAN FRANCISCO","SAN FRANCISCO",-122.39997863769531,37.793231964111328
9446811,2022,2022-06-09,3801,2022-04-22,2200,1396,SOUTH,5,5,7,3801,0,0,0,,0,3B13A,"BRYANT ST","8TH ST",0.00,,Y,A,-,N,,,,,,,,,,N,4,0,1,2,A,-,08,22100,B,F,B,C,A,A,H,-,C,A,0,,,,,Y,,A,01,0,0,1,0,0,0,0,0,0,"- ","- ",,,"SAN FRANCISCO","SAN FRANCISCO",-122.406982421875,37.772514343261719
9446812,2022,2022-06-09,3801,2022-04-30,0006,1350,BAYVI,6,5,7,3801,0,0,0,,0,3C13E,"LYDIA AV","NEWHALL ST",28.00,E,N,A,-,N,,,,,,,,,,N,4,0,1,2,A,-,03,22350,,F,G,B,E,A,H,-,C,A,0,Y,,,,Y,,A,01,0,0,1,0,1,0,0,0,0,"- ","- ",,,"SAN FRANCISCO","SAN FRANCISCO",-122.39881134033203,37.727787017822266
9446813,2022,2022-06-08,3801,2022-04-29,0819,2402,TARAV,5,5,7,3801,0,0,0,,0,3I13A,"SAN JOSE AV","LIEBIG ST",0.00,,Y,A,-,N,,,,,,,,,,Y,4,0,3,2,A,-,09,21802,A,N,D,C,A,A,H,-,A,A,0,,,,,Y,,A,01,0,0,3,0,0,0,0,0,0,"- ","- ",,,"SAN FRANCISCO","SAN FRANCISCO",-122.45767974853516,37.70953369140625
9446814,2022,2022-06-14,3801,2022-04-30,1509,1860,TARAV,6,5,7,3801,0,0,0,,0,3I11D,"LAKE MERCED BL","HIGUERA AV",414.00,N,N,A,-,N,,,,,,,,,,N,4,0,2,2,A,-,04,21703,,N,C,C,A,A,H,-,A,D,0,,,,,Y,,A,08,0,0,2,0,0,0,0,0,0,"- ","- ",,,"SAN FRANCISCO","SAN FRANCISCO",-122.48511505126953,37.719448089599609
9446815,2022,2022-06-08,3801,2022-04-30,1253,837,CENTR,6,5,7,3801,0,0,0,,0,3A3C,"MONTGOMERY ST","GREEN ST",16.00,W,N,A,-,N,,,,,,,,,,Y,3,0,1,1,A,-,08,22107,,N,E,I,A,A,H,-,A,D,0,,,,,Y,,A,01,0,1,0,0,0,0,0,0,0,"- ","- ",,,"SAN FRANCISCO","SAN FRANCISCO",-122.40425109863281,37.800151824951172
9446817,2022,2022-06-08,3801,2022-04-20,0045,2433,SOUTH,3,5,7,3801,0,0,0,,0,3B14E,"S VAN NESS AV","MISSION ST",0.00,,Y,A,-,N,,,,,,,,,,N,3,0,1,2,A,-,12,21453,A,F,G,B,B,A,H,-,C,A,0,Y,,,,Y,,A,07,0,1,0,0,1,0,0,0,0,"- ","- ",,,"SAN FRANCISCO","SAN FRANCISCO",-122.41863250732422,37.773109436035156
9446818,2022,2022-06-08,3801,2022-04-18,2315,2094,SOUTH,1,5,7,3801,0,0,0,,0,3B14E,"8TH ST","HARRISON ST",130.00,S,N,B,-,N,,,,,,,,,,N,3,0,1,2,A,-,08,22107,,N,B,G,A,A,H,-,C,A,0,,Y,,,Y,,A,01,0,1,0,0,0,0,0,0,0,"- ","- ",,,"SAN FRANCISCO","SAN FRANCISCO",-122.40821075439453,37.773509979248047
9446819,2022,2022-06-08,3801,2022-04-27,0901,830,MISSI,3,5,7,3801,0,0,0,,0,3D15A,"16TH ST","POTRERO AV",0.00,,Y,A,-,N,,,,,,,,,,N,4,0,1,2,A,-,11,21950,B,N,D,C,A,A,H,-,A,A,0,,Y,,,Y,,L,04,0,0,1,0,0,0,1,0,0,"- ","- ",,,"SAN FRANCISCO","SAN FRANCISCO",-122.40756225585938,37.765773773193359
9446820,2022,2022-06-08,3801,2022-04-20,1820,2168,CENTR,3,5,7,3801,0,0,0,,0,3A2D,"MONTGOMERY ST","SUTTER ST",0.00,,Y,A,-,N,,,,,,,,,,N,4,0,1,2,D,-,00,,,N,C,C,A,A,H,-,A,A,0,,,,,Y,,-,"- ",0,0,1,0,0,0,0,0,0,"- ","- ",,,"SAN FRANCISCO","SAN FRANCISCO",-122.40216827392578,37.790008544921875
9446821,2022,2022-06-10,3801,2022-04-20,1156,1195,SOUTH,3,5,7,3801,0,0,0,,0,3B49,"4TH ST","BRYANT ST",0.00,,Y,A,-,N,,,,,,,,,,N,4,0,1,2,A,-,10,21950,,N,G,B,B,A,H,-,A,A,0,Y,,,,Y,,A,01,0,0,1,0,1,0,0,0,0,"- ","- ",,,"SAN FRANCISCO","SAN FRANCISCO",-122.3980712890625,37.779571533203125
9446822,2022,2022-06-10,3801,2022-04-30,0555,1572,SOUTH,6,5,7,3801,0,0,0,,0,3B1A,"SPEAR ST","HOWARD ST",0.00,,Y,A,-,N,,,,,,,,,,Y,4,0,1,2,A,-,12,21453,A,N,B,C,A,A,H,-,A,-,0,,,,,Y,,A,01,0,0,1,0,0,0,0,0,0,"- ","- ",,,"SAN FRANCISCO","SAN FRANCISCO",-122.39254760742188,37.791324615478516
9446823,2022,2022-06-10,3801,2022-04-29,2323,1660,SOUTH,5,5,7,3801,0,0,0,,0,3B14E,"MISSION ST","6TH ST",0.00,,Y,A,-,N,,,,,,,,,,N,2,0,1,2,A,-,03,22350,,F,G,B,D,A,H,-,C,A,0,Y,,,,Y,,A,01,1,0,0,0,1,0,0,0,0,"- ","- ",,,"SAN FRANCISCO","SAN FRANCISCO",-122.40869140625,37.780982971191406
9446824,2022,2022-11-03,3801,2022-04-13,0755,1796,RICHM,3,5,7,3801,0,0,0,,0,3G14A,FULTON,"27TH AV",0.00,,Y,B,-,N,,,,,,,,,,Y,4,0,1,2,A,-,00,22802,A,N,D,C,A,A,H,-,A,D,0,,,,,Y,,-,,0,0,1,0,0,0,0,0,0,"- ","- ",,,"SAN FRANCISCO","SAN FRANCISCO",-122.486328125,37.772468566894531
9446825,2022,2022-06-10,3801,2022-04-03,1844,1783,MISSI,7,5,7,3801,0,0,0,,0,,"CHURCH ST","16TH ST",0.00,,Y,A,-,N,,,,,,,,,,Y,4,0,1,2,A,-,08,22107,,N,A,D,A,A,H,-,A,A,0,,,,,Y,Y,A,01,0,0,1,0,0,0,0,0,0,"- ","- ",,,"SAN FRANCISCO","SAN FRANCISCO",-122.42864990234375,37.764503479003906
9446826,2022,2022-11-03,3801,2022-04-20,1655,1039,MISSI,3,5,7,3801,0,0,0,,0,003,"S VAN NESS AV","21ST ST",0.00,,Y,A,-,N,,,,,,,,,,Y,3,0,2,2,A,-,05,21460,A,N,D,C,A,A,H,-,A,A,0,,,,,Y,,A,01,0,1,1,0,0,0,0,0,0,"- ","- ",,,"SAN FRANCISCO","SAN FRANCISCO",-122.416748046875,37.757160186767578
9446827,2022,2022-06-10,3801,2022-04-30,0103,1184,MISSI,6,5,7,3801,0,0,0,,0,3D14E,"FOLSOM ST","23RD ST",0.00,,Y,A,-,N,,,,,,,,,,N,3,0,1,2,A,-,04,21703,,F,C,C,A,A,H,-,C,A,0,,,,,Y,,-,,0,1,0,0,0,0,0,0,0,"- ","- ",,,"SAN FRANCISCO","SAN FRANCISCO",-122.41425323486328,37.754119873046875
9446828,2022,2022-06-10,3801,2022-04-04,1312,1172,SOUTH,1,5,7,3801,0,0,0,,0,4CAR,"MISSION ST","10TH ST",22.00,S,N,A,-,N,,,,,,,,,,N,4,0,1,2,A,-,04,21703,,N,C,C,A,A,H,-,A,A,0,,,Y,,Y,,C,02,0,0,1,0,0,0,0,0,1,"- ","- ",,,"SAN FRANCISCO","SAN FRANCISCO",-122.41596221923828,37.775238037109375
9446829,2022,2022-06-10,3801,2022-04-04,1536,1951,SOUTH,1,5,7,3801,0,0,0,,0,0B5,"3RD ST","NELSON RISING LN",78.00,S,N,A,-,N,,,,,,,,,,Y,3,0,1,1,A,-,03,22350,,N,H,A,A,A,H,-,A,A,0,,,Y,,Y,,C,02,0,1,0,0,0,0,0,0,1,"- ","- ",,,"SAN FRANCISCO","SAN FRANCISCO",-122.38946533203125,37.769557952880859
9446831,2022,2022-06-10,3801,2022-04-16,1348,104,INGLE,6,5,7,3801,0,0,0,,0,104,"GENEVA AV","PRAGUE ST",1100.00,E,N,B,-,N,,,,,,,,,,Y,2,0,1,2,A,-,11,21954,A,N,G,B,D,A,H,-,A,D,0,Y,,,,Y,,N,60,1,0,0,0,1,0,0,0,0,"- ","- ",,,"SAN FRANCISCO","SAN FRANCISCO",-122.42835235595703,37.711872100830078
9446858,2022,2022-07-13,3801,2022-05-04,1524,1534,INGLE,3,5,7,3801,0,0,0,,0,3H14D,"OSHAUGHNESSY BL","PORTOLA DR",0.00,,N,A,-,N,,,,,,,,,,N,4,0,1,2,A,-,03,22350,,N,C,-,A,A,H,-,A,A,0,,Y,,,Y,Y,A,01,0,0,1,0,0,0,1,0,0,"- ","- ",,,"SAN FRANCISCO","SAN FRANCISCO",-122.45160675048828,37.745479583740234
9446859,2022,2022-11-09,3801,2022-05-03,2309,1750,NORTH,2,5,7,3801,0,0,0,,0,0E3,"FILLMORE ST","FELL ST",0.00,,Y,A,-,N,,,,,,,,,,Y,4,0,4,3,A,-,01,23153,F,N,D,C,A,A,H,-,C,A,0,,,,,Y,,A,01,0,0,4,0,0,0,0,0,0,"- ","- ",,,"SAN FRANCISCO","SAN FRANCISCO",-122.43099975585938,37.774890899658203
9446860,2022,2022-06-16,3801,2022-05-05,2210,1184,MISSI,4,5,7,3801,0,0,0,,0,3D13E,"SOUTH VAN NESS AV","23RD ST",53.00,S,N,A,-,N,,,,,,,,,,Y,4,0,1,3,A,-,01,23153,,N,C,C,A,A,H,-,C,D,0,,,,,Y,Y,A,01,0,0,1,0,0,0,0,0,0,"- ","- ",,,"SAN FRANCISCO","SAN FRANCISCO",-122.41642761230469,37.753814697265625