CASE_ID,ACCIDENT_YEAR,PROC_DATE,JURIS,COLLISION_DATE,COLLISION_TIME,OFFICER_ID,REPORTING_DISTRICT,DAY_OF_WEEK,CHP_SHIFT,POPULATION,CNTY_CITY_LOC,SPECIAL_COND,BEAT_TYPE,CHP_BEAT_TYPE,CITY_DIVISION_LAPD,CHP_BEAT_CLASS,BEAT_NUMBER,PRIMARY_RD,SECONDARY_RD,DISTANCE,DIRECTION,INTERSECTION,WEATHER_1,WEATHER_2,STATE_HWY_IND,CALTRANS_COUNTY,CALTRANS_DISTRICT,STATE_ROUTE,ROUTE_SUFFIX,POSTMILE_PREFIX,POSTMILE,LOCATION_TYPE,RAMP_INTERSECTION,SIDE_OF_HWY,TOW_AWAY,COLLISION_SEVERITY,NUMBER_KILLED,NUMBER_INJURED,PARTY_COUNT,PRIMARY_COLL_FACTOR,PCF_CODE_OF_VIOL,PCF_VIOL_CATEGORY,PCF_VIOLATION,PCF_VIOL_SUBSECTION,HIT_AND_RUN,TYPE_OF_COLLISION,MVIW,PED_ACTION,ROAD_SURFACE,ROAD_COND_1,ROAD_COND_2,LIGHTING,CONTROL_DEVICE,CHP_ROAD_TYPE,PEDESTRIAN_ACCIDENT,BICYCLE_ACCIDENT,MOTORCYCLE_ACCIDENT,TRUCK_ACCIDENT,NOT_PRIVATE_PROPERTY,ALCOHOL_INVOLVED,STWD_VEHTYPE_AT_FAULT,CHP_VEHTYPE_AT_FAULT,COUNT_SEVERE_INJ,COUNT_VISIBLE_INJ,COUNT_COMPLAINT_PAIN,COUNT_PED_KILLED,COUNT_PED_INJURED,COUNT_BICYCLIST_KILLED,COUNT_BICYCLIST_INJURED,COUNT_MC_KILLED,COUNT_MC_INJURED,PRIMARY_RAMP,SECONDARY_RAMP,LATITUDE,LONGITUDE,COUNTY,CITY,POINT_X,POINT_Y
9446861,2022,2022-06-15,3801,2022-05-05,1237,2017,MISSI,4,5,7,3801,0,0,0,,0,3D1C,"TREAT AV","23RD ST",3.00,S,N,A,-,N,,,,,,,,,,N,4,0,1,2,A,-,11,21955,,N,G,B,E,A,H,-,A,A,0,Y,,,,Y,,N,60,0,0,1,0,1,0,0,0,0,"- ","- ",,,"SAN FRANCISCO","SAN FRANCISCO",-122.41311645507812,37.754161834716797
9446862,2022,2022-06-15,3801,2022-05-06,0827,1157,BAYVI,5,5,7,3801,0,0,0,,0,3C15A,"PHELPS ST","LASALLE AV",0.00,,Y,A,-,N,,,,,,,,,,N,4,0,1,2,A,-,09,21801,A,F,D,C,A,A,H,-,A,A,0,,,Y,,Y,,A,01,0,0,1,0,0,0,0,0,0,"- ","- ",,,"SAN FRANCISCO","SAN FRANCISCO",-122.39236450195312,37.738594055175781
9446864,2022,2022-06-15,3801,2022-05-06,1205,9,CENTR,5,5,7,3801,0,0,0,,0,3A13A,"LOMBARD ST","COLUMBUS AV",77.00,E,N,A,-,N,,,,,,,,,,N,4,0,1,2,D,-,00,,,N,C,G,A,A,H,-,A,D,0,,Y,,,Y,,-,"- ",0,0,1,0,0,0,1,0,0,"- ","- ",,,"SAN FRANCISCO","SAN FRANCISCO",-122.41340637207031,37.802772521972656
9446865,2022,2022-10-27,3801,2022-05-08,0618,1157,BAYVI,7,5,7,3801,0,0,0,,0,3C11A,"BAYSHORE BL","BAYSHORE BL 1464",0.00,,N,A,-,N,,,,,,,,,,Y,4,0,3,3,A,-,03,22350,,N,B,-,A,A,H,-,A,A,0,,,,,Y,,A,01,0,0,3,0,0,0,0,0,0,"- ","- ",,,"SAN FRANCISCO","SAN FRANCISCO",-122.40431213378906,37.745937347412109
9446866,2022,2022-06-27,3801,2022-05-05,0852,1956,TARAV,4,5,7,3801,0,0,0,,0,2CAR,ULLOA,"21ST AV",0.00,,Y,A,-,N,,,,,,,,,,Y,4,0,2,2,A,-,03,22350,,N,D,C,A,A,H,-,A,D,0,,,,,Y,,A,07,0,0,2,0,0,0,0,0,0,"- ","- ",,,"SAN FRANCISCO","SAN FRANCISCO",-122.47770690917969,37.741077423095703
9446867,2022,2022-10-31,3801,2022-05-07,1742,245,PARK,6,5,7,3801,0,0,0,,0,2CAR,"TWIN PEAKS BL","TWIN PEAKS BL 891",0.00,,N,A,-,N,,,,,,,,,,N,4,0,1,2,A,I,"- ",,,N,A,-,E,A,H,-,A,D,0,Y,,,,Y,,N,60,0,0,1,0,1,0,0,0,0,"- ","- ",37.748981475830078,-122.44564819335938,"SAN FRANCISCO","SAN FRANCISCO",,
9446868,2022,2022-06-15,3801,2022-05-08,0454,2421,PARK,7,5,7,3801,0,0,0,,0,3B14,"MARKET ST","GUERRERO ST",0.00,,Y,-,-,N,,,,,,,,,,N,3,0,1,2,A,-,09,21453,B,N,G,B,B,A,H,-,C,A,0,Y,,,,Y,,A,01,0,1,0,0,1,0,0,0,0,"- ","- ",,,"SAN FRANCISCO","SAN FRANCISCO",-122.42485809326172,37.770748138427734
9446869,2022,2022-10-31,3801,2022-05-07,1731,1406,TENDE,6,5,7,3801,0,0,0,,0,,"EDDY ST","HYDE ST",0.00,,Y,A,-,N,,,,,,,,,,Y,4,0,1,2,A,-,12,21453,A,N,D,C,A,A,H,-,A,A,0,,,,,Y,,A,01,0,0,1,0,0,0,0,0,0,"- ","- ",,,"SAN FRANCISCO","SAN FRANCISCO",-122.41588592529297,37.783512115478516
9446870,2022,2022-06-21,3801,2022-05-06,1411,2450,INGLE,5,5,7,3801,0,0,0,,0,3H13C,"ALEMANY BL","ELLSWORTH ST",1000.00,E,N,A,-,N,,,,,,,,,,Y,3,0,2,5,A,-,09,21804,A,N,D,C,A,A,H,-,A,D,0,,,,,Y,,A,01,0,1,1,0,0,0,0,0,0,"- ","- ",,,"SAN FRANCISCO","SAN FRANCISCO",-122.41560363769531,37.732532501220703
9446871,2022,2022-06-15,3801,2022-05-08,0245,1402,SOUTH,7,5,7,3801,0,0,0,,0,3B12E,"CLARA ST","6TH ST",0.00,,Y,A,-,N,,,,,,,,,,Y,4,0,1,4,A,-,03,22350,,F,D,E,A,A,H,-,C,D,0,,,,,Y,,A,01,0,0,1,0,0,0,0,0,0,"- ","- ",,,"SAN FRANCISCO","SAN FRANCISCO",-122.40460968017578,37.777706146240234
9446872,2022,2022-06-27,3801,2022-05-09,2031,1951,SOUTH,1,5,7,3801,0,0,0,,0,0B2,"3RD ST","3RD ST 151",0.00,,-,A,-,N,,,,,,,,,,Y,4,0,1,2,A,-,03,22350,,M,B,C,A,A,H,-,C,A,0,,,,,Y,Y,A,01,0,0,1,0,0,0,0,0,0,"- ","- ",,,"SAN FRANCISCO","SAN FRANCISCO",-122.39085388183594,37.777347564697266
9446873,2022,2022-06-27,3801,2022-05-07,2056,628,RICHM,6,5,7,3801,0,0,0,,0,,"GEARY BL","16TH AV",73.00,W,N,A,-,N,,,,,,,,,,Y,4,0,1,1,A,-,17,21663,,N,E,I,A,A,H,-,C,D,0,,,,,Y,,A,01,0,0,1,0,0,0,0,0,0,"- ","- ",,,"SAN FRANCISCO","SAN FRANCISCO",-122.47536468505859,37.780567169189453
9446874,2022,2022-06-15,3801,2022-05-06,0248,1881,RICHM,5,5,7,3801,0,0,0,,0,RICHM,"POINT LOBOS AV","EL CAMINO DEL MAR",1117.00,W,N,B,-,N,,,,,,,,,,Y,2,0,4,1,A,-,03,22350,,F,E,I,A,D,-,-,C,A,0,,,,,Y,Y,A,01,1,3,0,0,0,0,0,0,0,"- ","- ",,,"SAN FRANCISCO","SAN FRANCISCO",-122.51305389404297,37.779045104980469
9446875,2022,2022-06-15,3801,2022-05-06,2000,2379,INGLE,5,5,7,3801,0,0,0,,0,3H13D,"JOOST AV","ACADIA ST",0.00,,Y,C,-,N,,,,,,,,,,N,3,0,2,2,A,-,08,22107,,N,A,C,A,B,H,-,B,D,0,,,,,Y,,A,01,0,1,1,0,0,0,0,0,0,"- ","- ",,,"SAN FRANCISCO","SAN FRANCISCO",-122.43746948242188,37.732383728027344
9446876,2022,2022-06-16,3801,2022-05-14,1217,4117,TARAV,6,5,7,3801,0,0,0,,0,3I13A,"LAKEMERCED BL","MIDDLEFIELD DR",0.00,,Y,A,-,N,,,,,,,,,,Y,4,0,2,3,A,-,04,21703,,N,-,C,A,A,H,-,A,D,0,,,,,Y,,A,01,0,0,2,0,0,0,0,0,0,"- ","- ",,,"SAN FRANCISCO","SAN FRANCISCO",-122.48658752441406,37.729591369628906
9446877,2022,2022-06-15,3801,2022-05-12,1605,2469,BAYVI,4,5,7,3801,0,0,0,,0,3C15D,"CONNECTICUT ST","25TH ST",0.00,,Y,A,-,N,,,,,,,,,,Y,3,0,3,1,A,-,03,22350,,N,E,I,A,A,D,-,A,D,0,,,,,Y,,A,01,0,1,2,0,0,0,0,0,0,"- ","- ",,,"SAN FRANCISCO","SAN FRANCISCO",-122.39650726318359,37.7523193359375
9446879,2022,2022-06-16,3801,2022-05-12,2158,1454,NORTH,4,5,7,3801,0,0,0,,0,3E12E,"WEBSTER ST","GREENWICH ST",0.00,,Y,A,-,N,,,,,,,,,,N,3,0,2,2,A,-,01,23153,A,F,D,C,A,A,H,-,C,A,0,,,Y,,Y,Y,A,01,0,1,1,0,0,0,0,0,2,"- ","- ",,,"SAN FRANCISCO","SAN FRANCISCO",-122.43421173095703,37.799163818359375
9446880,2022,2022-06-15,3801,2022-05-13,0055,2140,MISSI,5,5,7,3801,0,0,0,,0,,"23RD ST","SOUTH VAN NESS AV",112.00,W,N,A,-,N,,,,,,,,,,,4,0,1,3,A,-,03,22350,,N,B,E,A,A,H,-,C,D,0,,,,,Y,,A,01,0,0,1,0,0,0,0,0,0,"- ","- ",,,"SAN FRANCISCO","SAN FRANCISCO",-122.41682434082031,37.753940582275391
9446882,2022,2022-05-19,3801,2022-04-19,2050,1582,,2,5,7,3801,0,0,0,,0,3A13D,"BAY ST","COLUMBUS AV",0.00,,Y,A,-,N,,,,,,,,,,N,3,0,1,2,A,-,12,21453,A,N,D,G,A,A,H,-,C,A,0,,Y,,,Y,,L,04,0,1,0,0,0,0,1,0,0,"- ","- ",,,"SAN FRANCISCO","SAN FRANCISCO",-122.41719818115234,37.805194854736328
9446883,2022,2022-05-19,3801,2022-04-08,1730,2044,INGLE,5,5,7,3801,0,0,0,,0,3H13E,"14TH ST","SANCHEZ ST",0.00,,Y,F,-,N,,,,,,,,,,N,4,0,1,2,A,-,04,21703,,N,C,D,A,A,H,-,A,D,0,,,,,Y,,A,01,0,0,1,0,0,0,0,0,0,"- ","- ",,,"SAN FRANCISCO","SAN FRANCISCO",-122.43118286132812,37.767601013183594
9446886,2022,2022-05-26,3801,2022-04-11,0020,1096,CENTR,1,5,7,3801,0,0,0,,0,3A11E,"POST ST","LEAVENWOTH ST",0.00,,Y,A,-,N,,,,,,,,,,Y,3,0,2,2,A,-,12,21453,A,N,D,C,A,A,H,-,C,A,0,,,,,Y,,A,01,0,1,1,0,0,0,0,0,0,"- ","- ",,,"SAN FRANCISCO","SAN FRANCISCO",-122.41499328613281,37.787452697753906
9446887,2022,2022-05-19,3801,2022-04-08,2017,1173,RICHM,5,5,7,3801,0,0,0,,0,901,"BALBOA ST","17TH AV",0.00,,Y,A,-,N,,,,,,,,,,N,4,0,1,2,A,-,12,22450,A,N,D,G,A,A,H,-,C,A,0,,Y,,,Y,,L,04,0,0,1,0,0,0,1,0,0,"- ","- ",,,"SAN FRANCISCO","SAN FRANCISCO",-122.47591400146484,37.776691436767578
9446888,2022,2022-05-19,3801,2022-04-07,2203,4798,NORTH,4,5,7,3801,0,0,0,,0,3E00D,"POLK ST","ELLIS ST",0.00,,Y,A,-,N,,,,,,,,,,N,3,0,1,2,A,-,08,22107,,F,B,G,A,A,H,-,C,A,0,,Y,,,Y,,A,01,0,1,0,0,0,0,1,0,0,"- ","- ",,,"SAN FRANCISCO","SAN FRANCISCO",-122.41934967041016,37.784042358398438
9446889,2022,2022-05-19,3801,2022-04-09,1345,4274,RICHM,6,5,7,3801,0,0,0,,0,3G3C,"CALIFORNIA ST","14TH AV",0.00,,Y,A,-,N,,,,,,,,,,Y,4,0,1,2,D,-,00,,,N,D,C,A,A,H,-,A,A,0,,,,,Y,,-,"- ",0,0,1,0,0,0,0,0,0,"- ","- ",,,"SAN FRANCISCO","SAN FRANCISCO",-122.47312927246094,37.784431457519531
9446890,2022,2022-05-19,3801,2022-04-07,1020,1362,RICHM,4,5,7,3801,0,0,0,,0,3G3,"GEARY BL","15TH AV",0.00,,Y,A,-,N,,,,,,,,,,N,4,0,1,2,A,-,08,22107,,N,D,C,A,A,H,-,A,A,0,,,Y,,Y,,-,"- ",0,0,1,0,0,0,0,0,1,"- ","- ",,,"SAN FRANCISCO","SAN FRANCISCO",-122.47399139404297,37.780632019042969
9446891,2022,2022-05-19,3801,2022-04-08,1054,2093,NORTH,5,5,7,3801,0,0,0,,0,3E14A,"LAGUNA ST","GOLDEN GATE AV",0.00,,Y,A,-,N,,,,,,,,,,N,3,0,1,1,A,-,03,22350,,N,H,A,A,A,H,-,A,A,0,,,Y,,Y,,C,03,0,1,0,0,0,0,0,0,1,"- ","- ",,,"SAN FRANCISCO","SAN FRANCISCO",-122.42701721191406,37.780200958251953
9446892,2022,2022-05-19,3801,2022-04-09,1538,2231,SOUTH,6,5,7,3801,0,0,0,,0,3B13D,"HAWTHORNE ST","FOLSOM ST",0.00,,Y,A,-,N,,,,,,,,,,N,4,0,2,2,A,-,12,21453,A,N,D,D,A,A,-,-,A,A,0,,,,,Y,,A,01,0,0,2,0,0,0,0,0,0,"- ","- ",,,"SAN FRANCISCO","SAN FRANCISCO",-122.39783477783203,37.784683227539062
9446893,2022,2022-05-19,3801,2022-04-08,1132,1931,NORTH,5,5,7,3801,0,0,0,,0,3E41C,"HAYES ST","VAN NESS AV",0.00,,Y,A,-,N,,,,,,,,,,N,3,0,1,2,A,-,00,21657,B,N,-,J,A,A,H,-,A,A,0,,,,,Y,,M,94,0,1,0,0,0,0,0,0,0,"- ","- ",,,"SAN FRANCISCO","SAN FRANCISCO",-122.419677734375,37.777294158935547
9446894,2022,2022-05-19,3801,2022-04-08,1335,964,NORTH,5,5,7,3801,0,0,0,,0,3E44C,"JACKSON ST","SCOTT ST",0.00,,-,A,-,N,,,,,,,,,,N,3,0,1,2,A,-,10,21950,A,N,G,B,B,A,H,-,A,A,0,Y,,,,Y,Y,A,01,0,1,0,0,1,0,0,0,0,"- ","- ",,,"SAN FRANCISCO","SAN FRANCISCO",-122.43949127197266,37.791828155517578
9446895,2022,2022-05-19,3801,2022-04-08,0910,2266,INGLE,5,5,7,3801,0,0,0,,0,3H11A,"PERSIA AV","NAPLES ST",0.00,,Y,A,-,N,,,,,,,,,,N,4,0,1,2,A,-,10,21950,A,N,G,B,B,A,H,-,A,A,0,Y,,,,Y,,A,01,0,0,1,0,1,0,0,0,0,"- ","- ",,,"SAN FRANCISCO","SAN FRANCISCO",-122.43121337890625,37.720863342285156
9446896,2022,2022-05-19,3801,2022-04-15,0545,2728,TENDE,5,5,7,3801,0,0,0,,0,908,"TAYLOR RD","EDDY ST",0.00,,Y,A,-,N,,,,,,,,,,Y,4,0,1,2,A,-,12,21457,A,N,D,C,A,A,H,-,C,A,0,,,,,Y,,A,01,0,0,1,0,0,0,0,0,0,"- ","- ",,,"SAN FRANCISCO","SAN FRANCISCO",-122.41094970703125,37.784160614013672
9446898,2022,2022-05-19,3801,2022-04-08,1920,2107,NORTH,5,5,7,3801,0,0,0,,0,3E14D,"LOMBARD ST","GOUGH ST",182.00,W,N,A,-,N,,,,,,,,,,N,3,0,3,3,A,-,08,22107,,F,B,C,A,A,H,-,C,D,0,,,,,Y,,A,01,0,1,2,0,0,0,0,0,0,"- ","- ",,,"SAN FRANCISCO","SAN FRANCISCO",-122.42844390869141,37.800819396972656
9446899,2022,2022-05-19,3801,2022-04-07,2119,2742,BAYVI,4,5,7,3801,0,0,0,,0,5C15E,"WALLACE AV","UNIVERSITY ST",0.00,,Y,A,-,N,,,,,,,,,,Y,4,0,2,2,A,-,08,22107,,F,A,C,A,A,H,-,C,D,0,,,,,Y,,A,07,0,0,2,0,0,0,0,0,0,"- ","- ",,,"SAN FRANCISCO","SAN FRANCISCO",,
9446900,2022,2022-05-19,3801,2022-04-08,1014,001460,SOUTH,5,5,7,3801,0,0,0,,0,3B5A,"2ND ST","CLEMENTINA ST",0.00,,Y,A,-,N,,,,,,,,,,N,3,0,1,2,A,-,07,21658,A,N,D,G,A,A,H,-,A,D,0,,Y,,,Y,,A,01,0,1,0,0,0,0,1,0,0,"- ","- ",,,"SAN FRANCISCO","SAN FRANCISCO",-122.39724731445312,37.785995483398438
94489051,2023,2024-12-02,9335,2023-10-14,"25  ",023067,,6,3,7,3801,0,1,1,,2,023,"I-280 N/B","MISSION ST",375.00,S,N,A,-,Y,SF,,280," ",R,3.028,H,,R,N,1,1,0,2,A,-,17,21200,,F,H,G,A,A,H,-,D,D,0,,Y,,,Y,Y,L,04,0,0,0,0,0,1,0,0,0,"- ","- ",37.732059478759766,-122.42970275878906,"SAN FRANCISCO","SAN FRANCISCO",-122.42967987060547,37.732128143310547
9450255,2022,2022-06-18,3801,2022-03-31,1256,73,TRAFF,4,5,7,3801,0,0,0,,0,4B1B,"5TH ST","WELSH ST",17.00,N,N,A,-,N,,,,,,,,,,Y,3,0,2,2,B,-,22,,,N,C,C,A,A,H,-,A,D,0,,,,,Y,,J,48,0,1,1,0,0,0,0,0,0,"- ","- ",,,"SAN FRANCISCO","SAN FRANCISCO",-122.39978790283203,37.77740478515625
9450339,2022,2022-06-22,3801,2022-05-25,0905,670,INGLE,3,5,7,3801,0,0,0,,0,8H16A,"BAY SHORE BL","ARLETA AV",0.00,,Y,A,-,N,,,,,,,,,,N,3,0,1,2,A,-,00,38300,,N,G,B,B,A,H,-,A,A,0,Y,,,,Y,,J,43,0,1,0,0,1,0,0,0,0,"- ","- ",,,"SAN FRANCISCO","SAN FRANCISCO",-122.40261077880859,37.712268829345703
9450350,2022,2022-06-22,3801,2022-04-02,2238,4027,MISSI,6,5,7,3801,0,0,0,,0,3D13E,"CASTRO ST","21ST ST",50.00,S,N,A,-,N,,,,,,,,,,Y,4,0,2,4,A,-,03,22350,,N,A,E,A,A,H,-,C,A,0,,,,,Y,,A,01,0,0,2,0,0,0,0,0,0,"- ","- ",,,"SAN FRANCISCO","SAN FRANCISCO",-122.43451690673828,37.755992889404297
9450383,2021,2022-06-25,3801,2021-06-02,1141,104,TRAFF,3,5,7,3801,0,0,0,,0,901,"EVANS AV","CESAR CHAVEZ ST",173.00,S,N,A,-,N,,,,,,,,,,Y,4,0,2,2,B,-,22,,,N,D,C,A,A,E,-,A,D,0,,,,,Y,,J,48,0,0,2,0,0,0,0,0,0,"- ","- ",,,"SAN FRANCISCO","SAN FRANCISCO",-122.3970947265625,37.749248504638672
9450821,2022,2022-06-20,3801,2022-05-08,2155,2315,TENDE,7,5,7,3801,0,0,0,,0,3J12E,"TAYLOR ST","TURK ST",0.00,,Y,A,-,N,,,,,,,,,,N,4,0,1,2,A,-,08,22107,,N,B,G,A,A,-,-,C,A,0,,Y,,,Y,,L,04,0,0,1,0,0,0,1,0,0,"- ","- ",,,"SAN FRANCISCO","SAN FRANCISCO",-122.41078186035156,37.783206939697266
9453124,2022,2022-06-17,3801,2022-05-04,1748,812,BAYVI,3,5,7,3801,0,0,0,,0,003,"3RD ST","25TH ST",0.00,,Y,A,-,N,,,,,,,,,,N,4,0,1,2,A,-,08,22107,,M,B,C,A,A,H,-,A,D,0,,,,,Y,,D,22,0,0,1,0,0,0,0,0,0,"- ","- ",,,"SAN FRANCISCO","SAN FRANCISCO",-122.38787841796875,37.752838134765625
9453128,2022,2022-06-14,3801,2022-04-29,1419,2450,INGLE,5,5,7,3801,0,0,0,,0,3H3C,"SAN JOSE AV","ALEMANY BL",105.00,N,N,A,-,N,,,,,,,,,,N,4,0,1,2,B,-,22,,,N,C,-,A,A,H,-,A,D,0,,,,,Y,,D,22,0,0,1,0,0,0,0,0,0,"- ","- ",,,"SAN FRANCISCO","SAN FRANCISCO",-122.45687866210938,37.710296630859375
9453131,2022,2022-12-20,3801,2022-05-11,0952,796,NORTH,3,5,7,3801,0,0,0,,0,3E15A,"GREEN ST","STEINER ST",0.00,,Y,A,-,N,,,,,,,,,,N,1,1,0,2,A,-,10,21950,A,N,G,B,B,A,H,-,A,A,0,Y,,,,Y,,D,22,0,0,0,1,0,0,0,0,0,"- ","- ",,,"SAN FRANCISCO","SAN FRANCISCO",-122.43695068359375,37.795951843261719
9453132,2022,2022-06-22,3801,2022-04-29,1616,1823,SOUTH,5,5,7,3801,0,0,0,,0,004,"8TH ST","NATOMA ST",0.00,,Y,A,-,N,,,,,,,,,,N,4,0,1,2,A,-,10,21950,A,N,D,B,B,A,H,-,A,A,0,Y,,,,Y,,D,22,0,0,1,0,1,0,0,0,0,"- ","- ",,,"SAN FRANCISCO","SAN FRANCISCO",-122.41213226318359,37.776664733886719
9453135,2022,2022-06-22,3801,2022-05-13,0749,2713,TARAV,5,5,7,3801,0,0,0,,0,4CAR,"WEST PORTAL AV","ULLOA ST",132.00,S,N,A,-,N,,,,,,,,,,N,4,0,1,2,A,-,11,21954,A,N,G,B,E,A,H,-,A,D,0,Y,,,,Y,,N,60,0,0,1,0,1,0,0,0,0,"- ","- ",,,"SAN FRANCISCO","SAN FRANCISCO",-122.466064453125,37.740619659423828
9453136,2022,2022-07-13,3801,2022-04-28,0819,2713,TARAV,4,5,7,3801,0,0,0,,0,5CAR,"JUNIPERO SERRA BL","19TH AV",0.00,,Y,A,-,Y,SF,4,1,-,R,0.680,I,5,N,N,4,0,1,2,A,-,08,22107,,N,D,C,A,A,H,-,A,A,0,,,,,Y,,A,01,0,0,1,0,0,0,0,0,0,"- ","- ",,,"SAN FRANCISCO","SAN FRANCISCO",-122.47254943847656,37.717258453369141
9453139,2022,2022-06-16,3801,2022-05-15,2148,2433,SOUTH,7,5,7,3801,0,0,0,,0,3B14E,"10TH ST","HARRISON ST",0.00,,Y,A,-,N,,,,,,,,,,Y,4,0,1,2,A,-,12,21453,A,N,D,C,A,A,H,-,C,A,0,,,,,Y,,D,22,0,0,1,0,0,0,0,0,0,"- ","- ",,,"SAN FRANCISCO","SAN FRANCISCO",-122.41124725341797,37.771595001220703
9453140,2022,2022-06-22,3801,2022-04-29,1507,709,BAYVI,5,5,7,3801,0,0,0,,0,3C15D,"VAN DYKE AV","LANE ST",15.00,E,N,A,-,N,,,,,,,,,,N,4,0,1,2,A,-,08,22107,,F,B,-,A,A,H,-,A,D,0,,,,,Y,,M,94,0,0,1,0,0,0,0,0,0,"- ","- ",,,"SAN FRANCISCO","SAN FRANCISCO",-122.39238739013672,37.729114532470703
9453144,2022,2022-06-17,3801,2022-05-10,1430,2743,SOUTH,2,5,7,3801,0,0,0,,0,3B3,"BRYANT ST","BOARDMAN PL",20.00,E,N,A,-,N,,,,,,,,,,N,3,0,1,2,A,-,11,21950,B,N,G,B,B,A,H,-,A,A,0,Y,,,,Y,,N,60,0,1,0,0,1,0,0,0,0,"- ","- ",,,"SAN FRANCISCO","SAN FRANCISCO",-122.40357208251953,37.77520751953125
9453151,2022,2022-06-16,3801,2022-05-23,1432,327,MISSI,1,5,7,3801,0,0,0,,0,3D16C,"HAMPSHIRE ST","19TH ST",0.00,,Y,A,-,N,,,,,,,,,,N,3,0,1,2,A,-,10,21950,A,N,A,B,D,A,H,-,A,A,0,Y,,,,Y,,D,22,0,1,0,0,1,0,0,0,0,"- ","- ",,,"SAN FRANCISCO","SAN FRANCISCO",-122.40805053710938,37.760608673095703
9453155,2022,2022-06-22,3801,2022-05-15,0855,610,MISSI,7,5,7,3801,0,0,0,,0,3D11A,"GUERRERO ST","24TH ST",0.00,,Y,A,-,N,,,,,,,,,,Y,4,0,4,3,A,-,12,21453,A,N,D,C,A,A,H,-,A,A,0,,,,,Y,,A,01,0,0,4,0,0,0,0,0,0,"- ","- ",,,"SAN FRANCISCO","SAN FRANCISCO",-122.42286682128906,37.752002716064453
9453160,2022,2022-06-16,3801,2022-05-05,1235,4356,INGLE,4,5,7,3801,0,0,0,,0,3H15A,"RUSSIA AV","MOSCOW ST",0.00,,Y,A,-,N,,,,,,,,,,Y,3,0,2,2,D,-,00,,,N,D,C,A,A,H,-,A,A,0,,,,,Y,,-,"- ",0,2,0,0,0,0,0,0,0,"- ","- ",,,"SAN FRANCISCO","SAN FRANCISCO",-122.42997741699219,37.718135833740234
9453164,2022,2022-06-22,3801,2022-05-10,1250,2494,MISSI,2,5,7,3801,0,0,0,,0,3D45C,"15TH ST","MISSION ST",37.00,E,N,A,-,N,,,,,,,,,,N,3,0,1,2,A,-,06,21760,B,F,B,G,A,A,H,-,A,D,0,,Y,,Y,Y,,F,26,0,1,0,0,0,0,1,0,0,"- ","- ",,,"SAN FRANCISCO","SAN FRANCISCO",-122.41969299316406,37.766681671142578
9453171,2022,2022-10-31,3801,2022-05-27,0725,2461,SOUTH,5,5,7,3801,0,0,0,,0,3B13A,"THE EMBARCADERO","THE EMBARCADERO 675",0.00,,N,A,-,N,,,,,,,,,,N,3,0,1,2,B,-,22,,,N,H,A,A,A,H,-,A,A,0,,Y,,,Y,,L,04,0,1,0,0,0,0,1,0,0,"- ","- ",,,"SAN FRANCISCO","SAN FRANCISCO",-122.38925933837891,37.780281066894531
9453172,2022,2022-07-05,3801,2022-03-30,1502,1422,TRAFF,3,5,7,3801,0,0,0,,0,,"8TH ST","BRYANT ST",232.00,N,N,A,-,N,,,,,,,,,,N,3,0,1,2,A,-,08,22107,,N,D,C,A,A,H,-,A,A,0,,,,,Y,,D,22,0,1,0,0,0,0,0,0,0,"- ","- ",,,"SAN FRANCISCO","SAN FRANCISCO",-122.40753936767578,37.772968292236328
9453787,2022,2022-07-28,3801,2022-06-02,1552,707,TRAFF,4,5,7,3801,0,0,0,,0,901,"ELLIS ST","CYRIL MAGNIN ST",0.00,,Y,A,-,N,,,,,,,,,,Y,2,0,1,2,A,-,12,21453,A,N,D,C,A,A,H,-,-,A,0,,,Y,Y,Y,,C,03,1,0,0,0,0,0,0,0,1,"- ","- ",,,"SAN FRANCISCO","SAN FRANCISCO",-122.40866088867188,37.785427093505859
9453791,2022,2022-07-19,3801,2022-06-23,0901,1210,TARAV,4,5,7,3801,0,0,0,,0,0I1,"8TH AV","8TH AV 1327",0.00,,N,A,-,N,,,,,,,,,,N,4,0,1,2,A,-,06,21755,A,N,B,C,A,A,H,-,A,D,0,,,,Y,Y,,A,01,0,0,1,0,0,0,0,0,0,"- ","- ",,,"SAN FRANCISCO","SAN FRANCISCO",-121.00348663330078,40.311603546142578
9453794,2022,2022-07-19,3801,2022-06-11,0007,1688,BAYVI,6,5,7,3801,0,0,0,,0,3C12E,"PAUL AV","EXETER ST",115.00,E,N,A,-,N,,,,,,,,,,Y,4,0,2,2,A,-,03,22350,,N,C,E,A,A,H,-,C,D,0,,,,Y,Y,,A,01,0,0,2,0,0,0,0,0,0,"- ","- ",,,"SAN FRANCISCO","SAN FRANCISCO",-122.39798736572266,37.722930908203125
9453797,2022,2022-07-13,3801,2022-06-26,1646,2008,MISSI,7,5,7,3801,0,0,0,,0,3D15D,"JULIAN AV","16TH ST",30.00,N,N,A,-,N,,,,,,,,,,N,4,0,1,2,A,-,11,21954,A,F,G,B,D,A,H,-,A,D,0,Y,,,,Y,,N,60,0,0,1,0,1,0,0,0,0,"- ","- ",,,"SAN FRANCISCO","SAN FRANCISCO",-122.42090606689453,37.765052795410156
9453801,2022,2022-09-07,3801,2022-06-26,1613,2704,SOUTH,7,5,7,3801,0,0,0,,0,,"MISSION ST","11TH ST",280.00,W,N,A,-,N,,,,,,,,,,Y,4,0,1,2,A,-,17,22517,,N,B,E,A,A,H,-,A,D,0,,,,,Y,Y,A,01,0,0,1,0,0,0,0,0,0,"- ","- ",,,"SAN FRANCISCO","SAN FRANCISCO",-122.41776275634766,37.773773193359375