CASE_ID,ACCIDENT_YEAR,PROC_DATE,JURIS,COLLISION_DATE,COLLISION_TIME,OFFICER_ID,REPORTING_DISTRICT,DAY_OF_WEEK,CHP_SHIFT,POPULATION,CNTY_CITY_LOC,SPECIAL_COND,BEAT_TYPE,CHP_BEAT_TYPE,CITY_DIVISION_LAPD,CHP_BEAT_CLASS,BEAT_NUMBER,PRIMARY_RD,SECONDARY_RD,DISTANCE,DIRECTION,INTERSECTION,WEATHER_1,WEATHER_2,STATE_HWY_IND,CALTRANS_COUNTY,CALTRANS_DISTRICT,STATE_ROUTE,ROUTE_SUFFIX,POSTMILE_PREFIX,POSTMILE,LOCATION_TYPE,RAMP_INTERSECTION,SIDE_OF_HWY,TOW_AWAY,COLLISION_SEVERITY,NUMBER_KILLED,NUMBER_INJURED,PARTY_COUNT,PRIMARY_COLL_FACTOR,PCF_CODE_OF_VIOL,PCF_VIOL_CATEGORY,PCF_VIOLATION,PCF_VIOL_SUBSECTION,HIT_AND_RUN,TYPE_OF_COLLISION,MVIW,PED_ACTION,ROAD_SURFACE,ROAD_COND_1,ROAD_COND_2,LIGHTING,CONTROL_DEVICE,CHP_ROAD_TYPE,PEDESTRIAN_ACCIDENT,BICYCLE_ACCIDENT,MOTORCYCLE_ACCIDENT,TRUCK_ACCIDENT,NOT_PRIVATE_PROPERTY,ALCOHOL_INVOLVED,STWD_VEHTYPE_AT_FAULT,CHP_VEHTYPE_AT_FAULT,COUNT_SEVERE_INJ,COUNT_VISIBLE_INJ,COUNT_COMPLAINT_PAIN,COUNT_PED_KILLED,COUNT_PED_INJURED,COUNT_BICYCLIST_KILLED,COUNT_BICYCLIST_INJURED,COUNT_MC_KILLED,COUNT_MC_INJURED,PRIMARY_RAMP,SECONDARY_RAMP,LATITUDE,LONGITUDE,COUNTY,CITY,POINT_X,POINT_Y
9453810,2022,2022-07-13,3801,2022-06-17,1306,2400,BAYVI,5,5,7,3801,0,0,0,,0,2-CAR,"NEWHALL ST","MCKINNON AV",93.00,N,N,A,-,N,,,,,,,,,,N,4,0,1,3,A,-,03,22350,,F,A,E,A,A,H,-,A,D,0,,,,,Y,,A,01,0,0,1,0,0,0,0,0,0,"- ","- ",,,"SAN FRANCISCO","SAN FRANCISCO",-122.39091491699219,37.737106323242188
9453814,2022,2022-07-19,3801,2022-06-14,1310,1124,TENDE,2,5,7,3801,0,0,0,,0,2CAR,"MARKET ST","MASON ST",0.00,,Y,A,-,N,,,,,,,,,,Y,3,0,1,2,A,-,08,22107,,N,D,C,A,-,H,-,A,A,0,,,Y,,Y,,C,02,0,1,0,0,0,0,0,0,1,"- ","- ",,,"SAN FRANCISCO","SAN FRANCISCO",-122.40908050537109,37.783233642578125
9453821,2022,2022-07-20,3801,2022-03-29,0547,50,TENDE,2,5,7,3801,0,0,0,,0,003,"LARKIN ST","TURK ST",150.00,N,N,A,-,N,,,,,,,,,,Y,4,0,1,2,A,-,01,23152,F,N,H,C,A,A,H,-,C,D,0,,,,,Y,,D,23,0,0,1,0,0,0,0,0,0,"- ","- ",,,"SAN FRANCISCO","SAN FRANCISCO",-122.41741943359375,37.782787322998047
9453825,2022,2022-07-14,3801,2022-05-17,0736,1339,NORTH,2,5,7,3801,0,0,0,,0,,"GOUGH ST","PAGE ST",0.00,,Y,A,-,N,,,,,,,,,,N,3,0,1,2,A,-,12,21453,A,N,D,G,A,A,H,-,A,A,0,,Y,,,Y,,L,04,0,1,0,0,0,0,1,0,0,"- ","- ",,,"SAN FRANCISCO","SAN FRANCISCO",-122.42240905761719,37.774070739746094
9453829,2022,2022-07-19,3801,2022-06-09,2228,2740,TARAV,4,5,7,3801,0,0,0,,0,3I16E,"GRAFTON AV","CAPITOL AV",0.00,,Y,A,-,N,,,,,,,,,,N,2,0,1,2,A,-,11,21954,A,N,D,J,A,A,H,-,C,A,0,,,,,Y,Y,-,,1,0,0,0,0,0,0,0,0,"- ","- ",,,"SAN FRANCISCO","SAN FRANCISCO",-122.45921325683594,37.720016479492188
9453830,2022,2022-07-28,3801,2022-06-08,0531,1527,RICHM,3,5,7,3801,0,0,0,,0,03G,"CLEMENT ST","2ND AV",0.00,,Y,A,-,N,,,,,,,,,,Y,4,0,1,2,A,-,09,21802,A,N,D,C,A,A,H,-,A,D,0,,,,Y,Y,,A,01,0,0,1,0,0,0,0,0,0,"- ","- ",,,"SAN FRANCISCO","SAN FRANCISCO",-122.46015167236328,37.78314208984375
9453837,2022,2022-07-22,3801,2022-04-20,1523,2455,CENTR,3,5,7,3801,0,0,0,,0,3A13D,"NORTH POINT","NORTH POINT 965",0.00,,-,A,-,N,,,,,,,,,,Y,4,0,2,2,A,-,03,22350,,N,C,C,A,A,H,-,A,D,0,,,,,Y,,A,08,0,0,2,0,0,0,0,0,0,"- ","- ",,,"SAN FRANCISCO","SAN FRANCISCO",-121.51058959960938,38.243637084960938
9453838,2022,2022-07-19,3801,2022-06-09,0738,1418,TARAV,4,5,7,3801,0,0,0,,0,0I1,"19TH AV","NORIEGA ST",5.00,N,N,A,-,N,,,,,,,,,,Y,3,0,2,2,C,-,18,,,N,C,C,A,A,H,-,A,D,0,,,,,Y,,-,"- ",0,1,1,0,0,0,0,0,0,"- ","- ",,,"SAN FRANCISCO","SAN FRANCISCO",-122.4764404296875,37.754234313964844
9453908,2022,2022-07-15,3801,2022-06-24,2339,592,TENDE,5,5,7,3801,0,0,0,,0,3J14E,"4TH ST","MISSION ST",148.00,N,N,A,-,N,,,,,,,,,,Y,4,0,1,2,A,-,03,22350,,N,C,C,A,A,H,-,C,A,0,,,,,Y,,A,01,0,0,1,0,0,0,0,0,0,"- ","- ",,,"SAN FRANCISCO","SAN FRANCISCO",-122.40460968017578,37.784816741943359
9453909,2022,2022-07-15,3801,2022-06-24,2235,1207,TENDE,5,5,7,3801,0,0,0,,0,0J1,"MARKET ST","HYDE ST",332.00,W,N,A,-,N,,,,,,,,,,N,3,0,1,1,B,-,22,,,N,F,A,A,A,H,-,C,D,0,,Y,,,Y,Y,L,04,0,1,0,0,0,0,1,0,0,"- ","- ",,,"SAN FRANCISCO","SAN FRANCISCO",-122.41558837890625,37.778079986572266
9453910,2022,2022-07-15,3801,2022-06-25,0915,1438,INGLE,6,5,7,3801,0,0,0,,0,5CAR,"RUSSIA AV","LONDON ST",0.00,,Y,A,-,N,,,,,,,,,,N,3,0,1,2,A,-,12,22450,A,F,D,C,A,A,H,-,A,A,0,,,,,Y,,A,01,0,1,0,0,0,0,0,0,0,"- ","- ",,,"SAN FRANCISCO","SAN FRANCISCO",-122.43637084960938,37.721195220947266
9453911,2022,2022-07-26,3801,2022-06-23,0930,A20952,INGLE,4,5,7,3801,0,0,0,,0,,"ALEMANY BL","RT 280",0.00,,Y,B,-,Y,SF,4,280,-,R,3.448,R,4,S,N,3,0,1,2,D,-,00,,,N,B,-,A,A,H,-,A,D,0,,,,,Y,,-,"- ",0,1,0,0,0,0,0,0,0,"- ",SO,,,"SAN FRANCISCO","SAN FRANCISCO",-122.42207336425781,37.731731414794922
9453914,2022,2022-07-15,3801,2022-06-28,1626,2704,SOUTH,2,5,7,3801,0,0,0,,0,,"HOWARD ST","WASHBURN ST",65.00,W,N,A,-,N,,,,,,,,,,N,3,0,1,2,A,-,21,22106,,N,D,G,A,A,H,-,A,D,0,,Y,,,Y,,L,04,0,1,0,0,0,0,0,0,0,"- ","- ",,,"SAN FRANCISCO","SAN FRANCISCO",-122.41375732421875,37.7745361328125
9453915,2022,2022-07-15,3801,2022-06-24,0901,118,MISSI,5,5,7,3801,0,0,0,,0,3D15A,"13TH ST","S VAN NESS AV",0.00,,N,A,-,N,,,,,,,,,,N,4,0,1,2,A,-,09,21800,A,N,D,C,A,A,H,-,A,A,0,,,Y,,Y,,C,02,0,0,1,0,0,0,0,0,1,"- ","- ",,,"SAN FRANCISCO","SAN FRANCISCO",-122.41777801513672,37.7696533203125
9453918,2022,2022-07-15,3801,2022-06-10,1915,1406,TENDE,5,5,7,3801,0,0,0,,0,3J2,"5TH ST","STEVENSON ST",0.00,,Y,A,-,N,,,,,,,,,,N,3,0,1,2,A,-,09,21801,A,N,E,C,A,A,H,-,A,D,0,,,Y,,Y,,A,01,0,1,0,0,0,0,0,0,1,"- ","- ",,,"SAN FRANCISCO","SAN FRANCISCO",-122.40746307373047,37.783512115478516
9453919,2022,2022-07-20,3801,2022-06-13,1245,1826,CENTR,1,5,7,3801,0,0,0,,0,003,"COLUMBUS AV","BAY ST",0.00,,Y,A,-,N,,,,,,,,,,Y,3,0,1,2,A,-,09,21802,A,N,D,C,A,A,H,-,A,A,0,,,Y,,Y,,A,01,0,1,0,0,0,0,0,0,1,"- ","- ",,,"SAN FRANCISCO","SAN FRANCISCO",-122.41719818115234,37.805194854736328
9453920,2022,2022-07-15,3801,2022-06-25,1351,937,BAYVI,6,5,7,3801,0,0,0,,0,3C11A,"BAYSHORE BL","INDUSTRIAL ST",0.00,,Y,A,-,N,,,,,,,,,,Y,4,0,1,2,A,-,12,21453,A,N,D,C,A,A,H,-,A,A,0,,,,,Y,,A,08,0,0,1,0,0,0,0,0,0,"- ","- ",,,"SAN FRANCISCO","SAN FRANCISCO",-122.40695953369141,37.737998962402344
9453921,2022,2022-07-19,3801,2022-06-25,1240,1003,INGLE,6,5,7,3801,0,0,0,,0,3CAR,"4571 MISSION ST","HARRINGTON ST",0.00,,N,A,-,N,,,,,,,,,,N,4,0,1,2,A,-,03,22350,,N,G,B,E,-,H,-,A,D,0,Y,,,,Y,,A,07,0,0,1,0,1,0,0,0,0,"- ","- ",,,"SAN FRANCISCO","SAN FRANCISCO",-122.43444061279297,37.725181579589844
9453922,2022,2022-07-14,3801,2022-06-27,1106,1693,BAYVI,1,5,7,3801,0,0,0,,0,901,"ILLINOIS ST","25TH ST",377.00,S,N,A,-,N,,,,,,,,,,Y,3,0,1,2,A,-,08,22102,,N,D,C,A,A,H,-,A,D,0,,,,,Y,,A,07,0,1,0,0,0,0,0,0,0,"- ","- ",37.751800537109375,-122.38677978515625,"SAN FRANCISCO","SAN FRANCISCO",-122.38676452636719,37.751865386962891
9453923,2022,2022-07-19,3801,2022-06-16,0655,1938,NORTH,4,5,7,3801,0,0,0,,0,3CAR,"VAN NESS AV","OFARRELL ST",0.00,,Y,A,-,N,,,,,,,,,,Y,4,0,2,2,A,-,12,21453,A,N,D,-,A,-,H,-,A,A,0,,,,,Y,,A,01,0,0,2,0,0,0,0,0,0,"- ","- ",,,"SAN FRANCISCO","SAN FRANCISCO",-122.42111968994141,37.784763336181641
9453924,2022,2022-07-19,3801,2022-06-14,1932,2215,NORTH,2,5,7,3801,0,0,0,,0,3E13D,"POLK ST","MCALLISTER ST",1.00,S,N,A,-,N,,,,,,,,,,N,4,0,1,2,A,-,09,21801,,N,D,-,A,A,H,-,A,A,0,,,,,Y,,A,01,0,0,1,0,0,0,0,0,0,"- ","- ",,,"SAN FRANCISCO","SAN FRANCISCO",-122.41860198974609,37.780265808105469
9453925,2022,2022-07-14,3801,2022-06-13,0552,283,MISSI,1,5,7,3801,0,0,0,,0,0D6,"S VAN NESS AV","16TH ST",149.00,S,N,A,-,N,,,,,,,,,,Y,3,0,1,2,A,-,03,22350,,N,C,E,A,A,H,-,B,A,0,,,,,Y,,A,01,0,1,0,0,0,0,0,0,0,"- ","- ",,,"SAN FRANCISCO","SAN FRANCISCO",-122.41745758056641,37.7647705078125
9453926,2022,2022-07-14,3801,2022-06-12,1340,327,MISSI,7,5,7,3801,0,0,0,,0,3D2C,"MISSION ST","23RD ST",0.00,,Y,A,-,N,,,,,,,,,,N,4,0,1,2,A,-,17,21235,G,N,D,C,A,A,H,-,A,A,0,,,Y,,Y,,C,03,0,0,1,0,0,0,0,0,1,"- ","- ",,,"SAN FRANCISCO","SAN FRANCISCO",-122.41860198974609,37.753829956054688
9453927,2022,2022-07-14,3801,2022-06-11,0745,392,MISSI,6,5,7,3801,0,0,0,,0,3D14A,"MISSION ST","25TH ST",15.00,N,N,A,-,N,,,,,,,,,,N,4,0,1,2,A,-,09,21801,A,N,D,G,A,A,H,-,A,A,0,,Y,,,Y,,A,01,0,0,1,0,0,0,1,0,0,"- ","- ",,,"SAN FRANCISCO","SAN FRANCISCO",-122.41830444335938,37.750701904296875
9453928,2022,2022-07-14,3801,2022-06-10,2209,2167,NORTH,5,5,7,3801,0,0,0,,0,3E13E,"POLK ST","OFARRELL ST",0.00,,Y,A,-,N,,,,,,,,,,N,3,0,1,2,A,-,08,22107,,F,D,G,A,A,H,-,C,A,0,,Y,,,Y,,-,,0,1,0,0,0,0,1,0,0,"- ","- ",,,"SAN FRANCISCO","SAN FRANCISCO",-122.41954803466797,37.784969329833984
9453929,2022,2022-07-14,3801,2022-06-10,1442,2017,MISSI,5,5,7,3801,0,0,0,,0,,"S VAN NESS AV","18TH ST",42.00,S,N,A,-,N,,,,,,,,,,N,4,0,1,2,A,-,04,21703,,F,C,C,A,A,H,-,A,A,0,,,,,Y,,A,01,0,0,1,0,0,0,0,0,0,"- ","- ",,,"SAN FRANCISCO","SAN FRANCISCO",-122.41719055175781,37.761833190917969
9453930,2022,2022-07-14,3801,2022-06-08,1123,392,MISSI,3,5,7,3801,0,0,0,,0,3D14A,"HOWARD ST","06TH ST",174.00,N,N,A,-,N,,,,,,,,,,N,4,0,1,1,A,-,17,21208,A,N,E,I,A,A,H,-,A,D,0,,,,,Y,,M,94,0,0,1,0,0,0,0,0,0,"- ","- ",,,"SAN FRANCISCO","SAN FRANCISCO",,
9453931,2022,2022-07-14,3801,2022-06-06,1257,1297,PARK,1,5,7,3801,0,0,0,,0,3F14A,"CASTRO ST","BEAVER ST",0.00,,Y,A,-,N,,,,,,,,,,Y,4,0,1,2,A,-,09,21801,,N,D,C,A,A,H,-,A,D,0,,,,,Y,,A,01,0,0,1,0,0,0,0,0,0,"- ","- ",,,"SAN FRANCISCO","SAN FRANCISCO",-122.43540954589844,37.764991760253906
9453932,2022,2022-12-05,3801,2022-06-06,1226,1297,PARK,1,5,7,3801,0,0,0,,0,,"CASTRO ST","DUBOCE AV",0.00,S,N,A,-,N,,,,,,,,,,N,4,0,2,3,A,-,04,21703,,N,C,C,A,A,H,-,A,D,0,,,,,Y,,A,01,0,0,2,0,0,0,0,0,0,"- ","- ",,,"SAN FRANCISCO","SAN FRANCISCO",-122.43582153320312,37.769050598144531
9453933,2022,2022-07-14,3801,2022-06-17,1110,2453,MISSI,5,5,7,3801,0,0,0,,0,3D4A,"S VAN NESS AV","15TH ST",120.00,N,N,A,-,N,,,,,,,,,,Y,3,0,1,2,A,-,06,21750,A,N,D,C,A,A,H,-,A,D,0,,,Y,,Y,,C,02,0,1,0,0,0,0,0,0,1,"- ","- ",,,"SAN FRANCISCO","SAN FRANCISCO",-122.41767120361328,37.767127990722656
9453934,2022,2022-07-19,3801,2022-06-18,0155,2157,RICHM,6,5,7,3801,0,0,0,,0,002,"EUCLID AV","PALM AV",0.00,,Y,A,-,N,,,,,,,,,,,2,0,2,2,A,-,12,22450,A,N,D,C,A,A,H,-,C,D,0,,,,,Y,,-,,1,0,1,0,0,0,0,0,0,"- ","- ",,,"SAN FRANCISCO","SAN FRANCISCO",-122.45791625976562,37.783863067626953
9453936,2022,2022-10-31,3801,2022-06-18,1104,1857,TENDE,6,5,7,3801,0,0,0,,0,3J98D,"ELLIS ST","JONES ST",50.00,E,N,A,-,N,,,,,,,,,,Y,4,0,2,10,A,-,01,23153,F,F,A,-,F,A,H,-,A,A,0,Y,,Y,,Y,,C,06,0,0,2,0,1,0,0,0,1,"- ","- ",,,"SAN FRANCISCO","SAN FRANCISCO",-122.41260528564453,37.784919738769531
9453937,2022,2022-07-14,3801,2022-06-25,0135,1336,NORTH,6,5,7,3801,0,0,0,,0,0E1,"OCTAVIA ST","HAIGHT ST",0.00,,Y,A,-,N,,,,,,,,,,Y,4,0,2,2,A,-,08,22101,D,N,D,C,A,A,H,-,C,A,0,,,,,Y,,A,01,0,0,2,0,0,0,0,0,0,"- ","- ",,,"SAN FRANCISCO","SAN FRANCISCO",-122.42392730712891,37.772964477539062
9453938,2022,2022-07-19,3801,2022-06-23,1359,1447,PARK,4,5,7,3801,0,0,0,,0,002,"LAGUNA HONDA BL","PLAZA ST",0.00,,N,A,-,N,,,,,,,,,,,4,0,1,2,A,-,03,22350,,N,C,C,A,A,H,-,A,A,0,,,,,Y,,A,01,0,0,1,0,0,0,0,0,0,"- ","- ",,,"SAN FRANCISCO","SAN FRANCISCO",-122.45970916748047,37.748989105224609
9453939,2022,2022-07-14,3801,2022-06-23,1206,2404,MISSI,4,5,7,3801,0,0,0,,0,MISSIO,"POTRERO ST","16TH ST",0.00,,Y,A,-,N,,,,,,,,,,Y,4,0,1,2,A,-,08,22107,,N,A,C,A,A,H,-,A,A,0,,,Y,,Y,,-,,0,0,1,0,0,0,0,0,1,"- ","- ",,,"SAN FRANCISCO","SAN FRANCISCO",-122.40756225585938,37.765773773193359
9453940,2022,2022-07-14,3801,2022-06-24,1423,2100,MISSI,5,5,7,3801,0,0,0,,0,3D14D,"MISSION ST","13TH ST",0.00,,Y,A,-,N,,,,,,,,,,N,4,0,2,2,A,-,04,21703,,F,C,C,A,A,H,-,A,A,0,,,,,Y,,-,,0,0,2,0,0,0,0,0,0,"- ","- ",,,"SAN FRANCISCO","SAN FRANCISCO",-122.419921875,37.769977569580078
9453941,2022,2022-07-15,3801,2022-06-26,1526,2215,NORTH,7,5,7,3801,0,0,0,,0,3E13D,"VAN NESS AV","GROVE ST",21.00,N,N,A,-,N,,,,,,,,,,Y,2,0,1,2,A,-,10,21950,,F,G,B,B,A,H,-,A,A,0,Y,,,,Y,,A,01,1,0,0,0,1,0,0,0,0,"- ","- ",,,"SAN FRANCISCO","SAN FRANCISCO",-122.41983032226562,37.778316497802734
9453942,2022,2022-07-15,3801,2022-06-22,0902,2161,MISSI,3,5,7,3801,0,0,0,,0,3D13A,"VALENCIA ST","18TH ST",49.00,S,N,A,-,N,,,,,,,,,,N,3,0,1,2,A,-,09,21801,,N,D,G,A,A,H,-,A,D,0,,Y,,,Y,,A,01,0,1,0,0,0,0,1,0,0,"- ","- ",,,"SAN FRANCISCO","SAN FRANCISCO",-122.42154693603516,37.761577606201172
9453943,2022,2022-07-15,3801,2022-06-23,1802,1149,MISSI,4,5,7,3801,0,0,0,,0,3D16D,"18TH ST","FOLSOM ST",0.00,,Y,A,-,N,,,,,,,,,,N,4,0,1,2,A,-,04,21703,,F,C,C,A,A,H,-,A,A,0,,,,,Y,,A,01,0,0,1,0,0,0,0,0,0,"- ","- ",,,"SAN FRANCISCO","SAN FRANCISCO",-122.41499328613281,37.762100219726562
9453944,2022,2022-07-14,3801,2022-06-21,1928,1783,MISSI,2,5,7,3801,0,0,0,,0,3D11D,"15TH ST","LANDERS ST",0.00,,Y,A,-,N,,,,,,,,,,Y,4,0,1,3,A,-,03,22350,,N,H,C,A,A,H,-,A,D,0,,,Y,,Y,,C,02,0,0,1,0,0,0,0,0,1,"- ","- ",,,"SAN FRANCISCO","SAN FRANCISCO",-122.427734375,37.766197204589844
9453947,2022,2022-07-14,3801,2022-06-25,0950,392,MISSI,6,5,7,3801,0,0,0,,0,3D14A,"14TH ST","GUERRERO ST",235.00,E,N,A,-,N,,,,,,,,,,N,3,0,1,2,A,-,08,22107,,N,H,G,A,A,H,-,A,D,0,,Y,,,Y,,A,01,0,1,0,0,0,0,1,0,0,"- ","- ",,,"SAN FRANCISCO","SAN FRANCISCO",-122.42359924316406,37.76806640625
9453948,2022,2022-07-14,3801,2022-06-25,1820,2143,MISSI,6,5,7,3801,0,0,0,,0,3D13D,"CAPP ST","22ND ST",0.00,,Y,A,-,N,,,,,,,,,,N,4,0,4,2,A,-,12,22450,A,F,D,C,A,A,H,-,A,A,0,,,,,Y,Y,A,01,0,0,4,0,0,0,0,0,0,"- ","- ",,,"SAN FRANCISCO","SAN FRANCISCO",-122.41765594482422,37.755531311035156
9453949,2022,2022-07-14,3801,2022-06-19,1618,2359,TARAV,7,5,7,3801,0,0,0,,0,0I6,"ALEMANY BL","ST CHARLES AV",12.00,E,N,A,-,N,,,,,,,,,,Y,4,0,1,2,A,-,04,21703,,N,C,C,A,A,H,-,A,D,0,,,,,Y,,A,01,0,0,1,0,0,0,0,0,0,"- ","- ",,,"SAN FRANCISCO","SAN FRANCISCO",-122.46931457519531,37.710712432861328
9453950,2022,2022-07-14,3801,2022-06-19,1528,2209,PARK,7,5,7,3801,0,0,0,,0,3F13D,"EDDY ST","DIVISADERO ST",130.00,W,N,A,-,N,,,,,,,,,,Y,3,0,1,1,A,-,03,22350,,N,A,I,A,A,H,-,A,D,0,,,,,Y,Y,A,01,0,1,0,0,0,0,0,0,0,"- ","- ",,,"SAN FRANCISCO","SAN FRANCISCO",-122.43935394287109,37.780517578125
9453951,2022,2022-07-14,3801,2022-06-19,1403,2450,INGLE,7,5,7,3801,0,0,0,,0,3H3C,"MISSION ST","EXCELSIOR AV",253.00,S,N,A,-,N,,,,,,,,,,Y,3,0,1,2,A,-,08,22107,,F,B,C,A,A,H,-,A,D,0,,,,,Y,,A,07,0,1,0,0,0,0,0,0,0,"- ","- ",,,"SAN FRANCISCO","SAN FRANCISCO",-122.43409729003906,37.72564697265625
9453952,2022,2022-07-14,3801,2022-06-19,0655,2372,INGLE,7,5,7,3801,0,0,0,,0,3H15A,GENEVA,ALEMANY,0.00,,Y,A,-,N,,,,,,,,,,Y,4,0,2,2,A,-,12,21453,A,F,D,C,A,A,H,-,A,A,0,,,,,Y,,A,01,0,0,2,0,0,0,0,0,0,"- ","- ",,,"SAN FRANCISCO","SAN FRANCISCO",-122.43374633789062,37.713130950927734
9453953,2022,2022-12-06,3801,2022-06-18,1513,1345,MISSI,6,5,7,3801,0,0,0,,0,0D6,"POTRERO AV","15TH ST",0.00,,Y,A,-,N,,,,,,,,,,Y,4,0,3,2,D,-,00,,,N,D,C,A,A,H,-,A,A,0,,,,,Y,,-,"- ",0,0,3,0,0,0,0,0,0,"- ","- ",,,"SAN FRANCISCO","SAN FRANCISCO",-122.40766906738281,37.767097473144531
9453954,2022,2022-07-14,3801,2022-06-18,1600,2107,NORTH,6,5,7,3801,0,0,0,,0,3E15D,"MARINA BL","LYON ST",0.00,,Y,A,-,N,,,,,,,,,,N,3,0,1,2,A,-,12,22450,,N,D,G,A,A,H,-,A,A,0,,Y,,,Y,,L,04,0,1,0,0,0,0,1,0,0,"- ","- ",,,"SAN FRANCISCO","SAN FRANCISCO",-122.44829559326172,37.804744720458984
9453955,2022,2022-07-14,3801,2022-06-18,1840,1113,PARK,6,5,7,3801,0,0,0,,0,3F14D,"CARL ST","WILLARD ST",0.00,,Y,A,-,N,,,,,,,,,,Y,3,0,1,2,A,-,09,21804,A,N,D,C,A,A,H,-,A,-,0,,,,,Y,,A,01,0,1,0,0,0,0,0,0,0,"- ","- ",,,"SAN FRANCISCO","SAN FRANCISCO",-122.45439910888672,37.765232086181641
9453956,2022,2022-07-14,3801,2022-06-18,1914,2268,INGLE,6,5,7,3801,0,0,0,,0,3H13D,"PORTOLA DR","OSHAUGHNESSY BL",120.00,E,N,A,-,N,,,,,,,,,,Y,3,0,3,2,A,-,08,22107,,N,B,C,A,A,H,-,A,D,0,,,,,Y,,A,01,0,2,1,0,0,0,0,0,0,"- ","- ",,,"SAN FRANCISCO","SAN FRANCISCO",-122.45122528076172,37.74560546875
9453957,2022,2022-08-11,3801,2022-06-18,0158,341,NORTH,6,5,7,3801,0,0,0,,0,3E15E,"LOMBARD ST","FILLMORE ST",0.00,,Y,A,-,N,,,,,,,,,,N,2,0,1,2,A,-,11,21950,B,F,G,-,B,A,-,-,C,A,0,Y,,,,Y,,N,60,1,0,0,0,1,0,0,0,0,"- ","- ",,,"SAN FRANCISCO","SAN FRANCISCO",-122.43605041503906,37.799846649169922
9453958,2022,2022-07-14,3801,2022-06-22,0835,1273,CENTR,3,5,7,3801,0,0,0,,0,3A2A,"KEARNY ST","PINE ST",250.00,S,N,A,-,N,,,,,,,,,,N,4,0,1,3,A,-,08,22107,,N,B,C,A,A,H,-,A,A,0,,,,,Y,Y,A,01,0,0,1,0,0,0,0,0,0,"- ","- ",,,"SAN FRANCISCO","SAN FRANCISCO",-122.40407562255859,37.791011810302734
9453959,2022,2022-07-14,3801,2022-06-17,2040,2107,NORTH,5,5,7,3801,0,0,0,,0,,"LOMBARD ST","STEINER ST",0.00,,Y,A,-,N,,,,,,,,,,,4,0,1,2,A,-,17,21451,A,N,D,C,A,A,H,-,C,A,0,,,,,Y,,A,01,0,0,1,0,0,0,0,0,0,"- ","- ",,,"SAN FRANCISCO","SAN FRANCISCO",-122.43769073486328,37.799640655517578
9453960,2022,2022-07-14,3801,2022-06-17,2051,2167,NORTH,5,5,7,3801,0,0,0,,0,3E13E,"FRANKLIN ST","POST ST",0.00,,Y,A,-,N,,,,,,,,,,Y,2,0,2,2,A,-,08,22107,,F,D,C,A,A,H,-,C,A,0,,,,,Y,,A,01,1,0,1,0,0,0,0,0,0,"- ","- ",,,"SAN FRANCISCO","SAN FRANCISCO",-122.42320251464844,37.786399841308594
9453961,2022,2022-07-14,3801,2022-06-22,1818,1160,SOUTH,3,5,7,3801,0,0,0,,0,0B1,"HOWARD ST","HAWTHORNE ST",0.00,,Y,B,-,N,,,,,,,,,,N,3,0,1,2,A,-,12,21453,A,N,D,B,B,A,H,-,A,A,0,Y,Y,,,Y,,L,04,0,1,0,0,1,0,0,0,0,"- ","- ",,,"SAN FRANCISCO","SAN FRANCISCO",-122.39937591552734,37.785888671875
9453963,2022,2022-07-14,3801,2022-06-21,1828,1286,SOUTH,2,5,7,3801,0,0,0,,0,3B4,"MISSION ST","WASHBURN ST",0.00,,Y,A,-,N,,,,,,,,,,Y,4,0,1,2,A,-,08,22101,D,N,B,C,A,A,H,-,A,A,0,,,,,Y,,A,01,0,0,1,0,0,0,0,0,0,"- ","- ",,,"SAN FRANCISCO","SAN FRANCISCO",-122.41513824462891,37.775890350341797
9453964,2022,2022-07-14,3801,2022-06-21,2221,A22887,RICHM,2,5,7,3801,0,0,0,,0,3G13E,"FULTON ST","20TH AV",60.00,W,N,A,-,N,,,,,,,,,,Y,4,0,1,3,A,-,03,22350,,F,C,C,A,A,H,-,C,D,0,,,,,Y,,A,01,0,0,1,0,0,0,0,0,0,"- ","- ",,,"SAN FRANCISCO","SAN FRANCISCO",-122.47903442382812,37.772800445556641
9453965,2022,2022-07-14,3801,2022-06-23,2345,1096,CENTR,4,5,7,3801,0,0,0,,0,3A14E,"THE EMBARCADERO NORTH","BAY ST",235.00,S,N,B,-,N,,,,,,,,,,N,2,0,1,2,A,-,05,21651,,N,A,G,A,A,H,-,C,D,0,,Y,,,Y,,L,04,1,0,0,0,0,0,1,0,0,"- ","- ",,,"SAN FRANCISCO","SAN FRANCISCO",-122.40528106689453,37.806285858154297
9453966,2022,2022-08-11,3801,2022-06-19,1341,1250,SOUTH,7,5,7,3801,0,0,0,,0,3B14A,"9TH ST","MISSION ST",0.00,,Y,A,-,N,,,,,,,,,,N,4,0,2,2,A,-,08,22107,,N,B,C,A,A,H,-,A,D,0,,,,,Y,,A,01,0,0,2,0,0,0,0,0,0,"- ","- ",,,"SAN FRANCISCO","SAN FRANCISCO",-122.41471862792969,37.776241302490234
9453967,2022,2022-07-14,3801,2022-06-21,0707,1061,SOUTH,2,5,7,3801,0,0,0,,0,3B12A,"5TH ST","CLARA ST",0.00,,Y,A,-,N,,,,,,,,,,Y,4,0,1,2,A,-,09,21801,A,N,D,C,A,A,H,-,A,D,0,,,Y,,Y,,A,01,0,0,1,0,0,0,0,0,1,"- ","- ",,,"SAN FRANCISCO","SAN FRANCISCO",-122.40238189697266,37.779453277587891
9453968,2022,2022-07-14,3801,2022-06-16,1804,2118,SOUTH,4,5,7,3801,0,0,0,,0,3B12D,"16TH ST","3RD ST",0.00,,Y,A,-,N,,,,,,,,,,N,4,0,1,2,A,-,03,22350,,M,G,B,E,A,H,-,A,D,0,Y,,Y,,Y,,C,03,0,0,1,0,1,0,0,0,0,"- ","- ",,,"SAN FRANCISCO","SAN FRANCISCO",-122.38920593261719,37.766944885253906