CASE_ID,ACCIDENT_YEAR,PROC_DATE,JURIS,COLLISION_DATE,COLLISION_TIME,OFFICER_ID,REPORTING_DISTRICT,DAY_OF_WEEK,CHP_SHIFT,POPULATION,CNTY_CITY_LOC,SPECIAL_COND,BEAT_TYPE,CHP_BEAT_TYPE,CITY_DIVISION_LAPD,CHP_BEAT_CLASS,BEAT_NUMBER,PRIMARY_RD,SECONDARY_RD,DISTANCE,DIRECTION,INTERSECTION,WEATHER_1,WEATHER_2,STATE_HWY_IND,CALTRANS_COUNTY,CALTRANS_DISTRICT,STATE_ROUTE,ROUTE_SUFFIX,POSTMILE_PREFIX,POSTMILE,LOCATION_TYPE,RAMP_INTERSECTION,SIDE_OF_HWY,TOW_AWAY,COLLISION_SEVERITY,NUMBER_KILLED,NUMBER_INJURED,PARTY_COUNT,PRIMARY_COLL_FACTOR,PCF_CODE_OF_VIOL,PCF_VIOL_CATEGORY,PCF_VIOLATION,PCF_VIOL_SUBSECTION,HIT_AND_RUN,TYPE_OF_COLLISION,MVIW,PED_ACTION,ROAD_SURFACE,ROAD_COND_1,ROAD_COND_2,LIGHTING,CONTROL_DEVICE,CHP_ROAD_TYPE,PEDESTRIAN_ACCIDENT,BICYCLE_ACCIDENT,MOTORCYCLE_ACCIDENT,TRUCK_ACCIDENT,NOT_PRIVATE_PROPERTY,ALCOHOL_INVOLVED,STWD_VEHTYPE_AT_FAULT,CHP_VEHTYPE_AT_FAULT,COUNT_SEVERE_INJ,COUNT_VISIBLE_INJ,COUNT_COMPLAINT_PAIN,COUNT_PED_KILLED,COUNT_PED_INJURED,COUNT_BICYCLIST_KILLED,COUNT_BICYCLIST_INJURED,COUNT_MC_KILLED,COUNT_MC_INJURED,PRIMARY_RAMP,SECONDARY_RAMP,LATITUDE,LONGITUDE,COUNTY,CITY,POINT_X,POINT_Y
9459054,2022,2022-06-09,3801,2022-05-27,1512,2100,MISSI,5,5,7,3801,0,0,0,,0,1512,"CHATTANOOGA ST","23RD ST",0.00,,Y,A,-,N,,,,,,,,,,N,4,0,1,3,A,-,10,21950,A,N,G,H,B,A,H,-,A,A,0,Y,,,,Y,,A,01,0,0,1,0,1,0,0,0,0,"- ","- ",,,"SAN FRANCISCO","SAN FRANCISCO",-122.42646789550781,37.753353118896484
9459055,2022,2022-06-09,3801,2022-05-25,1255,"1394\",MISSI,3,5,7,3801,0,0,0,,0,MISSIO,"DUBOCE AV","MISSION ST",0.00,,Y,A,-,N,,,,,,,,,,N,2,0,1,2,A,-,12,21453,A,N,D,J,A,A,H,-,A,A,0,,,,,Y,,M,94,1,0,0,0,0,0,0,0,0,"- ","- ",,,"SAN FRANCISCO","SAN FRANCISCO",-122.42018127441406,37.769992828369141
9459308,2022,2022-06-14,3801,2022-03-24,1650,1148,MISSI,4,5,7,3801,0,0,0,,0,3D15D,"JULIAN AV","16TH ST",0.00,,Y,A,-,N,,,,,,,,,,N,4,0,1,2,A,-,09,21804,A,N,B,C,A,A,H,-,A,D,0,,,,,Y,,A,01,0,0,1,0,0,0,0,0,0,"- ","- ",,,"SAN FRANCISCO","SAN FRANCISCO",-122.4208984375,37.764972686767578
9459372,2022,2022-06-13,3801,2022-03-07,1517,737,NORTH,1,5,7,3801,0,0,0,,0,3E77,RICHARDSON,"FRANCISCO ST",0.00,,Y,A,-,N,,,,,,,,,,N,4,0,1,2,A,-,10,21950,,N,B,B,B,A,H,-,A,A,0,Y,,,,Y,,A,01,0,0,1,0,1,0,0,0,0,"- ","- ",,,"SAN FRANCISCO","SAN FRANCISCO",-122.44715881347656,37.800388336181641
9459373,2022,2022-11-03,3801,2022-03-18,1409,2706,MISSI,5,5,7,3801,0,0,0,,0,3D14C,"POTRERO AV","21ST ST",0.00,,Y,A,-,N,,,,,,,,,,N,4,0,1,2,A,-,17,22517,,N,B,G,A,A,-,-,A,A,0,,Y,,,Y,,-,"- ",0,0,1,0,0,0,1,0,0,"- ","- ",,,"SAN FRANCISCO","SAN FRANCISCO",-122.40678405761719,37.757762908935547
9459374,2022,2022-06-14,3801,2022-03-16,1125,4375,TRAFF,3,5,7,3801,0,0,0,,0,4B1F,"POTRERO AV","REFERENCE POINT",203.00,S,N,A,-,N,,,,,,,,,,Y,2,0,2,2,A,-,03,22350,,F,B,C,A,A,H,-,A,A,0,,,,,Y,Y,-,,1,0,1,0,0,0,0,0,0,"- ","- ",,,"SAN FRANCISCO","SAN FRANCISCO",,
9459376,2022,2022-06-14,3801,2022-03-14,2000,469,MISSI,1,5,7,3801,0,0,0,,0,3D2D,"GUERERO ST","24TH ST",0.00,,Y,A,-,N,,,,,,,,,,N,3,0,1,2,A,-,08,22107,,F,B,B,B,A,H,-,B,A,0,Y,,,,Y,,-,,0,1,0,0,1,0,0,0,0,"- ","- ",,,"SAN FRANCISCO","SAN FRANCISCO",-122.42286682128906,37.752002716064453
9459377,2022,2022-06-14,3801,2022-03-27,1959,963,MISSI,7,5,7,3801,0,0,0,,0,3D11D,"GUERRERO ST","15TH ST",0.00,,Y,C,-,N,,,,,,,,,,N,4,0,1,2,A,-,10,21950,A,N,G,B,B,B,H,-,C,A,0,Y,,,,Y,,A,01,0,0,1,0,1,0,0,0,0,"- ","- ",,,"SAN FRANCISCO","SAN FRANCISCO",-122.42424011230469,37.766403198242188
9459378,2022,2022-10-24,3801,2022-03-27,2230,2341,INGLE,7,5,7,3801,0,0,0,,0,3H11E,"MISSION ST","30TH ST",38.00,N,N,B,-,N,,,,,,,,,,Y,4,0,1,2,C,-,18,,,N,C,C,A,B,H,-,C,A,0,,,,,Y,,-,"- ",0,0,1,0,0,0,0,0,0,"- ","- ",,,"SAN FRANCISCO","SAN FRANCISCO",-122.42190551757812,37.742485046386719
9459380,2022,2022-06-14,3801,2022-03-14,1001,1423,TENDE,1,5,7,3801,0,0,0,,0,3J14A,"GOLDEN GATE AV","LEAVENWORTH ST",0.00,,Y,A,-,N,,,,,,,,,,N,4,0,1,2,A,-,11,21954,A,N,G,B,B,A,H,-,A,A,0,Y,,,,Y,,N,60,0,0,1,0,1,0,0,0,0,"- ","- ",,,"SAN FRANCISCO","SAN FRANCISCO",-122.41385650634766,37.781875610351562
9460093,2022,2022-06-24,3801,2022-01-07,1834,2384,PARK,5,5,7,3801,0,0,0,,0,3F13D,"OAK ST","COLE ST",0.00,,Y,B,-,N,,,,,,,,,,N,3,0,1,2,A,-,11,21453,D,N,G,B,B,A,H,-,C,A,0,Y,,,,Y,,N,60,0,1,0,0,1,0,0,0,0,"- ","- ",,,"SAN FRANCISCO","SAN FRANCISCO",-122.45062255859375,37.771453857421875
9460095,2022,2022-06-24,3801,2022-01-12,0830,1613,MISSI,3,5,7,3801,0,0,0,,0,,"AMAZON AV","MISSION ST",0.00,,Y,A,-,N,,,,,,,,,,N,4,0,1,2,A,-,10,21950,,N,G,B,B,A,H,-,A,D,0,Y,,,,Y,,A,01,0,0,1,0,1,0,0,0,0,"- ","- ",,,"SAN FRANCISCO","SAN FRANCISCO",-122.4404296875,37.717235565185547
9460096,2022,2022-06-24,3801,2022-01-24,1555,1066,NORTH,1,5,7,3801,0,0,0,,0,1CAR,"HAIGHT ST","FILLMORE ST",0.00,,Y,A,-,N,,,,,,,,,,N,2,0,1,2,A,-,08,22100,B,N,D,G,A,A,H,-,A,A,0,,Y,,,Y,,A,01,1,0,0,0,0,0,1,0,0,"- ","- ",,,"SAN FRANCISCO","SAN FRANCISCO",-122.43045043945312,37.772117614746094
9460099,2022,2022-06-24,3801,2022-01-10,2218,2490,TENDE,1,5,7,3801,0,0,0,,0,3J11E,"HYDE ST","EDDY ST",60.00,N,N,A,-,N,,,,,,,,,,N,3,0,1,2,C,-,18,,,F,G,B,D,A,H,-,C,A,0,Y,,,,Y,,-,"- ",0,1,0,0,1,0,0,0,0,"- ","- ",,,"SAN FRANCISCO","SAN FRANCISCO",-122.41591644287109,37.783672332763672
9460100,2022,2022-06-24,3801,2022-01-18,1820,4314,RICHM,2,5,7,3801,0,0,0,,0,0G1,"JOHN F KENNEDY DR","47TH AV",530.00,E,N,A,-,N,,,,,,,,,,N,3,0,1,2,A,-,09,21801,A,N,D,G,A,A,H,-,A,D,0,,Y,,,Y,,A,07,0,1,0,0,0,0,1,0,0,"- ","- ",,,"SAN FRANCISCO","SAN FRANCISCO",-122.50727844238281,37.767997741699219
9460101,2022,2022-06-23,3801,2022-01-11,0755,4267,TARAV,2,5,7,3801,0,0,0,,0,3I11A,"GARFIELD ST","GARFIELD ST 401",0.00,,Y,A,-,N,,,,,,,,,,N,4,0,1,2,A,-,21,22106,,N,-,B,E,A,H,-,A,D,0,Y,,,,Y,,A,01,0,0,1,0,1,0,0,0,0,"- ","- ",,,"SAN FRANCISCO","SAN FRANCISCO",,
9460102,2022,2022-06-23,3801,2022-01-19,2256,2409,CENTR,3,5,7,3801,0,0,0,,0,3A11E,"JONES ST","SUTTER ST",7.00,S,N,A,-,N,,,,,,,,,,Y,3,0,1,2,A,-,03,22350,,N,C,C,A,A,H,-,C,A,0,,,Y,,Y,,C,02,0,1,0,0,0,0,0,0,1,"- ","- ",,,"SAN FRANCISCO","SAN FRANCISCO",-122.41351318359375,37.788581848144531
9460133,2022,2022-06-23,3801,2022-02-17,1317,504,NORTH,4,5,7,3801,0,0,0,,0,1CAR,"STEINER ST","HAYES ST",0.00,,Y,A,-,N,,,,,,,,,,N,3,0,1,2,A,-,12,22450,A,N,D,C,A,A,H,-,A,A,0,,,,,Y,,A,01,0,1,0,0,0,0,0,0,0,"- ","- ",,,"SAN FRANCISCO","SAN FRANCISCO",-122.43283081054688,37.775611877441406
9460135,2022,2022-06-23,3801,2022-02-24,2500,4313,RICHM,4,5,7,3801,0,0,0,,0,0G3,"FULTON ST","6TH AV",0.00,,Y,A,-,N,,,,,,,,,,N,4,0,1,2,A,-,03,22350,,N,C,C,A,A,H,-,A,A,0,,,,,Y,,A,01,0,0,1,0,0,0,0,0,0,"- ","- ",,,"SAN FRANCISCO","SAN FRANCISCO",-122.46376037597656,37.773612976074219
9460136,2022,2022-06-23,3801,2022-02-02,0804,1387,CENTR,3,5,7,3801,0,0,0,,0,,"3RD ST","MISSION ST",0.00,S,N,A,-,N,,,,,,,,,,N,2,0,1,2,A,-,07,21658,A,N,B,C,A,A,H,-,A,A,0,,,Y,,Y,,A,01,1,0,0,0,0,0,0,0,1,"- ","- ",,,"SAN FRANCISCO","SAN FRANCISCO",-122.40200042724609,37.786266326904297
9463676,2022,2022-10-18,3801,2022-06-30,1910,917,TRAFF,4,5,7,3801,0,0,0,,0,4B2I,"KEZAR DR","JOHN F KENNEDY DR",200.00,S,N,A,-,N,,,,,,,,,,Y,4,0,1,1,B,-,22,,,N,H,-,A,A,H,-,B,D,0,,,,,Y,,J,49,0,0,1,0,0,0,0,0,0,"- ","- ",,,"SAN FRANCISCO","SAN FRANCISCO",-122.45540618896484,37.770339965820312
9463680,2022,2022-09-27,3801,2022-07-28,1808,4119,TRAFF,4,5,7,3801,0,0,0,,0,4B3K,"DUBOCE ST","MISSION ST",0.00,,Y,A,-,N,,,,,,,,,,Y,4,0,5,2,A,-,12,21453,A,F,D,D,A,A,H,-,A,A,0,,,,,Y,Y,J,48,0,0,5,0,0,0,0,0,0,"- ","- ",,,"SAN FRANCISCO","SAN FRANCISCO",-122.42018127441406,37.769992828369141
9463699,2021,2022-09-22,3801,2021-12-04,2223,2231,TENDE,6,5,7,3801,0,0,0,,0,3J15E,"OFARRELL ST","LARKIN ST",185.00,E,N,A,-,N,,,,,,,,,,Y,3,0,1,2,A,-,03,22350,,N,C,C,A,A,H,-,C,A,0,,,Y,,Y,,C,02,0,1,0,0,0,0,0,0,1,"- ","- ",,,"SAN FRANCISCO","SAN FRANCISCO",-122.41726684570312,37.785255432128906
9463700,2021,2022-09-22,3801,2021-07-20,1740,556,SOUTH,2,5,7,3801,0,0,0,,0,3B14D,"HARRISON ST","11TH ST",0.00,,Y,B,-,N,,,,,,,,,,N,3,0,1,2,A,-,10,21950,A,N,G,B,B,A,H,-,A,A,0,Y,,,,Y,,A,01,0,1,0,0,1,0,0,0,0,"- ","- ",,,"SAN FRANCISCO","SAN FRANCISCO",-122.41246795654297,37.770633697509766
9463701,2021,2022-09-22,3801,2021-09-01,1450,1402,SOUTH,3,5,7,3801,0,0,0,,0,3B00,"TOWNSEND ST","5TH ST",0.00,,Y,A,-,N,,,,,,,,,,N,4,0,1,2,A,-,12,22450,A,N,C,G,A,A,H,-,A,A,0,,Y,Y,,Y,,C,03,0,0,1,0,0,0,1,0,0,"- ","- ",,,"SAN FRANCISCO","SAN FRANCISCO",-122.39722442626953,37.775348663330078
9463709,2021,2022-09-22,3801,2021-10-24,0653,1825,SOUTH,7,5,7,3801,0,0,0,,0,3B14A,"MISSION ST","9TH ST",0.00,,Y,B,C,N,,,,,,,,,,N,3,0,1,2,A,-,10,21950,A,F,G,B,B,B,H,-,C,A,0,Y,,,,Y,,A,01,0,1,0,0,1,0,0,0,0,"- ","- ",,,"SAN FRANCISCO","SAN FRANCISCO",-122.41471862792969,37.776241302490234
9463771,2022,2022-09-21,3801,2022-07-13,1815,1307,TENDE,3,5,7,3801,0,0,0,,0,3J14D,"TURK ST","TAYLOR ST",0.00,,Y,A,-,N,,,,,,,,,,N,3,0,1,2,A,-,03,22350,,N,D,C,A,A,H,-,A,A,0,,,,,Y,,M,94,0,1,0,0,0,0,0,0,0,"- ","- ",,,"SAN FRANCISCO","SAN FRANCISCO",-122.41078186035156,37.783206939697266
9464164,2023,2023-03-13,3801,2023-02-10,2354,1766,TRAFF,5,5,7,3801,0,0,0,,0,4B103,"DIVISADERO ST","FELL ST",144.00,S,N,C,-,N,,,,,,,,,,Y,1,1,1,1,A,-,01,23152,A,N,E,I,A,B,H,-,C,A,0,,,,,Y,Y,A,01,0,1,0,0,0,0,0,0,0,"- ","- ",,,"SAN FRANCISCO","SAN FRANCISCO",-122.43753051757812,37.773666381835938
9464165,2023,2023-03-13,3801,2023-01-10,1751,4084,TRAFF,2,5,7,3801,0,0,0,,0,4B4B,"16TH ST","VALENCIA ST",11.00,E,N,B,-,N,,,,,,,,,,Y,1,1,0,2,A,-,11,21456,B,N,G,B,B,A,H,-,C,A,0,Y,,,,Y,,N,60,0,0,0,1,0,0,0,0,0,"- ","- ",,,"SAN FRANCISCO","SAN FRANCISCO",-122.42185211181641,37.764911651611328
9464243,2023,2023-06-16,3801,2023-01-23,"543 ",1422,TRAFF,1,5,7,3801,0,0,0,,0,4B2F,"FRANKLIN ST","EDDY ST",70.00,N,N,A,-,N,,,,,,,,,,Y,1,1,0,2,A,-,11,21954,A,N,G,B,E,A,H,-,C,A,0,Y,,,,Y,,N,60,0,0,0,1,0,0,0,0,0,"- ","- ",,,"SAN FRANCISCO","SAN FRANCISCO",-122.42247772216797,37.782859802246094
9464405,2022,2022-09-29,3801,2022-05-15,0136,1766,TENDE,7,5,7,3801,0,0,0,,0,4B103,"ELLIS ST","LEAVENWORTH ST",182.00,W,N,A,-,N,,,,,,,,,,N,1,1,0,2,A,-,10,21954,B,F,G,B,D,A,H,-,C,D,0,Y,,,,Y,Y,A,07,0,0,0,1,0,0,0,0,0,"- ","- ",,,"SAN FRANCISCO","SAN FRANCISCO",-122.4150390625,37.784580230712891
9464407,2022,2022-09-29,3801,2022-06-09,1812,76,TRAFF,4,5,7,3801,0,0,0,,0,4B3B,"LARKIN ST","EDDY ST",0.00,,Y,A,-,N,,,,,,,,,,Y,1,1,0,2,A,-,12,21453,A,N,D,C,A,A,H,-,A,A,0,,,Y,Y,Y,,C,02,0,0,0,0,0,0,0,1,0,"- ","- ",,,"SAN FRANCISCO","SAN FRANCISCO",-122.41751861572266,37.783294677734375
9464408,2022,2022-09-20,3801,2022-06-21,0436,262,TRAFF,2,5,7,3801,0,0,0,,0,4B2G,"SOUTH VAN NESS","16TH ST",0.00,,Y,A,-,N,,,,,,,,,,N,1,1,0,3,A,-,03,22350,,F,G,B,B,A,H,-,B,A,0,Y,,,,Y,,A,01,0,0,0,1,0,0,0,0,0,"- ","- ",,,"SAN FRANCISCO","SAN FRANCISCO",-122.41748809814453,37.765178680419922
9464413,2022,2022-09-20,3801,2022-08-11,1136,1936,TRAFF,4,5,7,3801,0,0,0,,0,3B1D,"MARKET ST","DANVERS ST",0.00,,Y,A,-,N,,,,,,,,,,Y,1,1,1,2,A,-,09,21801,A,N,D,C,A,A,H,-,A,A,0,,,Y,,Y,,A,01,0,0,1,0,0,0,0,1,0,"- ","- ",,,"SAN FRANCISCO","SAN FRANCISCO",-122.44351959228516,37.760498046875
9464465,2022,2022-09-20,3801,2022-05-21,1548,4178,RICHM,6,5,7,3801,0,0,0,,0,4B3A,"FULTON ST","37TH AV",13.00,E,N,A,-,N,,,,,,,,,,Y,1,1,0,2,A,-,10,21950,A,N,G,B,B,A,H,-,A,A,0,Y,,,,Y,,A,07,0,0,0,1,0,0,0,0,0,"- ","- ",,,"SAN FRANCISCO","SAN FRANCISCO",-122.49700164794922,37.771991729736328
9464466,2022,2022-09-20,3801,2022-06-14,0100,969,MISSI,2,5,7,3801,0,0,0,,0,3D13E,"MISSION ST","21ST ST",67.00,N,N,A,-,N,,,,,,,,,,Y,1,1,2,2,A,-,03,22350,A,F,D,C,A,A,H,-,C,A,0,,,,,Y,,A,01,1,0,1,0,0,0,0,0,0,"- ","- ",,,"SAN FRANCISCO","SAN FRANCISCO",-122.41893768310547,37.7572021484375
9464468,2022,2023-02-17,3801,2022-08-11,1919,2359,TARAV,4,5,7,3801,0,0,0,,0,3I16D,"JUNIPERO SERRA BL","PALMETTO AV",369.00,S,N,A,-,N,,,,,,,,,,Y,1,1,0,1,A,-,17,21663,,N,E,I,A,A,H,-,A,D,0,,,,,Y,,A,01,0,0,0,0,0,0,0,0,0,"- ","- ",,,"SAN FRANCISCO","SAN FRANCISCO",-122.47104644775391,37.709625244140625
9464469,2022,2023-02-17,3801,2022-08-12,2013,899,NORTH,5,5,7,3801,0,0,0,,0,3E90B,"VAN NESS AV (RT-101)","MCALLISTER ST",138.00,N,N,A,-,Y,SF,4,101,-,T,5.198,I,5,S,Y,1,1,0,2,A,-,11,21456,C,N,G,B,B,A,H,-,A,A,0,Y,,,,Y,,N,60,0,0,0,1,0,0,0,0,0,"- ","- ",,,"SAN FRANCISCO","SAN FRANCISCO",-122.42034912109375,37.780078887939453
9464494,2022,2022-09-01,3801,2022-06-17,0422,2457,SOUTH,5,5,7,3801,0,0,0,,0,3B15E,"BRYANT ST","8TH ST",0.00,,Y,A,-,N,,,,,,,,,,N,4,0,1,2,A,-,03,22350,,N,C,C,A,A,H,-,C,A,0,,,,,Y,,A,01,0,0,1,0,0,0,0,0,0,"- ","- ",,,"SAN FRANCISCO","SAN FRANCISCO",-122.406982421875,37.772514343261719
9464495,2022,2022-07-28,3801,2022-06-03,0904,2202,INGLE,5,5,7,3801,0,0,0,,0,3H13A,"ALEMANY BL","OCEAN AV",0.00,,Y,B,-,N,,,,,,,,,,Y,4,0,3,2,A,-,09,21806,A,N,D,C,A,B,H,-,A,A,0,,,,,Y,,A,01,0,0,3,0,0,0,0,0,0,"- ","- ",,,"SAN FRANCISCO","SAN FRANCISCO",-122.43753814697266,37.723697662353516
9464496,2022,2022-07-28,3801,2022-06-14,1442,2161,MISSI,2,5,7,3801,0,0,0,,0,3D13A,"20TH ST","CAPP ST",0.00,,Y,A,-,N,,,,,,,,,,Y,2,0,3,2,A,-,10,21950,A,N,D,C,A,A,H,-,A,D,0,,,,,Y,,A,01,1,1,1,0,0,0,0,0,0,"- ","- ",,,"SAN FRANCISCO","SAN FRANCISCO",-122.41796112060547,37.758682250976562
9464876,2022,2022-12-30,3801,2022-11-13,1950,2142,,7,5,7,3801,0,0,0,,0,,"SKYLINE BL","JOHN DALY BL",4330.00,N,N,A,-,N,,,,,,,,,,Y,3,0,1,2,A,-,09,21804,A,F,D,C,A,A,H,-,D,D,0,,,,,Y,Y,A,01,0,1,0,0,0,0,0,0,0,"- ","- ",,,"SAN FRANCISCO","SAN FRANCISCO",-122.49794006347656,37.709850311279297
9467656,2022,2022-12-08,3801,2022-10-05,1803,1994,TRAFF,3,5,7,3801,0,0,0,,0,4B3D,"3RD ST","STILLMAN ST",22.00,N,N,A,-,N,,,,,,,,,,N,4,0,1,2,A,-,08,22107,,N,B,C,A,A,H,-,A,D,0,,,,,Y,,A,01,0,0,1,0,0,0,0,0,0,"- ","- ",,,"SAN FRANCISCO","SAN FRANCISCO",-122.39646148681641,37.781795501708984
9467667,2022,2023-02-22,3801,2022-11-04,1243,1394,MISSI,5,5,7,3801,0,0,0,,0,BAYVIE,"PALOU AV","3RD ST",10.00,E,N,A,-,N,,,,,,,,,,N,4,0,1,2,A,-,10,21950,A,N,G,B,B,A,H,-,A,A,0,Y,,,,Y,,J,48,0,0,1,0,1,0,0,0,0,"- ","- ",,,"SAN FRANCISCO","SAN FRANCISCO",-122.39102935791016,37.734024047851562
9467671,2022,2022-12-08,3801,2022-11-02,0754,392,MISSI,3,5,7,3801,0,0,0,,0,3D14A,"VALENCIA ST","24TH ST",150.00,S,N,A,-,N,,,,,,,,,,N,4,0,1,2,A,-,08,22107,,N,B,C,A,A,H,-,A,D,0,,,,,Y,,J,48,0,0,1,0,0,0,0,0,0,"- ","- ",,,"SAN FRANCISCO","SAN FRANCISCO",-122.42061614990234,37.751697540283203
9467684,2022,2022-12-12,3801,2022-10-12,1630,1251,BAYVI,3,5,7,3801,0,0,0,,0,3C15D,"18TH ST","MISSION ST",1.00,W,N,A,-,N,,,,,,,,,,N,3,0,1,2,A,-,11,21950,B,N,G,B,B,A,H,-,A,A,0,Y,,,,Y,,N,60,0,1,0,0,1,0,0,0,0,"- ","- ",,,"SAN FRANCISCO","SAN FRANCISCO",-122.41937255859375,37.7618408203125
9468091,2022,2023-01-11,3801,2022-12-14,2114,1207,,3,5,7,3801,0,0,0,,0,0B3,"MISSION ST","6TH ST",0.00,,Y,A,-,N,,,,,,,,,,N,4,0,1,2,A,-,00,24400,B,N,D,C,A,A,H,-,C,A,0,,,,,Y,Y,A,01,0,0,1,0,0,0,0,0,0,"- ","- ",,,"SAN FRANCISCO","SAN FRANCISCO",-122.40869140625,37.780982971191406
9468097,2022,2023-01-11,3801,2022-12-28,0038,2421,PARK,3,5,7,3801,0,0,0,,0,3D1,"18TH ST","SANCHEZ ST",0.00,,Y,A,-,N,,,,,,,,,,Y,4,0,5,3,A,-,03,22350,,N,C,C,A,A,H,-,C,A,0,,,,,Y,,J,48,0,0,5,0,0,0,0,0,0,"- ","- ",,,"SAN FRANCISCO","SAN FRANCISCO",-122.43056488037109,37.761146545410156
9468483,2023,2023-02-14,3801,2023-01-12,1950,1871,INGLE,4,5,7,3801,0,0,0,,0,901,"GUERRERO ST","28TH ST",54.00,S,N,B,-,N,,,,,,,,,,Y,4,0,1,2,A,-,05,21650,,N,B,C,A,A,H,-,C,D,0,,,,,Y,,J,43,0,0,1,0,0,0,0,0,0,"- ","- ",,,"SAN FRANCISCO","SAN FRANCISCO",-122.42230987548828,37.745433807373047
9468486,2023,2023-02-14,3801,2023-01-03,1609,19,MISSI,2,5,7,3801,0,0,0,,0,,"DOLORES ST","17TH ST",0.00,,Y,A,-,N,,,,,,,,,,Y,4,0,1,2,A,-,09,21806,,N,D,C,A,A,H,-,A,A,0,,,,,Y,,A,01,0,0,1,0,0,0,0,0,0,"- ","- ",,,"SAN FRANCISCO","SAN FRANCISCO",-122.42630004882812,37.763008117675781
9468613,2023,2023-09-28,3801,2023-08-20,2135,4103,MISSI,7,5,7,3801,0,0,0,,0,903,"FOLSOM ST","20TH ST",0.00,,Y,A,-,N,,,,,,,,,,N,3,0,1,2,A,-,09,21801,A,N,A,C,A,A,H,-,C,A,0,,,Y,,Y,,A,01,0,1,0,0,0,0,0,0,1,"- ","- ",,,"SAN FRANCISCO","SAN FRANCISCO",-122.41468048095703,37.758888244628906
9468614,2023,2023-09-08,3801,2023-08-22,1505,528,NORTH,2,5,7,3801,0,0,0,,0,901,"UNION ST","BUCHANAN ST",13.00,W,N,A,-,N,,,,,,,,,,N,4,0,1,2,A,-,10,21950,A,N,G,B,B,A,H,-,A,A,0,Y,,,,Y,,A,01,0,0,1,0,1,0,0,0,0,"- ","- ",,,"SAN FRANCISCO","SAN FRANCISCO",-122.43224334716797,37.797504425048828
9468615,2023,2023-09-08,3801,2023-08-06,1830,4253,INGLE,7,5,7,3801,0,0,0,,0,0H5,"GENEVA AV","ALEMANY BL",33.00,E,N,A,-,N,,,,,,,,,,Y,4,0,1,5,A,-,03,22350,,F,B,C,A,A,H,-,A,A,0,,,,,Y,,A,01,0,0,1,0,0,0,0,0,0,"- ","- ",,,"SAN FRANCISCO","SAN FRANCISCO",-122.43363952636719,37.713111877441406
9468616,2023,2023-09-08,3801,2023-08-16,1000,189,NORTH,3,5,7,3801,0,0,0,,0,001,"GOUGH ST","HAYES ST",0.00,,Y,A,-,N,,,,,,,,,,N,4,0,1,2,A,-,03,22350,,N,G,B,B,A,H,-,A,A,0,Y,,,,Y,,A,01,0,0,1,0,1,0,0,0,0,"- ","- ",,,"SAN FRANCISCO","SAN FRANCISCO",-122.42296600341797,37.776878356933594
9468617,2023,2023-09-08,3801,2023-08-29,1728,1796,RICHM,2,5,7,3801,0,0,0,,0,,"GEARY BL",27TH,0.00,,Y,A,-,N,,,,,,,,,,Y,4,0,1,2,A,-,12,21453,A,N,D,C,A,A,H,-,A,A,0,,,,,Y,,A,01,0,0,1,0,0,0,0,0,0,"- ","- ",,,"SAN FRANCISCO","SAN FRANCISCO",-122.48689270019531,37.780048370361328
9468618,2023,2023-09-08,3801,2023-08-03,1831,1150,PARK,4,5,7,3801,0,0,0,,0,3F14D,"SANCHEZ ST","DUBOCE AV",0.00,,-,B,-,N,,,,,,,,,,,4,0,1,2,A,-,21,22106,,N,D,G,A,A,H,-,A,D,0,,Y,,,Y,,A,01,0,0,1,0,0,0,1,0,0,"- ","- ",,,"SAN FRANCISCO","SAN FRANCISCO",-122.43133544921875,37.769329071044922
9468619,2023,2023-09-08,3801,2023-08-09,1816,2118,SOUTH,3,5,7,3801,0,0,0,,0,3B12D,"HARRISON ST","2ND ST",0.00,,Y,A,-,N,,,,,,,,,,N,2,0,2,2,A,-,12,21453,A,N,H,G,A,A,H,-,A,A,0,,Y,,,Y,,L,04,1,0,1,0,0,0,1,0,0,"- ","- ",,,"SAN FRANCISCO","SAN FRANCISCO",-122.39517974853516,37.784332275390625
9468620,2023,2023-09-22,3801,2023-08-20,1144,4283,RICHM,7,5,7,3801,0,0,0,,0,2CAR,"ARGUELLO BL","PRESIDIO TER",150.00,S,N,A,-,N,,,,,,,,,,N,3,0,1,2,A,-,08,22107,,N,B,G,A,A,H,-,A,-,0,,Y,,,Y,,A,07,0,1,0,0,0,0,1,0,0,"- ","- ",,,"SAN FRANCISCO","SAN FRANCISCO",-122.45935821533203,37.787929534912109
9468621,2023,2023-09-08,3801,2023-08-01,"600 ",4333,NORTH,2,5,7,3801,0,0,0,,0,,"OCTAVIA ST","MARKET ST",0.00,,Y,A,-,N,,,,,,,,,,,4,0,1,2,A,-,04,21703,,F,C,C,A,A,G,-,B,A,0,,,,,Y,,A,01,0,0,1,0,0,0,0,0,0,"- ","- ",,,"SAN FRANCISCO","SAN FRANCISCO",-122.42359161376953,37.771774291992188
9468622,2023,2023-09-08,3801,2023-08-11,"942 ",1250,SOUTH,5,5,7,3801,0,0,0,,0,3B15A,"KANSAS ST","16TH ST",0.00,,Y,A,-,N,,,,,,,,,,N,3,0,1,2,A,-,08,22107,,N,G,B,E,A,H,-,A,A,0,Y,,,,Y,,-,,0,1,0,0,1,0,0,0,0,"- ","- ",,,"SAN FRANCISCO","SAN FRANCISCO",-122.40363311767578,37.766033172607422