CASE_ID,ACCIDENT_YEAR,PROC_DATE,JURIS,COLLISION_DATE,COLLISION_TIME,OFFICER_ID,REPORTING_DISTRICT,DAY_OF_WEEK,CHP_SHIFT,POPULATION,CNTY_CITY_LOC,SPECIAL_COND,BEAT_TYPE,CHP_BEAT_TYPE,CITY_DIVISION_LAPD,CHP_BEAT_CLASS,BEAT_NUMBER,PRIMARY_RD,SECONDARY_RD,DISTANCE,DIRECTION,INTERSECTION,WEATHER_1,WEATHER_2,STATE_HWY_IND,CALTRANS_COUNTY,CALTRANS_DISTRICT,STATE_ROUTE,ROUTE_SUFFIX,POSTMILE_PREFIX,POSTMILE,LOCATION_TYPE,RAMP_INTERSECTION,SIDE_OF_HWY,TOW_AWAY,COLLISION_SEVERITY,NUMBER_KILLED,NUMBER_INJURED,PARTY_COUNT,PRIMARY_COLL_FACTOR,PCF_CODE_OF_VIOL,PCF_VIOL_CATEGORY,PCF_VIOLATION,PCF_VIOL_SUBSECTION,HIT_AND_RUN,TYPE_OF_COLLISION,MVIW,PED_ACTION,ROAD_SURFACE,ROAD_COND_1,ROAD_COND_2,LIGHTING,CONTROL_DEVICE,CHP_ROAD_TYPE,PEDESTRIAN_ACCIDENT,BICYCLE_ACCIDENT,MOTORCYCLE_ACCIDENT,TRUCK_ACCIDENT,NOT_PRIVATE_PROPERTY,ALCOHOL_INVOLVED,STWD_VEHTYPE_AT_FAULT,CHP_VEHTYPE_AT_FAULT,COUNT_SEVERE_INJ,COUNT_VISIBLE_INJ,COUNT_COMPLAINT_PAIN,COUNT_PED_KILLED,COUNT_PED_INJURED,COUNT_BICYCLIST_KILLED,COUNT_BICYCLIST_INJURED,COUNT_MC_KILLED,COUNT_MC_INJURED,PRIMARY_RAMP,SECONDARY_RAMP,LATITUDE,LONGITUDE,COUNTY,CITY,POINT_X,POINT_Y
9468694,2023,2023-09-14,3801,2023-08-11,"920 ",4798,NORTH,5,5,7,3801,0,0,0,,0,3E00,"LAWTON ST","7TH AV",60.00,S,N,-,-,N,,,,,,,,,,N,3,0,1,2,A,-,08,22100,,N,B,G,A,A,H,-,A,A,0,,Y,,,Y,,A,01,0,1,0,0,0,0,1,0,0,"- ","- ",,,"SAN FRANCISCO","SAN FRANCISCO",-122.46382904052734,37.758541107177734
9468695,2023,2023-09-14,3801,2023-08-10,2131,1857,NORTH,4,5,7,3801,0,0,0,,0,3E6I,"PIERCE ST","ELM ST",0.00,,Y,A,-,N,,,,,,,,,,N,4,0,2,2,A,-,09,21801,A,N,D,D,A,A,H,-,C,D,0,,,,,Y,,A,01,0,0,2,0,0,0,0,0,0,"- ","- ",,,"SAN FRANCISCO","SAN FRANCISCO",-122.43534088134766,37.779670715332031
9468696,2023,2023-09-14,3801,2023-08-10,"640 ",2289,NORTH,4,5,7,3801,0,0,0,,0,,"GOUGH ST","BUSH ST",0.00,,-,A,-,N,,,,,,,,,,N,4,0,1,2,A,-,10,21950,A,N,G,B,B,A,H,-,A,A,0,Y,,,,Y,,A,01,0,0,1,0,1,0,0,0,0,"- ","- ",,,"SAN FRANCISCO","SAN FRANCISCO",-122.42523956298828,37.788066864013672
9468697,2023,2023-09-14,3801,2023-08-11,"802 ",1706,SOUTH,5,5,7,3801,0,0,0,,0,3B12A,"SOUTH VAN NESS AV","MARKET ST",0.00,,Y,A,-,N,,,,,,,,,,Y,4,0,1,2,A,-,04,21703,,N,C,C,A,A,H,-,A,A,0,,,,,Y,,D,22,0,0,1,0,0,0,0,0,0,"- ","- ",,,"SAN FRANCISCO","SAN FRANCISCO",-122.41925811767578,37.775169372558594
9468698,2023,2023-10-05,3801,2023-08-10,"850 ",2190,INGLE,4,5,7,3801,0,0,0,,0,3H13A,"30TH ST","CHENERY ST",0.00,,Y,A,-,N,,,,,,,,,,Y,3,0,3,3,A,-,12,22450,A,N,D,C,A,A,H,-,A,A,0,,,,,Y,,A,01,0,1,2,0,0,0,0,0,0,"- ","- ",,,"SAN FRANCISCO","SAN FRANCISCO",-122.42581176757812,37.742137908935547
9468699,2023,2023-09-14,3801,2023-08-13,"730 ",8,NORTH,7,5,7,3801,0,0,0,,0,3E11A,HAYES,"POLK ST",100.00,E,N,A,-,N,,,,,,,,,,Y,4,0,2,2,A,-,03,22350,,F,C,C,A,-,H,-,A,D,0,,,,,Y,,A,01,0,0,2,0,0,0,0,0,0,"- ","- ",,,"SAN FRANCISCO","SAN FRANCISCO",-122.41770172119141,37.777553558349609
9468700,2023,2023-09-14,3801,2023-08-12,1700,319,CENTR,6,5,7,3801,0,0,0,,0,3A13D,"WASHINGTON ST","HYDE ST",0.00,,Y,A,-,N,,,,,,,,,,N,4,0,1,2,A,-,03,22350,,F,D,B,B,A,H,-,A,A,0,Y,,,,Y,,A,01,0,0,1,0,1,0,0,0,0,"- ","- ",,,"SAN FRANCISCO","SAN FRANCISCO",-122.41793823242188,37.793689727783203
9468701,2023,2023-09-15,3801,2023-08-08,"209 ",2089,TENDE,2,5,7,3801,0,0,0,,0,COJ4CA,"EDDY ST","LEAVENWORTH ST",0.00,,Y,A,-,N,,,,,,,,,,N,4,0,1,2,A,-,03,22350,,F,G,B,D,A,H,-,C,A,0,Y,,,,Y,,A,01,0,0,1,0,1,0,0,0,0,"- ","- ",,,"SAN FRANCISCO","SAN FRANCISCO",-122.41423797607422,37.783729553222656
9468702,2023,2023-09-15,3801,2023-08-09,1452,4274,RICHM,3,5,7,3801,0,0,0,,0,3G15C,"27TH AV","GEARY BL",41.00,N,N,A,-,N,,,,,,,,,,Y,4,0,1,2,A,-,03,22350,,N,B,E,A,A,H,-,A,A,0,,,,,Y,,A,01,0,0,1,0,0,0,0,0,0,"- ","- ",,,"SAN FRANCISCO","SAN FRANCISCO",-122.48690032958984,37.780162811279297
9468703,2023,2023-09-14,3801,2023-08-16,1650,2486,TARAV,3,5,7,3801,0,0,0,,0,3I16D,"OCEAN AV","CERRITOS AV",0.00,,Y,A,-,N,,,,,,,,,,Y,4,0,1,2,A,-,09,21800,A,N,D,C,A,A,H,-,A,A,0,,,Y,,Y,,C,02,0,0,1,0,0,0,0,0,1,"- ","- ",,,"SAN FRANCISCO","SAN FRANCISCO",-122.4666748046875,37.727199554443359
9468704,2023,2023-09-14,3801,2023-08-11,2223,2335,PARK,5,5,7,3801,0,0,0,,0,0F3,"OAK ST","CENTRAL AV",0.00,,Y,A,-,N,,,,,,,,,,N,4,0,1,2,A,-,03,22350,,N,B,G,A,A,H,-,C,A,0,,Y,,,Y,,L,04,0,0,1,0,0,0,1,0,0,"- ","- ",,,"SAN FRANCISCO","SAN FRANCISCO",-122.44405364990234,37.772289276123047
9468705,2023,2023-09-15,3801,2023-08-07,2127,1750,NORTH,1,5,7,3801,0,0,0,,0,0E5,"LOMBARD ST","DIVISADERO ST",74.00,E,N,F,-,N,,,,,,,,,,N,3,0,1,2,A,-,11,21954,A,N,G,B,D,A,-,-,C,A,0,Y,,,,Y,,N,60,0,1,0,0,1,0,0,0,0,"- ","- ",,,"SAN FRANCISCO","SAN FRANCISCO",-122.44239807128906,37.799045562744141
9468706,2023,2023-09-14,3801,2023-08-08,1551,260,SOUTH,2,5,7,3801,0,0,0,,0,3B12D,"4TH ST","FOLSOM ST",0.00,,Y,A,-,N,,,,,,,,,,N,4,0,1,2,A,-,04,21703,,N,C,G,A,A,H,-,A,A,0,,Y,,,Y,,A,01,0,0,1,0,0,0,1,0,0,"- ","- ",,,"SAN FRANCISCO","SAN FRANCISCO",-122.40116119384766,37.782035827636719
9468709,2023,2023-09-27,3801,2023-08-10,1758,1215,MISSI,4,5,7,3801,0,0,0,,0,003,"S VAN NESS ST","21ST ST",0.00,,Y,-,-,N,,,,,,,,,,N,4,0,1,2,A,-,00,20002,A,M,C,C,A,-,-,-,-,-,0,,,,,Y,,A,01,0,0,1,0,0,0,0,0,0,"- ","- ",,,"SAN FRANCISCO","SAN FRANCISCO",-122.416748046875,37.757160186767578
9468710,2023,2023-09-15,3801,2023-08-01,2015,1427,TENDE,2,5,7,3801,0,0,0,,0,3J11D,"10TH ST","MARKET ST",0.00,,Y,A,G,N,,,,,,,,,,N,3,0,1,2,A,-,10,21950,C,F,G,B,B,A,H,-,C,A,0,Y,,,,Y,,A,01,0,1,0,0,1,0,0,0,0,"- ","- ",,,"SAN FRANCISCO","SAN FRANCISCO",-122.41753387451172,37.776527404785156
9468711,2023,2023-09-15,3801,2023-08-06,1410,2745,TENDE,7,5,7,3801,0,0,0,,0,3J91D,"MARKET ST","5TH ST",350.00,E,N,A,-,N,,,,,,,,,,N,4,0,1,1,A,-,"- ",,,N,H,-,A,-,H,-,A,D,0,,Y,,,Y,,L,04,0,0,1,0,0,0,1,0,0,"- ","- ",,,"SAN FRANCISCO","SAN FRANCISCO",-122.40719604492188,37.784671783447266
9468712,2023,2023-09-15,3801,2023-08-07,1725,2028,TENDE,1,5,7,3801,0,0,0,,0,3J11D,"9TH ST","MARKET ST",0.00,,Y,A,-,N,,,,,,,,,,Y,3,0,1,2,A,-,03,22350,,N,C,C,A,A,H,-,A,D,0,,,Y,,Y,,A,01,0,1,0,0,0,0,0,0,1,"- ","- ",,,"SAN FRANCISCO","SAN FRANCISCO",-122.41632843017578,37.777500152587891
9468714,2023,2023-09-14,3801,2023-08-08,1413,2097,BAYVI,2,5,7,3801,0,0,0,,0,3C2A,"OAKDALE AV","LOOMIS ST",0.00,,Y,A,-,N,,,,,,,,,,N,4,0,2,2,A,-,09,21802,A,N,D,C,A,A,H,-,A,A,0,,,,,Y,,A,01,0,0,2,0,0,0,0,0,0,"- ","- ",,,"SAN FRANCISCO","SAN FRANCISCO",-122.40431213378906,37.742527008056641
9468715,2023,2023-09-15,3801,2023-08-10,1710,2143,MISSI,4,5,7,3801,0,0,0,,0,3D16D,"16TH ST","BRYANT ST",237.00,E,N,A,-,N,,,,,,,,,,N,4,0,1,2,A,-,09,21801,A,N,D,C,A,A,H,-,A,D,0,,,,,Y,,A,01,0,0,1,0,0,0,0,0,0,"- ","- ",,,"SAN FRANCISCO","SAN FRANCISCO",-122.40969848632812,37.765632629394531
9468748,2023,2023-09-13,3801,2023-07-01,"210 ",2708,SOUTH,6,5,7,3801,0,0,0,,0,3B13E,"FOLSOM ST","7TH ST",0.00,,Y,A,-,N,,,,,,,,,,N,3,0,1,2,A,-,21,22106,A,N,-,G,A,A,H,-,C,D,0,,Y,,,Y,,A,01,0,1,0,0,0,0,1,0,0,"- ","- ",,,"SAN FRANCISCO","SAN FRANCISCO",-122.40784454345703,37.776771545410156
9468755,2023,2023-09-13,3801,2023-07-28,1859,4119,TRAFF,5,5,7,3801,0,0,0,,0,4B103,"DOLORSE ST","15TH ST",0.00,,Y,A,-,N,,,,,,,,,,N,3,0,1,2,A,-,12,21453,,N,D,J,A,A,H,-,A,A,0,,,Y,,Y,Y,A,01,0,1,0,0,0,0,0,0,1,"- ","- ",,,"SAN FRANCISCO","SAN FRANCISCO",-122.42659759521484,37.766258239746094
9468764,2023,2023-09-12,3801,2023-07-29,2342,1480,MISSI,6,5,7,3801,0,0,0,,0,3D15E,"MISSION ST","DUBOCE AV",0.00,,Y,A,-,N,,,,,,,,,,Y,3,0,1,2,A,-,12,21453,A,F,-,C,A,A,-,-,C,A,0,,,,,Y,,A,01,0,1,0,0,0,0,0,0,0,"- ","- ",,,"SAN FRANCISCO","SAN FRANCISCO",-122.42018127441406,37.769992828369141
9468780,2023,2023-09-12,3801,2023-07-29,1153,4006,TARAV,6,5,7,3801,0,0,0,,0,3112B,"ORTEGA ST","20TH AV",0.00,,Y,A,-,N,,,,,,,,,,Y,4,0,2,2,A,-,12,22450,A,N,D,C,A,A,H,-,A,A,0,,,,,Y,,A,01,0,0,2,0,0,0,0,0,0,"- ","- ",,,"SAN FRANCISCO","SAN FRANCISCO",-122.4774169921875,37.752300262451172
9468783,2023,2023-09-12,3801,2023-07-19,1625,1994,TRAFF,3,5,7,3801,0,0,0,,0,4B3G,"MARKET ST","CYRIL MAGNIN ST",30.00,W,N,A,-,N,,,,,,,,,,N,3,0,2,2,A,-,05,21651,,N,A,G,A,A,D,-,A,A,0,,Y,,,Y,,M,94,0,2,0,0,0,0,1,0,0,"- ","- ",,,"SAN FRANCISCO","SAN FRANCISCO",-122.40813446044922,37.783939361572266
9468784,2023,2023-09-12,3801,2023-07-29,1819,964,NORTH,6,5,7,3801,0,0,0,,0,3E13D,"FRANKLIN ST","GEARY BL",0.00,,Y,A,-,N,,,,,,,,,,N,2,0,1,2,A,-,05,21650,1,N,A,G,A,A,H,-,A,A,0,,Y,,,Y,,L,04,1,0,0,0,0,0,1,0,0,"- ","- ",,,"SAN FRANCISCO","SAN FRANCISCO",-122.42301940917969,37.785484313964844
9468785,2023,2023-09-12,3801,2023-07-30,"954 ",1364,NORTH,7,5,7,3801,0,0,0,,0,3E6A,"GOUGH ST","UNION ST",0.00,,Y,A,-,N,,,,,,,,,,N,2,0,1,2,A,-,11,21453,D,N,G,B,B,A,H,-,A,A,0,Y,,,,Y,,N,60,1,0,0,0,1,0,0,0,0,"- ","- ",,,"SAN FRANCISCO","SAN FRANCISCO",-122.42726135253906,37.798137664794922
9468786,2023,2023-09-12,3801,2023-07-30,1235,1364,NORTH,7,5,7,3801,0,0,0,,0,3E6A,"LAGUNA ST","MARINA BL",0.00,,N,A,-,N,,,,,,,,,,N,2,0,1,2,A,-,09,21804,A,F,D,B,D,A,H,-,A,D,0,Y,,,,Y,,A,07,1,0,0,0,1,0,0,0,0,"- ","- ",,,"SAN FRANCISCO","SAN FRANCISCO",-122.43206787109375,37.805210113525391
9468787,2023,2023-09-12,3801,2023-07-13,1820,2712,MISSI,4,5,7,3801,0,0,0,,0,0D6,"16TH ST","HARRISON ST",0.00,,Y,A,-,N,,,,,,,,,,N,4,0,1,2,A,-,12,21453,A,N,D,G,A,A,H,-,A,A,0,,Y,,,Y,,L,04,0,0,1,0,0,0,1,0,0,"- ","- ",,,"SAN FRANCISCO","SAN FRANCISCO",-122.41314697265625,37.765449523925781
9468788,2023,2023-09-12,3801,2023-07-23,1618,2228,CENTR,7,5,7,3801,0,0,0,,0,3A11D,"BUSH ST","LEAVENWORTH ST",0.00,,Y,A,-,N,,,,,,,,,,Y,4,0,3,2,A,-,08,22100,B,N,D,C,A,A,H,-,A,A,0,,,,,Y,,A,01,0,0,3,0,0,0,0,0,0,"- ","- ",,,"SAN FRANCISCO","SAN FRANCISCO",-122.41538238525391,37.789344787597656
9468789,2023,2023-09-12,3801,2023-07-16,"300 ",2153,TARAV,7,5,7,3801,0,0,0,,0,3115E,"JUNIPERO SERRA BL","19TH AV",0.00,,Y,A,-,N,,,,,,,,,,Y,4,0,1,2,A,-,03,22350,,F,C,C,A,A,H,-,C,A,0,,,,,Y,,-,,0,0,1,0,0,0,0,0,0,"- ","- ",,,"SAN FRANCISCO","SAN FRANCISCO",-122.47271728515625,37.717182159423828
9468791,2023,2023-09-11,3801,2023-07-11,1020,2476,SOUTH,2,5,7,3801,0,0,0,,0,3B14A,"MISSION ST","MISSION ST 680",0.00,,N,A,-,N,,,,,,,,,,Y,4,0,2,2,A,-,08,22107,,N,B,C,A,A,-,-,A,D,0,,,,,Y,,A,01,0,0,2,0,0,0,0,0,0,"- ","- ",,,"SAN FRANCISCO","SAN FRANCISCO",-122.41979217529297,37.7705078125
9468792,2023,2023-09-12,3801,2023-07-29,"937 ",2707,TARAV,6,5,7,3801,0,0,0,,0,6CAR,"SAN JOSE AV","ALEMANY BL",0.00,,Y,A,-,N,,,,,,,,,,Y,3,0,1,2,A,-,12,21453,A,N,D,C,A,A,H,-,A,A,0,,,,,Y,,A,01,0,1,0,0,0,0,0,0,0,"- ","- ",,,"SAN FRANCISCO","SAN FRANCISCO",-122.45709991455078,37.710071563720703
9468793,2023,2023-09-11,3801,2023-07-26,1440,82,MISSI,3,5,7,3801,0,0,0,,0,3D45C,"17TH ST","DOLORES ST",0.00,,Y,A,-,N,,,,,,,,,,N,4,0,1,2,A,-,12,21453,A,N,D,G,A,A,H,-,A,A,0,,Y,,,Y,,L,04,0,0,1,0,0,0,1,0,0,"- ","- ",,,"SAN FRANCISCO","SAN FRANCISCO",-122.42630004882812,37.763008117675781
9468794,2023,2023-09-11,3801,2023-07-26,2020,964,NORTH,3,5,7,3801,0,0,0,,0,3E14D,POST,"FILLMORE ST",0.00,,Y,A,-,N,,,,,,,,,,N,3,0,1,3,A,-,03,22350,,F,C,C,A,A,H,-,C,D,0,,,Y,,Y,,-,,0,1,0,0,0,0,0,0,1,"- ","- ",,,"SAN FRANCISCO","SAN FRANCISCO",-122.43308258056641,37.785160064697266
9468795,2023,2023-10-05,3801,2023-07-22,1336,637,MISSI,6,5,7,3801,0,0,0,,0,3D14C,"CESAR CHAVEZ ST","MISSION ST",0.00,,Y,A,-,N,,,,,,,,,,N,2,0,2,2,A,-,12,21453,A,N,D,C,A,A,H,-,A,A,0,,,,,Y,,M,94,1,0,1,0,0,0,0,0,0,"- ","- ",,,"SAN FRANCISCO","SAN FRANCISCO",-122.41819763183594,37.748222351074219
9468798,2023,2023-09-22,3801,2023-07-23,1045,2124,MISSI,7,5,7,3801,0,0,0,,0,3D11A,"S VAN NESS AV","13TH ST",0.00,,Y,A,-,N,,,,,,,,,,N,3,0,1,2,A,-,08,22107,,N,-,C,A,A,H,-,A,A,0,,,Y,,Y,,A,01,0,1,0,0,0,0,0,0,1,"- ","- ",,,"SAN FRANCISCO","SAN FRANCISCO",-122.41777801513672,37.7696533203125
9468799,2023,2023-09-11,3801,2023-07-25,1514,1414,MISSI,2,5,7,3801,0,0,0,,0,3D16D,"FOLSOM ST","18TH ST",150.00,N,N,A,-,N,,,,,,,,,,N,3,0,1,2,A,-,08,22107,,N,D,C,A,A,H,-,A,D,0,,,Y,,Y,,A,01,0,1,0,0,0,0,0,0,1,"- ","- ",,,"SAN FRANCISCO","SAN FRANCISCO",-122.41503143310547,37.76251220703125
9468800,2023,2023-09-11,3801,2023-07-25,1656,93,NORTH,2,5,7,3801,0,0,0,,0,3E6C,"VAN NESS AV","FRANCISCO ST",10.00,S,N,A,-,N,,,,,,,,,,N,4,0,1,2,A,-,08,22100,A,N,D,G,A,A,H,-,A,A,0,,Y,,,Y,,A,01,0,0,1,0,0,0,1,0,0,"- ","- ",,,"SAN FRANCISCO","SAN FRANCISCO",-122.42495727539062,37.803173065185547
9468801,2023,2023-09-11,3801,2023-07-26,2210,1706,SOUTH,3,5,7,3801,0,0,0,,0,3B14E,"HARRISON ST","HARRISON ST 674",0.00,,N,A,-,N,,,,,,,,,,N,4,0,1,2,D,-,00,,,N,B,G,A,A,H,-,D,A,0,,Y,,,Y,,-,"- ",0,0,1,0,0,0,1,0,0,"- ","- ",,,"SAN FRANCISCO","SAN FRANCISCO",,
9468802,2023,2023-09-11,3801,2023-07-27,1305,1123,SOUTH,4,5,7,3801,0,0,0,,0,3B14A,"OCTAVIA BL","MARKET ST",0.00,,Y,A,-,N,,,,,,,,,,N,4,0,1,2,A,-,04,21703,,N,C,C,A,A,H,-,A,A,0,,,,,Y,,A,01,0,0,1,0,0,0,0,0,0,"- ","- ",,,"SAN FRANCISCO","SAN FRANCISCO",-122.42359161376953,37.771774291992188
9468803,2023,2023-09-22,3801,2023-07-27,1422,2493,PARK,4,5,7,3801,0,0,0,,0,3F13A,"FELL ST","MASONIC AV",0.00,,Y,A,-,N,,,,,,,,,,N,3,0,1,2,A,-,08,22100,B,N,H,G,A,A,H,-,A,A,0,,Y,,,Y,,A,01,0,1,0,0,0,0,1,0,0,"- ","- ",,,"SAN FRANCISCO","SAN FRANCISCO",-122.44591522216797,37.772983551025391
9468804,2023,2023-09-11,3801,2023-07-28,"141 ",1308,SOUTH,5,5,7,3801,0,0,0,,0,3B12E,"HOWARD RD","6TH ST",0.00,,Y,A,-,N,,,,,,,,,,N,4,0,1,2,A,-,12,21453,A,F,D,G,A,A,H,-,B,A,0,,Y,Y,,Y,,L,04,0,0,1,0,0,0,1,0,0,"- ","- ",,,"SAN FRANCISCO","SAN FRANCISCO",-122.40714263916016,37.779750823974609
9468805,2023,2023-09-11,3801,2023-07-28,1729,2379,CENTR,5,5,7,3801,0,0,0,,0,3A12D,"KEARNY ST","POST ST",0.00,,Y,A,-,N,,,,,,,,,,N,3,0,1,2,A,-,03,22350,,F,C,C,A,A,H,-,A,A,0,,,Y,,Y,,A,01,0,1,0,0,0,0,0,0,1,"- ","- ",,,"SAN FRANCISCO","SAN FRANCISCO",-122.40365600585938,37.788902282714844
9468806,2023,2023-09-11,3801,2023-07-24,1049,2097,BAYVI,1,5,7,3801,0,0,0,,0,3C3,"NEWHALL ST","HUDSON AV",0.00,,Y,A,-,N,,,,,,,,,,N,4,0,1,2,A,-,10,21950,A,N,G,B,B,A,H,-,A,D,0,Y,,,,Y,,A,01,0,0,1,0,1,0,0,0,0,"- ","- ",,,"SAN FRANCISCO","SAN FRANCISCO",-122.38828277587891,37.74005126953125
9468807,2023,2023-09-11,3801,2023-07-25,1817,1352,MISSI,2,5,7,3801,0,0,0,,0,3D2C,"DOLORES ST","19TH ST",0.00,,Y,A,-,N,,,,,,,,,,N,2,0,1,1,A,-,03,22350,,N,H,G,A,A,H,-,A,A,0,,Y,,,Y,Y,L,04,1,0,0,0,0,0,1,0,0,"- ","- ",,,"SAN FRANCISCO","SAN FRANCISCO",-122.42600250244141,37.759849548339844
9468808,2023,2023-09-11,3801,2023-07-30,"45  ",1827,MISSI,7,5,7,3801,0,0,0,,0,3D15E,"14TH ST","MISSION ST",0.00,,Y,A,-,N,,,,,,,,,,N,3,0,1,2,A,-,11,21954,A,N,A,B,D,A,H,-,C,A,0,Y,,,,Y,Y,N,60,0,1,0,0,1,0,0,0,0,"- ","- ",,,"SAN FRANCISCO","SAN FRANCISCO",-122.41996765136719,37.768291473388672
9468809,2023,2023-09-11,3801,2023-07-30,1051,2151,PARK,7,5,7,3801,0,0,0,,0,3F13A,"MASONIC AV","OAK ST",0.00,,Y,A,-,N,,,,,,,,,,N,4,0,2,3,A,-,08,22107,,N,G,B,B,A,H,-,A,A,0,Y,,,,Y,,A,01,0,0,2,0,2,0,0,0,0,"- ","- ",,,"SAN FRANCISCO","SAN FRANCISCO",-122.44575500488281,37.772083282470703
9468810,2023,2023-09-11,3801,2023-07-30,1819,1215,MISSI,7,5,7,3801,0,0,0,,0,001,"VALENCIA ST","17TH ST",24.00,N,N,A,-,N,,,,,,,,,,N,4,0,1,2,A,-,17,21461,A,N,D,C,A,A,H,-,A,A,0,,,Y,,Y,,A,01,0,0,1,0,0,0,0,0,1,"- ","- ",,,"SAN FRANCISCO","SAN FRANCISCO",-122.42174530029297,37.76336669921875
9468811,2023,2023-09-21,3801,2023-07-28,2136,740,MISSI,5,5,7,3801,0,0,0,,0,0D4,"24TH ST","CAPP ST",60.00,W,N,A,-,N,,,,,,,,,,N,3,0,1,2,A,-,17,22517,,N,B,E,A,A,H,-,C,D,0,,,,,Y,,A,01,0,1,0,0,0,0,0,0,0,"- ","- ",,,"SAN FRANCISCO","SAN FRANCISCO",-122.41754913330078,37.752300262451172
9468812,2023,2023-09-11,3801,2023-07-24,1540,4047,MISSI,1,5,7,3801,0,0,0,,0,3D16D,"FOLSOM ST","17TH ST",166.00,N,N,A,-,N,,,,,,,,,,N,4,0,1,2,A,-,17,22517,,N,H,G,A,A,H,-,A,D,0,,Y,,,Y,,A,01,0,0,1,0,0,0,1,0,0,"- ","- ",,,"SAN FRANCISCO","SAN FRANCISCO",-122.41519165039062,37.764144897460938
9468827,2023,2023-09-13,3801,2023-07-12,1230,1061,SOUTH,3,5,7,3801,0,0,0,,0,3B5A,"BERRY ST","BERRY ST 150",0.00,,N,A,-,N,,,,,,,,,,N,4,0,1,2,D,-,00,,,N,D,C,A,A,H,-,A,D,0,,,Y,,Y,Y,-,"- ",0,0,1,0,0,0,0,0,1,"- ","- ",,,"SAN FRANCISCO","SAN FRANCISCO",,
9468828,2023,2023-09-13,3801,2023-07-25,1809,4103,MISSI,2,5,7,3801,0,0,0,,0,903,"CYPRESS ST","26TH ST",0.00,,Y,A,-,N,,,,,,,,,,Y,4,0,2,4,A,-,01,23152,F,N,D,C,A,A,H,-,A,D,0,,,,,Y,Y,A,01,0,0,2,0,0,0,0,0,0,"- ","- ",,,"SAN FRANCISCO","SAN FRANCISCO",-122.41651916503906,37.749141693115234
9468830,2023,2023-11-27,3801,2023-07-16,1627,1371,RICHM,7,5,7,3801,0,0,0,,0,003,"CALIFORNIA ST","14TH AV",0.00,,Y,-,-,N,,,,,,,,,,N,3,0,2,2,A,-,09,21804,A,N,D,C,A,A,H,-,A,A,0,,,,,Y,,A,01,0,1,1,0,0,0,0,0,0,"- ","- ",,,"SAN FRANCISCO","SAN FRANCISCO",-122.47312927246094,37.784431457519531
9468831,2023,2023-09-13,3801,2023-07-12,1715,2401,MISSI,3,5,7,3801,0,0,0,,0,3D45C,"SAN CARLOS ST","21ST ST",0.00,,Y,-,-,N,,,,,,,,,,N,3,0,1,2,A,-,17,21657,,F,A,G,A,-,-,-,-,-,0,,Y,Y,,Y,,C,03,0,1,0,0,0,0,1,0,0,"- ","- ",,,"SAN FRANCISCO","SAN FRANCISCO",-122.41970062255859,37.756980895996094
9468832,2023,2023-09-13,3801,2023-07-10,1915,837,CENTR,1,5,7,3801,0,0,0,,0,3A12D,"STOCKTON ST","WASHINGTON ST",0.00,,Y,A,G,N,,,,,,,,,,N,4,0,1,2,A,-,06,21755,A,N,H,B,D,A,H,-,B,A,0,Y,,,,Y,,N,60,0,0,1,0,1,0,0,0,0,"- ","- ",,,"SAN FRANCISCO","SAN FRANCISCO",-122.40802764892578,37.794960021972656
9468848,2023,2023-09-12,3801,2023-06-24,2320,4115,SOUTH,6,5,7,3801,0,0,0,,0,3B14E,"TOWNSEND ST","5TH ST",0.00,,Y,A,-,N,,,,,,,,,,Y,4,0,1,2,A,-,04,21703,,N,C,C,A,A,H,-,C,A,0,,,,,Y,,A,01,0,0,1,0,0,0,0,0,0,"- ","- ",,,"SAN FRANCISCO","SAN FRANCISCO",-122.39722442626953,37.775348663330078
9468849,2023,2023-09-21,3801,2023-06-16,1944,341,NORTH,5,5,7,3801,0,0,0,,0,3E16E,BROADWAY,"LARKIN ST",0.00,,Y,A,-,N,,,,,,,,,,N,4,0,1,2,A,-,02,22400,A,N,C,C,A,A,H,-,A,A,0,,,Y,,Y,,A,01,0,0,1,0,0,0,0,0,1,"- ","- ",,,"SAN FRANCISCO","SAN FRANCISCO",-122.42012786865234,37.796218872070312
9468850,2023,2023-09-12,3801,2023-06-09,1243,2123,BAYVI,5,5,7,3801,0,0,0,,0,3C12A,"LOOMIS ST","OAKDALE AV",0.00,,Y,A,-,N,,,,,,,,,,Y,3,0,1,2,A,-,09,21802,A,N,D,C,A,A,H,-,A,A,0,,,,,Y,,A,01,0,1,0,0,0,0,0,0,0,"- ","- ",,,"SAN FRANCISCO","SAN FRANCISCO",-122.40431213378906,37.742527008056641
9468851,2023,2023-09-12,3801,2023-06-01,1500,637,MISSI,4,5,7,3801,0,0,0,,0,3D15D,"SOUTH VAN NESS","13TH ST",25.00,N,N,A,-,N,,,,,,,,,,N,4,0,1,2,A,-,04,21703,,N,C,C,A,A,H,-,A,A,0,,,,,Y,,A,01,0,0,1,0,0,0,0,0,0,"- ","- ",,,"SAN FRANCISCO","SAN FRANCISCO",-122.41777038574219,37.769718170166016
9468852,2023,2023-09-12,3801,2023-06-25,"541 ",1741,SOUTH,7,5,7,3801,0,0,0,,0,901,"SOUTH VAN NESS AV","HOWARD ST",0.00,,Y,A,-,N,,,,,,,,,,N,2,0,1,2,A,-,09,21804,A,F,D,C,A,A,H,-,B,A,0,,,Y,,Y,Y,A,01,1,0,0,0,0,0,0,0,1,"- ","- ",,,"SAN FRANCISCO","SAN FRANCISCO",-122.41763305664062,37.770336151123047
9468853,2023,2023-09-12,3801,2023-06-23,1610,2455,CENTR,5,5,7,3801,0,0,0,,0,3A15D,"THE EMBARCADERO","THE EMBARCADERO 1",0.00,,Y,A,-,N,,,,,,,,,,N,4,0,1,2,D,-,00,,,N,B,G,A,A,H,-,A,A,0,,Y,,,Y,,-,"- ",0,0,1,0,0,0,1,0,0,"- ","- ",,,"SAN FRANCISCO","SAN FRANCISCO",-122.38925933837891,37.780281066894531