CASE_ID,ACCIDENT_YEAR,PROC_DATE,JURIS,COLLISION_DATE,COLLISION_TIME,OFFICER_ID,REPORTING_DISTRICT,DAY_OF_WEEK,CHP_SHIFT,POPULATION,CNTY_CITY_LOC,SPECIAL_COND,BEAT_TYPE,CHP_BEAT_TYPE,CITY_DIVISION_LAPD,CHP_BEAT_CLASS,BEAT_NUMBER,PRIMARY_RD,SECONDARY_RD,DISTANCE,DIRECTION,INTERSECTION,WEATHER_1,WEATHER_2,STATE_HWY_IND,CALTRANS_COUNTY,CALTRANS_DISTRICT,STATE_ROUTE,ROUTE_SUFFIX,POSTMILE_PREFIX,POSTMILE,LOCATION_TYPE,RAMP_INTERSECTION,SIDE_OF_HWY,TOW_AWAY,COLLISION_SEVERITY,NUMBER_KILLED,NUMBER_INJURED,PARTY_COUNT,PRIMARY_COLL_FACTOR,PCF_CODE_OF_VIOL,PCF_VIOL_CATEGORY,PCF_VIOLATION,PCF_VIOL_SUBSECTION,HIT_AND_RUN,TYPE_OF_COLLISION,MVIW,PED_ACTION,ROAD_SURFACE,ROAD_COND_1,ROAD_COND_2,LIGHTING,CONTROL_DEVICE,CHP_ROAD_TYPE,PEDESTRIAN_ACCIDENT,BICYCLE_ACCIDENT,MOTORCYCLE_ACCIDENT,TRUCK_ACCIDENT,NOT_PRIVATE_PROPERTY,ALCOHOL_INVOLVED,STWD_VEHTYPE_AT_FAULT,CHP_VEHTYPE_AT_FAULT,COUNT_SEVERE_INJ,COUNT_VISIBLE_INJ,COUNT_COMPLAINT_PAIN,COUNT_PED_KILLED,COUNT_PED_INJURED,COUNT_BICYCLIST_KILLED,COUNT_BICYCLIST_INJURED,COUNT_MC_KILLED,COUNT_MC_INJURED,PRIMARY_RAMP,SECONDARY_RAMP,LATITUDE,LONGITUDE,COUNTY,CITY,POINT_X,POINT_Y
9468931,2023,2023-09-11,3801,2023-04-30,2156,1830,CENTR,7,5,7,3801,0,0,0,,0,3A12E,"TAYLOR ST","GEARY ST",0.00,,Y,A,-,N,,,,,,,,,,N,4,0,1,2,A,-,12,21453,A,N,D,J,A,A,H,-,C,A,0,,,Y,,Y,,C,03,0,0,1,0,0,0,0,0,1,"- ","- ",,,"SAN FRANCISCO","SAN FRANCISCO",-122.41151428222656,37.786949157714844
9469441,2023,2023-09-13,3801,2023-08-28,1529,364,SOUTH,1,5,7,3801,0,0,0,,0,3B12D,"4TH ST","HARRISON ST",0.00,,Y,A,-,N,,,,,,,,,,N,3,0,1,2,A,-,17,21235,G,N,D,B,F,A,H,-,A,D,0,Y,,Y,,Y,,C,03,0,1,0,0,1,0,0,0,0,"- ","- ",,,"SAN FRANCISCO","SAN FRANCISCO",-122.39962768554688,37.780776977539062
9469442,2023,2023-09-13,3801,2023-08-28,1542,4286,RICHM,1,5,7,3801,0,0,0,,0,0G4,"FULTON ST","21ST AV",0.00,,Y,A,-,N,,,,,,,,,,N,3,0,2,2,A,-,09,21801,A,N,D,C,A,A,H,-,A,D,0,,,,,Y,,A,07,0,2,0,0,0,0,0,0,0,"- ","- ",,,"SAN FRANCISCO","SAN FRANCISCO",-122.47991180419922,37.772747039794922
9469443,2023,2023-09-13,3801,2023-08-30,1509,2499,TARAV,3,5,7,3801,0,0,0,,0,,"LINCOLN WY","22ND AV",0.00,,Y,A,-,N,,,,,,,,,,Y,4,0,3,2,A,-,08,22100,B,N,D,C,A,A,H,-,A,D,0,,,,,Y,,A,01,0,0,3,0,0,0,0,0,0,"- ","- ",,,"SAN FRANCISCO","SAN FRANCISCO",-122.48046875,37.765312194824219
9469444,2023,2023-09-26,3801,2023-08-31,"53  ",400,SOUTH,4,5,7,3801,0,0,0,,0,,"KING ST","3RD ST",0.00,,Y,A,-,N,,,,,,,,,,Y,4,0,1,2,A,-,09,21453,C,N,D,C,A,A,H,-,C,A,0,,,,,Y,,A,01,0,0,1,0,0,0,0,0,0,"- ","- ",,,"SAN FRANCISCO","SAN FRANCISCO",-122.39195251464844,37.778202056884766
9469445,2023,2023-09-13,3801,2023-08-29,1406,93,NORTH,2,5,7,3801,0,0,0,,0,3E76,"FRANKLIN ST","PACIFIC ST",17.00,S,N,A,-,N,,,,,,,,,,Y,4,0,1,2,A,-,12,21453,A,N,D,C,A,A,H,-,A,A,0,,,,,Y,,A,01,0,0,1,0,0,0,0,0,0,"- ","- ",,,"SAN FRANCISCO","SAN FRANCISCO",-122.42484283447266,37.794563293457031
9469446,2023,2023-09-13,3801,2023-08-29,1523,1557,TARAV,2,5,7,3801,0,0,0,,0,3114A,"SLOAT BL","19TH AV",0.00,,Y,A,-,N,,,,,,,,,,Y,3,0,1,2,A,-,09,21801,A,N,D,C,A,A,H,-,A,A,0,,,Y,,Y,,C,03,0,1,0,0,0,0,0,0,1,"- ","- ",,,"SAN FRANCISCO","SAN FRANCISCO",-122.47511291503906,37.734561920166016
9469447,2023,2023-09-13,3801,2023-08-26,1556,2419,RICHM,6,5,7,3801,0,0,0,,0,908,"FULTON ST","2ND AV",0.00,,Y,A,-,N,,,,,,,,,,,4,0,1,2,A,-,11,21950,B,N,G,B,B,A,H,-,A,D,0,Y,,,,Y,,N,60,0,0,1,0,1,0,0,0,0,"- ","- ",,,"SAN FRANCISCO","SAN FRANCISCO",-122.45948791503906,37.774169921875
9469448,2023,2023-09-13,3801,2023-08-29,1337,1051,NORTH,2,5,7,3801,0,0,0,,0,3E13C,"POST ST","POLK ST",0.00,,Y,A,-,N,,,,,,,,,,N,4,0,1,2,A,-,12,21453,A,N,D,G,A,A,H,-,A,A,0,,Y,,,Y,,L,04,0,0,1,0,0,0,1,0,0,"- ","- ",,,"SAN FRANCISCO","SAN FRANCISCO",-122.41989898681641,37.786834716796875
9469449,2023,2023-09-21,3801,2023-08-27,1604,2718,BAYVI,7,5,7,3801,0,0,0,,0,3C11D,"BAYSHORE BL","QUNIT ST",0.00,,Y,A,-,N,,,,,,,,,,Y,3,0,3,2,A,-,09,21801,A,N,D,C,A,A,H,-,A,A,0,,,,,Y,,A,01,0,1,2,0,0,0,0,0,0,"- ","- ",,,"SAN FRANCISCO","SAN FRANCISCO",-122.40306854248047,37.729900360107422
9469450,2023,2023-09-13,3801,2023-08-27,1951,158,NORTH,7,5,7,3801,0,0,0,,0,3E14D,"STEINER ST","FELL ST",0.00,,Y,A,-,N,,,,,,,,,,N,4,0,2,2,A,-,09,21801,A,N,A,C,A,A,H,-,B,A,0,,,Y,,Y,,A,01,0,0,2,0,0,0,0,0,2,"- ","- ",,,"SAN FRANCISCO","SAN FRANCISCO",-122.43265533447266,37.774684906005859
9469451,2023,2023-09-13,3801,2023-08-27,1214,306,TENDE,7,5,7,3801,0,0,0,,0,3J12A,"MASON ST","OFARRELL ST",0.00,,Y,A,-,N,,,,,,,,,,N,4,0,1,2,A,-,10,21950,A,N,G,B,B,A,H,-,A,A,0,Y,,,,Y,,A,01,0,0,1,0,1,0,0,0,0,"- ","- ",,,"SAN FRANCISCO","SAN FRANCISCO",-122.40966033935547,37.786220550537109
9469452,2023,2023-09-21,3801,2023-08-27,1350,537,PARK,7,5,7,3801,0,0,0,,0,3F00,"OAK ST","SCOTT ST",0.00,,Y,A,-,N,,,,,,,,,,N,4,0,1,2,A,-,"- ",,,N,A,G,A,A,H,-,A,D,0,,Y,,,Y,,-,"- ",0,0,1,0,0,0,1,0,0,"- ","- ",,,"SAN FRANCISCO","SAN FRANCISCO",-122.43576812744141,37.773334503173828
9469453,2023,2023-09-13,3801,2023-08-25,1535,964,NORTH,5,5,7,3801,0,0,0,,0,3E13D,"VAN NESS AV","GROVE ST",0.00,,Y,A,-,N,,,,,,,,,,N,4,0,2,2,A,-,04,21703,,N,C,C,A,A,H,-,A,A,0,,,,,Y,,A,01,0,0,2,0,0,0,0,0,0,"- ","- ",,,"SAN FRANCISCO","SAN FRANCISCO",-122.41981506347656,37.778255462646484
9469454,2023,2023-09-13,3801,2023-08-26,"144 ",2307,NORTH,6,5,7,3801,0,0,0,,0,3E13E,"VAN NESS AV","SUTTER ST",0.00,,Y,A,-,N,,,,,,,,,,N,4,0,1,2,A,-,12,21453,A,N,G,B,B,A,H,-,C,A,0,Y,,,,Y,Y,A,01,0,0,1,0,1,0,0,0,0,"- ","- ",,,"SAN FRANCISCO","SAN FRANCISCO",-122.42173767089844,37.787551879882812
9469455,2023,2023-09-13,3801,2023-07-08,2328,592,TENDE,6,5,7,3801,0,0,0,,0,0J3,"GOLDEN GATE AV","HYDE ST",0.00,,Y,A,-,N,,,,,,,,,,Y,4,0,2,2,A,-,12,21453,A,F,D,C,A,A,H,-,C,A,0,,,,,Y,,A,01,0,0,2,0,0,0,0,0,0,"- ","- ",,,"SAN FRANCISCO","SAN FRANCISCO",-122.41549682617188,37.781650543212891
9469456,2023,2023-09-13,3801,2023-08-18,2153,1967,NORTH,5,5,7,3801,0,0,0,,0,3E12A,"MCALLISTER ST","GOUGH ST",0.00,,Y,A,-,N,,,,,,,,,,N,3,0,1,2,A,-,21,22106,,F,G,B,B,A,H,-,C,A,0,Y,,,,Y,,A,01,0,1,0,0,1,0,0,0,0,"- ","- ",,,"SAN FRANCISCO","SAN FRANCISCO",-122.42353820800781,37.779670715332031
9469457,2023,2023-09-13,3801,2023-08-07,"158 ",2391,NORTH,1,5,7,3801,0,0,0,,0,3E12E,"HAYES ST","POLK ST",0.00,,Y,A,G,N,,,,,,,,,,N,3,0,1,2,A,-,12,21453,A,N,D,G,A,A,H,-,C,A,0,,Y,,,Y,,L,04,0,1,0,0,0,0,1,0,0,"- ","- ",,,"SAN FRANCISCO","SAN FRANCISCO",-122.41803741455078,37.777507781982422
9469458,2023,2023-09-21,3801,2023-08-17,1400,1759,PARK,4,5,7,3801,0,0,0,,0,,"ASHBURY ST","CLAYTON ST",32.00,E,N,A,-,N,,,,,,,,,,N,3,0,1,2,A,-,08,22107,,N,D,G,A,A,H,-,A,D,0,,Y,,,Y,Y,L,04,0,1,0,0,0,0,1,0,0,"- ","- ",,,"SAN FRANCISCO","SAN FRANCISCO",-122.44696044921875,37.762763977050781
9469459,2023,2023-09-13,3801,2023-08-28,"900 ",1210,INGLE,1,5,7,3801,0,0,0,,0,0H1,"ALEMANY BL","SAN BRUNO AV",0.00,,Y,A,-,N,,,,,,,,,,N,4,0,1,2,A,-,08,22107,,N,H,A,A,A,H,-,A,D,0,,,Y,,Y,,A,01,0,0,1,0,0,0,0,0,1,"- ","- ",,,"SAN FRANCISCO","SAN FRANCISCO",-122.40817260742188,37.735885620117188
9469460,2023,2023-09-13,3801,2023-08-28,1337,1297,PARK,1,5,7,3801,0,0,0,,0,3F13A,"BLAKE ST","ANZA ST",0.00,,Y,A,-,N,,,,,,,,,,N,4,0,1,2,A,-,10,21950,A,N,G,B,B,A,H,-,A,D,0,Y,,,,Y,,A,01,0,0,1,0,1,0,0,0,0,"- ","- ",,,"SAN FRANCISCO","SAN FRANCISCO",-122.45082092285156,37.7806396484375
9469521,2023,2023-12-15,3801,2023-08-28,"659 ",1825,SOUTH,1,5,7,3801,0,0,0,,0,3B2A,"2ND ST","HOWARD ST",0.00,,Y,A,-,N,,,,,,,,,,Y,3,0,1,2,A,-,17,21461,A,N,G,B,B,A,H,-,A,A,0,Y,,,,Y,,A,07,0,1,0,0,1,0,0,0,0,"- ","- ",,,"SAN FRANCISCO","SAN FRANCISCO",-122.39824676513672,37.786788940429688
9469522,2023,2023-10-02,3801,2023-08-28,"915 ",1457,TARAV,1,5,7,3801,0,0,0,,0,001,"DEWEY BL","LAGUNA HONDA BL",232.00,W,N,B,-,N,,,,,,,,,,N,3,0,1,2,A,-,08,22107,,N,G,B,E,A,H,-,A,D,0,Y,,,,Y,,A,01,0,1,0,0,1,0,0,0,0,"- ","- ",,,"SAN FRANCISCO","SAN FRANCISCO",-122.45976257324219,37.746826171875
9469523,2023,2023-10-02,3801,2023-08-10,2110,524,INGLE,4,5,7,3801,0,0,0,,0,3H15E,"ALEMANY BL","SICKLES AV",0.00,,Y,A,-,N,,,,,,,,,,N,4,0,1,3,A,-,12,21453,A,N,D,C,A,A,H,-,C,A,0,,,,,Y,,A,01,0,0,1,0,0,0,0,0,0,"- ","- ",,,"SAN FRANCISCO","SAN FRANCISCO",-122.45491790771484,37.710514068603516
9469524,2023,2023-10-02,3801,2023-08-11,1512,1620,RICHM,5,5,7,3801,0,0,0,,0,,"GEARY BL","12TH AV",0.00,,Y,A,-,N,,,,,,,,,,Y,3,0,2,2,A,-,09,21801,,N,D,D,A,A,H,-,A,A,0,,,,,Y,,A,01,0,1,1,0,0,0,0,0,0,"- ","- ",,,"SAN FRANCISCO","SAN FRANCISCO",-122.470703125,37.780792236328125
9469525,2023,2023-10-02,3801,2023-06-08,2327,1830,CENTR,4,5,7,3801,0,0,0,,0,3A13E,"COLUMBUS AV","NORTH POINT ST",173.00,S,N,A,-,N,,,,,,,,,,N,2,0,1,2,A,-,03,22350,,F,G,B,D,A,H,-,C,A,0,Y,,,,Y,,-,,1,0,0,0,1,0,0,0,0,"- ","- ",,,"SAN FRANCISCO","SAN FRANCISCO",-122.41790771484375,37.805675506591797
9469526,2023,2023-10-02,3801,2023-08-09,1530,1544,CENTR,3,5,7,3801,0,0,0,,0,3A90A,"BROADWAY ST","KEARNY ST",50.00,E,N,A,-,N,,,,,,,,,,Y,3,0,1,2,A,-,08,22107,,N,D,C,A,A,H,-,A,D,0,,,Y,,Y,,A,01,0,1,0,0,0,0,0,0,1,"- ","- ",,,"SAN FRANCISCO","SAN FRANCISCO",-122.40531921386719,37.798042297363281
9469527,2023,2023-10-02,3801,2023-08-26,2229,2186,INGLE,6,5,7,3801,0,0,0,,0,3H15E,"ALEMANY BL","SENECA AV",620.00,S,N,A,-,N,,,,,,,,,,N,3,0,1,2,A,-,11,21954,A,N,G,B,D,A,H,-,C,D,0,Y,,,,Y,,N,60,0,1,0,0,1,0,0,0,0,"- ","- ",,,"SAN FRANCISCO","SAN FRANCISCO",-122.44288635253906,37.717464447021484
9469528,2023,2023-10-02,3801,2023-08-26,2222,483,MISSI,6,5,7,3801,0,0,0,,0,,"VALENCIA ST","DUBOCE ST",120.00,S,N,A,-,N,,,,,,,,,,Y,4,0,1,2,A,-,03,22350,,N,C,C,A,A,H,-,C,D,0,,,,,Y,,A,01,0,0,1,0,0,0,0,0,0,"- ","- ",,,"SAN FRANCISCO","SAN FRANCISCO",-122.42233276367188,37.769542694091797
9469529,2023,2023-10-02,3801,2023-08-26,1102,1394,MISSI,6,5,7,3801,0,0,0,,0,006,"POTRERO AV","23RD ST",0.00,,Y,A,-,N,,,,,,,,,,Y,4,0,2,3,A,-,09,21801,A,N,D,C,A,A,H,-,A,D,0,,,,,Y,,A,01,0,0,2,0,0,0,0,0,0,"- ","- ",,,"SAN FRANCISCO","SAN FRANCISCO",-122.40647125244141,37.75457763671875
9469530,2023,2023-10-02,3801,2023-08-26,1411,2728,TENDE,6,5,7,3801,0,0,0,,0,908,"EDDY ST","HYDE ST",0.00,,Y,A,-,N,,,,,,,,,,Y,2,0,1,2,A,-,09,21801,A,N,F,G,A,A,H,-,A,A,0,,Y,,,Y,,A,01,1,0,0,0,0,0,1,0,0,"- ","- ",,,"SAN FRANCISCO","SAN FRANCISCO",-122.41588592529297,37.783512115478516
9469531,2023,2023-10-02,3801,2023-08-25,1920,1875,BAYVI,5,5,7,3801,0,0,0,,0,3C13D,"LA SALLE AV","OSCEOLA LN",300.00,E,N,A,-,N,,,,,,,,,,Y,3,0,1,2,A,-,01,23152,A,M,C,E,A,A,H,-,A,D,0,,,,,Y,Y,A,01,0,1,0,0,0,0,0,0,0,"- ","- ",,,"SAN FRANCISCO","SAN FRANCISCO",-122.38291168212891,37.732070922851562
9469532,2023,2023-10-02,3801,2023-08-26,"900 ",4356,INGLE,6,5,7,3801,0,0,0,,0,3H15A,"GENEVA AV","MOSCOW ST",0.00,,Y,A,-,N,,,,,,,,,,Y,3,0,2,2,A,-,09,21801,A,N,D,C,A,A,H,-,A,A,0,,,,,Y,,A,01,0,2,0,0,0,0,0,0,0,"- ","- ",,,"SAN FRANCISCO","SAN FRANCISCO",-122.43374633789062,37.713130950927734
9469533,2023,2023-10-02,3801,2023-08-25,1706,2461,SOUTH,5,5,7,3801,0,0,0,,0,0B1,"THE EMBARCADERO","FOLSOM ST",0.00,,Y,A,-,N,,,,,,,,,,N,3,0,1,2,-,-,"- ",,,N,H,G,A,A,H,-,A,A,0,,Y,,,Y,,-,"- ",0,1,0,0,0,0,1,0,0,"- ","- ",,,"SAN FRANCISCO","SAN FRANCISCO",-122.39015960693359,37.790756225585938
9469534,2023,2023-10-02,3801,2023-08-25,1923,2355,TARAV,5,5,7,3801,0,0,0,,0,0I2,"ORTEGA ST","30TH AV",0.00,,Y,B,-,N,,,,,,,,,,N,2,0,2,3,A,-,10,21950,A,N,G,B,B,A,H,-,A,A,0,Y,,,,Y,,A,01,2,0,0,0,2,0,0,0,0,"- ","- ",,,"SAN FRANCISCO","SAN FRANCISCO",-122.48812103271484,37.751857757568359
9469535,2023,2023-10-02,3801,2023-08-25,1520,1215,MISSI,5,5,7,3801,0,0,0,,0,001,"VALENCIA ST","SYCAMORE ST",0.00,,Y,A,-,N,,,,,,,,,,N,3,0,1,2,A,-,08,22107,,N,D,G,A,A,H,-,A,D,0,,Y,,,Y,,A,01,0,1,0,0,0,0,1,0,0,"- ","- ",,,"SAN FRANCISCO","SAN FRANCISCO",-122.42164611816406,37.762550354003906
9469536,2023,2023-10-02,3801,2023-08-25,1536,2379,CENTR,5,5,7,3801,0,0,0,,0,3A12D,"PINE ST","KEARNY ST",0.00,,Y,A,-,N,,,,,,,,,,N,3,0,1,2,A,-,10,21950,A,N,A,B,B,A,H,-,A,A,0,Y,,,,Y,,A,07,0,1,0,0,1,0,0,0,0,"- ","- ",,,"SAN FRANCISCO","SAN FRANCISCO",-122.40421295166016,37.791694641113281
9469537,2023,2023-10-02,3801,2023-08-24,1534,2390,MISSI,4,5,7,3801,0,0,0,,0,3D16D,"YORK ST","24TH ST",198.00,N,N,A,-,N,,,,,,,,,,Y,3,0,1,4,A,-,09,21804,A,N,B,C,A,A,H,-,A,D,0,,,,,Y,,A,01,0,1,0,0,0,0,0,0,0,"- ","- ",,,"SAN FRANCISCO","SAN FRANCISCO",-122.40823364257812,37.753414154052734
9469538,2023,2023-10-02,3801,2023-08-24,1828,1845,TARAV,4,5,7,3801,0,0,0,,0,3I11D,"JUDAH ST","18TH AV",0.00,,Y,A,-,N,,,,,,,,,,Y,3,0,1,2,A,-,08,22101,D,N,D,C,A,A,H,-,A,A,0,,,Y,,Y,,A,01,0,1,0,0,0,0,0,0,1,"- ","- ",,,"SAN FRANCISCO","SAN FRANCISCO",-122.4759521484375,37.761814117431641
9469539,2023,2023-10-02,3801,2023-08-24,1229,1633,TENDE,4,5,7,3801,0,0,0,,0,,"MCALLISTER ST","LARKIN ST",125.00,W,N,A,-,N,,,,,,,,,,N,4,0,4,2,A,-,05,21752,D,N,B,C,A,A,H,-,A,D,0,,,Y,,Y,,A,01,0,0,4,0,0,0,0,0,1,"- ","- ",,,"SAN FRANCISCO","SAN FRANCISCO",-122.41736602783203,37.780445098876953
9469540,2023,2023-10-02,3801,2023-08-24,1353,1496,TARAV,4,5,7,3801,0,0,0,,0,0I5,"BROTHERHOOD WY","LAKE MERCED BL",850.00,E,N,A,-,N,,,,,,,,,,Y,4,0,1,2,A,-,03,22350,,N,C,C,A,A,H,-,A,D,0,,,,,Y,,A,01,0,0,1,0,0,0,0,0,0,"- ","- ",,,"SAN FRANCISCO","SAN FRANCISCO",-122.48232269287109,37.714534759521484
9469541,2023,2023-10-03,3801,2023-08-23,1003,392,MISSI,3,5,7,3801,0,0,0,,0,0D1,"VALENCIA ST","15TH ST",22.00,N,N,A,-,N,,,,,,,,,,N,2,0,1,2,A,-,10,21950,A,N,G,B,B,A,H,-,A,A,0,Y,,,,Y,,A,01,1,0,0,0,1,0,0,0,0,"- ","- ",,,"SAN FRANCISCO","SAN FRANCISCO",-122.42203521728516,37.766590118408203
9469542,2023,2023-10-03,3801,2023-08-23,1646,1215,MISSI,3,5,7,3801,0,0,0,,0,006,"HARRISON ST","18TH ST",0.00,,Y,A,-,N,,,,,,,,,,N,4,0,1,2,A,-,09,21801,A,N,D,G,A,A,H,-,A,-,0,,Y,,,Y,,A,01,0,0,1,0,0,0,1,0,0,"- ","- ",,,"SAN FRANCISCO","SAN FRANCISCO",-122.41284942626953,37.762252807617188
9469543,2023,2023-10-03,3801,2023-08-22,2500,50,TENDE,2,5,7,3801,0,0,0,,0,003,"EDDY ST","POLK ST",102.00,E,N,A,-,N,,,,,,,,,,N,4,0,1,2,A,-,21,22106,,F,H,J,A,A,H,-,C,D,0,,,Y,,Y,,A,01,0,0,1,0,0,0,0,0,1,"- ","- ",,,"SAN FRANCISCO","SAN FRANCISCO",-122.41883087158203,37.783126831054688
9469544,2023,2023-10-03,3801,2023-08-23,"915 ",750,TENDE,3,5,7,3801,0,0,0,,0,3J11A,"LARKIN ST","GROVE ST",0.00,,Y,A,-,N,,,,,,,,,,Y,4,0,1,2,A,-,08,22107,,N,B,C,A,A,H,-,A,A,0,,,,,Y,,A,01,0,0,1,0,0,0,0,0,0,"- ","- ",,,"SAN FRANCISCO","SAN FRANCISCO",-122.41658782958984,37.778659820556641
9469545,2023,2023-10-03,3801,2023-08-19,2200,1123,SOUTH,6,5,7,3801,0,0,0,,0,3B109,"10TH ST","FOLSOM ST",100.00,S,N,A,-,N,,,,,,,,,,Y,4,0,1,4,A,-,01,23152,A,N,B,E,A,A,H,-,C,D,0,,,,,Y,Y,A,01,0,0,1,0,0,0,0,0,0,"- ","- ",,,"SAN FRANCISCO","SAN FRANCISCO",-122.41257476806641,37.772628784179688
9469546,2023,2023-10-09,3801,2023-08-23,"840 ",1759,PARK,3,5,7,3801,0,0,0,,0,3F14A,"BRODERICK ST","OAK ST",0.00,,Y,A,-,N,,,,,,,,,,N,3,0,1,2,A,-,10,21950,A,N,G,B,B,A,H,-,A,A,0,Y,,,,Y,,A,07,0,1,0,0,1,0,0,0,0,"- ","- ",,,"SAN FRANCISCO","SAN FRANCISCO",-122.43907928466797,37.772911071777344
9469547,2023,2023-10-09,3801,2023-08-13,2344,821,SOUTH,7,5,7,3801,0,0,0,,0,0B4,"MARKET ST","VALENCIA ST",0.00,,Y,A,-,N,,,,,,,,,,Y,2,0,1,2,A,-,09,21453,C,N,D,J,A,A,H,-,C,A,0,,,,,Y,Y,M,94,1,0,0,0,0,0,0,0,0,"- ","- ",,,"SAN FRANCISCO","SAN FRANCISCO",-122.42262268066406,37.772548675537109
9469548,2023,2023-10-03,3801,2023-08-19,1600,1909,NORTH,6,5,7,3801,0,0,0,,0,NORTHE,"MARINA BL","DIVISADERO ST",80.00,E,N,A,-,N,,,,,,,,,,N,4,0,1,1,A,-,03,22350,,N,H,-,A,A,H,-,A,D,0,,,Y,,Y,,C,02,0,0,1,0,0,0,0,0,1,"- ","- ",,,"SAN FRANCISCO","SAN FRANCISCO",-122.4437255859375,37.805618286132812
9469549,2023,2023-10-03,3801,2023-08-12,1150,2392,MISSI,6,5,7,3801,0,0,0,,0,,"17TH ST","POTRERO AV",60.00,E,N,A,-,N,,,,,,,,,,N,4,0,1,2,A,-,05,21460,A,N,B,C,A,A,H,-,A,D,0,,,Y,,Y,,C,03,0,0,1,0,0,0,0,0,1,"- ","- ",,,"SAN FRANCISCO","SAN FRANCISCO",-122.40721893310547,37.764499664306641
9469550,2023,2023-10-03,3801,2023-08-12,1415,764,MISSI,6,5,7,3801,0,0,0,,0,3D14C,"MISSION ST","25TH ST",0.00,,Y,A,-,N,,,,,,,,,,N,4,0,1,2,A,-,04,21703,,N,C,C,A,A,H,-,A,A,0,,,,,Y,,A,01,0,0,1,0,0,0,0,0,0,"- ","- ",,,"SAN FRANCISCO","SAN FRANCISCO",-122.41830444335938,37.750663757324219
9469552,2023,2023-10-03,3801,2023-08-12,2354,2489,SOUTH,6,5,7,3801,0,0,0,,0,3B3E,"HARRIET ST","BRYANT ST",0.00,,Y,A,-,N,,,,,,,,,,N,3,0,1,2,A,-,"- ",,,N,A,B,E,A,H,-,C,D,0,Y,,,,Y,Y,A,01,0,1,0,0,1,0,0,0,0,"- ","- ",,,"SAN FRANCISCO","SAN FRANCISCO",-122.40305328369141,37.775619506835938
9469611,2023,2023-11-27,3801,2023-07-11,1322,2088,INGLE,2,5,7,3801,0,0,0,,0,3HI3A,"MISSION ST","HARRINGTON ST",123.00,S,N,A,-,N,,,,,,,,,,N,3,0,1,2,A,-,08,22107,,F,D,C,A,A,H,-,A,D,0,,,Y,,Y,,A,01,0,1,0,0,0,0,0,0,1,"- ","- ",,,"SAN FRANCISCO","SAN FRANCISCO",-122.43466949462891,37.724895477294922
9469617,2023,2023-10-05,3801,2023-08-11,1203,1374,TARAV,5,5,7,3801,0,0,0,,0,3I1B,"19TH AV","19TH AV 1863",0.00,,N,A,-,N,,,,,,,,,,N,4,0,1,2,A,-,07,21658,A,F,B,E,A,A,G,-,A,D,0,,,,,Y,,-,,0,0,1,0,0,0,0,0,0,"- ","- ",,,"SAN FRANCISCO","SAN FRANCISCO",-122.47480010986328,37.729907989501953
9469618,2023,2023-10-11,3801,2023-08-29,1330,704,BAYVI,2,5,7,3801,0,0,0,,0,3C2D,"QUESADA AV","KEITH ST",0.00,,Y,A,-,N,,,,,,,,,,N,3,0,1,2,A,-,10,21950,A,N,G,B,B,A,H,-,A,A,0,Y,,,,Y,,A,01,0,1,0,0,1,0,0,0,0,"- ","- ",,,"SAN FRANCISCO","SAN FRANCISCO",-122.38772583007812,37.731239318847656
9469619,2023,2023-09-14,3801,2023-08-14,2002,704,BAYVI,1,5,7,3801,0,0,0,,0,3C13D,"EVANS AV","JENNINGS ST",0.00,,Y,A,-,N,,,,,,,,,,Y,3,0,1,2,A,-,12,22450,A,N,-,C,A,A,H,-,B,A,0,,,,,Y,,A,01,0,1,0,0,0,0,0,0,0,"- ","- ",,,"SAN FRANCISCO","SAN FRANCISCO",-122.37911987304688,37.737693786621094
9469620,2023,2023-09-14,3801,2023-08-18,1322,2315,MISSI,5,5,7,3801,0,0,0,,0,3D15A,"17TH ST","MISSION ST",0.00,,Y,A,-,N,,,,,,,,,,Y,4,0,2,3,A,-,09,21801,,N,D,C,A,A,H,-,A,D,0,,,,,Y,,A,07,0,0,2,0,0,0,0,0,0,"- ","- ",,,"SAN FRANCISCO","SAN FRANCISCO",-122.41950225830078,37.763423919677734
9469621,2023,2023-09-14,3801,2023-08-15,2500,2249,PARK,2,5,7,3801,0,0,0,,0,3F13E,"MASONIC AV","TURK BL",0.00,,Y,A,-,N,,,,,,,,,,Y,4,0,3,2,A,-,09,21801,,N,D,-,A,A,-,-,C,A,0,,,,,Y,,-,,0,0,3,0,0,0,0,0,0,"- ","- ",,,"SAN FRANCISCO","SAN FRANCISCO",-122.44705200195312,37.778633117675781
9469622,2023,2023-09-14,3801,2023-08-06,1545,1666,PARK,7,5,7,3801,0,0,0,,0,4CAR,"CASTRO ST","DUBOCE AV",0.00,,Y,A,-,N,,,,,,,,,,N,4,0,1,2,A,-,10,21950,A,N,G,B,B,A,H,-,A,A,0,Y,,,,Y,,A,01,0,0,1,0,1,0,0,0,0,"- ","- ",,,"SAN FRANCISCO","SAN FRANCISCO",-122.43582153320312,37.769050598144531
9469644,2023,2023-09-12,3801,2023-08-22,1905,469,MISSI,2,5,7,3801,0,0,0,,0,3D11D,"16TH ST","ALBION ST",16.00,W,N,A,-,N,,,,,,,,,,N,3,0,1,2,A,-,11,21955,,F,G,B,D,A,H,-,A,D,0,Y,,Y,,Y,,N,60,0,1,0,0,1,0,0,0,0,"- ","- ",,,"SAN FRANCISCO","SAN FRANCISCO",-122.42315673828125,37.764835357666016
9469868,2023,2023-09-25,3801,2023-08-28,2053,1666,PARK,1,5,7,3801,0,0,0,,0,4-CAR,"WEBSTER ST","HERMANN ST",0.00,,Y,A,-,N,,,,,,,,,,Y,4,0,3,3,A,-,03,22350,,F,A,C,A,A,H,-,C,A,0,,,,,Y,Y,A,01,0,0,3,0,0,0,0,0,0,"- ","- ",,,"SAN FRANCISCO","SAN FRANCISCO",-122.42842102050781,37.770462036132812