CASE_ID,ACCIDENT_YEAR,PROC_DATE,JURIS,COLLISION_DATE,COLLISION_TIME,OFFICER_ID,REPORTING_DISTRICT,DAY_OF_WEEK,CHP_SHIFT,POPULATION,CNTY_CITY_LOC,SPECIAL_COND,BEAT_TYPE,CHP_BEAT_TYPE,CITY_DIVISION_LAPD,CHP_BEAT_CLASS,BEAT_NUMBER,PRIMARY_RD,SECONDARY_RD,DISTANCE,DIRECTION,INTERSECTION,WEATHER_1,WEATHER_2,STATE_HWY_IND,CALTRANS_COUNTY,CALTRANS_DISTRICT,STATE_ROUTE,ROUTE_SUFFIX,POSTMILE_PREFIX,POSTMILE,LOCATION_TYPE,RAMP_INTERSECTION,SIDE_OF_HWY,TOW_AWAY,COLLISION_SEVERITY,NUMBER_KILLED,NUMBER_INJURED,PARTY_COUNT,PRIMARY_COLL_FACTOR,PCF_CODE_OF_VIOL,PCF_VIOL_CATEGORY,PCF_VIOLATION,PCF_VIOL_SUBSECTION,HIT_AND_RUN,TYPE_OF_COLLISION,MVIW,PED_ACTION,ROAD_SURFACE,ROAD_COND_1,ROAD_COND_2,LIGHTING,CONTROL_DEVICE,CHP_ROAD_TYPE,PEDESTRIAN_ACCIDENT,BICYCLE_ACCIDENT,MOTORCYCLE_ACCIDENT,TRUCK_ACCIDENT,NOT_PRIVATE_PROPERTY,ALCOHOL_INVOLVED,STWD_VEHTYPE_AT_FAULT,CHP_VEHTYPE_AT_FAULT,COUNT_SEVERE_INJ,COUNT_VISIBLE_INJ,COUNT_COMPLAINT_PAIN,COUNT_PED_KILLED,COUNT_PED_INJURED,COUNT_BICYCLIST_KILLED,COUNT_BICYCLIST_INJURED,COUNT_MC_KILLED,COUNT_MC_INJURED,PRIMARY_RAMP,SECONDARY_RAMP,LATITUDE,LONGITUDE,COUNTY,CITY,POINT_X,POINT_Y
9483556,2022,2022-08-08,3801,2022-06-25,1340,1075,SOUTH,6,5,7,3801,0,0,0,,0,3B13A,"BRANNAN ST","HARRIET ST",0.00,,Y,A,-,N,,,,,,,,,,Y,3,0,2,2,A,-,09,21800,A,N,D,C,A,A,H,-,A,D,0,,,,,Y,,A,01,0,1,1,0,0,0,0,0,0,"- ","- ",,,"SAN FRANCISCO","SAN FRANCISCO",-122.40151214599609,37.774402618408203
9483557,2022,2022-08-08,3801,2022-06-30,0124,308,RICHM,4,5,7,3801,0,0,0,,0,3G15E,"ANZA ST","23RD AV",0.00,,Y,A,-,N,,,,,,,,,,N,3,0,1,1,A,-,03,22350,,N,A,A,A,A,H,-,C,D,0,,Y,,,Y,,L,04,0,1,0,0,0,0,1,0,0,"- ","- ",,,"SAN FRANCISCO","SAN FRANCISCO",-122.48243713378906,37.778274536132812
9483558,2022,2022-08-08,3801,2022-06-29,1120,1609,RICHM,3,5,7,3801,0,0,0,,0,3G13C,"GEARY BL","PALM AV",115.00,E,N,B,-,N,,,,,,,,,,N,4,0,1,2,A,-,03,22350,,F,G,B,F,A,H,-,A,D,0,Y,,,,Y,,-,,0,0,1,0,1,0,0,0,0,"- ","- ",,,"SAN FRANCISCO","SAN FRANCISCO",-122.45735168457031,37.781394958496094
9483559,2022,2022-08-08,3801,2022-06-15,2004,LI1074,BAYVI,3,5,7,3801,0,0,0,,0,3C14D,"SILVER AV","SOMERSET ST",50.00,W,N,A,-,N,,,,,,,,,,N,4,0,1,2,A,-,11,21955,,N,G,B,D,A,H,-,B,-,0,Y,,,,Y,,N,60,0,0,1,0,1,0,0,0,0,"- ","- ",,,"SAN FRANCISCO","SAN FRANCISCO",-122.40965270996094,37.731220245361328
9483561,2022,2022-08-08,3801,2022-07-05,1654,2139,TARAV,2,5,7,3801,0,0,0,,0,,"43RD AV","QUINTARA ST",65.00,S,N,A,-,N,,,,,,,,,,N,3,0,1,3,A,-,08,22107,,N,C,E,A,A,H,-,A,D,0,,,,,Y,,A,07,0,1,0,0,0,0,0,0,0,"- ","- ",,,"SAN FRANCISCO","SAN FRANCISCO",-122.50180816650391,37.747333526611328
9483562,2022,2022-08-08,3801,2022-07-12,1706,1368,CENTR,2,5,7,3801,0,0,0,,0,3A14D,"FILBERT ST","STOCKTON ST",0.00,,Y,A,-,N,,,,,,,,,,N,3,0,1,1,C,-,18,,,N,E,I,A,A,-,-,A,A,0,,,,,Y,,-,"- ",0,1,0,0,0,0,0,0,0,"- ","- ",,,"SAN FRANCISCO","SAN FRANCISCO",-122.40936279296875,37.801368713378906
9483563,2022,2022-08-08,3801,2022-07-05,2230,308,RICHM,2,5,7,3801,0,0,0,,0,3G12E,"MASONIC AV","GEARY BL",0.00,,Y,A,-,N,,,,,,,,,,Y,4,0,1,2,A,-,09,21801,,N,D,C,A,A,H,-,C,A,0,,,,,Y,,A,01,0,0,1,0,0,0,0,0,0,"- ","- ",,,"SAN FRANCISCO","SAN FRANCISCO",-122.44786834716797,37.782279968261719
9483564,2022,2022-08-08,3801,2022-07-05,1850,890,BAYVI,2,5,7,3801,0,0,0,,0,BAYVIE,"REVERE AV","JENNINGS ST",0.00,,Y,A,-,N,,,,,,,,,,Y,4,0,1,5,A,-,03,22350,,F,D,C,A,A,H,-,A,A,0,,,,,Y,,A,01,0,0,1,0,0,0,0,0,0,"- ","- ",,,"SAN FRANCISCO","SAN FRANCISCO",-122.38642883300781,37.729530334472656
9483565,2022,2022-08-08,3801,2022-07-10,0539,1316,RICHM,7,5,7,3801,0,0,0,,0,3G13A,"PARK PRESIDIO BYPASS","CROSSOVER DR",0.00,,Y,A,B,N,,,,,,,,,,Y,4,0,1,2,A,-,08,22107,,F,B,C,A,A,H,-,B,A,0,,,,,Y,,-,,0,0,1,0,0,0,0,0,0,"- ","- ",,,"SAN FRANCISCO","SAN FRANCISCO",-122.47945404052734,37.771183013916016
9483566,2022,2022-08-08,3801,2022-07-07,1841,2419,RICHM,4,5,7,3801,0,0,0,,0,908,"FULTON ST","20TH AV",27.00,W,N,A,-,N,,,,,,,,,,,3,0,1,2,A,-,01,23152,A,N,C,E,A,A,H,-,A,D,0,,,,,Y,Y,A,01,0,1,0,0,0,0,0,0,0,"- ","- ",,,"SAN FRANCISCO","SAN FRANCISCO",-122.47891998291016,37.772804260253906
9483567,2022,2022-08-08,3801,2022-07-11,0919,4124,INGLE,1,5,7,3801,0,0,0,,0,3H15A,"OCEAN AV","PERSIA AV",0.00,,Y,A,-,N,,,,,,,,,,N,4,0,1,2,A,-,11,21950,B,N,G,B,B,A,H,-,A,A,0,Y,,,,Y,,N,60,0,0,1,0,1,0,0,0,0,"- ","- ",,,"SAN FRANCISCO","SAN FRANCISCO",-122.4364013671875,37.723796844482422
9483568,2022,2022-08-08,3801,2022-07-09,1131,1961,INGLE,6,5,7,3801,0,0,0,,0,3H13C,"MISSION ST","MURRAY ST",0.00,,Y,A,-,N,,,,,,,,,,N,3,0,1,2,A,-,09,21801,A,M,D,C,A,A,-,-,A,A,0,,,Y,,Y,Y,A,01,0,1,0,0,0,0,0,0,1,"- ","- ",,,"SAN FRANCISCO","SAN FRANCISCO",-122.42644500732422,37.733669281005859
9483574,2022,2022-08-05,3801,2022-07-16,1059,724,INGLE,6,5,7,3801,0,0,0,,0,3H13C,"ALEMANY BL","TINGLEY ST",0.00,,Y,A,-,N,,,,,,,,,,N,4,0,2,2,A,-,09,21804,A,N,D,C,A,A,H,-,A,D,0,,,,,Y,,A,01,0,0,2,0,0,0,0,0,0,"- ","- ",,,"SAN FRANCISCO","SAN FRANCISCO",-122.43402099609375,37.729358673095703
9483581,2022,2022-08-05,3801,2022-07-20,2123,2722,CENTR,3,5,7,3801,0,0,0,,0,3A15E,"CALIFORNIA ST","SPRING ST",0.00,,Y,B,-,N,,,,,,,,,,N,2,0,1,1,A,-,03,22350,,N,E,A,A,B,H,-,C,A,0,,,,,Y,,-,,1,0,0,0,0,0,0,0,0,"- ","- ",,,"SAN FRANCISCO","SAN FRANCISCO",-122.40380096435547,37.792762756347656
9483582,2022,2022-08-05,3801,2022-07-20,1337,2485,CENTR,3,5,7,3801,0,0,0,,0,1CAR,"PINE ST","LARKIN ST",0.00,,Y,A,-,N,,,,,,,,,,Y,4,0,1,3,A,-,08,22107,,N,B,E,A,A,H,-,A,D,0,,,,,Y,,A,01,0,0,1,0,0,0,0,0,0,"- ","- ",,,"SAN FRANCISCO","SAN FRANCISCO",-122.41886138916016,37.789829254150391
9483583,2022,2022-08-17,3801,2022-07-14,2223,1216,NORTH,4,5,7,3801,0,0,0,,0,3E15E,"GEARY BL","GOUGH ST",0.00,,Y,A,-,N,,,,,,,,,,N,4,0,1,2,A,-,12,21453,A,F,D,C,A,A,H,-,C,A,0,,,,,Y,,A,01,0,0,1,0,0,0,0,0,0,"- ","- ",,,"SAN FRANCISCO","SAN FRANCISCO",-122.42469024658203,37.785411834716797
9483584,2022,2022-08-05,3801,2022-07-17,1853,2379,INGLE,7,5,7,3801,0,0,0,,0,3H13D,"LONDON ST","BRAZIL AV",0.00,,Y,A,-,N,,,,,,,,,,N,4,0,1,2,A,-,07,21658,,F,B,C,A,A,H,-,A,D,0,,,,,Y,,A,01,0,0,1,0,0,0,0,0,0,"- ","- ",,,"SAN FRANCISCO","SAN FRANCISCO",-122.43402099609375,37.724319458007812
9483586,2022,2022-08-05,3801,2022-07-19,0924,640,MISSI,2,5,7,3801,0,0,0,,0,3D11C,"PORTOLA DR","CLIPPER ST",0.00,,Y,B,-,N,,,,,,,,,,Y,4,0,1,2,A,-,09,21803,A,N,D,C,A,A,H,-,A,A,0,,,,,Y,Y,A,01,0,0,1,0,0,0,0,0,0,"- ","- ",,,"SAN FRANCISCO","SAN FRANCISCO",-122.44483947753906,37.746936798095703
9483587,2022,2022-08-05,3801,2022-07-17,1913,4187,NORTH,7,5,7,3801,0,0,0,,0,3E15D,"BEACH ST","FILLMORE ST",0.00,,Y,A,-,N,,,,,,,,,,N,3,0,1,2,A,-,03,22350,,N,E,E,A,A,H,-,A,A,0,,,,,Y,,-,,0,1,0,0,0,0,0,0,0,"- ","- ",,,"SAN FRANCISCO","SAN FRANCISCO",-122.43716430664062,37.804519653320312
9483588,2022,2022-08-05,3801,2022-07-08,0825,2461,SOUTH,5,5,7,3801,0,0,0,,0,3B13A,"NELSON RISING LN","6TH ST",25.00,E,N,A,-,N,,,,,,,,,,N,2,0,1,2,A,-,10,21950,A,N,G,B,B,A,H,-,A,D,0,Y,,,,Y,,A,01,1,0,0,0,1,0,0,0,0,"- ","- ",,,"SAN FRANCISCO","SAN FRANCISCO",-122.39437103271484,37.769485473632812
9483589,2022,2022-08-05,3801,2022-07-14,1732,2400,BAYVI,4,5,7,3801,0,0,0,,0,2CAR,"SILVER AV","CHARTER OAK AV",28.00,E,N,A,-,N,,,,,,,,,,Y,3,0,4,4,A,-,04,21703,,F,C,C,A,A,H,-,A,D,0,,,,,Y,,A,01,0,1,3,0,0,0,0,0,0,"- ","- ",,,"SAN FRANCISCO","SAN FRANCISCO",-122.40428161621094,37.733207702636719
9483590,2022,2022-08-05,3801,2022-07-15,1629,1823,SOUTH,5,5,7,3801,0,0,0,,0,001,"NEW MONTGOMERY ST","MISSION ST",0.00,,Y,A,-,N,,,,,,,,,,N,2,0,1,2,A,-,12,21453,A,N,D,G,A,A,H,-,A,A,0,,Y,,,Y,,A,01,1,0,0,0,0,0,1,0,0,"- ","- ",,,"SAN FRANCISCO","SAN FRANCISCO",-122.40049743652344,37.787452697753906
9483591,2022,2022-08-05,3801,2022-07-21,0213,1967,NORTH,4,5,7,3801,0,0,0,,0,3E14E,"HAIGHT ST","DIVISADERO ST",0.00,,Y,C,-,N,,,,,,,,,,Y,3,0,1,2,A,-,12,21453,A,F,D,C,A,B,H,-,C,A,0,,,,,Y,,A,01,0,1,0,0,0,0,0,0,0,"- ","- ",,,"SAN FRANCISCO","SAN FRANCISCO",-122.43704223632812,37.771270751953125
9483592,2022,2022-08-05,3801,2022-07-21,0037,2307,NORTH,4,5,7,3801,0,0,0,,0,3E13E,"GEARY ST","POLK ST",0.00,,Y,A,-,N,,,,,,,,,,Y,4,0,2,7,A,-,03,22350,,M,B,C,E,A,H,-,C,A,0,Y,,,,Y,,A,07,0,0,2,0,1,0,0,0,0,"- ","- ",,,"SAN FRANCISCO","SAN FRANCISCO",-122.41973876953125,37.785896301269531
9483593,2022,2022-08-05,3801,2022-07-04,1120,1003,INGLE,1,5,7,3801,0,0,0,,0,6CAR,"BAYSHORE BL","ARLETA AV",0.00,,Y,A,-,N,,,,,,,,,,N,3,0,2,2,A,-,11,21456,C,N,G,B,B,A,H,-,A,A,0,Y,,Y,,Y,,N,60,0,2,0,0,1,0,0,0,1,"- ","- ",,,"SAN FRANCISCO","SAN FRANCISCO",-122.40261077880859,37.712268829345703
9483594,2022,2022-08-17,3801,2022-07-21,2232,1871,INGLE,4,5,7,3801,0,0,0,,0,901,"ALEMANY BL","TINGLEY ST",0.00,,Y,A,-,N,,,,,,,,,,N,3,0,2,2,A,-,05,21650,,N,D,C,A,A,H,-,C,A,0,,,,,Y,,-,,0,2,0,0,0,0,0,0,0,"- ","- ",,,"SAN FRANCISCO","SAN FRANCISCO",-122.43402099609375,37.729358673095703
9483595,2022,2022-08-05,3801,2022-02-17,1150,2147,NORTH,4,5,7,3801,0,0,0,,0,3E14A,"POLK ST",BONITA,0.00,,Y,A,-,N,,,,,,,,,,Y,3,0,1,2,A,-,05,21460,A,N,D,C,A,A,H,-,A,D,0,,,Y,,Y,,C,02,0,1,0,0,0,0,0,0,1,"- ","- ",,,"SAN FRANCISCO","SAN FRANCISCO",-122.42205047607422,37.79736328125
9483596,2022,2022-08-05,3801,2022-07-05,1800,942,TENDE,2,5,7,3801,0,0,0,,0,3J14D,"MCALLISTER ST","LEAVENWORTH ST",0.00,,Y,A,-,N,,,,,,,,,,N,3,0,1,2,A,-,03,22350,,N,C,C,A,A,H,-,A,A,0,,,Y,,Y,,C,03,0,1,0,0,0,0,0,0,1,"- ","- ",,,"SAN FRANCISCO","SAN FRANCISCO",-122.41368865966797,37.780929565429688
9483597,2022,2022-08-05,3801,2022-07-04,0135,2035,MISSI,1,5,7,3801,0,0,0,,0,3D16E,"13TH ST","SOUTH VAN NESS AV",0.00,,Y,A,-,N,,,,,,,,,,Y,4,0,2,2,A,-,12,21453,A,N,A,C,A,A,H,-,C,A,0,,,,,Y,,A,01,0,0,2,0,0,0,0,0,0,"- ","- ",,,"SAN FRANCISCO","SAN FRANCISCO",-122.41777801513672,37.7696533203125
9483598,2022,2022-08-05,3801,2022-07-04,1100,4267,TARAV,1,5,7,3801,0,0,0,,0,3I41,"OCEAN AV","KEYSTONE WY",0.00,,-,A,-,N,,,,,,,,,,N,3,0,1,2,A,-,08,22107,,N,B,G,A,A,H,-,A,D,0,,Y,,,Y,,A,01,0,1,0,0,0,0,1,0,0,"- ","- ",,,"SAN FRANCISCO","SAN FRANCISCO",-122.46285247802734,37.725490570068359
9483599,2022,2022-08-05,3801,2022-07-05,1203,1183,MISSI,2,5,7,3801,0,0,0,,0,3D16C,"SOUTH VAN NESS","13TH ST",0.00,,Y,A,-,N,,,,,,,,,,Y,4,0,1,2,A,-,12,21453,A,M,D,-,A,A,H,-,A,A,0,,,,,Y,,A,08,0,0,1,0,0,0,0,0,0,"- ","- ",,,"SAN FRANCISCO","SAN FRANCISCO",-122.41777801513672,37.7696533203125
9483600,2022,2022-08-05,3801,2022-07-05,1502,2493,PARK,2,5,7,3801,0,0,0,,0,3F13A,"7TH AV","LAWTON ST",0.00,,-,A,-,N,,,,,,,,,,N,2,0,1,2,A,-,17,22517,,N,B,G,A,A,H,-,A,D,0,,Y,,,Y,,A,01,1,0,0,0,0,0,1,0,0,"- ","- ",,,"SAN FRANCISCO","SAN FRANCISCO",-122.46382904052734,37.758537292480469
9483787,2022,2022-08-08,3801,2022-06-29,1231,2202,INGLE,3,5,7,3801,0,0,0,,0,3H13A,"SICKLES AV","CAYUGA AV",0.00,,Y,A,-,N,,,,,,,,,,Y,4,0,1,2,A,-,09,21802,A,N,D,C,A,A,H,-,A,D,0,,,,,Y,,A,07,0,0,1,0,0,0,0,0,0,"- ","- ",,,"SAN FRANCISCO","SAN FRANCISCO",-122.45452880859375,37.710189819335938
9483822,2022,2022-08-12,3801,2022-07-04,0058,1851,CENTR,1,5,7,3801,0,0,0,,0,3A11E,BROADWAY,"POWELL ST",300.00,W,N,A,-,N,,,,,,,,,,Y,3,0,1,1,A,-,03,22350,,N,E,I,A,A,H,-,C,D,0,,,Y,,Y,,C,02,0,1,0,0,0,0,0,0,1,"- ","- ",,,"SAN FRANCISCO","SAN FRANCISCO",-122.41126251220703,37.797340393066406
9488618,2022,2022-08-29,3801,2022-06-14,0900,308,1,2,5,7,3801,0,0,0,,0,001,"HOLLOWAY AV","TAPIA DR",113.00,W,N,A,-,N,,,,,,,,,,N,2,0,1,1,C,-,18,,,N,H,J,A,A,A,-,A,D,0,,Y,,,Y,,-,"- ",1,0,0,0,0,0,1,0,0,"- ","- ",37.721019744873047,-122.48133850097656,"SAN FRANCISCO","SAN FRANCISCO",-122.48100280761719,37.720912933349609
9492870,2022,2022-09-22,3801,2022-08-18,0920,442,CENTR,4,5,7,3801,0,0,0,,0,3A4A,"FRANCISCO ST","STOCKTON ST",40.00,W,N,A,-,N,,,,,,,,,,N,3,0,1,2,A,-,08,22107,,F,G,B,E,A,H,-,A,D,0,Y,,,,Y,,-,"- ",0,1,0,0,1,0,0,0,0,"- ","- ",,,"SAN FRANCISCO","SAN FRANCISCO",-122.41024017333984,37.805103302001953
9492871,2022,2022-09-22,3801,2022-08-20,0726,396,BAYVI,6,5,7,3801,0,0,0,,0,3C13A,"3RD ST","NEWCOMB AV",0.00,,Y,A,-,N,,,,,,,,,,Y,4,0,1,2,A,-,12,21453,A,N,D,C,A,A,H,-,A,A,0,,,,,Y,,A,01,0,0,1,0,0,0,0,0,0,"- ","- ",,,"SAN FRANCISCO","SAN FRANCISCO",-122.39049530029297,37.735633850097656
9494255,2022,2022-09-29,3801,2022-01-12,1617,2479,NORTH,3,5,7,3801,0,0,0,,0,3E14D,"VAN NESS AV","FILBERT ST",15.00,E,N,A,-,N,,,,,,,,,,N,4,0,1,2,A,-,12,21453,A,N,D,G,A,A,H,-,A,A,0,,Y,,Y,Y,,F,26,0,0,1,0,0,0,1,0,0,"- ","- ",,,"SAN FRANCISCO","SAN FRANCISCO",-122.42411041259766,37.799457550048828
9497062,2022,2022-09-01,3801,2022-03-13,1413,2325,SOUTH,7,5,7,3801,0,0,0,,0,PATROL,"9TH ST","SHERIDAN ST",0.00,,-,A,-,N,,,,,,,,,,Y,3,0,1,3,A,-,08,22107,,N,B,C,A,A,H,-,A,A,0,,,,,Y,,A,01,0,1,0,0,0,0,0,0,0,"- ","- ",,,"SAN FRANCISCO","SAN FRANCISCO",-122.41067504882812,37.773017883300781
9497063,2022,2022-09-01,3801,2022-03-12,2322,1207,TENDE,6,5,7,3801,0,0,0,,0,0J4,"TURK ST","LEAVENWORTH ST",108.00,E,N,B,-,N,,,,,,,,,,Y,2,0,1,2,A,-,03,22350,,F,A,B,E,A,H,-,C,D,0,Y,,,,Y,Y,A,01,1,0,0,0,1,0,0,0,0,"- ","- ",,,"SAN FRANCISCO","SAN FRANCISCO",-122.41367340087891,37.782844543457031
9497064,2022,2022-09-01,3801,2022-03-14,2310,2175,BAYVI,1,5,7,3801,0,0,0,,0,3C12E,"BARNEVELD AV","MCKINNON AV",220.00,N,N,A,-,N,,,,,,,,,,Y,4,0,1,2,A,-,08,22107,,F,B,C,A,A,H,-,C,D,0,,,,,Y,,A,07,0,0,1,0,0,0,0,0,0,"- ","- ",,,"SAN FRANCISCO","SAN FRANCISCO",-122.40309143066406,37.744411468505859
9498743,2022,2022-12-28,3801,2022-10-31,2336,382,NORTH,1,5,7,3801,0,0,0,,0,3E15E,"LOMBARD ST","DIVISADERO ST",0.00,,Y,A,-,Y,SF,4,101,-,-,7.696,I,5,S,N,3,0,1,2,A,-,03,22350,,F,G,B,E,A,H,-,C,A,0,Y,,,,Y,,A,01,0,1,0,0,1,0,0,0,0,"- ","- ",,,"SAN FRANCISCO","SAN FRANCISCO",-122.44264984130859,37.798957824707031
9498747,2022,2022-12-27,3801,2022-11-08,0627,1316,RICHM,2,5,7,3801,0,0,0,,0,0G3,"PARK PRESIDIO BL","GEARY BL",0.00,,Y,B,C,N,,,,,,,,,,N,4,0,1,2,A,-,11,21453,D,N,G,B,B,B,H,-,C,A,0,Y,,,,Y,,N,60,0,0,1,0,1,0,0,0,0,"- ","- ",,,"SAN FRANCISCO","SAN FRANCISCO",-122.47234344482422,37.780723571777344
9502404,2022,2022-12-13,3801,2022-06-10,1425,2089,TENDE,5,5,7,3801,0,0,0,,0,COJ2CA,"MARKET ST","4TH ST",0.00,,Y,A,-,N,,,,,,,,,,N,3,0,1,2,A,-,08,22101,D,N,F,C,A,A,H,-,A,A,0,,Y,,,Y,,L,04,0,1,0,0,0,0,1,0,0,"- ","- ",,,"SAN FRANCISCO","SAN FRANCISCO",-122.40589141845703,37.785697937011719
9502408,2022,2022-10-07,3801,2022-08-18,1857,2328,BAYVI,4,5,7,3801,0,0,0,,0,901,"CORTLAND AV","BAY SHORE BL",0.00,,Y,B,-,N,,,,,,,,,,Y,4,0,1,2,A,-,03,22350,,N,C,C,A,A,H,-,A,A,0,,,,,Y,,D,22,0,0,1,0,0,0,0,0,0,"- ","- ",,,"SAN FRANCISCO","SAN FRANCISCO",-122.40699005126953,37.739582061767578
9502416,2022,2022-10-07,3801,2022-08-17,0815,670,INGLE,3,5,7,3801,0,0,0,,0,3H14A,"SAN JOSE AV","SAN JUAN AV",0.00,,Y,A,-,N,,,,,,,,,,N,4,0,2,2,A,-,03,22350,,N,C,F,A,A,H,-,A,A,0,,,,,Y,,I,19,0,0,2,0,0,0,0,0,0,"- ","- ",,,"SAN FRANCISCO","SAN FRANCISCO",-122.44145202636719,37.726982116699219
9502420,2022,2022-10-07,3801,2022-08-14,1544,1994,TRAFF,7,5,7,3801,0,0,0,,0,4B3D,"DIVISADERO ST","EDDY ST",36.00,S,N,A,-,N,,,,,,,,,,Y,2,0,1,4,C,-,18,,,N,C,C,A,A,H,-,A,A,0,,,,,Y,,-,"- ",1,0,0,0,0,0,0,0,0,"- ","- ",,,"SAN FRANCISCO","SAN FRANCISCO",-122.43889617919922,37.780483245849609
9502424,2022,2022-12-12,3801,2022-03-09,1334,1435,TRAFF,3,5,7,3801,0,0,0,,0,4B4G,BRANNAN,"BOARDMAN PL",0.00,,N,A,-,N,,,,,,,,,,N,4,0,1,2,D,-,00,,,N,H,G,A,-,H,-,A,D,0,,Y,,,Y,,-,"- ",0,0,1,0,0,0,1,0,0,"- ","- ",,,"SAN FRANCISCO","SAN FRANCISCO",-122.40267181396484,37.774429321289062
9502428,2022,2022-12-27,3801,2022-05-11,1030,891,PARK,3,5,7,3801,0,0,0,,0,3F14A,"PARNASSUS AV","3RD AV",100.00,E,N,A,-,N,,,,,,,,,,Y,3,0,2,2,A,-,03,22350,,N,D,C,A,A,H,-,A,D,0,,,,,Y,,A,01,0,1,1,0,0,0,0,0,0,"- ","- ",,,"SAN FRANCISCO","SAN FRANCISCO",-122.45944213867188,37.763065338134766
9502432,2022,2022-09-26,3801,2022-08-19,1527,1052,RICHM,5,5,7,3801,0,0,0,,0,3G15D,"CLEMENT ST","19TH AV",3.00,E,N,A,-,N,,,,,,,,,,N,2,0,1,2,A,-,10,21950,A,N,G,B,B,A,H,-,A,D,0,Y,,,Y,Y,,F,27,1,0,0,0,1,0,0,0,0,"- ","- ",,,"SAN FRANCISCO","SAN FRANCISCO",-122.47846221923828,37.782299041748047
9502436,2022,2022-09-27,3801,2022-08-22,1340,4314,RICHM,1,5,7,3801,0,0,0,,0,0G3,"CABRILLO ST","4TH AV",0.00,,Y,-,-,N,,,,,,,,,,N,3,0,1,2,A,-,12,22450,A,N,-,-,A,-,-,-,-,-,0,,Y,,,Y,,L,04,0,1,0,0,0,0,1,0,0,"- ","- ",,,"SAN FRANCISCO","SAN FRANCISCO",-122.46174621582031,37.775466918945312
9502447,2022,2022-12-16,3801,2022-06-20,1237,2059,CENTR,1,5,7,3801,0,0,0,,0,3A12A,"MONTGOMERY ST","CALIFORNIA ST",0.00,,Y,A,-,N,,,,,,,,,,Y,3,0,1,3,A,-,12,21453,A,N,D,C,A,A,H,-,A,A,0,,,,,Y,,I,09,0,1,0,0,0,0,0,0,0,"- ","- ",,,"SAN FRANCISCO","SAN FRANCISCO",-122.40277099609375,37.792888641357422
9502448,2022,2022-09-27,3801,2022-08-24,1400,1609,RICHM,3,5,7,3801,0,0,0,,0,,"CALIFORNIA ST","26TH AV",0.00,,Y,A,-,N,,,,,,,,,,N,3,0,1,2,A,-,09,21802,,N,D,C,A,A,H,-,A,A,0,,,,,Y,,A,01,0,1,0,0,0,0,0,0,0,"- ","- ",,,"SAN FRANCISCO","SAN FRANCISCO",-122.486083984375,37.783828735351562
9502451,2022,2022-09-27,3801,2022-07-06,1405,1990,SOUTH,3,5,7,3801,0,0,0,,0,4CAR,"10TH ST","BRYANT ST",0.00,,Y,B,-,N,,,,,,,,,,N,3,0,1,2,A,-,08,22107,,N,B,D,A,A,H,-,A,A,0,,,,,Y,,A,08,0,1,0,0,0,0,0,0,0,"- ","- ",,,"SAN FRANCISCO","SAN FRANCISCO",-122.40973663330078,37.770336151123047
9502452,2022,2022-09-22,3801,2022-08-05,1611,1804,BAYVI,5,5,7,3801,0,0,0,,0,3C11D,"3RD ST","MARIN ST",223.00,S,N,A,-,N,,,,,,,,,,N,4,0,1,2,A,-,08,22107,,N,B,C,A,A,H,-,A,D,0,,,,Y,Y,,F,21,0,0,1,0,0,0,0,0,0,"- ","- ",,,"SAN FRANCISCO","SAN FRANCISCO",-122.38755035400391,37.748397827148438
9502456,2022,2022-12-12,3801,2022-04-18,0753,202,TRAFF,1,5,7,3801,0,0,0,,0,4B2F,"MACALLA RD","TREASURE ISLAND RD",60.00,E,N,A,-,N,,,,,,,,,,Y,4,0,1,1,A,-,03,22350,,N,E,I,A,A,D,-,A,D,0,,,,Y,Y,,G,27,0,0,1,0,0,0,0,0,0,"- ","- ",,,"SAN FRANCISCO","SAN FRANCISCO",-122.37078094482422,37.813179016113281
9502459,2022,2022-09-22,3801,2022-08-08,1542,309,TARAV,1,5,7,3801,0,0,0,,0,3I1B,"TARAVAL ST","23RD AV",0.00,,Y,A,-,N,,,,,,,,,,N,4,0,1,2,A,-,08,22100,B,N,D,C,A,A,H,-,A,A,0,,,,,Y,,A,01,0,0,1,0,0,0,0,0,0,"- ","- ",,,"SAN FRANCISCO","SAN FRANCISCO",-122.47999572753906,37.742851257324219
9502460,2022,2022-10-06,3801,2022-08-22,1724,1680,MISSI,1,5,7,3801,0,0,0,,0,3D14D,"S VAN NESS AV","CESAR CHAVEZ ST",117.00,N,N,A,-,N,,,,,,,,,,Y,3,0,2,2,A,-,09,21804,A,N,D,C,A,A,H,-,A,D,0,,,,,Y,,A,07,0,1,1,0,0,0,0,0,0,"- ","- ",,,"SAN FRANCISCO","SAN FRANCISCO",-122.41595458984375,37.748580932617188
9502463,2022,2022-12-13,3801,2022-06-13,2020,1427,TENDE,1,5,7,3801,0,0,0,,0,3J11D,"MARKET ST","MCALLISTER ST",225.00,E,N,A,-,N,,,,,,,,,,N,4,0,1,2,A,-,08,22107,,N,B,G,A,A,C,-,B,-,0,,Y,,,Y,,D,22,0,0,1,0,0,0,1,0,0,"- ","- ",,,"SAN FRANCISCO","SAN FRANCISCO",-122.41108703613281,37.7816162109375
9502468,2022,2022-09-30,3801,2022-06-18,1103,1936,TRAFF,6,5,7,3801,0,0,0,,0,4B1D,"RT 101","FILLMORE ST",0.00,,Y,A,-,Y,SF,4,101,-,-,7.376,I,5,N,Y,2,0,7,7,A,-,01,23152,G,N,D,C,-,A,H,-,A,A,0,Y,,,,Y,Y,A,07,4,0,3,0,4,0,0,0,0,"- ","- ",,,"SAN FRANCISCO","SAN FRANCISCO",-122.43606567382812,37.799911499023438