CASE_ID,ACCIDENT_YEAR,PROC_DATE,JURIS,COLLISION_DATE,COLLISION_TIME,OFFICER_ID,REPORTING_DISTRICT,DAY_OF_WEEK,CHP_SHIFT,POPULATION,CNTY_CITY_LOC,SPECIAL_COND,BEAT_TYPE,CHP_BEAT_TYPE,CITY_DIVISION_LAPD,CHP_BEAT_CLASS,BEAT_NUMBER,PRIMARY_RD,SECONDARY_RD,DISTANCE,DIRECTION,INTERSECTION,WEATHER_1,WEATHER_2,STATE_HWY_IND,CALTRANS_COUNTY,CALTRANS_DISTRICT,STATE_ROUTE,ROUTE_SUFFIX,POSTMILE_PREFIX,POSTMILE,LOCATION_TYPE,RAMP_INTERSECTION,SIDE_OF_HWY,TOW_AWAY,COLLISION_SEVERITY,NUMBER_KILLED,NUMBER_INJURED,PARTY_COUNT,PRIMARY_COLL_FACTOR,PCF_CODE_OF_VIOL,PCF_VIOL_CATEGORY,PCF_VIOLATION,PCF_VIOL_SUBSECTION,HIT_AND_RUN,TYPE_OF_COLLISION,MVIW,PED_ACTION,ROAD_SURFACE,ROAD_COND_1,ROAD_COND_2,LIGHTING,CONTROL_DEVICE,CHP_ROAD_TYPE,PEDESTRIAN_ACCIDENT,BICYCLE_ACCIDENT,MOTORCYCLE_ACCIDENT,TRUCK_ACCIDENT,NOT_PRIVATE_PROPERTY,ALCOHOL_INVOLVED,STWD_VEHTYPE_AT_FAULT,CHP_VEHTYPE_AT_FAULT,COUNT_SEVERE_INJ,COUNT_VISIBLE_INJ,COUNT_COMPLAINT_PAIN,COUNT_PED_KILLED,COUNT_PED_INJURED,COUNT_BICYCLIST_KILLED,COUNT_BICYCLIST_INJURED,COUNT_MC_KILLED,COUNT_MC_INJURED,PRIMARY_RAMP,SECONDARY_RAMP,LATITUDE,LONGITUDE,COUNTY,CITY,POINT_X,POINT_Y
9503259,2022,2022-10-10,3801,2022-08-08,1704,796,NORTH,1,5,7,3801,0,0,0,,0,3E11D,"FILLMORE ST","FELL ST",117.00,N,N,A,-,N,,,,,,,,,,Y,3,0,3,2,A,-,03,22350,,N,C,C,A,A,H,-,A,A,0,,,,,Y,,I,19,0,1,2,0,0,0,0,0,0,"- ","- ",,,"SAN FRANCISCO","SAN FRANCISCO",-122.43106079101562,37.77520751953125
9503260,2022,2022-10-05,3801,2022-08-02,1624,104,TRAFF,2,5,7,3801,0,0,0,,0,104,"TERRY A FRANCOIS BL","3RD ST",98.00,E,N,A,-,N,,,,,,,,,,N,3,0,2,2,A,-,03,22350,,N,A,-,A,A,H,-,A,D,0,,Y,,,Y,,-,"- ",0,2,0,0,0,0,1,0,0,"- ","- ",,,"SAN FRANCISCO","SAN FRANCISCO",-122.38990020751953,37.776298522949219
9503261,2022,2022-10-07,3801,2022-08-24,2023,4046,INGLE,3,5,7,3801,0,0,0,,0,3H15D,"ALEMANY BL","ADMIRAL AV",58.00,W,N,A,-,N,,,,,,,,,,Y,2,0,2,1,A,-,03,22350,,F,A,I,A,A,H,-,C,A,0,,,,,Y,,A,07,1,1,0,0,0,0,0,0,0,"- ","- ",,,"SAN FRANCISCO","SAN FRANCISCO",-122.43115234375,37.730567932128906
9503262,2022,2022-09-21,3801,2022-08-25,0615,2372,INGLE,4,5,7,3801,0,0,0,,0,3H15A,"MISSION ST","GENEVA AV",0.00,,Y,B,-,N,,,,,,,,,,N,3,0,1,2,A,-,10,21950,A,F,G,B,B,A,H,-,A,A,0,Y,,,,Y,,A,01,0,1,0,0,1,0,0,0,0,"- ","- ",,,"SAN FRANCISCO","SAN FRANCISCO",-122.44100189208984,37.716388702392578
9503263,2022,2022-09-21,3801,2022-08-24,0057,2750,BAYVI,3,5,7,3801,0,0,0,,0,5CAR,QUESADA,"LANE ST",0.00,,Y,A,-,N,,,,,,,,,,Y,3,0,2,5,A,-,03,22350,,N,D,C,A,A,H,-,C,-,0,,,,,Y,,A,01,0,1,1,0,0,0,0,0,0,"- ","- ",,,"SAN FRANCISCO","SAN FRANCISCO",-122.38960266113281,37.732292175292969
9503264,2022,2022-09-21,3801,2022-08-24,1848,1952,BAYVI,3,5,7,3801,0,0,0,,0,3C13D,"3RD ST","LA SALLE AV",0.00,,Y,B,-,N,,,,,,,,,,Y,3,0,1,2,A,-,12,21453,A,N,D,C,A,A,H,-,A,A,0,,,,,Y,,A,01,0,1,0,0,0,0,0,0,0,"- ","- ",,,"SAN FRANCISCO","SAN FRANCISCO",-122.38993835449219,37.737216949462891
9503265,2022,2022-09-21,3801,2022-08-27,0525,2421,PARK,6,5,7,3801,0,0,0,,0,3F13,"STANYAN ST","LONE MOUNTAIN TER",0.00,,Y,E,-,N,,,,,,,,,,Y,4,0,1,1,A,-,03,22350,A,N,E,I,A,B,H,-,C,D,0,,,,,Y,,-,,0,0,1,0,0,0,0,0,0,"- ","- ",,,"SAN FRANCISCO","SAN FRANCISCO",-122.45547485351562,37.778850555419922
9503266,2022,2022-09-21,3801,2022-08-14,0836,707,TRAFF,7,5,7,3801,0,0,0,,0,901,"EDDY ST","EDDY ST 265",0.00,,-,A,-,N,,,,,,,,,,N,3,0,1,2,A,-,11,21955,,F,G,B,D,A,H,-,A,D,0,Y,,,,Y,,N,60,0,1,0,0,1,0,0,0,0,"- ","- ",,,"SAN FRANCISCO","SAN FRANCISCO",,
9503267,2022,2022-09-21,3801,2022-08-26,1407,677,SOUTH,5,5,7,3801,0,0,0,,0,3B11C,"BERRY ST","3RD ST",100.00,W,N,A,-,N,,,,,,,,,,N,2,0,1,3,A,-,08,22107,,N,D,C,A,A,H,-,A,A,0,,,,,Y,,A,01,1,0,0,0,0,0,0,0,0,"- ","- ",,,"SAN FRANCISCO","SAN FRANCISCO",-122.391357421875,37.777336120605469
9503268,2022,2022-09-21,3801,2022-08-27,0037,2457,SOUTH,6,5,7,3801,0,0,0,,0,3B2E,"FOLSOM ST","7TH ST",0.00,,Y,A,-,N,,,,,,,,,,Y,2,0,1,2,A,-,03,22350,,N,C,E,A,A,H,-,C,A,0,,,Y,,Y,,C,02,1,0,0,0,0,0,0,0,1,"- ","- ",,,"SAN FRANCISCO","SAN FRANCISCO",-122.40784454345703,37.776771545410156
9503269,2022,2022-09-21,3801,2022-08-28,2225,2708,SOUTH,7,5,7,3801,0,0,0,,0,3B12E,"MISSION ST","5TH ST",0.00,,Y,A,-,N,,,,,,,,,,Y,4,0,2,2,A,-,12,21453,A,N,B,C,A,A,H,-,C,A,0,,,,,Y,,A,01,0,0,2,0,0,0,0,0,0,"- ","- ",,,"SAN FRANCISCO","SAN FRANCISCO",-122.40648651123047,37.782737731933594
9503270,2022,2022-09-21,3801,2022-08-26,0150,2457,SOUTH,5,5,7,3801,0,0,0,,0,3B11E,"NATOMA ST","5TH ST",0.00,,Y,A,-,N,,,,,,,,,,N,3,0,1,1,A,-,03,22350,,N,H,J,A,A,H,-,C,D,0,,,,,Y,,M,94,0,1,0,0,0,0,0,0,0,"- ","- ",,,"SAN FRANCISCO","SAN FRANCISCO",-122.40545654296875,37.781944274902344
9503271,2022,2022-09-21,3801,2022-08-28,1014,9,CENTR,7,5,7,3801,0,0,0,,0,1CAR,"JONES ST","GEARY ST",0.00,,Y,A,-,N,,,,,,,,,,N,3,0,1,2,A,-,12,21453,A,N,G,B,B,A,H,-,A,A,0,Y,,,,Y,,A,01,0,1,0,0,1,0,0,0,0,"- ","- ",,,"SAN FRANCISCO","SAN FRANCISCO",-122.41314697265625,37.786750793457031
9503272,2022,2022-09-21,3801,2022-08-28,1321,1118,SOUTH,7,5,7,3801,0,0,0,,0,3B12A,"10TH ST","MISSION ST",0.00,,Y,A,-,N,,,,,,,,,,N,4,0,1,2,A,-,10,21950,A,N,G,B,B,A,H,-,A,A,0,Y,,,,Y,,A,01,0,0,1,0,1,0,0,0,0,"- ","- ",,,"SAN FRANCISCO","SAN FRANCISCO",-122.41590881347656,37.775276184082031
9503273,2022,2022-09-21,3801,2022-08-26,1635,1385,SOUTH,5,5,7,3801,0,0,0,,0,3B13C,"FOLSOM ST","5TH ST",0.00,,-,A,-,N,,,,,,,,,,N,4,0,1,2,A,-,21,22106,,N,H,C,A,A,H,-,-,A,0,,,,,Y,,A,01,0,0,1,0,0,0,0,0,0,"- ","- ",,,"SAN FRANCISCO","SAN FRANCISCO",-122.40340423583984,37.7802734375
9503274,2022,2022-09-21,3801,2022-08-26,2338,2722,CENTR,5,5,7,3801,0,0,0,,0,3A11E,"BUSH ST","STOCKTON ST",0.00,,Y,B,F,N,,,,,,,,,,N,4,0,2,2,A,-,08,22107,,N,B,C,A,B,H,-,C,A,0,,,,,Y,Y,A,01,0,0,2,0,0,0,0,0,0,"- ","- ",,,"SAN FRANCISCO","SAN FRANCISCO",-122.40715026855469,37.790378570556641
9503275,2022,2022-09-21,3801,2022-08-23,1700,1787,NORTH,2,5,7,3801,0,0,0,,0,01D,"HAYES ST","WEBSTER ST",0.00,,Y,A,-,N,,,,,,,,,,N,3,0,1,2,A,-,11,21453,D,F,A,B,B,A,H,-,A,A,0,Y,,,,Y,,N,60,0,1,0,0,1,0,0,0,0,"- ","- ",,,"SAN FRANCISCO","SAN FRANCISCO",-122.42953491210938,37.776042938232422
9503276,2022,2022-09-21,3801,2022-08-26,1300,2325,SOUTH,5,5,7,3801,0,0,0,,0,3B13C,"5TH ST","MISSION ST",0.00,,Y,A,-,N,,,,,,,,,,N,3,0,1,2,A,-,09,21800,A,F,D,J,A,A,H,-,A,A,0,,,Y,,Y,,A,01,0,1,0,0,0,0,0,0,1,"- ","- ",,,"SAN FRANCISCO","SAN FRANCISCO",-122.40648651123047,37.782737731933594
9503277,2022,2022-09-21,3801,2022-08-28,0210,2153,TARAV,7,5,7,3801,0,0,0,,0,3I15E,"SUNSET BL","OCEAN AV",0.00,,Y,A,-,N,,,,,,,,,,Y,4,0,2,2,A,-,12,21453,A,N,D,C,A,A,H,-,C,A,0,,,,,Y,,-,,0,0,2,0,0,0,0,0,0,"- ","- ",,,"SAN FRANCISCO","SAN FRANCISCO",-122.49381256103516,37.731895446777344
9503278,2022,2022-09-21,3801,2022-08-28,1506,2359,TARAV,7,5,7,3801,0,0,0,,0,0I6,"MINERVA ST","PLYMOUTH AV",345.00,E,N,A,-,N,,,,,,,,,,N,3,0,1,2,A,-,03,22350,,F,G,B,F,A,H,-,A,D,0,Y,,,,Y,,A,01,0,1,0,0,1,0,0,0,0,"- ","- ",,,"SAN FRANCISCO","SAN FRANCISCO",-122.45493316650391,37.715824127197266
9503279,2022,2022-09-21,3801,2022-08-26,0948,1900,TARAV,5,5,7,3801,0,0,0,,0,TARAVA,"19TH AV","LINCOLN BL",0.00,,Y,B,-,N,,,,,,,,,,N,4,0,1,2,A,-,10,21950,A,N,G,B,B,A,H,-,A,A,0,Y,,,,Y,,A,07,0,0,1,0,1,0,0,0,0,"- ","- ",,,"SAN FRANCISCO","SAN FRANCISCO",-122.47732543945312,37.76544189453125
9503280,2022,2022-10-04,3801,2022-08-27,2252,4347,TARAV,6,5,7,3801,0,0,0,,0,3I11E,"TARAVAL ST","18TH AV",0.00,,Y,A,-,N,,,,,,,,,,N,4,0,1,3,A,-,12,22450,A,F,D,C,A,A,D,-,C,A,0,,,,,Y,,A,01,0,0,1,0,0,0,0,0,0,"- ","- ",,,"SAN FRANCISCO","SAN FRANCISCO",-122.47462463378906,37.74310302734375
9503281,2022,2022-09-21,3801,2022-06-29,1740,17711740,TENDE,3,5,7,3801,0,0,0,,0,3J14D,"CHARLES J BRENHAM PL","MARKET ST",0.00,,Y,A,-,N,,,,,,,,,,Y,4,0,1,2,A,-,08,22107,,N,A,C,A,A,H,-,A,A,0,,,,,Y,Y,A,01,0,0,1,0,0,0,0,0,0,"- ","- ",37.780658721923828,-122.41271209716797,"SAN FRANCISCO","SAN FRANCISCO",-122.41251373291016,37.780479431152344
9503317,2022,2022-09-22,3801,2022-07-04,1751,4175,TARAV,1,5,7,3801,0,0,0,,0,4B4D,"LINCOLN WY","9TH AV",16.00,E,N,A,-,N,,,,,,,,,,Y,2,0,4,6,A,-,09,21453,B,N,C,C,F,A,H,-,A,A,0,Y,,,,Y,,A,01,1,0,3,0,4,0,0,0,0,"- ","- ",,,"SAN FRANCISCO","SAN FRANCISCO",-122.46638488769531,37.765933990478516
9503318,2022,2022-09-22,3801,2022-07-10,1000,1148,MISSI,7,5,7,3801,0,0,0,,0,3D15D,"26TH ST","FAIR OAKS ST",0.00,,Y,A,-,N,,,,,,,,,,N,3,0,1,2,A,-,09,21801,A,N,D,G,A,A,H,-,A,D,0,,Y,,,Y,,A,01,0,1,0,0,0,0,1,0,0,"- ","- ",,,"SAN FRANCISCO","SAN FRANCISCO",-122.42366790771484,37.748710632324219
9503319,2022,2022-09-22,3801,2022-07-22,1320,1993,SOUTH,5,5,7,3801,0,0,0,,0,3B106,"LARKIN ST","TURK ST",0.00,,Y,A,-,N,,,,,,,,,,N,4,0,1,2,A,-,04,21703,,N,C,D,A,A,H,-,A,D,0,,,,,Y,,A,01,0,0,1,0,0,0,0,0,0,"- ","- ",,,"SAN FRANCISCO","SAN FRANCISCO",-122.41733551025391,37.782379150390625
9503321,2022,2022-09-22,3801,2022-07-27,2307,979,TENDE,3,5,7,3801,0,0,0,,0,3J13E,"MCALLISTER ST","HYDE ST",0.00,,Y,B,-,N,,,,,,,,,,N,2,0,1,2,A,-,12,21453,A,N,D,J,A,A,H,-,C,A,0,,,,,Y,,-,,1,0,0,0,0,0,0,0,0,"- ","- ",,,"SAN FRANCISCO","SAN FRANCISCO",-122.41532135009766,37.780738830566406
9503322,2022,2022-09-22,3801,2022-07-18,0816,1061,SOUTH,1,5,7,3801,0,0,0,,0,3B12A,"4TH ST","HARRISON ST",0.00,,Y,A,-,N,,,,,,,,,,Y,4,0,1,2,A,-,08,22107,,N,B,D,A,A,H,-,A,A,0,,,,,Y,,A,07,0,0,1,0,0,0,0,0,0,"- ","- ",,,"SAN FRANCISCO","SAN FRANCISCO",-122.39962768554688,37.780776977539062
9503361,2022,2022-09-22,3801,2022-08-05,0354,2740,TARAV,5,5,7,3801,0,0,0,,0,0I5,"JUNIPERO SERRA BL","PALMETTO AV",223.00,S,N,A,-,N,,,,,,,,,,Y,3,0,1,1,A,-,03,22350,,M,A,I,A,A,H,-,C,D,0,,,,,Y,,A,01,0,1,0,0,0,0,0,0,0,"- ","- ",,,"SAN FRANCISCO","SAN FRANCISCO",-122.47104644775391,37.710025787353516
9503362,2022,2022-09-22,3801,2022-08-03,1709,781,TARAV,3,5,7,3801,0,0,0,,0,0I5,"SKYLINE BL","GREAT HWY",0.00,,Y,B,-,N,,,,,,,,,,Y,4,0,1,2,A,-,12,22450,A,F,D,C,A,A,H,-,A,A,0,,,Y,,Y,,A,07,0,0,1,0,0,0,0,0,1,"- ","- ",,,"SAN FRANCISCO","SAN FRANCISCO",-122.50299835205078,37.725273132324219
9503363,2022,2022-09-22,3801,2022-08-06,1517,2215,NORTH,6,5,7,3801,0,0,0,,0,3E15D,"RICHARDSON ST","BAKER ST",15.00,S,N,A,-,N,,,,,,,,,,N,4,0,3,2,A,-,03,22350,,N,C,C,A,A,H,-,A,A,0,,,,,Y,,A,01,0,0,3,0,0,0,0,0,0,"- ","- ",,,"SAN FRANCISCO","SAN FRANCISCO",-122.44654083251953,37.799961090087891
9503364,2022,2022-09-22,3801,2022-08-07,1524,540,TARAV,7,5,7,3801,0,0,0,,0,0I5,"SLOAT BL","SKYLINE BL",0.00,,Y,A,-,N,,,,,,,,,,Y,4,0,1,2,A,-,12,22450,A,N,D,C,A,A,H,-,A,D,0,,,,,Y,,A,01,0,0,1,0,0,0,0,0,0,"- ","- ",,,"SAN FRANCISCO","SAN FRANCISCO",-122.49598693847656,37.733707427978516
9503365,2022,2022-09-22,3801,2022-08-08,1716,1182,INGLE,1,5,7,3801,0,0,0,,0,3H11D,"ALEMANY BL","THERESA ST",0.00,,Y,A,-,N,,,,,,,,,,Y,4,0,3,2,A,-,09,21801,A,N,D,C,A,A,H,-,A,D,0,,,,,Y,,A,01,0,0,3,0,0,0,0,0,0,"- ","- ",,,"SAN FRANCISCO","SAN FRANCISCO",-122.43453216552734,37.728790283203125
9503366,2022,2022-09-22,3801,2022-08-06,0015,1472,PARK,6,5,7,3801,0,0,0,,0,001,"KEZAR DR","JOHN F KENNEDY DR",0.00,,Y,F,-,N,,,,,,,,,,Y,3,0,6,3,A,-,03,22350,,F,D,C,A,B,H,-,C,A,0,,,,,Y,,A,01,0,1,5,0,0,0,0,0,0,"- ","- ",,,"SAN FRANCISCO","SAN FRANCISCO",-122.45532989501953,37.770858764648438
9503367,2022,2022-09-22,3801,2022-08-09,2233,2744,SOUTH,2,5,7,3801,0,0,0,,0,0B4,"MARKET ST","GUERRERO ST",40.00,E,N,A,-,N,,,,,,,,,,N,2,0,2,1,A,-,03,22350,,N,E,I,A,-,H,-,C,-,0,,,,,Y,,-,,2,0,0,0,0,0,0,0,0,"- ","- ",,,"SAN FRANCISCO","SAN FRANCISCO",-122.42476654052734,37.770828247070312
9503368,2022,2022-09-22,3801,2022-08-08,2134,4222,INGLE,1,5,7,3801,0,0,0,,0,WH15E,"MISSION ST","POPE ST",0.00,,Y,A,-,N,,,,,,,,,,N,4,0,1,2,A,-,09,21801,,N,D,C,A,A,H,-,C,A,0,,,Y,,Y,,A,01,0,0,1,0,0,0,0,0,1,"- ","- ",,,"SAN FRANCISCO","SAN FRANCISCO",-122.44183349609375,37.715427398681641
9503389,2022,2022-09-23,3801,2022-08-29,1537,1637,SOUTH,1,5,7,3801,0,0,0,,0,3B12D,"BYANT ST","OAK GROVE ST",0.00,,Y,A,-,N,,,,,,,,,,Y,4,0,1,2,A,-,08,22107,,N,-,C,A,A,-,-,A,A,0,,,,,Y,,-,,0,0,1,0,0,0,0,0,0,"- ","- ",,,"SAN FRANCISCO","SAN FRANCISCO",-122.40140533447266,37.776931762695312
9503395,2022,2022-09-23,3801,2022-08-21,1444,1978,BAYVI,7,5,7,3801,0,0,0,,0,004,"MANSELL ST","HAMILTON ST",0.00,,Y,A,-,N,,,,,,,,,,N,3,0,1,2,A,-,10,21950,A,F,G,B,B,A,H,-,A,A,0,Y,,,,Y,Y,-,99,0,1,0,0,1,0,0,0,0,"- ","- ",,,"SAN FRANCISCO","SAN FRANCISCO",-122.40703582763672,37.720096588134766
9503425,2022,2022-10-06,3801,2022-06-20,1026,1987,TENDE,1,5,7,3801,0,0,0,,0,3J16A,"LARKIN ST","MCALLISTER ST",0.00,,Y,A,-,N,,,,,,,,,,Y,4,0,1,2,A,-,09,21801,,N,H,C,A,A,H,-,A,A,0,,,,,Y,Y,A,01,0,0,1,0,0,0,0,0,0,"- ","- ",,,"SAN FRANCISCO","SAN FRANCISCO",-122.41693878173828,37.780498504638672
9503426,2022,2022-09-23,3801,2022-06-18,1620,2231,SOUTH,6,5,7,3801,0,0,0,,0,3B12D,"16TH ST","MISSOURI ST",0.00,,Y,A,-,N,,,,,,,,,,N,4,0,1,2,A,-,08,22100,B,N,D,C,A,A,H,-,A,A,0,,,,,Y,,A,01,0,0,1,0,0,0,0,0,0,"- ","- ",,,"SAN FRANCISCO","SAN FRANCISCO",-122.39688110351562,37.766429901123047
9503427,2022,2022-09-23,3801,2022-06-26,1209,1394,MISSI,7,5,7,3801,0,0,0,,0,,"DUBOCE AV","MISSION ST",0.00,,Y,A,-,N,,,,,,,,,,Y,4,0,3,2,A,-,02,22526,A,N,D,C,A,A,H,-,A,A,0,,,,,Y,,A,01,0,0,3,0,0,0,0,0,0,"- ","- ",,,"SAN FRANCISCO","SAN FRANCISCO",-122.42018127441406,37.769992828369141
9503428,2022,2022-09-23,3801,2022-06-14,1120,917,TRAFF,2,5,7,3801,0,0,0,,0,4B21,"HYDE ST","CHESTNUT ST",0.00,,Y,A,-,N,,,,,,,,,,N,2,0,1,2,A,-,00,21954,D,N,G,B,E,A,H,-,A,D,0,Y,,,,Y,,A,01,1,0,0,0,1,0,0,0,0,"- ","- ",,,"SAN FRANCISCO","SAN FRANCISCO",-122.41983032226562,37.802932739257812
9503429,2022,2022-09-23,3801,2022-06-23,0133,2749,TENDE,4,5,7,3801,0,0,0,,0,3J15E,"ELLIS ST","LEAVENWORTH ST",0.00,,Y,A,-,N,,,,,,,,,,N,4,0,1,3,A,-,17,22517,,M,D,C,A,A,H,-,C,D,0,,,,,Y,Y,-,,0,0,1,0,0,0,0,0,0,"- ","- ",,,"SAN FRANCISCO","SAN FRANCISCO",-122.41442108154297,37.784671783447266
9503430,2022,2022-09-23,3801,2022-06-30,0824,707,TRAFF,4,5,7,3801,0,0,0,,0,901,"EVANS AV","TOLAND ST",0.00,,Y,B,-,N,,,,,,,,,,Y,3,0,1,2,A,-,17,21461,A,N,A,C,A,A,H,-,A,D,0,,,,,Y,,A,07,0,1,0,0,0,0,0,0,0,"- ","- ",,,"SAN FRANCISCO","SAN FRANCISCO",-122.39595031738281,37.747234344482422
9503431,2022,2022-09-23,3801,2022-06-30,1735,1680,MISSI,4,5,7,3801,0,0,0,,0,3D13D,"FLORIDA ST","23RD ST",25.00,N,N,A,-,N,,,,,,,,,,N,4,0,1,2,A,-,11,21954,A,N,G,B,E,A,H,-,A,D,0,Y,,,,Y,,N,60,0,0,1,0,1,0,0,0,0,"- ","- ",,,"SAN FRANCISCO","SAN FRANCISCO",-122.41020965576172,37.754398345947266
9503432,2022,2022-09-23,3801,2022-06-15,2200,2237,TEBDE,3,5,7,3801,0,0,0,,0,2J15E,OFARRELL,"HYDE ST",0.00,,Y,A,-,N,,,,,,,,,,Y,3,0,2,2,A,-,12,21453,A,N,D,C,A,A,H,-,C,A,0,,,,,Y,,A,08,0,1,1,0,0,0,0,0,0,"- ","- ",,,"SAN FRANCISCO","SAN FRANCISCO",-122.416259765625,37.785392761230469
9503433,2022,2022-09-23,3801,2022-06-23,1600,2210,SOUTH,4,5,7,3801,0,0,0,,0,0B2,"3RD ST","FOLSOM ST",0.00,,Y,A,-,N,,,,,,,,,,N,4,0,1,2,A,-,08,22107,,N,D,J,A,A,H,-,A,A,0,,,,,Y,,A,01,0,0,1,0,0,0,0,0,0,"- ","- ",,,"SAN FRANCISCO","SAN FRANCISCO",-122.39896392822266,37.783782958984375
9503434,2022,2022-09-23,3801,2022-06-07,2010,4084,TRAFF,2,5,7,3801,0,0,0,,0,4B4B,"23RD ST","FOLSOM ST",0.00,,Y,A,-,N,,,,,,,,,,Y,3,0,1,3,A,-,06,21750,A,N,B,C,A,A,H,-,A,A,0,,,Y,,Y,,C,02,0,1,0,0,0,0,0,0,1,"- ","- ",,,"SAN FRANCISCO","SAN FRANCISCO",-122.41425323486328,37.754119873046875
9503435,2022,2022-09-23,3801,2022-06-25,1728,4023,MISSI,6,5,7,3801,0,0,0,,0,,"18TH ST","LEXINGTON ST",71.00,S,N,A,-,N,,,,,,,,,,Y,4,0,2,3,A,-,04,21703,,N,C,C,A,A,H,-,A,D,0,,,,,Y,,A,01,0,0,2,0,0,0,0,0,0,"- ","- ",,,"SAN FRANCISCO","SAN FRANCISCO",-122.4207763671875,37.761749267578125
9503436,2022,2022-09-23,3801,2022-06-29,1514,1195,SOUTH,3,5,7,3801,0,0,0,,0,,"HOWARD ST","MAIN ST",105.00,E,N,A,-,N,,,,,,,,,,N,4,0,1,2,A,-,08,22107,,N,B,J,A,A,H,-,A,A,0,,,,,Y,,I,09,0,0,1,0,0,0,0,0,0,"- ","- ",,,"SAN FRANCISCO","SAN FRANCISCO",-122.39315032958984,37.790828704833984
9503437,2022,2022-09-23,3801,2022-06-28,2041,1435,NORTH,2,5,7,3801,0,0,0,,0,4B4G,"HAIGHT ST","FILLMORE ST",193.00,W,N,A,-,N,,,,,,,,,,N,2,0,1,2,A,-,11,21954,A,N,G,B,E,A,H,-,B,A,0,Y,,,,Y,Y,N,60,1,0,0,0,1,0,0,0,0,"- ","- ",,,"SAN FRANCISCO","SAN FRANCISCO",-122.43110656738281,37.772026062011719
9503613,2022,2022-09-26,3801,2022-08-22,2030,4187,NORTH,1,5,7,3801,0,0,0,,0,3E14D,"UNION ST","BUCHANAN ST",78.00,W,N,A,-,N,,,,,,,,,,N,4,0,1,2,A,-,11,21954,A,N,G,B,D,A,H,-,C,D,0,Y,,,,Y,,N,60,0,0,1,0,1,0,0,0,0,"- ","- ",,,"SAN FRANCISCO","SAN FRANCISCO",-122.43246459960938,37.797477722167969
9503615,2022,2022-09-26,3801,2022-08-22,0811,670,INGLE,1,5,7,3801,0,0,0,,0,3H15A,"ALEMANY BL","ROUSSEAU ST",0.00,,Y,A,-,N,,,,,,,,,,N,3,0,1,2,A,-,10,21950,,N,G,B,B,A,H,-,A,A,0,Y,,,,Y,,A,01,0,1,0,0,1,0,0,0,0,"- ","- ",,,"SAN FRANCISCO","SAN FRANCISCO",-122.42961120605469,37.731040954589844
9503616,2022,2022-09-26,3801,2022-08-09,0904,892,SOUTH,2,5,7,3801,0,0,0,,0,0B4,"9TH ST","FOLSOM ST",0.00,,Y,A,-,N,,,,,,,,,,Y,3,0,1,2,A,-,06,21750,,N,D,C,A,A,H,-,A,A,0,,,Y,,Y,,C,02,0,1,0,0,0,0,0,0,1,"- ","- ",,,"SAN FRANCISCO","SAN FRANCISCO",-122.41161346435547,37.773773193359375
9503689,2022,2022-09-23,3801,2022-02-13,2020,2457,SOUTH,7,5,7,3801,0,0,0,,0,3B11E,"THE EMBARCADERO","TOWNSEND ST",100.00,N,N,A,-,N,,,,,,,,,,N,4,0,1,2,A,-,11,21954,A,N,G,B,D,A,H,-,C,D,0,Y,,Y,,Y,,N,60,0,0,1,0,1,0,0,0,0,"- ","- ",,,"SAN FRANCISCO","SAN FRANCISCO",-122.38838958740234,37.782085418701172
9503693,2022,2022-10-04,3801,2022-04-27,1802,2376,SOUTH,3,5,7,3801,0,0,0,,0,3B12A,"FOLSOM ST","12TH ST",0.00,,Y,A,-,N,,,,,,,,,,N,4,0,1,2,A,-,09,21801,,M,A,C,A,A,H,-,A,A,0,,,,,Y,,A,01,0,0,1,0,0,0,0,0,0,"- ","- ",,,"SAN FRANCISCO","SAN FRANCISCO",-122.41500091552734,37.770904541015625
9503694,2022,2022-09-23,3801,2022-04-30,1434,327,MISSI,6,5,7,3801,0,0,0,,0,3D12C,"17TH ST","CHURCH ST",287.00,E,N,A,-,N,,,,,,,,,,N,3,0,1,2,A,-,06,21750,A,N,B,C,A,A,H,-,A,D,0,,,Y,,Y,,C,02,0,1,0,0,0,0,0,0,1,"- ","- ",,,"SAN FRANCISCO","SAN FRANCISCO",-122.42752075195312,37.762935638427734
9503695,2022,2022-09-23,3801,2022-04-07,0835,2404,MISSI,4,5,7,3801,0,0,0,,0,,"18TH ST","FLORIDA ST",0.00,,Y,A,-,N,,,,,,,,,,N,4,0,1,2,A,-,10,21950,A,M,G,B,C,A,H,-,A,-,0,Y,,,,Y,Y,A,01,0,0,1,0,1,0,0,0,0,"- ","- ",,,"SAN FRANCISCO","SAN FRANCISCO",-122.41107177734375,37.761714935302734
9503749,2022,2022-09-27,3801,2022-05-16,1253,621,CENTR,1,5,7,3801,0,0,0,,0,3A13A,"POWELL ST","FRANCISCO ST",0.00,,Y,A,-,N,,,,,,,,,,Y,3,0,1,2,D,-,00,,,N,D,C,A,A,H,-,A,A,0,,,,,Y,,-,"- ",0,1,0,0,0,0,0,0,0,"- ","- ",,,"SAN FRANCISCO","SAN FRANCISCO",-122.41177368164062,37.804897308349609
9504054,2022,2022-10-26,3801,2022-09-06,0456,202,TRAFF,2,5,7,3801,0,0,0,,0,4B2D,"5TH ST","BRYANT ST",158.00,N,N,A,-,Y,,,,,,,,,,N,1,1,0,2,A,-,10,21954,B,F,G,B,D,A,H,-,C,D,0,Y,,,,Y,,A,01,0,0,0,1,0,0,0,0,0,"- ","- ",,,"SAN FRANCISCO","SAN FRANCISCO",-122.40068054199219,37.778106689453125
9504389,2022,2022-10-18,3801,2022-09-24,1152,1605,NORTH,6,5,7,3801,0,0,0,,0,3E11A,"LOMBARD ST","OCTAVIA ST",0.00,,Y,A,-,Y,SF,4,101,-,-,6.976,I,5,S,Y,4,0,2,2,A,-,09,21801,A,N,D,E,A,-,H,-,A,A,0,,,,,Y,,A,07,0,0,2,0,0,0,0,0,0,"- ","- ",,,"SAN FRANCISCO","SAN FRANCISCO",-122.42948913574219,37.8006591796875