CASE_ID,ACCIDENT_YEAR,PROC_DATE,JURIS,COLLISION_DATE,COLLISION_TIME,OFFICER_ID,REPORTING_DISTRICT,DAY_OF_WEEK,CHP_SHIFT,POPULATION,CNTY_CITY_LOC,SPECIAL_COND,BEAT_TYPE,CHP_BEAT_TYPE,CITY_DIVISION_LAPD,CHP_BEAT_CLASS,BEAT_NUMBER,PRIMARY_RD,SECONDARY_RD,DISTANCE,DIRECTION,INTERSECTION,WEATHER_1,WEATHER_2,STATE_HWY_IND,CALTRANS_COUNTY,CALTRANS_DISTRICT,STATE_ROUTE,ROUTE_SUFFIX,POSTMILE_PREFIX,POSTMILE,LOCATION_TYPE,RAMP_INTERSECTION,SIDE_OF_HWY,TOW_AWAY,COLLISION_SEVERITY,NUMBER_KILLED,NUMBER_INJURED,PARTY_COUNT,PRIMARY_COLL_FACTOR,PCF_CODE_OF_VIOL,PCF_VIOL_CATEGORY,PCF_VIOLATION,PCF_VIOL_SUBSECTION,HIT_AND_RUN,TYPE_OF_COLLISION,MVIW,PED_ACTION,ROAD_SURFACE,ROAD_COND_1,ROAD_COND_2,LIGHTING,CONTROL_DEVICE,CHP_ROAD_TYPE,PEDESTRIAN_ACCIDENT,BICYCLE_ACCIDENT,MOTORCYCLE_ACCIDENT,TRUCK_ACCIDENT,NOT_PRIVATE_PROPERTY,ALCOHOL_INVOLVED,STWD_VEHTYPE_AT_FAULT,CHP_VEHTYPE_AT_FAULT,COUNT_SEVERE_INJ,COUNT_VISIBLE_INJ,COUNT_COMPLAINT_PAIN,COUNT_PED_KILLED,COUNT_PED_INJURED,COUNT_BICYCLIST_KILLED,COUNT_BICYCLIST_INJURED,COUNT_MC_KILLED,COUNT_MC_INJURED,PRIMARY_RAMP,SECONDARY_RAMP,LATITUDE,LONGITUDE,COUNTY,CITY,POINT_X,POINT_Y
9504393,2022,2022-10-11,3801,2022-09-03,0701,4286,RICHM,6,5,7,3801,0,0,0,,0,0G2,"GEARY BL","PARKER AV",40.00,W,N,A,-,N,,,,,,,,,,Y,3,0,1,2,A,-,04,21703,,N,C,C,A,A,H,-,A,A,0,,,,,Y,,A,07,0,1,0,0,0,0,0,0,0,"- ","- ",,,"SAN FRANCISCO","SAN FRANCISCO",-122.45429992675781,37.781642913818359
9504397,2022,2022-10-18,3801,2022-09-04,1204,2375,RICHM,7,5,7,3801,0,0,0,,0,3G13A,"PARK PRESIDIO BYPASS DR","FULTON ST",80.00,S,N,A,-,Y,SF,4,1,-,-,4.970,H,-,N,Y,3,0,4,2,A,-,03,22350,,N,C,C,A,A,H,-,A,D,0,,,,,Y,,A,01,0,1,3,0,0,0,0,0,0,"- ","- ",,,"SAN FRANCISCO","SAN FRANCISCO",-122.47173309326172,37.772773742675781
9505121,2022,2022-10-10,3801,2022-06-14,2233,CATO250,NORTH,2,5,7,3801,0,0,0,,0,3E13E,"POLK ST","GROVE ST",0.00,,Y,A,-,N,,,,,,,,,,N,2,0,1,2,A,-,10,21950,A,N,G,B,B,A,H,-,C,A,0,Y,,,,Y,,A,01,1,0,0,0,1,0,0,0,0,"- ","- ",,,"SAN FRANCISCO","SAN FRANCISCO",-122.41822052001953,37.778480529785156
9505122,2022,2022-10-28,3801,2022-06-11,1050,2445,CENTR,6,5,7,3801,0,0,0,,0,,"LEAVENWORTH ST","SUTTER ST",0.00,,Y,A,-,N,,,,,,,,,,Y,4,0,1,1,A,-,03,22350,,N,E,I,A,A,H,-,A,A,0,,,,,Y,,A,01,0,0,1,0,0,0,0,0,0,"- ","- ",,,"SAN FRANCISCO","SAN FRANCISCO",-122.41517639160156,37.788379669189453
9505123,2022,2022-12-29,3801,2022-06-04,0834,1819,NORTH,6,5,7,3801,0,0,0,,0,1CAR,"FELL ST","BUCHANAN ST",0.00,,Y,A,-,N,,,,,,,,,,Y,4,0,1,2,A,-,03,22350,,N,C,C,A,A,H,-,A,A,0,,,,,Y,,A,01,0,0,1,0,0,0,0,0,0,"- ","- ",,,"SAN FRANCISCO","SAN FRANCISCO",-122.42771148681641,37.77532958984375
9505124,2022,2022-10-19,3801,2022-06-01,1035,1609,CENTR,3,5,7,3801,0,0,0,,0,3A54C,"KEARNY ST","PACIFIC AV",0.00,,Y,A,-,N,,,,,,,,,,N,4,0,1,2,D,-,00,,,N,D,J,A,A,H,-,A,A,0,,,,,Y,,-,"- ",0,0,1,0,0,0,0,0,0,"- ","- ",,,"SAN FRANCISCO","SAN FRANCISCO",-122.40538787841797,37.79705810546875
9505126,2022,2022-10-10,3801,2022-06-14,1748,426,NORTH,2,5,7,3801,0,0,0,,0,3E13D,"POLK ST","SUTTER ST",0.00,,Y,A,-,N,,,,,,,,,,N,2,0,1,2,A,-,12,21453,,N,D,G,A,A,H,-,A,A,0,,Y,,,Y,,L,04,1,0,0,0,0,0,1,0,0,"- ","- ",,,"SAN FRANCISCO","SAN FRANCISCO",-122.42010498046875,37.787761688232422
9505215,2022,2022-10-11,3801,2022-04-15,0815,2151,PARK,5,5,7,3801,0,0,0,,0,3F13A,"TURK ST","PARKER AV",0.00,,Y,A,-,N,,,,,,,,,,N,4,0,1,2,D,-,00,,,N,G,B,B,A,H,-,A,A,0,Y,,,,Y,,-,"- ",0,0,1,0,1,0,0,0,0,"- ","- ",,,"SAN FRANCISCO","SAN FRANCISCO",-122.45338439941406,37.777805328369141
9505216,2022,2022-10-11,3801,2022-04-23,1817,1680,MISSI,6,5,7,3801,0,0,0,,0,3D14D,"FOLSOM ST","18TH ST",0.00,,Y,A,-,N,,,,,,,,,,Y,3,0,4,2,A,-,00,21459,A,N,D,C,A,A,H,-,A,A,0,,,,,Y,,A,01,0,1,3,0,0,0,0,0,0,"- ","- ",,,"SAN FRANCISCO","SAN FRANCISCO",-122.41499328613281,37.762100219726562
9505217,2022,2022-10-11,3801,2022-04-07,1737,1173,RICHM,4,5,7,3801,0,0,0,,0,901,"GREAT HWY","JOHN KENNEDY DR",0.00,,Y,A,-,N,,,,,,,,,,N,3,0,1,2,A,-,09,21801,A,N,D,G,A,A,H,-,A,D,0,,Y,,,Y,,A,01,0,1,0,0,0,0,1,0,0,"- ","- ",,,"SAN FRANCISCO","SAN FRANCISCO",-122.51103973388672,37.770481109619141
9505225,2022,2022-10-11,3801,2022-05-05,1430,4274,RICHM,4,5,7,3801,0,0,0,,0,3G15C,"FULTON ST","STANYAN ST",50.00,W,N,A,-,N,,,,,,,,,,N,4,0,2,3,A,-,04,21703,,N,C,C,A,A,H,-,A,A,0,,,,,Y,,A,01,0,0,2,0,0,0,0,0,0,"- ","- ",,,"SAN FRANCISCO","SAN FRANCISCO",-122.454833984375,37.774726867675781
9505226,2022,2022-10-11,3801,2022-05-05,0314,1207,TENDE,4,5,7,3801,0,0,0,,0,0J5,"ELLIS ST","JONES ST",25.00,W,N,A,-,N,,,,,,,,,,N,3,0,1,2,A,-,11,21954,A,N,D,B,D,A,H,-,D,D,0,Y,,,,Y,,N,60,0,1,0,0,1,0,0,0,0,"- ","- ",,,"SAN FRANCISCO","SAN FRANCISCO",-122.41286468505859,37.784889221191406
9505227,2022,2022-10-11,3801,2022-05-27,1530,544,TENDE,5,5,7,3801,0,0,0,,0,9X13J,"ELLIS ST","MASON ST",60.00,E,N,A,-,N,,,,,,,,,,N,4,0,1,2,C,-,18,,,N,D,C,A,A,H,-,A,D,0,,,,,Y,,-,"- ",0,0,1,0,0,0,0,0,0,"- ","- ",,,"SAN FRANCISCO","SAN FRANCISCO",-122.40925598144531,37.785354614257812
9505229,2022,2022-10-11,3801,2022-05-06,1005,2093,NORTH,5,5,7,3801,0,0,0,,0,3E14A,"BEACH ST","RETIRO WY",0.00,,Y,A,-,N,,,,,,,,,,N,4,0,1,2,C,-,18,,,N,G,B,D,A,H,-,A,D,0,Y,,,,Y,,-,"- ",0,0,1,0,1,0,0,0,0,"- ","- ",,,"SAN FRANCISCO","SAN FRANCISCO",-122.43799591064453,37.804229736328125
9505230,2022,2022-10-11,3801,2022-05-19,1729,2707,TARAV,4,5,7,3801,0,0,0,,0,4CAR,"PORTOLA DR","SANTA CLARA AV",0.00,,Y,A,-,N,,,,,,,,,,Y,4,0,1,2,A,-,22,23123,5,N,C,C,A,A,H,-,A,A,0,,,Y,,Y,,A,01,0,0,1,0,0,0,0,0,1,"- ","- ",,,"SAN FRANCISCO","SAN FRANCISCO",-122.46619415283203,37.739158630371094
9505231,2022,2022-10-11,3801,2022-05-11,1036,1347,PARK,3,5,7,3801,0,0,0,,0,004,"WALLER ST","FILLMORE ST",0.00,,Y,A,-,N,,,,,,,,,,N,3,0,1,2,A,-,12,22450,A,N,D,G,A,A,H,-,A,A,0,,Y,,,Y,,L,04,0,1,0,0,0,0,1,0,0,"- ","- ",,,"SAN FRANCISCO","SAN FRANCISCO",-122.43023681640625,37.771190643310547
9505232,2022,2022-10-19,3801,2022-05-30,1522,1074,BAYVI,1,5,7,3801,0,0,0,,0,3C14D,"SILVER AV","SAN BRUNO AV",104.00,E,N,A,-,N,,,,,,,,,,N,4,0,1,2,A,-,04,21703,,N,C,C,A,A,H,-,A,D,0,,,,,Y,,A,01,0,0,1,0,0,0,0,0,0,"- ","- ",,,"SAN FRANCISCO","SAN FRANCISCO",-122.40531158447266,37.732593536376953
9505234,2022,2022-10-11,3801,2022-08-28,1230,917,TRAFF,7,5,7,3801,0,0,0,,0,3G94,"GEARY BL","BRODERICK ST",165.00,W,N,A,-,N,,,,,,,,,,Y,3,0,3,4,A,-,07,21658,A,N,B,C,A,A,H,-,A,D,0,,,,,Y,,A,01,0,1,2,0,0,0,0,0,0,"- ","- ",,,"SAN FRANCISCO","SAN FRANCISCO",-122.44169616699219,37.7830810546875
9505235,2022,2022-10-11,3801,2022-08-05,2212,4201,NORTH,5,5,7,3801,0,0,0,,0,3E13E,"ELLIS ST","DIVISADERO ST",20.00,E,N,A,-,N,,,,,,,,,,N,2,0,1,2,A,-,08,22102,,N,D,J,A,A,H,-,C,A,0,,,,,Y,,A,01,1,0,0,0,0,0,0,0,0,"- ","- ",,,"SAN FRANCISCO","SAN FRANCISCO",-122.43904113769531,37.781528472900391
9505236,2022,2022-10-11,3801,2022-08-30,1635,537,PARK,2,5,7,3801,0,0,0,,0,3F12D,"HAIGHT ST","BUENA VISTA EAST",0.00,,Y,A,-,N,,,,,,,,,,Y,4,0,2,2,A,-,09,21801,A,N,A,C,A,A,H,-,A,D,0,,,,,Y,,A,01,0,0,2,0,0,0,0,0,0,"- ","- ",,,"SAN FRANCISCO","SAN FRANCISCO",-122.44032287597656,37.770847320556641
9505237,2022,2022-10-11,3801,2022-08-28,0120,1386,SOUTH,7,5,7,3801,0,0,0,,0,004,"FOLSOM ST","12TH ST",0.00,,Y,A,-,N,,,,,,,,,,Y,4,0,1,2,A,-,08,22107,,N,B,D,A,A,H,-,C,A,0,,,,,Y,,A,08,0,0,1,0,0,0,0,0,0,"- ","- ",,,"SAN FRANCISCO","SAN FRANCISCO",-122.41500091552734,37.770904541015625
9505607,2022,2022-11-17,3801,2022-10-26,2210,2330,TARVA,3,5,7,3801,0,0,0,,0,3I13E,"TARAVAL ST","41ST AV",0.00,,Y,A,-,N,,,,,,,,,,N,2,0,1,2,A,-,17,21200,,N,D,G,A,A,H,-,C,A,0,,Y,,,Y,,L,04,1,0,0,0,0,0,1,0,0,"- ","- ",,,"SAN FRANCISCO","SAN FRANCISCO",-122.49925994873047,37.742012023925781
9505608,2022,2022-11-10,3801,2022-09-11,0057,1463,SOUTH,7,5,7,3801,0,0,0,,0,3B14E,"MISSION ST","11TH ST",0.00,,Y,A,-,N,,,,,,,,,,Y,4,0,4,4,A,-,03,22350,,N,C,C,A,A,-,-,C,A,0,,,,,Y,,A,01,0,0,4,0,0,0,0,0,0,"- ","- ",,,"SAN FRANCISCO","SAN FRANCISCO",-122.41709899902344,37.774330139160156
9505611,2022,2022-11-21,3801,2022-10-18,2130,1472,PARK,2,5,7,3801,0,0,0,,0,3F13E,"OAK ST","SHRADER ST",0.00,,Y,A,-,N,,,,,,,,,,N,4,0,1,2,A,-,03,22350,,F,C,G,A,A,H,-,C,A,0,,Y,,,Y,,D,22,0,0,1,0,0,0,1,0,0,"- ","- ",,,"SAN FRANCISCO","SAN FRANCISCO",-122.45221710205078,37.771228790283203
9505612,2022,2022-11-15,3801,2022-09-29,1508,1771,TENDE,4,5,7,3801,0,0,0,,0,3J12D,"MARKET ST","5TH ST",200.00,E,N,A,-,N,,,,,,,,,,N,4,0,1,2,-,-,"- ",,,N,H,J,A,A,H,-,A,A,0,,,,,Y,,-,"- ",0,0,1,0,0,0,0,0,0,"- ","- ",,,"SAN FRANCISCO","SAN FRANCISCO",-122.40756225585938,37.784381866455078
9505620,2022,2022-11-22,3801,2022-10-01,1458,1952,BAYVI,6,5,7,3801,0,0,0,,0,901,"BAYSHORE BL","QUINT ST",112.00,S,N,A,-,N,,,,,,,,,,Y,3,0,1,5,A,-,01,23152,F,M,B,E,A,A,H,-,A,D,0,,,,,Y,,D,22,0,1,0,0,0,0,0,0,0,"- ","- ",,,"SAN FRANCISCO","SAN FRANCISCO",-122.40293121337891,37.7296142578125
9505623,2022,2022-11-16,3801,2022-10-21,1554,4201,NORTH,5,5,7,3801,0,0,0,,0,3E13D,"VAN NESS AV","ELLIS ST",0.00,,Y,A,-,N,,,,,,,,,,N,4,0,5,2,A,-,08,22107,,N,B,D,A,A,H,-,A,A,0,,,,,Y,,A,01,0,0,5,0,0,0,0,0,0,"- ","- ",,,"SAN FRANCISCO","SAN FRANCISCO",-122.42095184326172,37.783828735351562
9505627,2022,2022-11-16,3801,2022-10-07,1700,4187,NORTH,5,5,7,3801,0,0,0,,0,3E15D,"LOMBARD ST","SCOTT ST",130.00,W,N,A,-,N,,,,,,,,,,N,3,0,2,2,A,-,17,22517,,F,B,C,A,A,H,-,A,D,0,,,,,Y,,A,01,0,1,1,0,0,0,0,0,0,"- ","- ",,,"SAN FRANCISCO","SAN FRANCISCO",-122.44144439697266,37.799160003662109
9505631,2022,2022-11-17,3801,2022-10-10,1430,812,BAYVI,1,5,7,3801,0,0,0,,0,,"BARNEVELD AV","JERROLD AV",548.00,S,N,A,-,N,,,,,,,,,,N,4,0,1,2,A,-,08,22102,,N,D,C,A,A,H,-,A,D,0,,,,,Y,,D,22,0,0,1,0,0,0,0,0,0,"- ","- ",,,"SAN FRANCISCO","SAN FRANCISCO",-122.40296936035156,37.744865417480469
9505635,2022,2022-11-16,3801,2022-10-06,2220,1350,BAYVI,4,5,7,3801,0,0,0,,0,3C15E,"GILMAN AV","JENNINGS ST",0.00,,Y,A,-,N,,,,,,,,,,Y,3,0,1,4,A,-,06,21750,A,F,D,C,A,A,H,-,C,A,0,,,,,Y,,A,01,0,1,0,0,0,0,0,0,0,"- ","- ",,,"SAN FRANCISCO","SAN FRANCISCO",-122.39375305175781,37.721393585205078
9505640,2022,2022-12-01,3801,2022-10-03,1645,2139,TARAV,1,5,7,3801,0,0,0,,0,901,"19TH AV","WAWONA ST",60.00,N,N,A,-,N,,,,,,,,,,N,3,0,3,3,A,-,04,21703,,N,C,C,A,A,H,-,A,A,0,,,,,Y,,A,07,0,1,2,0,0,0,0,0,0,"- ","- ",,,"SAN FRANCISCO","SAN FRANCISCO",-122.47531127929688,37.737625122070312
9505644,2022,2022-11-22,3801,2022-09-29,1240,2402,TARAV,4,5,7,3801,0,0,0,,0,3I13A,"GREAT HWY","JUDAH ST",342.00,N,N,A,-,N,,,,,,,,,,Y,4,0,2,3,A,-,01,23152,A,N,C,E,A,A,H,-,A,D,0,,,,,Y,Y,A,01,0,0,2,0,0,0,0,0,0,"- ","- ",,,"SAN FRANCISCO","SAN FRANCISCO",-122.51006317138672,37.761184692382812
9505647,2022,2022-11-17,3801,2022-10-27,0720,1917,TARAV,4,5,7,3801,0,0,0,,0,3I1DA,"SANTA CLARA AV","SAINT FRANCIS BL",0.00,,Y,A,-,N,,,,,,,,,,N,4,0,1,2,A,-,09,21802,A,N,D,G,A,A,H,-,C,A,0,,Y,,,Y,,D,22,0,0,1,0,0,0,1,0,0,"- ","- ",,,"SAN FRANCISCO","SAN FRANCISCO",-122.46625518798828,37.734947204589844
9505651,2022,2022-11-17,3801,2022-10-15,1322,1514,MISSI,6,5,7,3801,0,0,0,,0,3D2A,"CESAR CHAVEZ ST","FOLSOM ST",0.00,,Y,B,-,N,,,,,,,,,,N,3,0,1,2,A,-,06,21750,,N,D,C,A,A,H,-,A,A,0,,,Y,,Y,,C,02,0,1,0,0,0,0,0,0,1,"- ","- ",,,"SAN FRANCISCO","SAN FRANCISCO",-122.41368103027344,37.748313903808594
9505655,2022,2022-12-01,3801,2022-10-17,0944,1129,TARAV,1,5,7,3801,0,0,0,,0,003,"SUNSET BL","WAWONA ST",69.00,N,N,A,-,N,,,,,,,,,,N,4,0,2,2,A,-,03,22350,,N,C,C,A,A,H,-,A,A,0,,,,,Y,,A,01,0,0,2,0,0,0,0,0,0,"- ","- ",,,"SAN FRANCISCO","SAN FRANCISCO",-122.494140625,37.736820220947266
9505658,2022,2022-11-14,3801,2022-08-08,2328,382,NORTH,1,5,7,3801,0,0,0,,0,3E15E,"MCALLISTER ST","FRANKLIN ST",0.00,,Y,A,-,N,,,,,,,,,,Y,4,0,1,2,A,-,12,21453,A,N,D,C,A,A,H,-,C,A,0,,,,,Y,,A,08,0,0,1,0,0,0,0,0,0,"- ","- ",,,"SAN FRANCISCO","SAN FRANCISCO",-122.42189025878906,37.779876708984375
9505662,2022,2022-11-21,3801,2022-07-11,1608,200,TENDE,1,5,7,3801,0,0,0,,0,005,"LEAVENWORTH ST","OFARRELL ST",0.00,,Y,A,-,N,,,,,,,,,,N,4,0,2,2,A,-,06,21750,,N,B,C,A,A,H,-,A,A,0,,,,,Y,,A,01,0,0,2,0,0,0,0,0,0,"- ","- ",,,"SAN FRANCISCO","SAN FRANCISCO",-122.41461181640625,37.785598754882812
9505666,2022,2022-12-08,3801,2022-10-22,0411,2035,MISSI,6,5,7,3801,0,0,0,,0,3D11E,"S VAN NESS AV","20TH ST",140.00,N,N,A,C,N,,,,,,,,,,Y,2,0,1,3,A,-,03,22350,,N,D,C,A,B,H,-,C,D,0,,,,,Y,,A,01,1,0,0,0,0,0,0,0,0,"- ","- ",,,"SAN FRANCISCO","SAN FRANCISCO",-122.41694641113281,37.759143829345703
9505667,2022,2022-11-30,3801,2022-10-07,1453,1620,RICHM,5,5,7,3801,0,0,0,,0,3G13C,"CROSSOVER DR","PARK PRESIDIO BYPASS",340.00,S,N,A,-,N,,,,,,,,,,N,3,0,1,2,A,-,07,21658,A,N,B,C,A,A,H,-,A,A,0,,,,,Y,,-,,0,1,0,0,0,0,0,0,0,"- ","- ",,,"SAN FRANCISCO","SAN FRANCISCO",-122.47898864746094,37.770320892333984
9505674,2022,2022-11-16,3801,2022-10-25,1253,709,BAYVI,2,5,7,3801,0,0,0,,0,3C90A,"BAY SHORE BL","FITZGERALD AV",0.00,,Y,A,-,N,,,,,,,,,,N,4,0,1,2,A,-,09,21804,A,N,D,J,A,A,H,-,A,A,0,,,,,Y,,I,11,0,0,1,0,0,0,0,0,0,"- ","- ",,,"SAN FRANCISCO","SAN FRANCISCO",-122.40190124511719,37.726921081542969
9505679,2022,2022-11-15,3801,2022-09-29,1634,1925,BAYVI,4,5,7,3801,0,0,0,,0,3C45,"LA SALLE AV","NEWCOMB AV",0.00,,Y,A,-,N,,,,,,,,,,N,4,0,2,2,A,-,03,22350,,N,D,C,A,A,H,-,A,D,0,,,,,Y,,A,01,0,0,2,0,0,0,0,0,0,"- ","- ",,,"SAN FRANCISCO","SAN FRANCISCO",-122.38511657714844,37.733074188232422
9505771,2022,2022-11-14,3801,2022-09-15,0712,1182,INGLE,4,5,7,3801,0,0,0,,0,3H15A,"CAYUGA AV","SHAWNEE AV",2.00,S,N,A,-,N,,,,,,,,,,N,3,0,1,2,A,-,09,21804,A,N,D,C,A,A,H,-,A,A,0,,,Y,,Y,,A,01,0,1,0,0,0,0,0,0,1,"- ","- ",,,"SAN FRANCISCO","SAN FRANCISCO",-122.44527435302734,37.717525482177734
9505772,2022,2022-11-22,3801,2022-09-03,1119,1987,TENDE,6,5,7,3801,0,0,0,,0,3J90C,"EDDY ST","HYDE ST",0.00,,Y,A,-,N,,,,,,,,,,N,3,0,1,2,A,-,10,21950,A,N,G,B,C,A,H,-,A,A,0,Y,,,,Y,,A,01,0,1,0,0,1,0,0,0,0,"- ","- ",,,"SAN FRANCISCO","SAN FRANCISCO",-122.41588592529297,37.783512115478516
9505775,2022,2022-11-14,3801,2022-09-02,1619,1994,TRAFF,5,5,7,3801,0,0,0,,0,4B3G,"PORTOLA DR","FOWLER AV",4.00,E,N,A,-,N,,,,,,,,,,Y,2,0,1,1,C,-,18,,,N,-,I,A,A,H,-,A,A,0,,,,,Y,,-,"- ",1,0,0,0,0,0,0,0,0,"- ","- ",,,"SAN FRANCISCO","SAN FRANCISCO",-122.45336151123047,37.744525909423828
9505776,2022,2022-11-14,3801,2022-09-05,1818,104,TRAFF,1,5,7,3801,0,0,0,,0,104,"CAPP ST","21ST ST",245.00,S,N,A,-,N,,,,,,,,,,N,3,0,1,1,A,-,03,22350,,N,H,-,A,A,H,-,A,D,0,,,,,Y,,-,,0,1,0,0,0,0,0,0,0,"- ","- ",,,"SAN FRANCISCO","SAN FRANCISCO",-122.41773986816406,37.75640869140625
9505777,2022,2022-11-22,3801,2022-09-09,0734,1851,CENTR,5,5,7,3801,0,0,0,,0,3A15A,"CALIFORNIA ST","DRUMM ST",0.00,,Y,A,-,N,,,,,,,,,,N,2,0,1,2,A,-,10,21950,A,N,A,B,B,A,H,-,A,A,0,Y,,,,Y,,A,01,1,0,0,0,1,0,0,0,0,"- ","- ",,,"SAN FRANCISCO","SAN FRANCISCO",-122.39640808105469,37.793663024902344
9505778,2022,2022-11-14,3801,2022-09-29,1036,2310,BAYVI,4,5,7,3801,0,0,0,,0,3C15A,"3RD ST","HOLLISTER AV",125.00,S,N,A,-,N,,,,,,,,,,N,4,0,1,2,A,-,11,21954,A,N,G,B,E,A,H,-,A,A,0,Y,,,,Y,,N,60,0,0,1,0,1,0,0,0,0,"- ","- ",,,"SAN FRANCISCO","SAN FRANCISCO",-122.39618682861328,37.721405029296875
9505779,2022,2022-11-18,3801,2022-09-30,0820,298,PARK,5,5,7,3801,0,0,0,,0,3F13A,"GOLDEN GATE AV","MASONIC AV",125.00,E,N,A,-,N,,,,,,,,,,N,3,0,1,2,-,-,"- ",,,N,C,G,A,A,H,-,A,D,0,,Y,,,Y,,-,"- ",0,1,0,0,0,0,1,0,0,"- ","- ",,,"SAN FRANCISCO","SAN FRANCISCO",-122.4464111328125,37.777725219726562
9505780,2022,2022-11-14,3801,2022-09-30,1645,2118,SOUTH,5,5,7,3801,0,0,0,,0,3B12D,"MISSION ST","6TH ST",320.00,E,N,A,-,N,,,,,,,,,,N,3,0,1,2,A,-,08,22107,,N,B,C,A,A,H,-,A,D,0,,,Y,,Y,,A,01,0,1,0,0,0,0,0,0,1,"- ","- ",,,"SAN FRANCISCO","SAN FRANCISCO",-122.40790557861328,37.781600952148438
9505781,2022,2022-11-08,3801,2022-09-28,1019,1557,TARAV,3,5,7,3801,0,0,0,,0,3I16A,"OCEAN AV","LEE AV",0.00,,Y,A,-,N,,,,,,,,,,Y,2,0,1,2,A,-,00,22101,C,N,A,C,A,A,H,-,A,A,0,,,Y,,Y,,A,01,1,0,0,0,0,0,0,0,0,"- ","- ",,,"SAN FRANCISCO","SAN FRANCISCO",-122.4541015625,37.723491668701172
9505782,2022,2022-11-22,3801,2022-09-27,2339,979,TENDE,2,5,7,3801,0,0,0,,0,3J13E,"MCALLISTER ST","LEAVENWORTH ST",0.00,,Y,A,-,N,,,,,,,,,,N,4,0,1,2,A,-,03,22350,,F,B,B,B,A,H,-,C,A,0,Y,,,,Y,,A,01,0,0,1,0,1,0,0,0,0,"- ","- ",,,"SAN FRANCISCO","SAN FRANCISCO",-122.41368865966797,37.780929565429688
9505783,2022,2022-11-08,3801,2022-09-30,0448,2722,CENTR,5,5,7,3801,0,0,0,,0,3A13E,"CALIFORNIA ST","GRANT AV",0.00,,Y,A,-,N,,,,,,,,,,N,4,0,1,1,A,-,03,22350,,N,E,A,A,A,G,-,C,A,0,,Y,,,Y,Y,L,04,0,0,1,0,0,0,1,0,0,"- ","- ",,,"SAN FRANCISCO","SAN FRANCISCO",-122.40589141845703,37.792457580566406
9505784,2022,2022-11-08,3801,2022-09-23,0137,679,NORTH,5,5,7,3801,0,0,0,,0,0E6,"GOUGH ST","FILBERT ST",0.00,,Y,A,-,N,,,,,,,,,,N,4,0,1,2,A,-,12,22450,A,N,D,C,A,A,H,-,C,A,0,,,,,Y,Y,A,01,0,0,1,0,0,0,0,0,0,"- ","- ",,,"SAN FRANCISCO","SAN FRANCISCO",-122.42745971679688,37.799072265625
9505785,2022,2022-11-08,3801,2022-09-30,2115,1544,CENTR,5,5,7,3801,0,0,0,,0,,"MARKET ST",SUTTER,39.00,W,N,A,-,N,,,,,,,,,,N,2,0,1,1,C,-,18,,,N,E,J,A,A,A,-,C,A,0,,Y,,,Y,,-,"- ",1,0,0,0,0,0,1,0,0,"- ","- ",,,"SAN FRANCISCO","SAN FRANCISCO",-122.40023803710938,37.79022216796875
9505786,2022,2022-11-22,3801,2022-09-30,2219,367,CENTR,5,5,7,3801,0,0,0,,0,3A11E,"BUSH ST","TAYLOR ST",0.00,,Y,A,-,N,,,,,,,,,,N,3,0,1,2,A,-,11,21954,A,N,G,B,E,A,H,-,C,D,0,Y,,,,Y,Y,N,60,0,1,0,0,1,0,0,0,0,"- ","- ",,,"SAN FRANCISCO","SAN FRANCISCO",-122.41207122802734,37.789756774902344
9505787,2022,2022-11-08,3801,2022-09-28,1806,4201,NORTH,3,5,7,3801,0,0,0,,0,3E13D,"GOUGH ST","VALLEJO ST",0.00,,Y,A,-,N,,,,,,,,,,N,4,0,1,2,A,-,09,21800,B,N,D,C,A,A,H,-,A,A,0,,,Y,,Y,,C,03,0,0,1,0,0,0,0,0,1,"- ","- ",,,"SAN FRANCISCO","SAN FRANCISCO",-122.4268798828125,37.796291351318359
9505788,2022,2022-11-21,3801,2022-09-30,2000,713,CENTR,5,5,7,3801,0,0,0,,0,3A13D,"LARKIN ST","NORTH POINT",81.00,S,N,A,-,N,,,,,,,,,,N,2,0,1,1,A,-,03,22350,,N,H,A,A,A,H,-,C,D,0,,,,,Y,,M,94,1,0,0,0,0,0,0,0,0,"- ","- ",,,"SAN FRANCISCO","SAN FRANCISCO",-122.42195129394531,37.805290222167969
9505789,2022,2022-11-08,3801,2022-09-30,1746,1680,MISSI,5,5,7,3801,0,0,0,,0,3D13D,"MISSION ST","25TH ST",0.00,,Y,A,-,N,,,,,,,,,,N,3,0,1,2,A,-,08,22100,B,N,H,G,A,A,H,-,A,A,0,,Y,Y,,Y,,L,04,0,1,0,0,0,0,1,0,0,"- ","- ",,,"SAN FRANCISCO","SAN FRANCISCO",-122.41830444335938,37.750663757324219
9505790,2022,2022-11-08,3801,2022-09-30,1753,203,MISSI,5,5,7,3801,0,0,0,,0,,"FOLSOM ST","24TH ST",0.00,,Y,A,-,N,,,,,,,,,,N,3,0,1,2,A,-,09,21801,A,N,A,-,A,A,H,-,A,A,0,,Y,,,Y,,A,01,0,1,0,0,0,0,1,0,0,"- ","- ",,,"SAN FRANCISCO","SAN FRANCISCO",-122.41409301757812,37.752506256103516
9505791,2022,2022-11-08,3801,2022-09-26,0626,1967,NORTH,1,5,7,3801,0,0,0,,0,3E13A,"VAN NESS AV","GEARY ST",0.00,,Y,A,-,N,,,,,,,,,,N,4,0,1,2,A,-,10,21950,A,F,G,B,B,A,H,-,B,A,0,Y,,,,Y,,A,01,0,0,1,0,1,0,0,0,0,"- ","- ",,,"SAN FRANCISCO","SAN FRANCISCO",-122.42131805419922,37.785697937011719
9505792,2022,2022-11-17,3801,2022-09-30,0201,1350,BAYVI,5,5,7,3801,0,0,0,,0,3C13E,"MENDELL ST","NEWHALL ST",72.00,N,N,A,-,N,,,,,,,,,,N,3,0,1,2,A,-,03,22350,,F,G,B,E,A,H,-,C,A,0,Y,,,,Y,,-,99,0,1,0,0,1,0,0,0,0,"- ","- ",,,"SAN FRANCISCO","SAN FRANCISCO",-122.38383483886719,37.742576599121094