CASE_ID,ACCIDENT_YEAR,PROC_DATE,JURIS,COLLISION_DATE,COLLISION_TIME,OFFICER_ID,REPORTING_DISTRICT,DAY_OF_WEEK,CHP_SHIFT,POPULATION,CNTY_CITY_LOC,SPECIAL_COND,BEAT_TYPE,CHP_BEAT_TYPE,CITY_DIVISION_LAPD,CHP_BEAT_CLASS,BEAT_NUMBER,PRIMARY_RD,SECONDARY_RD,DISTANCE,DIRECTION,INTERSECTION,WEATHER_1,WEATHER_2,STATE_HWY_IND,CALTRANS_COUNTY,CALTRANS_DISTRICT,STATE_ROUTE,ROUTE_SUFFIX,POSTMILE_PREFIX,POSTMILE,LOCATION_TYPE,RAMP_INTERSECTION,SIDE_OF_HWY,TOW_AWAY,COLLISION_SEVERITY,NUMBER_KILLED,NUMBER_INJURED,PARTY_COUNT,PRIMARY_COLL_FACTOR,PCF_CODE_OF_VIOL,PCF_VIOL_CATEGORY,PCF_VIOLATION,PCF_VIOL_SUBSECTION,HIT_AND_RUN,TYPE_OF_COLLISION,MVIW,PED_ACTION,ROAD_SURFACE,ROAD_COND_1,ROAD_COND_2,LIGHTING,CONTROL_DEVICE,CHP_ROAD_TYPE,PEDESTRIAN_ACCIDENT,BICYCLE_ACCIDENT,MOTORCYCLE_ACCIDENT,TRUCK_ACCIDENT,NOT_PRIVATE_PROPERTY,ALCOHOL_INVOLVED,STWD_VEHTYPE_AT_FAULT,CHP_VEHTYPE_AT_FAULT,COUNT_SEVERE_INJ,COUNT_VISIBLE_INJ,COUNT_COMPLAINT_PAIN,COUNT_PED_KILLED,COUNT_PED_INJURED,COUNT_BICYCLIST_KILLED,COUNT_BICYCLIST_INJURED,COUNT_MC_KILLED,COUNT_MC_INJURED,PRIMARY_RAMP,SECONDARY_RAMP,LATITUDE,LONGITUDE,COUNTY,CITY,POINT_X,POINT_Y
9505946,2022,2022-11-10,3801,2022-10-14,2217,2035,MISSI,5,5,7,3801,0,0,0,,0,3D14E,"16TH ST","MISSION ST",60.00,E,N,A,-,N,,,,,,,,,,N,4,0,1,2,A,-,11,21955,,N,G,B,D,A,H,-,C,D,0,Y,,,,Y,,N,60,0,0,1,0,1,0,0,0,0,"- ","- ",,,"SAN FRANCISCO","SAN FRANCISCO",-122.41946411132812,37.765060424804688
9505947,2022,2022-11-18,3801,2022-10-05,2207,2023,PARK,3,5,7,3801,0,0,0,,0,001,"WILLARD ST","PARNASSUS AV",35.00,E,N,B,-,N,,,,,,,,,,Y,3,0,2,1,A,-,21,22106,,N,F,I,A,A,H,-,C,D,0,,,,,Y,,A,01,0,1,1,0,0,0,0,0,0,"- ","- ",,,"SAN FRANCISCO","SAN FRANCISCO",-122.4542236328125,37.764331817626953
9505948,2022,2022-11-10,3801,2022-10-05,1150,1631,SOUTH,3,5,7,3801,0,0,0,,0,3B15A,"4TH ST","TOWNSEND ST",0.00,,Y,A,-,N,,,,,,,,,,N,3,0,1,2,A,-,10,21950,A,N,G,B,B,A,H,-,A,A,0,Y,,,,Y,,-,,0,1,0,0,1,0,0,0,0,"- ","- ",,,"SAN FRANCISCO","SAN FRANCISCO",-122.39498901367188,37.777114868164062
9505949,2022,2022-11-22,3801,2022-10-14,1416,1157,BAYVI,5,5,7,3801,0,0,0,,0,3C11A,"SILVER AV","HAMILTON ST",0.00,,Y,A,-,N,,,,,,,,,,N,4,0,1,2,A,-,09,21802,A,N,B,C,A,A,H,-,A,A,0,,,,,Y,,A,01,0,0,1,0,0,0,0,0,0,"- ","- ",,,"SAN FRANCISCO","SAN FRANCISCO",-122.411376953125,37.730617523193359
9505950,2022,2022-11-18,3801,2022-10-14,1609,2435,BAYVI,5,5,7,3801,0,0,0,,0,002,"BAY SHORE BL","RT 101",102.00,N,N,A,-,N,,,,,,,,,,Y,4,0,2,2,A,-,03,22350,,N,C,C,A,A,H,-,A,D,0,,,,,Y,,A,01,0,0,2,0,0,0,0,0,0,"- ",SO,,,"SAN FRANCISCO","SAN FRANCISCO",-122.40615844726562,37.657318115234375
9505951,2022,2022-11-22,3801,2022-10-01,1717,1414,MISSI,6,5,7,3801,0,0,0,,0,3D13D,"LEXINGTON ST","19TH ST",320.00,S,N,B,-,N,,,,,,,,,,N,4,0,1,2,A,-,08,22107,,N,B,C,A,A,H,-,A,D,0,,,,,Y,,-,,0,0,1,0,0,0,0,0,0,"- ","- ",,,"SAN FRANCISCO","SAN FRANCISCO",-122.42055511474609,37.759284973144531
9505953,2022,2022-11-10,3801,2022-10-01,2152,1499,MISSI,6,5,7,3801,0,0,0,,0,3D00,"HARRISON ST","11TH ST",0.00,,Y,A,-,N,,,,,,,,,,N,4,0,1,2,A,-,03,22350,,F,B,C,A,A,H,-,C,A,0,,,,,Y,,-,,0,0,1,0,0,0,0,0,0,"- ","- ",,,"SAN FRANCISCO","SAN FRANCISCO",-122.41246795654297,37.770633697509766
9505954,2022,2022-11-10,3801,2022-10-02,2040,2315,MISSI,7,5,7,3801,0,0,0,,0,3D15E,"DUBOCE AV","MISSION ST",0.00,,Y,A,-,N,,,,,,,,,,Y,4,0,2,2,A,-,08,22101,D,N,D,C,A,A,H,-,C,A,0,,,,,Y,,A,01,0,0,2,0,0,0,0,0,0,"- ","- ",,,"SAN FRANCISCO","SAN FRANCISCO",-122.42018127441406,37.769992828369141
9505955,2022,2022-11-10,3801,2022-10-16,2035,4041,TARAV,7,5,7,3801,0,0,0,,0,3I13D,"LINCOLN AV","FUNSTON AV",160.00,W,N,A,-,N,,,,,,,,,,Y,3,0,2,3,A,-,03,22350,,N,C,C,A,A,H,-,C,A,0,,,,,Y,,A,07,0,1,1,0,0,0,0,0,0,"- ","- ",,,"SAN FRANCISCO","SAN FRANCISCO",-122.47127532958984,37.765712738037109
9505956,2022,2022-11-21,3801,2022-10-07,1848,2425,MISSI,5,5,7,3801,0,0,0,,0,3D16D,"19TH ST","CAPP ST",25.00,N,N,A,-,N,,,,,,,,,,N,4,0,1,2,A,-,09,21800,A,N,D,C,A,A,H,-,A,A,0,,,Y,,Y,,A,07,0,0,1,0,0,0,0,0,1,"- ","- ",,,"SAN FRANCISCO","SAN FRANCISCO",-122.41802215576172,37.760295867919922
9505957,2022,2022-11-10,3801,2022-10-18,1604,2328,BAYVI,2,5,7,3801,0,0,0,,0,901,"CESAR CHAVEZ ST","CONNECTICUT ST",0.00,,Y,A,-,N,,,,,,,,,,Y,4,0,1,2,A,-,09,21801,A,N,D,C,A,A,H,-,A,A,0,,,,,Y,,A,01,0,0,1,0,0,0,0,0,0,"- ","- ",,,"SAN FRANCISCO","SAN FRANCISCO",-122.39627075195312,37.749752044677734
9505958,2022,2022-11-21,3801,2022-10-17,1010,1572,SOUTH,1,5,7,3801,0,0,0,,0,3B1A,TOWNSEND,"5TH ST",0.00,,Y,A,-,N,,,,,,,,,,N,4,0,1,2,A,-,12,22450,A,F,D,J,A,A,H,-,A,A,0,,,,,Y,,A,01,0,0,1,0,0,0,0,0,0,"- ","- ",,,"SAN FRANCISCO","SAN FRANCISCO",-122.39722442626953,37.775348663330078
9505959,2022,2022-11-16,3801,2022-10-19,0840,2348,INGLE,3,5,7,3801,0,0,0,,0,3H14A,"SAN JOSE AV","BADEN ST",0.00,,Y,A,-,N,,,,,,,,,,Y,4,0,1,2,A,-,08,22107,,N,D,D,A,A,H,-,-,D,0,,,,,Y,,A,01,0,0,1,0,0,0,0,0,0,"- ","- ",,,"SAN FRANCISCO","SAN FRANCISCO",-122.43900299072266,37.729621887207031
9505960,2022,2022-11-30,3801,2022-10-15,1210,1364,NORTH,6,5,7,3801,0,0,0,,0,,"VAN NESS AV","PACIFIC AV",96.00,S,N,A,-,Y,SF,4,101,-,-,6.280,H,-,N,Y,3,0,1,2,A,-,03,22350,A,N,C,I,A,A,H,-,A,A,0,,,,,Y,,A,01,0,1,0,0,0,0,0,0,0,"- ","- ",,,"SAN FRANCISCO","SAN FRANCISCO",-122.42322540283203,37.795230865478516
9505961,2022,2022-11-10,3801,2022-10-07,2500,,MISSI,5,5,7,3801,0,0,0,,0,3D11E,"17TH ST","HARTFORD ST",0.00,,Y,A,-,N,,,,,,,,,,N,4,0,1,2,A,-,03,22350,,N,A,J,A,A,H,-,C,D,0,,,,,Y,,M,94,0,0,1,0,0,0,0,0,0,"- ","- ",,,"SAN FRANCISCO","SAN FRANCISCO",-122.43405914306641,37.762569427490234
9505962,2022,2022-11-10,3801,2022-10-10,1602,307,NORTH,1,5,7,3801,0,0,0,,0,3E13D,"TURK ST","VAN NESS AV",150.00,W,N,A,-,N,,,,,,,,,,N,4,0,1,2,A,-,"- ",,,F,D,G,A,A,H,-,A,A,0,,Y,,,Y,,L,04,0,0,1,0,0,0,1,0,0,"- ","- ",,,"SAN FRANCISCO","SAN FRANCISCO",-122.42109680175781,37.781879425048828
9505964,2022,2022-11-10,3801,2022-10-12,0730,610,MISSI,3,5,7,3801,0,0,0,,0,3D11A,"15TH ST","RAMONA AV",9.00,S,N,A,-,N,,,,,,,,,,N,4,0,1,3,A,-,08,22107,,N,A,C,A,A,H,-,A,D,0,,,,,Y,,A,01,0,0,1,0,0,0,0,0,0,"- ","- ",,,"SAN FRANCISCO","SAN FRANCISCO",-122.42517852783203,37.766349792480469
9505965,2022,2022-11-10,3801,2022-10-11,1814,375,BAYVI,2,5,7,3801,0,0,0,,0,3C11D,"3RD ST","CESAR CHAVEZ ST",0.00,,Y,A,-,N,,,,,,,,,,Y,3,0,3,3,A,-,09,21803,A,N,D,C,A,A,H,-,A,A,0,,,,,Y,,A,01,0,1,2,0,0,0,0,0,0,"- ","- ",,,"SAN FRANCISCO","SAN FRANCISCO",-122.38768768310547,37.750228881835938
9505966,2022,2022-11-10,3801,2022-10-05,0937,610,MISSI,3,5,7,3801,0,0,0,,0,3D11A,"CLINTON PARK","VALENCIA ST",35.00,E,N,A,-,N,,,,,,,,,,N,3,0,1,2,A,-,17,21657,,N,-,G,A,A,H,-,A,D,0,,Y,,,Y,,L,04,0,1,0,0,0,0,1,0,0,"- ","- ",,,"SAN FRANCISCO","SAN FRANCISCO",-122.42218780517578,37.769287109375
9505967,2022,2022-11-10,3801,2022-10-06,1230,1396,SOUTH,4,5,7,3801,0,0,0,,0,3B13A,"HOWARD ST","3RD ST",105.00,E,N,A,-,N,,,,,,,,,,N,3,0,1,2,A,-,08,22100,B,N,H,A,A,A,H,-,A,D,0,,,Y,,Y,,A,01,0,1,0,0,0,0,0,0,0,"- ","- ",,,"SAN FRANCISCO","SAN FRANCISCO",-122.40023803710938,37.785213470458984
9505968,2022,2022-11-10,3801,2022-10-12,1705,1741,SOUTH,3,5,7,3801,0,0,0,,0,901,"5TH ST","HOWARD ST",30.00,S,N,A,-,N,,,,,,,,,,N,3,0,1,1,A,-,03,22350,,N,E,A,A,A,-,-,A,A,0,,,,,Y,,M,94,0,1,0,0,0,0,0,0,0,"- ","- ",,,"SAN FRANCISCO","SAN FRANCISCO",-122.40485382080078,37.781452178955078
9505970,2022,2022-11-14,3801,2022-10-13,1820,1406,TENDE,4,5,7,3801,0,0,0,,0,3J4,"JONES ST","MCALLISTER ST",7.00,N,N,A,-,N,,,,,,,,,,N,4,0,1,2,A,-,10,21950,A,N,G,B,B,A,C,-,A,A,0,Y,,,,Y,,A,01,0,0,1,0,1,0,0,0,0,"- ","- ",,,"SAN FRANCISCO","SAN FRANCISCO",-122.41203308105469,37.781150817871094
9505971,2022,2022-11-14,3801,2022-10-16,0253,317,CENTR,7,5,7,3801,0,0,0,,0,SECTOR,"WASHINGTON ST","WAVERLY PL",6.00,E,N,A,-,N,,,,,,,,,,Y,3,0,1,2,A,-,03,22350,,F,B,E,A,A,H,-,C,D,0,,,Y,,Y,,C,03,0,1,0,0,0,0,0,0,1,"- ","- ",,,"SAN FRANCISCO","SAN FRANCISCO",-122.40696716308594,37.795101165771484
9505972,2022,2022-11-14,3801,2022-10-13,1401,1833,NORTH,4,5,7,3801,0,0,0,,0,3E13C,"EDDY ST","POLK ST",0.00,,Y,A,-,N,,,,,,,,,,Y,2,0,3,2,A,-,09,21801,,N,A,C,A,A,H,-,A,A,0,,,,,Y,,A,01,1,0,2,0,0,0,0,0,0,"- ","- ",,,"SAN FRANCISCO","SAN FRANCISCO",-122.41918182373047,37.7830810546875
9505973,2022,2022-11-17,3801,2022-10-12,0931,1952,BAYVI,3,5,7,3801,0,0,0,,0,901,"3RD ST","LE CONTE AV",0.00,,Y,A,-,N,,,,,,,,,,Y,4,0,3,2,-,-,"- ",,A,N,D,C,A,A,H,-,A,A,0,,,,,Y,,-,"- ",0,0,3,0,0,0,0,0,0,"- ","- ",,,"SAN FRANCISCO","SAN FRANCISCO",-122.39756774902344,37.718875885009766
9505974,2022,2022-11-14,3801,2022-10-12,1735,2328,BAYVI,3,5,7,3801,0,0,0,,0,901,"BAY SHORE BL","INDUSTRIAL ST",0.00,,Y,B,-,N,,,,,,,,,,N,2,0,1,1,A,-,03,22350,,N,F,A,A,A,H,-,A,A,0,,,Y,,Y,,C,02,1,0,0,0,0,0,0,0,1,"- ","- ",,,"SAN FRANCISCO","SAN FRANCISCO",-122.40695953369141,37.737998962402344
9505975,2022,2022-11-14,3801,2022-10-14,1804,2231,SOUTH,5,5,7,3801,0,0,0,,0,3B12D,"3RD ST","TOWNSEND ST",0.00,N,N,A,-,N,,,,,,,,,,N,4,0,1,2,A,-,00,21655,1,N,B,G,A,A,H,-,A,A,0,,Y,,,Y,Y,A,01,0,0,1,0,0,0,1,0,0,"- ","- ",,,"SAN FRANCISCO","SAN FRANCISCO",-122.39275360107422,37.778858184814453
9505976,2022,2022-11-16,3801,2022-10-19,0127,2486,TENDE,3,5,7,3801,0,0,0,,0,3J14E,"ELLIS ST","HYDE ST",118.00,W,N,A,-,N,,,,,,,,,,N,4,0,1,1,A,-,03,22350,,N,H,I,A,A,H,-,C,A,0,,,Y,,Y,,C,03,0,0,1,0,0,0,0,0,1,"- ","- ",,,"SAN FRANCISCO","SAN FRANCISCO",-122.41646575927734,37.784400939941406
9505977,2022,2022-11-22,3801,2022-10-24,1935,1810,MISSI,1,5,7,3801,0,0,0,,0,3D13D,"GUERRERO ST","22ND ST",0.00,,Y,A,-,N,,,,,,,,,,N,3,0,1,2,A,-,10,21950,,N,G,B,B,A,H,-,C,A,0,Y,,,,Y,,A,01,0,1,0,0,1,0,0,0,0,"- ","- ",,,"SAN FRANCISCO","SAN FRANCISCO",-122.42317962646484,37.755180358886719
9505978,2022,2022-11-14,3801,2022-10-25,1118,1657,BAYVI,2,5,7,3801,0,0,0,,0,3801,"HUDSON AV","BERTHA LN",68.00,W,N,A,-,N,,,,,,,,,,Y,3,0,1,3,A,-,03,22350,,N,C,E,A,A,H,-,A,D,0,,,Y,,Y,,C,02,0,1,0,0,0,0,0,0,1,"- ","- ",,,"SAN FRANCISCO","SAN FRANCISCO",-122.38037109375,37.732463836669922
9505979,2022,2022-11-16,3801,2022-10-24,0902,2748,MISSI,1,5,7,3801,0,0,0,,0,005,"14TH ST","VALENCIA ST",0.00,,N,A,-,N,,,,,,,,,,N,3,0,1,2,-,-,"- ",,,N,B,G,A,A,H,-,A,D,0,,Y,,,Y,,-,"- ",0,1,0,0,0,0,1,0,0,"- ","- ",,,"SAN FRANCISCO","SAN FRANCISCO",-122.42218017578125,37.768150329589844
9505980,2022,2022-11-14,3801,2022-10-24,1853,445,INGLE,1,5,7,3801,0,0,0,,0,3H15D,"FRIDA KAHLO WY","CITY COLLEGE TERMINAL",293.00,N,N,A,-,N,,,,,,,,,,N,3,0,1,2,A,-,11,21954,A,N,G,B,D,A,H,-,C,D,0,Y,,,,Y,,N,60,0,1,0,0,1,0,0,0,0,"- ","- ",,,"SAN FRANCISCO","SAN FRANCISCO",-122.452417,37.727772000000002
9505982,2022,2022-11-18,3801,2022-10-19,0811,1157,BAYVI,3,5,7,3801,0,0,0,,0,3C15A,"QUESADA AV","CRISP RD",0.00,,Y,A,-,N,,,,,,,,,,Y,4,0,2,2,A,-,09,21802,A,F,B,C,A,A,H,-,A,A,0,,,,,Y,,A,01,0,0,2,0,0,0,0,0,0,"- ","- ",,,"SAN FRANCISCO","SAN FRANCISCO",-122.38172912597656,37.727821350097656
9505983,2022,2022-11-10,3801,2022-10-22,1231,2495,RICHM,6,5,7,3801,0,0,0,,0,3G12A,"GEARY BL","LYON ST",100.00,E,N,A,-,N,,,,,,,,,,,3,0,1,4,A,-,03,22350,,N,C,C,A,A,H,-,A,A,0,,,,,Y,,A,01,0,1,0,0,0,0,0,0,0,"- ","- ",,,"SAN FRANCISCO","SAN FRANCISCO",-122.44412994384766,37.782817840576172
9505984,2022,2022-11-10,3801,2022-10-23,1235,1503,BAYVI,7,5,7,3801,0,0,0,,0,3C11A,"EVANS AV","PHELPS ST",0.00,,Y,A,-,N,,,,,,,,,,N,3,0,2,2,A,-,12,21453,,N,D,C,A,A,H,-,A,A,0,,,,,Y,,A,01,0,1,1,0,0,0,0,0,0,"- ","- ",,,"SAN FRANCISCO","SAN FRANCISCO",-122.38845062255859,37.742977142333984
9505985,2022,2022-11-10,3801,2022-10-26,1919,4239,PARK,3,5,7,3801,0,0,0,,0,3F91,"DUBOCE AV","BELCHER ST",50.00,W,N,A,-,N,,,,,,,,,,N,4,0,1,2,D,-,00,,,N,G,B,D,A,H,-,C,D,0,Y,,,,Y,,-,"- ",0,0,1,0,1,0,0,0,0,"- ","- ",,,"SAN FRANCISCO","SAN FRANCISCO",-122.43040466308594,37.769382476806641
9505986,2022,2022-11-10,3801,2022-10-22,1956,,RICHM,6,5,7,3801,0,0,0,,0,,"PARK PRESIDIO BYPASS DR","CROSSOVER DR",300.00,N,N,A,-,N,,,,,,,,,,Y,2,0,1,1,A,-,03,22350,,N,E,I,A,A,H,-,C,D,0,,,,,Y,Y,A,01,1,0,0,0,0,0,0,0,0,"- ","- ",,,"SAN FRANCISCO","SAN FRANCISCO",-122.47927093505859,37.771968841552734
9505987,2022,2022-11-21,3801,2022-10-22,0222,1463,SOUTH,6,5,7,3801,0,0,0,,0,0B5,"KING ST","4TH ST",5.00,W,N,A,-,N,,,,,,,,,,Y,4,0,2,2,D,-,00,,,N,D,C,A,A,H,-,C,A,0,,,,,Y,,-,"- ",0,0,2,0,0,0,0,0,0,"- ","- ",,,"SAN FRANCISCO","SAN FRANCISCO",-122.3941650390625,37.776420593261719
9505988,2022,2022-11-10,3801,2022-10-22,0556,2262,BAYVI,6,5,7,3801,0,0,0,,0,3C11A,"INDIANA ST","TULARE ST",37.00,N,N,F,-,N,,,,,,,,,,N,2,0,1,2,A,-,17,21663,,N,G,B,F,B,H,-,C,A,0,Y,,,,Y,Y,A,07,1,0,0,0,1,0,0,0,0,"- ","- ",,,"SAN FRANCISCO","SAN FRANCISCO",,
9505989,2022,2022-11-10,3801,2022-10-21,2148,2463,SOUTH,5,5,7,3801,0,0,0,,0,3B14E,"VAN NESS AV","MARKET ST",197.00,S,N,A,-,N,,,,,,,,,,N,4,0,1,2,A,-,04,21703,,N,C,-,A,A,H,-,C,D,0,,,,,Y,,A,07,0,0,1,0,0,0,0,0,0,"- ","- ",,,"SAN FRANCISCO","SAN FRANCISCO",-122.41925811767578,37.775169372558594
9505990,2022,2022-11-21,3801,2022-10-22,0218,1888,RICHM,6,5,7,3801,0,0,0,,0,3CAR,"FULTON ST","15TH AV",0.00,,Y,C,-,N,,,,,,,,,,Y,3,0,1,3,A,-,03,22350,,N,C,E,A,B,H,-,C,D,0,,,,,Y,Y,A,08,0,1,0,0,0,0,0,0,0,"- ","- ",,,"SAN FRANCISCO","SAN FRANCISCO",-122.47344207763672,37.773063659667969
9505993,2022,2022-11-10,3801,2022-10-20,0650,A22028,CENTR,4,5,7,3801,0,0,0,,0,,"HYDE ST","SUTTER ST",0.00,,Y,A,-,N,,,,,,,,,,N,3,0,1,2,A,-,10,21950,A,F,G,B,B,A,H,-,C,A,0,Y,,,,Y,,A,01,0,1,0,0,1,0,0,0,0,"- ","- ",,,"SAN FRANCISCO","SAN FRANCISCO",-122.41680908203125,37.788181304931641
9505994,2022,2022-11-18,3801,2022-10-21,0707,1925,BAYVI,5,5,7,3801,0,0,0,,0,901,"SAN BRUNO AV","PAUL AV",0.00,,Y,B,-,N,,,,,,,,,,N,4,0,1,2,A,-,11,21950,B,N,G,B,B,A,H,-,A,A,0,Y,,,,Y,,N,60,0,0,1,0,1,0,0,0,0,"- ","- ",,,"SAN FRANCISCO","SAN FRANCISCO",-122.40205383300781,37.723922729492188
9505995,2022,2022-11-21,3801,2022-10-26,1714,2419,RICHM,3,5,7,3801,0,0,0,,0,0G2,"PALM AV","GEARY BL",344.00,N,N,A,-,N,,,,,,,,,,N,3,0,1,2,A,-,11,21950,B,N,D,B,D,A,H,-,A,D,0,Y,,,,Y,,N,60,0,1,0,0,1,0,0,0,0,"- ","- ",,,"SAN FRANCISCO","SAN FRANCISCO",-122.45780944824219,37.782321929931641
9505996,2022,2022-11-10,3801,2022-10-21,2020,1512,SOUTH,5,5,7,3801,0,0,0,,0,0B5,"TERRY A FRANCOIS BL","16TH ST",220.00,N,N,A,-,N,,,,,,,,,,N,4,0,1,2,A,-,21,22106,,N,G,B,D,A,H,-,C,D,0,Y,,,,Y,,A,01,0,0,1,0,1,0,0,0,0,"- ","- ",,,"SAN FRANCISCO","SAN FRANCISCO",-122.38618469238281,37.767642974853516
9505997,2022,2022-11-10,3801,2022-10-24,1240,2039,TARAV,1,5,7,3801,0,0,0,,0,001,"17TH AV","KIRKHAM ST",140.00,N,N,-,-,N,,,,,,,,,,N,4,0,1,3,A,-,03,22350,,F,G,B,E,A,H,-,A,A,0,Y,,,,Y,,A,01,0,0,1,0,1,0,0,0,0,"- ","- ",,,"SAN FRANCISCO","SAN FRANCISCO",-122.47473907470703,37.76031494140625
9505998,2022,2022-11-10,3801,2022-10-26,1547,1355,TARAV,3,5,7,3801,0,0,0,,0,3I13B,"19TH AV","JUNIPERO SERRA BL",25.00,N,N,A,-,N,,,,,,,,,,N,4,0,1,2,A,-,17,22109,,N,C,C,A,A,H,-,A,A,0,,,,,Y,,A,01,0,0,1,0,0,0,0,0,0,"- ","- ",,,"SAN FRANCISCO","SAN FRANCISCO",-122.47277069091797,37.717235565185547
9505999,2022,2022-11-10,3801,2022-10-22,1903,2100,MISSI,6,5,7,3801,0,0,0,,0,3D11D,"GUERRERO ST","CESAR CHAVEZ ST",0.00,,Y,A,-,N,,,,,,,,,,Y,4,0,2,3,A,-,08,22107,,N,B,C,A,A,H,-,C,A,0,,,,,Y,,A,01,0,0,2,0,0,0,0,0,0,"- ","- ",,,"SAN FRANCISCO","SAN FRANCISCO",-122.4224853515625,37.748016357421875
9506000,2022,2022-11-10,3801,2022-10-07,2154,709,BAYVI,5,5,7,3801,0,0,0,,0,3C15E,"LANE ST","REVERE AV",0.00,,Y,A,-,N,,,,,,,,,,N,3,0,1,2,A,-,12,22450,A,F,D,J,A,A,H,-,C,A,0,,,,,Y,,A,08,0,1,0,0,0,0,0,0,0,"- ","- ",,,"SAN FRANCISCO","SAN FRANCISCO",-122.39018249511719,37.731670379638672
9506039,2022,2022-11-22,3801,2022-10-10,0200,1574,INGLE,1,5,7,3801,0,0,0,,0,3H13E,"PERSIA AV","NAPLES ST",0.00,,Y,A,-,N,,,,,,,,,,Y,3,0,1,5,A,-,12,22450,A,N,D,C,A,A,H,-,C,D,0,,,,,Y,,A,01,0,1,0,0,0,0,0,0,0,"- ","- ",,,"SAN FRANCISCO","SAN FRANCISCO",-122.43121337890625,37.720863342285156
9506041,2022,2022-11-10,3801,2022-10-12,1550,1605,NORTH,3,5,7,3801,0,0,0,,0,3E1A,"LAGUNA ST","MCALLISTER ST",100.00,N,N,A,-,N,,,,,,,,,,N,4,0,1,2,A,-,03,22350,,F,D,C,A,A,H,-,A,-,0,,,Y,,Y,,C,03,0,0,1,0,0,0,0,0,0,"- ","- ",,,"SAN FRANCISCO","SAN FRANCISCO",-122.4268798828125,37.779529571533203
9506042,2022,2022-11-10,3801,2022-10-13,1021,A20702,NORTH,4,5,7,3801,0,0,0,,0,3E13A,"FRANKLIN ST","GOLDEN GATE AV",0.00,,Y,A,-,N,,,,,,,,,,N,4,0,1,2,A,-,04,21703,,N,C,C,A,A,H,-,A,A,0,,,,,Y,,A,01,0,0,1,0,0,0,0,0,0,"- ","- ",,,"SAN FRANCISCO","SAN FRANCISCO",-122.42209625244141,37.78082275390625
9506043,2022,2022-11-10,3801,2022-10-15,2333,2398,NORTH,6,5,7,3801,0,0,0,,0,01E,"VAN NESS AV","FELL ST",34.00,N,N,A,-,N,,,,,,,,,,Y,4,0,1,2,A,-,03,22350,,N,C,E,A,A,H,-,C,A,0,,,,,Y,,A,01,0,0,1,0,0,0,0,0,0,"- ","- ",,,"SAN FRANCISCO","SAN FRANCISCO",-122.41951751708984,37.776473999023438
9506044,2022,2022-11-10,3801,2022-10-07,1223,1833,NORTH,5,5,7,3801,0,0,0,,0,3E13C,"GOUGH ST","GROVE ST",0.00,,Y,A,-,N,,,,,,,,,,N,3,0,1,2,D,-,00,,,N,G,B,B,A,H,-,A,A,0,Y,,,,Y,,-,"- ",0,1,0,0,1,0,0,0,0,"- ","- ",,,"SAN FRANCISCO","SAN FRANCISCO",-122.42316436767578,37.777805328369141
9506045,2022,2022-11-10,3801,2022-10-15,1722,1527,NORTH,6,5,7,3801,0,0,0,,0,0E3,"EDDY ST","POLK ST",30.00,W,N,A,-,N,,,,,,,,,,N,4,0,1,2,A,-,17,22517,,N,A,G,A,A,H,-,A,D,0,,Y,,,Y,,A,01,0,0,1,0,0,0,1,0,0,"- ","- ",,,"SAN FRANCISCO","SAN FRANCISCO",-122.41928100585938,37.783065795898438
9506046,2022,2022-11-10,3801,2022-10-16,0624,624,NORTH,7,5,7,3801,0,0,0,,0,002,"EDDY ST","STEINER ST",0.00,,Y,A,-,N,,,,,,,,,,Y,4,0,1,6,A,-,12,22450,,F,D,C,A,A,H,-,C,A,0,,,,,Y,,A,01,0,0,1,0,0,0,0,0,0,"- ","- ",,,"SAN FRANCISCO","SAN FRANCISCO",-122.4339599609375,37.781208038330078
9506047,2022,2022-11-10,3801,2022-10-15,2024,1368,CENTR,6,5,7,3801,0,0,0,,0,3A11D,"KEARNY ST","POST ST",11.00,N,N,A,-,N,,,,,,,,,,N,3,0,1,2,A,-,08,22107,,N,B,C,A,A,H,-,C,A,0,,,,,Y,,M,94,0,1,0,0,0,0,0,0,0,"- ","- ",,,"SAN FRANCISCO","SAN FRANCISCO",-122.40366363525391,37.788928985595703
9506048,2022,2022-11-10,3801,2022-10-14,1816,1857,NORTH,5,5,7,3801,0,0,0,,0,3E14D,"DIVISADERO ST","POST ST",0.00,,Y,B,-,N,,,,,,,,,,Y,3,0,2,2,D,-,00,,,N,D,C,A,A,H,-,A,A,0,,,,,Y,,-,"- ",0,1,1,0,0,0,0,0,0,"- ","- ",,,"SAN FRANCISCO","SAN FRANCISCO",-122.43967437744141,37.784313201904297
9506049,2022,2022-11-10,3801,2022-10-02,1837,2038,PARK,7,5,7,3801,0,0,0,,0,3F13D,"OAK ST","BAKER ST",165.00,E,N,A,-,N,,,,,,,,,,N,4,0,1,3,A,-,04,21703,,N,C,C,A,A,H,-,B,D,0,,,,,Y,,A,01,0,0,1,0,0,0,0,0,0,"- ","- ",,,"SAN FRANCISCO","SAN FRANCISCO",-122.44019317626953,37.772769927978516
9506050,2022,2022-11-18,3801,2022-10-14,1812,1745,BAYVI,5,5,7,3801,0,0,0,,0,003,MENDELL,"EVANS AV",60.00,S,N,A,-,N,,,,,,,,,,N,4,0,1,2,A,-,03,22350,,N,C,G,A,A,H,-,A,D,0,,Y,,,Y,,-,"- ",0,0,1,0,0,0,1,0,0,"- ","- ",,,"SAN FRANCISCO","SAN FRANCISCO",-122.38488006591797,37.740715026855469