CASE_ID,ACCIDENT_YEAR,PROC_DATE,JURIS,COLLISION_DATE,COLLISION_TIME,OFFICER_ID,REPORTING_DISTRICT,DAY_OF_WEEK,CHP_SHIFT,POPULATION,CNTY_CITY_LOC,SPECIAL_COND,BEAT_TYPE,CHP_BEAT_TYPE,CITY_DIVISION_LAPD,CHP_BEAT_CLASS,BEAT_NUMBER,PRIMARY_RD,SECONDARY_RD,DISTANCE,DIRECTION,INTERSECTION,WEATHER_1,WEATHER_2,STATE_HWY_IND,CALTRANS_COUNTY,CALTRANS_DISTRICT,STATE_ROUTE,ROUTE_SUFFIX,POSTMILE_PREFIX,POSTMILE,LOCATION_TYPE,RAMP_INTERSECTION,SIDE_OF_HWY,TOW_AWAY,COLLISION_SEVERITY,NUMBER_KILLED,NUMBER_INJURED,PARTY_COUNT,PRIMARY_COLL_FACTOR,PCF_CODE_OF_VIOL,PCF_VIOL_CATEGORY,PCF_VIOLATION,PCF_VIOL_SUBSECTION,HIT_AND_RUN,TYPE_OF_COLLISION,MVIW,PED_ACTION,ROAD_SURFACE,ROAD_COND_1,ROAD_COND_2,LIGHTING,CONTROL_DEVICE,CHP_ROAD_TYPE,PEDESTRIAN_ACCIDENT,BICYCLE_ACCIDENT,MOTORCYCLE_ACCIDENT,TRUCK_ACCIDENT,NOT_PRIVATE_PROPERTY,ALCOHOL_INVOLVED,STWD_VEHTYPE_AT_FAULT,CHP_VEHTYPE_AT_FAULT,COUNT_SEVERE_INJ,COUNT_VISIBLE_INJ,COUNT_COMPLAINT_PAIN,COUNT_PED_KILLED,COUNT_PED_INJURED,COUNT_BICYCLIST_KILLED,COUNT_BICYCLIST_INJURED,COUNT_MC_KILLED,COUNT_MC_INJURED,PRIMARY_RAMP,SECONDARY_RAMP,LATITUDE,LONGITUDE,COUNTY,CITY,POINT_X,POINT_Y
9509941,2022,2022-12-15,3801,2022-11-01,0712,392,MISSI,2,5,7,3801,0,0,0,,0,34D14A,"CHURCH ST","16TH ST",79.00,S,N,B,F,N,,,,,,,,,,Y,4,0,1,1,A,-,07,21658,A,N,A,I,A,B,H,-,C,D,0,,,,,Y,,A,01,0,0,1,0,0,0,0,0,0,"- ","- ",,,"SAN FRANCISCO","SAN FRANCISCO",-122.42862701416016,37.7642822265625
9509942,2022,2022-12-15,3801,2022-11-01,0656,555,MISSI,2,5,7,3801,0,0,0,,0,3D13A,"16TH ST","POTRERO AV",132.00,W,N,C,-,N,,,,,,,,,,N,3,0,1,2,B,-,22,,,N,D,G,A,B,H,-,C,D,0,,Y,,,Y,,L,04,0,1,0,0,0,0,1,0,0,"- ","- ",,,"SAN FRANCISCO","SAN FRANCISCO",-122.40801239013672,37.765735626220703
9509943,2022,2022-12-15,3801,2022-11-04,1230,2328,BAYVI,5,5,7,3801,0,0,0,,0,901,"CARROLL AV","GIANTS DR",0.00,,Y,B,-,N,,,,,,,,,,N,4,0,1,2,A,-,05,21650,,F,B,C,A,A,H,-,A,D,0,,,,,Y,Y,-,99,0,0,1,0,0,0,0,0,0,"- ","- ",,,"SAN FRANCISCO","SAN FRANCISCO",-122.385009765625,37.720249176025391
9509944,2022,2022-12-15,3801,2022-11-04,1943,1406,TENDE,5,5,7,3801,0,0,0,,0,3J4,"EDDY ST","JONES ST",110.00,W,N,A,-,N,,,,,,,,,,N,2,0,1,2,A,-,11,21955,,N,G,B,D,B,H,-,C,D,0,Y,,Y,,Y,,N,60,1,0,0,0,1,0,0,0,0,"- ","- ",,,"SAN FRANCISCO","SAN FRANCISCO",-122.4129638671875,37.783889770507812
9509945,2022,2022-12-15,3801,2022-11-03,2500,1406,TENDE,4,5,7,3801,0,0,0,,0,3J5,"ELLIS ST","HYDE ST",5.00,W,N,A,-,N,,,,,,,,,,N,4,0,1,2,A,-,10,21950,A,N,G,B,B,A,H,-,A,A,0,Y,,,,Y,,A,01,0,0,1,0,1,0,0,0,0,"- ","- ",,,"SAN FRANCISCO","SAN FRANCISCO",-122.41607666015625,37.784446716308594
9509946,2022,2022-12-15,3801,2022-11-09,2120,2315,MISSI,3,5,7,3801,0,0,0,,0,3D14E,"24TH ST","MISSION ST",70.00,E,N,A,-,N,,,,,,,,,,N,4,0,1,2,A,-,03,22350,,F,G,B,-,A,H,-,C,A,0,Y,,,,Y,,A,01,0,0,1,0,1,0,0,0,0,"- ","- ",,,"SAN FRANCISCO","SAN FRANCISCO",-122.41825103759766,37.752269744873047
9509947,2022,2022-12-15,3801,2022-11-09,1830,2017,MISSI,3,5,7,3801,0,0,0,,0,3D14D,"MISSION ST","CESAR CHAVEZ ST",0.00,,Y,A,-,N,,,,,,,,,,Y,3,0,2,2,A,-,12,21453,A,N,D,C,A,A,H,-,C,A,0,,,,,Y,,A,01,0,1,1,0,0,0,0,0,0,"- ","- ",,,"SAN FRANCISCO","SAN FRANCISCO",-122.41819763183594,37.748222351074219
9509948,2022,2022-12-15,3801,2022-11-10,1745,2470,CENTR,4,5,7,3801,0,0,0,,0,3A13D,"BAY ST","LEAVENWORTH ST",0.00,,Y,A,-,N,,,,,,,,,,N,3,0,1,2,A,-,08,22101,D,N,D,C,A,A,H,-,C,A,0,,,Y,,Y,,A,01,0,1,0,0,0,0,0,0,1,"- ","- ",,,"SAN FRANCISCO","SAN FRANCISCO",-122.41855621337891,37.805030822753906
9509949,2022,2022-12-15,3801,2022-11-11,1129,1388,TARAV,5,5,7,3801,0,0,0,,0,3I5A,"27TH AV","KIRKHAM ST",0.00,,Y,A,-,N,,,,,,,,,,Y,4,0,1,2,A,-,12,22450,A,N,B,C,A,A,H,-,A,A,0,,,,,Y,,A,07,0,0,1,0,0,0,0,0,0,"- ","- ",,,"SAN FRANCISCO","SAN FRANCISCO",-122.48542785644531,37.759464263916016
9509950,2022,2022-12-15,3801,2022-11-12,1008,1061,SOUTH,6,5,7,3801,0,0,0,,0,3B14A,"2ND ST","TEHAMA ST",0.00,,Y,A,-,N,,,,,,,,,,N,3,0,1,2,A,-,08,22101,,F,B,G,A,A,-,-,A,D,0,,Y,,,Y,,A,01,0,1,0,0,0,0,1,0,0,"- ","- ",,,"SAN FRANCISCO","SAN FRANCISCO",-122.39771270751953,37.786346435546875
9509951,2022,2022-12-15,3801,2022-11-11,1803,1336,NORTH,5,5,7,3801,0,0,0,,0,0E1,"HAYES ST","FRANKLIN ST",216.00,E,N,A,-,N,,,,,,,,,,N,4,0,1,2,A,-,08,22101,,N,-,C,A,A,H,-,C,A,0,,,,,Y,,A,01,0,0,1,0,0,0,0,0,0,"- ","- ",,,"SAN FRANCISCO","SAN FRANCISCO",-122.42060089111328,37.777175903320312
9509952,2022,2022-12-30,3801,2022-11-10,0945,1819,NORTH,4,5,7,3801,0,0,0,,0,"6 CAR","POLK ST","LOMBARD ST",0.00,,Y,A,-,N,,,,,,,,,,N,4,0,1,2,A,-,12,22450,A,N,D,J,A,A,H,-,-,A,0,,,,,Y,,-,"- ",0,0,1,0,0,0,0,0,0,"- ","- ",,,"SAN FRANCISCO","SAN FRANCISCO",-122.42288970947266,37.801540374755859
9509954,2022,2022-12-30,3801,2022-11-10,0804,748,CENTR,4,5,7,3801,0,0,0,,0,3A44,"STOCKTON ST","CLAY ST",0.00,,Y,A,-,N,,,,,,,,,,N,2,0,1,2,A,-,12,21453,A,N,H,-,B,A,H,-,A,A,0,Y,Y,,,Y,,L,04,1,0,0,0,1,0,0,0,0,"- ","- ",,,"SAN FRANCISCO","SAN FRANCISCO",-122.40784454345703,37.7940673828125
9509955,2022,2022-12-22,3801,2022-11-10,1539,1133,CENTR,4,5,7,3801,0,0,0,,0,02A,"STOCKTON TUNL","SACRAMENTO ST",530.00,S,N,A,-,N,,,,,,,,,,N,4,0,1,2,A,-,03,22350,,N,C,C,A,A,G,-,A,D,0,,,,,Y,Y,A,01,0,0,1,0,0,0,0,0,0,"- ","- ",,,"SAN FRANCISCO","SAN FRANCISCO",-122.40765380859375,37.792781829833984
9509956,2022,2022-12-15,3801,2022-11-11,2021,319,CENTR,5,5,7,3801,0,0,0,,0,3A12D,"CALIFORNIA ST","FRONT ST",110.00,E,N,A,-,N,,,,,,,,,,N,3,0,1,2,A,-,08,22107,,F,B,G,A,A,H,-,C,D,0,,Y,,,Y,,A,01,0,1,0,0,0,0,1,0,0,"- ","- ",,,"SAN FRANCISCO","SAN FRANCISCO",-122.39844512939453,37.793403625488281
9509958,2022,2022-12-15,3801,2022-11-09,2230,1144,RICHM,3,5,7,3801,0,0,0,,0,3G13E,"25TH AV","CALIFORNIA ST",0.00,,Y,A,-,N,,,,,,,,,,Y,4,0,1,2,A,-,12,21453,A,N,D,C,A,A,H,-,C,A,0,,,,,Y,,-,,0,0,1,0,0,0,0,0,0,"- ","- ",,,"SAN FRANCISCO","SAN FRANCISCO",-122.48500061035156,37.783882141113281
9509959,2022,2022-12-15,3801,2022-11-10,1920,1741,RICHM,4,5,7,3801,0,0,0,,0,901,"11TH AV","CALIFORNIA ST",0.00,,Y,A,-,N,,,,,,,,,,N,3,0,1,2,A,-,11,21950,B,N,G,B,D,A,H,-,B,A,0,Y,,,,Y,,N,60,0,1,0,0,1,0,0,0,0,"- ","- ",,,"SAN FRANCISCO","SAN FRANCISCO",-122.46990966796875,37.784572601318359
9509960,2022,2022-12-15,3801,2022-11-10,0810,2493,PARK,4,5,7,3801,0,0,0,,0,3F13A,"HAIGHT ST","BAKER ST",0.00,,Y,A,-,N,,,,,,,,,,Y,3,0,2,2,A,-,09,21801,A,N,A,C,A,A,H,-,A,A,0,,,,,Y,,A,01,0,1,1,0,0,0,0,0,0,"- ","- ",,,"SAN FRANCISCO","SAN FRANCISCO",-122.44032287597656,37.770847320556641
9509961,2022,2022-12-16,3801,2022-11-12,2155,2421,PARK,6,5,7,3801,0,0,0,,0,3F2,"WOODSIDE AV","LAGUNA HONDA BL",0.00,,Y,A,-,N,,,,,,,,,,Y,4,0,2,2,A,-,12,21453,A,N,A,C,A,A,H,-,C,A,0,,,,,Y,,A,01,0,0,2,0,0,0,0,0,0,"- ","- ",,,"SAN FRANCISCO","SAN FRANCISCO",-122.45873260498047,37.746818542480469
9509962,2022,2022-12-16,3801,2022-11-13,0829,563,TARAV,7,5,7,3801,0,0,0,,0,005,"LAKE MERCED BL","FONT BL",836.00,S,N,A,-,N,,,,,,,,,,Y,3,0,4,3,A,-,03,22350,,N,F,C,A,A,H,-,A,D,0,,,,,Y,,A,01,0,1,3,0,0,0,0,0,0,"- ","- ",,,"SAN FRANCISCO","SAN FRANCISCO",-122.48513793945312,37.721874237060547
9509964,2022,2022-12-16,3801,2022-11-06,1941,319,CENTR,7,5,7,3801,0,0,0,,0,3A12D,"LEAVENWORTH ST","POST ST",105.00,S,N,A,-,N,,,,,,,,,,N,3,0,1,1,A,-,03,22350,A,N,H,A,A,A,H,-,B,D,0,,,Y,,Y,,C,02,0,1,0,0,0,0,0,0,1,"- ","- ",,,"SAN FRANCISCO","SAN FRANCISCO",-122.41493225097656,37.787166595458984
9509965,2022,2022-12-16,3801,2022-11-07,1010,1500,CENTR,1,5,7,3801,0,0,0,,0,3A14A,"STOCKTON ST","FILBERT ST",40.00,N,N,A,-,N,,,,,,,,,,N,4,0,1,2,A,-,09,21804,A,N,B,G,A,A,H,-,A,D,0,,Y,,,Y,,L,04,0,0,1,0,0,0,1,0,0,"- ","- ",,,"SAN FRANCISCO","SAN FRANCISCO",-122.40937805175781,37.801479339599609
9509966,2022,2022-12-28,3801,2022-11-07,0856,893,INGLE,1,5,7,3801,0,0,0,,0,3H13D,"GENEVA AV","RT 280",0.00,,Y,A,-,Y,SF,4,280,-,R,1.556,R,4,N,Y,4,0,1,2,A,-,12,21453,A,N,D,C,A,A,H,-,A,A,0,,,,,Y,,A,07,0,0,1,0,0,0,0,0,0,"- ",NF,,,"SAN FRANCISCO","SAN FRANCISCO",-122.44822692871094,37.719936370849609
9509967,2022,2022-12-16,3801,2022-11-07,0749,257,RICHM,1,5,7,3801,0,0,0,,0,3G4A,"21ST AV","CLEMENT ST",0.00,,Y,A,-,N,,,,,,,,,,N,4,0,1,2,A,-,08,22107,,N,D,G,A,B,H,-,A,D,0,,Y,,,Y,,A,01,0,0,1,0,0,0,1,0,0,"- ","- ",,,"SAN FRANCISCO","SAN FRANCISCO",-122.4805908203125,37.782199859619141
9509968,2022,2022-12-16,3801,2022-11-06,2247,2157,RICHM,7,5,7,3801,0,0,0,,0,004,"GEARY BL","18TH AV",112.00,E,N,C,-,N,,,,,,,,,,,2,0,1,2,A,-,11,21950,B,F,G,B,D,B,H,-,C,D,0,Y,,,,Y,,N,60,1,0,0,0,1,0,0,0,0,"- ","- ",,,"SAN FRANCISCO","SAN FRANCISCO",-122.47686004638672,37.780506134033203
9509969,2022,2022-12-16,3801,2022-11-05,0051,2157,RICHM,6,5,7,3801,0,0,0,,0,004,"CLEMENT ST","20TH AV",0.00,,Y,A,-,N,,,,,,,,,,N,3,0,1,1,D,-,00,,,N,H,A,A,A,H,-,C,D,0,,,,,Y,Y,-,"- ",0,1,0,0,0,0,0,0,0,"- ","- ",,,"SAN FRANCISCO","SAN FRANCISCO",-122.47952270507812,37.782241821289062
9509970,2022,2022-12-16,3801,2022-11-04,1630,1620,RICHM,5,5,7,3801,0,0,0,,0,3G5C,"39TH AV","BALBOA ST",299.00,S,N,A,-,N,,,,,,,,,,N,4,0,1,2,A,-,21,22106,,N,D,C,A,A,H,-,A,D,0,,,,,Y,,A,01,0,0,1,0,0,0,0,0,0,"- ","- ",,,"SAN FRANCISCO","SAN FRANCISCO",-122.49940490722656,37.774803161621094
9509971,2022,2022-12-16,3801,2022-11-03,2125,1144,RICHM,4,5,7,3801,0,0,0,,0,3G12E,"CALIFORNIA ST","ARGUELLO BL",0.00,,Y,A,-,N,,,,,,,,,,Y,2,0,1,2,A,-,12,21453,A,N,D,G,A,A,H,-,C,A,0,,Y,,,Y,,L,04,1,0,0,0,0,0,1,0,0,"- ","- ",,,"SAN FRANCISCO","SAN FRANCISCO",-122.45921325683594,37.785671234130859
9509972,2022,2022-12-16,3801,2022-11-03,1954,1806,NORTH,4,5,7,3801,0,0,0,,0,3E12D,"GEARY BL","BERTIE MINOR LN",100.00,W,N,A,-,N,,,,,,,,,,Y,4,0,1,2,A,-,03,22350,,N,C,C,A,A,H,-,C,A,0,,,,,Y,,A,01,0,0,1,0,0,0,0,0,0,"- ","- ",37.784721374511719,-122.42935943603516,"SAN FRANCISCO","SAN FRANCISCO",-122.42934417724609,37.784717559814453
9509973,2022,2022-12-16,3801,2022-11-07,1644,1371,NORTH,1,5,7,3801,0,0,0,,0,002,"WEBSTER ST","TURK ST",18.00,S,N,A,-,N,,,,,,,,,,N,4,0,1,2,A,-,10,21950,A,N,G,B,B,A,H,-,A,A,0,Y,,,,Y,,A,01,0,0,1,0,1,0,0,0,0,"- ","- ",,,"SAN FRANCISCO","SAN FRANCISCO",-122.43048095703125,37.7806396484375
9509974,2022,2022-12-16,3801,2022-11-07,1415,52,SOUTH,1,5,7,3801,0,0,0,,0,0B1,"THE EMBARCADERO SOUTH","BRANNAN ST",254.00,N,N,B,-,N,,,,,,,,,,N,3,0,1,1,A,-,03,22350,,N,E,I,A,A,H,-,A,A,0,,,,,Y,,M,94,0,1,0,0,0,0,0,0,0,"- ","- ",,,"SAN FRANCISCO","SAN FRANCISCO",-122.38814544677734,37.785476684570312
9509975,2022,2022-12-16,3801,2022-11-16,0045,2241,NORTH,3,5,7,3801,0,0,0,,0,0E3,"POLK ST","GOLDEN GATE AV",0.00,,Y,A,-,N,,,,,,,,,,Y,4,0,1,2,A,-,12,21453,A,N,B,C,A,A,H,-,C,A,0,,,,,Y,Y,A,01,0,0,1,0,0,0,0,0,0,"- ","- ",,,"SAN FRANCISCO","SAN FRANCISCO",-122.41880035400391,37.781227111816406
9509976,2022,2022-12-16,3801,2022-11-23,0437,2241,NORTH,3,5,7,3801,0,0,0,,0,0E1,"PAGE ST","PAGE ST 811",0.00,,-,A,-,N,,,,,,,,,,Y,4,0,1,2,A,-,03,22350,,N,C,E,A,A,H,-,C,A,0,,,,,Y,Y,A,01,0,0,1,0,0,0,0,0,0,"- ","- ",,,"SAN FRANCISCO","SAN FRANCISCO",,
9509978,2022,2022-12-21,3801,2022-11-27,1703,1582,CENTR,7,5,7,3801,0,0,0,,0,3A14D,"STOCKTON ST","WASHINGTON ST",24.00,N,N,A,-,N,,,,,,,,,,,2,0,1,2,A,-,03,22350,,F,H,B,E,A,H,-,C,A,0,Y,Y,,,Y,,L,04,1,0,0,0,1,0,0,0,0,"- ","- ",,,"SAN FRANCISCO","SAN FRANCISCO",-122.40804290771484,37.795024871826172
9509979,2022,2022-12-16,3801,2022-11-26,1528,1021,TENDE,6,5,7,3801,0,0,0,,0,3J14D,"EDDY ST","LEAVENWORTH ST",100.00,W,N,A,-,N,,,,,,,,,,N,3,0,1,2,A,-,06,21750,A,N,G,B,E,A,H,-,A,A,0,Y,,,,Y,,A,01,0,1,0,0,1,0,0,0,0,"- ","- ",,,"SAN FRANCISCO","SAN FRANCISCO",-122.41458129882812,37.783683776855469
9509980,2022,2022-12-16,3801,2022-11-27,0005,2437,BAYVI,7,5,7,3801,0,0,0,,0,3C15E,"3RD ST","PAUL AV",15.00,E,N,A,-,N,,,,,,,,,,Y,4,0,2,2,A,-,09,21801,A,N,A,C,A,A,H,-,C,A,0,,,,,Y,,A,01,0,0,2,0,0,0,0,0,0,"- ","- ",,,"SAN FRANCISCO","SAN FRANCISCO",-122.39572906494141,37.722450256347656
9509981,2022,2022-12-16,3801,2022-11-25,1910,4115,CENTR,5,5,7,3801,0,0,0,,0,3A11D,"BROADWAY ST","POWELL ST",50.00,W,N,A,-,N,,,,,,,,,,Y,2,0,2,3,A,-,03,22350,,F,C,C,A,A,H,-,C,A,0,,,,,Y,,A,01,1,0,1,0,0,0,0,0,0,"- ","- ",,,"SAN FRANCISCO","SAN FRANCISCO",-122.41040802001953,37.797382354736328
9509982,2022,2022-12-16,3801,2022-11-20,1357,1669,TENDE,7,5,7,3801,0,0,0,,0,3J98C,"ELLIS ST","JONES ST",0.00,,Y,A,-,N,,,,,,,,,,Y,4,0,3,2,A,-,03,22350,,N,D,C,A,A,H,-,A,A,0,,,,,Y,,A,01,0,0,3,0,0,0,0,0,0,"- ","- ",,,"SAN FRANCISCO","SAN FRANCISCO",-122.41278076171875,37.784896850585938
9509983,2022,2022-12-16,3801,2022-11-08,1705,2390,TENDE,2,5,7,3801,0,0,0,,0,3J13D,"HYDE ST","GOLDEN GATE AV",0.00,,Y,B,C,N,,,,,,,,,,N,4,0,1,2,A,-,03,22350,,N,D,J,A,B,H,-,A,A,0,,,,,Y,Y,M,94,0,0,1,0,0,0,0,0,0,"- ","- ",,,"SAN FRANCISCO","SAN FRANCISCO",-122.41549682617188,37.781650543212891
9509984,2022,2022-12-16,3801,2022-11-28,2248,2705,BAYVI,1,5,7,3801,0,0,0,,0,3C90A,"QUESADA AV","3RD ST",0.00,,Y,A,-,N,,,,,,,,,,N,4,0,1,2,A,-,10,21950,,N,G,B,B,A,H,-,C,A,0,Y,,,,Y,Y,A,01,0,0,1,0,1,0,0,0,0,"- ","- ",,,"SAN FRANCISCO","SAN FRANCISCO",-122.39132690429688,37.733272552490234
9509985,2022,2022-12-16,3801,2022-11-28,1718,1420,INGLE,1,5,7,3801,0,0,0,,0,3H13D,"SILVER AV","NAPLES ST",20.00,E,N,A,-,N,,,,,,,,,,N,4,0,1,2,A,-,11,21954,A,N,H,B,D,A,H,-,C,D,0,Y,,,,Y,Y,N,60,0,0,1,0,1,0,0,0,0,"- ","- ",,,"SAN FRANCISCO","SAN FRANCISCO",-122.42525482177734,37.728675842285156
9509986,2022,2022-12-16,3801,2022-11-12,2348,1260,BAYVI,6,5,7,3801,0,0,0,,0,3C12A,"BAYSHORE BL","JERROLD AV",18.00,S,N,A,-,N,,,,,,,,,,N,4,0,1,2,A,-,04,21703,,F,C,C,A,A,H,-,C,A,0,,,,,Y,,A,01,0,0,1,0,0,0,0,0,0,"- ","- ",,,"SAN FRANCISCO","SAN FRANCISCO",-122.40362548828125,37.747341156005859
9509987,2022,2022-12-16,3801,2022-11-28,0935,2362,PARK,1,5,7,3801,0,0,0,,0,3F1A,"7TH AV","7TH AV 1279",0.00,,-,A,-,N,,,,,,,,,,N,4,0,1,2,A,-,21,22106,,N,D,C,A,A,H,-,A,D,0,,,,,Y,,A,01,0,0,1,0,0,0,0,0,0,"- ","- ",,,"SAN FRANCISCO","SAN FRANCISCO",-120.41591644287109,37.953502655029297
9509988,2022,2022-12-16,3801,2022-11-27,2017,2740,TRAVA,7,5,7,3801,0,0,0,,0,0I5,"WINSTON DR","LAKE MERCED BL",210.00,E,N,-,-,N,,,,,,,,,,N,3,0,1,2,A,-,05,21460,,F,D,G,A,A,-,-,C,D,0,,Y,,,Y,,A,01,0,1,0,0,0,0,1,0,0,"- ","- ",,,"SAN FRANCISCO","SAN FRANCISCO",-122.48324584960938,37.727043151855469
9509989,2022,2022-12-16,3801,2022-11-24,2144,2357,TARAV,4,5,7,3801,0,0,0,,0,3116E,"GENEVA AV","RT 280 S",0.00,,Y,A,-,N,,,,,,,,,,Y,4,0,1,2,A,-,12,21453,A,N,D,C,A,A,H,-,C,A,0,,,,,Y,,A,01,0,0,1,0,0,0,0,0,0,"- ","- ",,,"SAN FRANCISCO","SAN FRANCISCO",-122.44821929931641,37.721347808837891
9509990,2022,2022-12-16,3801,2022-11-29,1141,1952,BAYVI,2,5,7,3801,0,0,0,,0,901,"FELTON ST","COLBY ST",0.00,,Y,A,-,N,,,,,,,,,,N,3,0,1,2,A,-,13,22515,A,N,C,E,A,A,-,-,A,D,0,,,,,Y,,-,,0,1,0,0,0,0,0,0,0,"- ","- ",,,"SAN FRANCISCO","SAN FRANCISCO",-122.41348266601562,37.72772216796875
9509991,2022,2022-12-23,3801,2022-11-25,2230,2089,TENDE,5,5,7,3801,0,0,0,,0,COJ5,"LARKIN ST","LARKIN ST 731",0.00,,-,A,-,N,,,,,,,,,,Y,4,0,1,1,A,-,03,22350,,N,A,-,A,A,H,-,C,A,0,,,,,Y,,A,01,0,0,1,0,0,0,0,0,0,"- ","- ",,,"SAN FRANCISCO","SAN FRANCISCO",,
9509992,2022,2022-12-21,3801,2022-11-15,1634,2038,PARK,2,5,7,3801,0,0,0,,0,3F12D,"LAGUNA HONDA BL","CLARENDON AV",144.00,S,N,A,-,N,,,,,,,,,,N,4,0,1,2,A,-,08,22107,,N,D,C,A,A,H,-,A,D,0,,,Y,,Y,,A,01,0,0,1,0,0,0,0,0,1,"- ","- ",,,"SAN FRANCISCO","SAN FRANCISCO",-122.46133422851562,37.751129150390625
9509993,2022,2022-12-16,3801,2022-11-16,0850,54,TARAV,3,5,7,3801,0,0,0,,0,3II5A,"LAWTON ST","22ND AV",0.00,,Y,A,-,N,,,,,,,,,,N,3,0,1,2,A,-,10,21950,A,N,G,B,B,A,H,-,A,D,0,Y,,,,Y,,A,01,0,1,0,0,1,0,0,0,0,"- ","- ",,,"SAN FRANCISCO","SAN FRANCISCO",-122.47994995117188,37.757827758789062
9509994,2022,2022-12-16,3801,2022-11-16,0000,1897,INGLE,3,5,7,3801,0,0,0,,0,3H15D,"SAN JOSE AV","ROUSSEAU ST",0.00,,Y,A,-,N,,,,,,,,,,Y,3,0,1,2,A,-,03,22350,A,N,C,C,A,A,H,-,C,D,0,,,Y,,Y,,C,02,0,1,0,0,0,0,0,0,1,"- ","- ",,,"SAN FRANCISCO","SAN FRANCISCO",-122.43045043945312,37.733905792236328
9509995,2022,2022-12-16,3801,2022-11-15,1853,4187,NORTH,2,5,7,3801,0,0,0,,0,3E11D,"SCOTT ST","OAK ST",5.00,S,N,A,-,N,,,,,,,,,,N,3,0,1,2,A,-,08,22107,,N,B,G,A,A,H,-,C,A,0,,Y,,,Y,,L,04,0,1,0,0,0,0,1,0,0,"- ","- ",,,"SAN FRANCISCO","SAN FRANCISCO",-122.43576812744141,37.7733154296875
9509996,2022,2022-12-16,3801,2022-11-15,1534,2398,NORTH,2,5,7,3801,0,0,0,,0,0E5,"STEINER ST","GREENWICH ST",0.00,,Y,A,-,N,,,,,,,,,,N,4,0,1,2,A,-,21,22106,,N,G,B,B,A,H,-,A,D,0,Y,,,,Y,,A,01,0,0,1,0,1,0,0,0,0,"- ","- ",,,"SAN FRANCISCO","SAN FRANCISCO",-122.43751525878906,37.798740386962891
9509997,2022,2022-12-16,3801,2022-11-16,1455,1695,NORTH,3,5,7,3801,0,0,0,,0,,"DIVISADERO ST","GEARY BL",0.00,,Y,A,-,N,,,,,,,,,,N,4,0,1,2,A,-,08,22101,D,N,A,C,A,A,H,-,A,A,0,,,Y,,Y,,A,07,0,0,1,0,0,0,0,0,1,"- ","- ",,,"SAN FRANCISCO","SAN FRANCISCO",-122.43947601318359,37.783359527587891
9509998,2022,2022-12-16,3801,2022-11-12,1749,1897,INGLE,6,5,7,3801,0,0,0,,0,3H15D,"MISSION ST","FRANCE AV",0.00,,Y,A,-,N,,,,,,,,,,Y,4,0,4,2,A,-,08,22102,,N,D,C,A,A,H,-,C,D,0,,,,,Y,,A,01,0,0,4,0,0,0,0,0,0,"- ","- ",37.719600677490234,-122.43865966796875,"SAN FRANCISCO","SAN FRANCISCO",-122.43834686279297,37.720054626464844
9509999,2022,2022-12-16,3801,2022-11-14,2020,1421,RICHM,1,5,7,3801,0,0,0,,0,,"BALBOA ST","36TH AV",0.00,,Y,A,-,N,,,,,,,,,,Y,4,0,2,2,B,-,22,,,F,D,-,A,A,H,-,C,A,0,,,,,Y,,A,01,0,0,2,0,0,0,0,0,0,"- ","- ",,,"SAN FRANCISCO","SAN FRANCISCO",-122.49628448486328,37.775764465332031
9510000,2022,2022-12-16,3801,2022-11-16,1123,2097,BAYVI,3,5,7,3801,0,0,0,,0,3C11A,"MISSOURI ST","18TH ST",20.00,S,N,A,-,N,,,,,,,,,,N,3,0,1,3,A,-,08,22107,,N,B,E,A,A,H,-,A,D,0,,,,,Y,,A,01,0,1,0,0,0,0,0,0,0,"- ","- ",,,"SAN FRANCISCO","SAN FRANCISCO",-122.39652252197266,37.762523651123047
9510001,2022,2023-01-06,3801,2022-11-15,1520,4047,MISSI,2,5,7,3801,0,0,0,,0,3D16D,"VALENCIA ST","19TH ST",0.00,,Y,A,-,N,,,,,,,,,,N,3,0,1,2,A,-,12,21453,A,N,D,G,A,A,H,-,A,A,0,,Y,,,Y,,L,04,0,1,0,0,0,0,1,0,0,"- ","- ",,,"SAN FRANCISCO","SAN FRANCISCO",-122.42140197753906,37.760112762451172
9510002,2022,2023-01-06,3801,2022-11-15,1102,1183,MISSI,2,5,7,3801,0,0,0,,0,3D14A,"DOLORES ST","20TH ST",0.00,,Y,A,-,N,,,,,,,,,,N,3,0,1,2,A,-,"- ",,,N,D,J,-,A,H,-,A,A,0,Y,,,,Y,,N,60,0,1,0,0,1,0,0,0,0,"- ","- ",,,"SAN FRANCISCO","SAN FRANCISCO",-122.42582702636719,37.758213043212891
9510003,2022,2022-12-21,3801,2022-11-17,1933,246,TARAV,4,5,7,3801,0,0,0,,0,5CAR,"19TH AV","CRESPI DR",0.00,,Y,A,-,N,,,,,,,,,,N,4,0,1,2,A,-,11,21954,A,N,A,B,B,A,H,-,C,A,0,Y,,,,Y,Y,N,60,0,0,1,0,1,0,0,0,0,"- ","- ",,,"SAN FRANCISCO","SAN FRANCISCO",-122.47537231445312,37.720279693603516
9510004,2022,2022-12-30,3801,2022-11-17,1745,417,TARAV,4,5,7,3801,0,0,0,,0,3I16D,"SAN JOSE AV","SAGAMORE ST",0.00,,Y,A,-,N,,,,,,,,,,Y,4,0,2,2,A,-,03,22350,,N,D,C,A,A,H,-,C,A,0,,,,,Y,,A,01,0,0,2,0,0,0,0,0,0,"- ","- ",,,"SAN FRANCISCO","SAN FRANCISCO",-122.45581817626953,37.71124267578125