CASE_ID,ACCIDENT_YEAR,PROC_DATE,JURIS,COLLISION_DATE,COLLISION_TIME,OFFICER_ID,REPORTING_DISTRICT,DAY_OF_WEEK,CHP_SHIFT,POPULATION,CNTY_CITY_LOC,SPECIAL_COND,BEAT_TYPE,CHP_BEAT_TYPE,CITY_DIVISION_LAPD,CHP_BEAT_CLASS,BEAT_NUMBER,PRIMARY_RD,SECONDARY_RD,DISTANCE,DIRECTION,INTERSECTION,WEATHER_1,WEATHER_2,STATE_HWY_IND,CALTRANS_COUNTY,CALTRANS_DISTRICT,STATE_ROUTE,ROUTE_SUFFIX,POSTMILE_PREFIX,POSTMILE,LOCATION_TYPE,RAMP_INTERSECTION,SIDE_OF_HWY,TOW_AWAY,COLLISION_SEVERITY,NUMBER_KILLED,NUMBER_INJURED,PARTY_COUNT,PRIMARY_COLL_FACTOR,PCF_CODE_OF_VIOL,PCF_VIOL_CATEGORY,PCF_VIOLATION,PCF_VIOL_SUBSECTION,HIT_AND_RUN,TYPE_OF_COLLISION,MVIW,PED_ACTION,ROAD_SURFACE,ROAD_COND_1,ROAD_COND_2,LIGHTING,CONTROL_DEVICE,CHP_ROAD_TYPE,PEDESTRIAN_ACCIDENT,BICYCLE_ACCIDENT,MOTORCYCLE_ACCIDENT,TRUCK_ACCIDENT,NOT_PRIVATE_PROPERTY,ALCOHOL_INVOLVED,STWD_VEHTYPE_AT_FAULT,CHP_VEHTYPE_AT_FAULT,COUNT_SEVERE_INJ,COUNT_VISIBLE_INJ,COUNT_COMPLAINT_PAIN,COUNT_PED_KILLED,COUNT_PED_INJURED,COUNT_BICYCLIST_KILLED,COUNT_BICYCLIST_INJURED,COUNT_MC_KILLED,COUNT_MC_INJURED,PRIMARY_RAMP,SECONDARY_RAMP,LATITUDE,LONGITUDE,COUNTY,CITY,POINT_X,POINT_Y
9520821,2023,2025-06-25,3801,2023-06-02,2139,379,TRAFF,5,5,7,3801,0,0,0,,0,4B3H,"OTIS ST","MCCOPPIN ST",70.00,S,N,A,-,N,,,,,,,,,,Y,1,1,0,2,A,-,17,21657,,N,A,C,A,A,H,-,C,D,0,,,,,Y,,M,94,0,0,0,0,0,0,0,0,0,"- ","- ",,,"SAN FRANCISCO","SAN FRANCISCO",-122.42031097412109,37.771587371826172
9520835,2023,2024-02-28,3801,2023-07-08,1055,202,TRAFF,6,5,7,3801,0,0,0,,0,4B2D,"MARKET ST","4TH ST",126.00,E,N,A,-,N,,,,,,,,,,N,1,1,1,2,A,-,03,22411,,N,G,B,D,A,H,-,A,D,0,Y,,,,Y,,M,94,0,0,1,1,0,0,0,0,0,"- ","- ",,,"SAN FRANCISCO","SAN FRANCISCO",-122.40558624267578,37.785945892333984
9520935,2023,2023-09-12,3801,2023-08-15,1715,4084,TRAFF,2,5,7,3801,0,0,0,,0,4B104,"KING ST","4TH ST",12.00,S,N,A,-,N,,,,,,,,,,Y,1,1,1,3,A,-,10,21950,A,N,G,B,B,A,H,-,A,A,0,Y,,,,Y,,A,07,0,1,0,1,1,0,0,0,0,"- ","- ",,,"SAN FRANCISCO","SAN FRANCISCO",-122.39418029785156,37.776405334472656
9520936,2023,2025-06-25,3801,2023-07-07,2500,443,TRAFF,5,5,7,3801,0,0,0,,0,4C1,"S VAN NESS AV","18TH ST",6.00,N,N,B,-,N,,,,,,,,,,N,1,1,0,2,D,-,00,,,F,G,B,B,A,H,-,C,A,0,Y,,,,Y,Y,-,"- ",0,0,0,1,0,0,0,0,0,"- ","- ",,,"SAN FRANCISCO","SAN FRANCISCO",-122.41719818115234,37.761966705322266
9520937,2023,2025-06-25,3801,2023-06-24,1444,202,TRAFF,6,5,7,3801,0,0,0,,0,4B2D,"3RD ST","ARTHUR AV",72.00,N,N,A,-,N,,,,,,,,,,Y,1,1,0,1,A,-,03,22350,,N,F,I,A,A,H,-,A,D,0,,,,,Y,Y,A,01,0,0,0,0,0,0,0,0,0,"- ","- ",,,"SAN FRANCISCO","SAN FRANCISCO",-122.38733673095703,37.746395111083984
9522321,2022,2023-01-24,3801,2022-11-20,0115,481,CENTR,7,5,7,3801,0,0,0,,0,3A12E,"KEARNY ST","POST ST",0.00,,Y,A,-,N,,,,,,,,,,N,3,0,1,1,A,-,03,22350,,N,-,I,A,A,H,-,E,A,0,,,,,Y,,M,94,0,1,0,0,0,0,0,0,0,"- ","- ",,,"SAN FRANCISCO","SAN FRANCISCO",-122.40365600585938,37.788902282714844
9522322,2022,2022-12-20,3801,2022-11-19,2018,1198,MISSI,6,5,7,3801,0,0,0,,0,,"DOLORES ST","14TH ST",0.00,,Y,A,-,N,,,,,,,,,,N,4,0,1,2,A,-,08,22107,,N,D,C,A,A,H,-,C,A,0,,,Y,,Y,,A,01,0,0,1,0,0,0,0,0,1,"- ","- ",,,"SAN FRANCISCO","SAN FRANCISCO",-122.42677307128906,37.767879486083984
9522323,2022,2022-12-20,3801,2022-11-19,1333,2151,PARK,6,5,7,3801,0,0,0,,0,,"GOLDEN GATE AV","ROSELYN TER",0.00,,Y,A,-,N,,,,,,,,,,N,4,0,1,2,A,-,03,22350,,N,D,G,A,A,H,-,A,D,0,,Y,,,Y,,L,04,0,0,1,0,0,0,1,0,0,"- ","- ",,,"SAN FRANCISCO","SAN FRANCISCO",-122.44957733154297,37.777320861816406
9522324,2022,2022-12-20,3801,2022-11-19,1305,2401,MISSI,6,5,7,3801,0,0,0,,0,3D15A,"S VAN NESS AV","16TH ST",0.00,,Y,A,-,N,,,,,,,,,,Y,4,0,1,2,A,-,09,21804,,N,D,C,A,A,H,-,A,A,0,,,,,Y,,A,01,0,0,1,0,0,0,0,0,0,"- ","- ",,,"SAN FRANCISCO","SAN FRANCISCO",-122.41748809814453,37.765178680419922
9522325,2022,2022-12-20,3801,2022-11-18,1030,1477,MISSI,5,5,7,3801,0,0,0,,0,3D13A,"20TH ST","HARRISON ST",0.00,,Y,A,-,N,,,,,,,,,,Y,4,0,2,2,A,-,12,22450,A,N,D,C,A,A,H,-,A,A,0,,,,,Y,,A,01,0,0,2,0,0,0,0,0,0,"- ","- ",,,"SAN FRANCISCO","SAN FRANCISCO",-122.41255187988281,37.759033203125
9522326,2022,2022-12-19,3801,2022-11-17,2500,740,MISSI,4,5,7,3801,0,0,0,,0,0J2,"MARKET ST","5TH ST",0.00,,Y,A,-,N,,,,,,,,,,N,2,0,1,2,A,-,10,21950,A,N,-,B,B,A,H,-,C,A,0,Y,,,,Y,,A,08,1,0,0,0,1,0,0,0,0,"- ","- ",,,"SAN FRANCISCO","SAN FRANCISCO",-122.40805816650391,37.78399658203125
9522327,2022,2023-01-06,3801,2022-11-10,1732,830,MISSI,4,5,7,3801,0,0,0,,0,3D16C,"S VAN NESS AV","13TH ST",50.00,S,N,A,-,Y,SF,4,101,-,T,4.430,H,-,S,N,2,0,1,2,A,-,08,22107,,F,B,C,A,A,-,-,C,A,0,,,Y,,Y,,-,99,1,0,0,0,0,0,0,0,1,"- ","- ",,,"SAN FRANCISCO","SAN FRANCISCO",-122.41790008544922,37.769432067871094
9522328,2022,2022-12-19,3801,2022-11-19,1806,1166,INGLE,6,5,7,3801,0,0,0,,0,3H16D,"SUNNYDALE AV","HAHN ST",0.00,,Y,A,-,N,,,,,,,,,,N,4,0,1,2,A,-,12,22450,A,F,G,B,B,A,H,-,C,D,0,Y,,,,Y,,A,07,0,0,1,0,1,0,0,0,0,"- ","- ",,,"SAN FRANCISCO","SAN FRANCISCO",-122.41603088378906,37.711925506591797
9522329,2022,2023-01-24,3801,2022-11-19,1424,801,SOUTH,6,5,7,3801,0,0,0,,0,,"NATOMA ST","8TH ST",280.00,E,N,A,-,N,,,,,,,,,,N,4,0,1,2,B,-,22,,,N,G,J,F,A,H,-,A,D,0,Y,,,,Y,,N,60,0,0,1,0,1,0,0,0,0,"- ","- ",,,"SAN FRANCISCO","SAN FRANCISCO",-122.41143798828125,37.777198791503906
9522330,2022,2022-12-29,3801,2022-11-19,1034,1457,TARAV,6,5,7,3801,0,0,0,,0,2CAR,"23RD AV","MORAGA ST",0.00,,Y,A,-,N,,,,,,,,,,N,2,0,1,2,A,-,11,21954,A,N,G,B,A,A,H,-,A,A,0,,,,,Y,,M,93,1,0,0,0,0,0,0,0,0,"- ","- ",,,"SAN FRANCISCO","SAN FRANCISCO",-122.48091125488281,37.755901336669922
9522331,2022,2022-12-20,3801,2022-11-18,1851,1806,NORTH,5,5,7,3801,0,0,0,,0,3E13D,"OCTAVIA ST","PAGE ST",0.00,,Y,A,-,N,,,,,,,,,,N,4,0,1,2,A,-,02,22526,A,N,D,G,A,A,H,-,C,A,0,,Y,,,Y,,A,01,0,0,1,0,0,0,1,0,0,"- ","- ",,,"SAN FRANCISCO","SAN FRANCISCO",-122.42411041259766,37.773883819580078
9522332,2022,2022-12-20,3801,2022-11-04,1940,282,TARAV,5,5,7,3801,0,0,0,,0,NORTHE,"FILLMORE ST","JACKSON ST",0.00,,Y,F,-,N,,,,,,,,,,N,4,0,2,3,A,-,10,21950,A,M,G,B,B,-,G,-,-,D,0,Y,,,,Y,,A,01,0,0,2,0,2,0,0,0,0,"- ","- ",,,"SAN FRANCISCO","SAN FRANCISCO",-122.43454742431641,37.792465209960938
9522333,2022,2022-12-19,3801,2022-11-18,1500,52,SOUTH,5,5,7,3801,0,0,0,,0,0B3,"6TH ST","BRYANT ST",50.00,N,N,A,-,N,,,,,,,,,,N,4,0,2,2,A,-,03,22350,,F,C,C,A,A,H,-,A,A,0,,,,,Y,,A,01,0,0,2,0,0,0,0,0,0,"- ","- ",,,"SAN FRANCISCO","SAN FRANCISCO",-122.40261840820312,37.776157379150391
9522335,2022,2022-12-20,3801,2022-11-20,1947,2239,INGLE,7,5,7,3801,0,0,0,,0,3H11D,"PORTOLA DR","EVELYN WY",36.00,W,N,A,-,N,,,,,,,,,,Y,2,0,1,1,A,-,01,23152,A,N,E,I,A,A,H,-,C,A,0,,,,,Y,Y,A,01,1,0,0,0,0,0,0,0,0,"- ","- ",,,"SAN FRANCISCO","SAN FRANCISCO",-122.45436096191406,37.743965148925781
9522336,2022,2023-01-10,3801,2022-11-20,1422,1157,BAYVI,7,5,7,3801,0,0,0,,0,3C11A,"GIANTS DR","DONNER AV",0.00,,Y,A,-,N,,,,,,,,,,N,4,0,1,2,A,-,03,22350,,F,B,C,A,A,H,-,A,D,0,,,,,Y,,A,01,0,0,1,0,0,0,0,0,0,"- ","- ",,,"SAN FRANCISCO","SAN FRANCISCO",-122.38558959960938,37.719638824462891
9522337,2022,2022-12-20,3801,2022-10-08,1915,577,TARAV,6,5,7,3801,0,0,0,,0,0I6,"GENEVA AV","HOWTH ST",0.00,,Y,C,-,N,,,,,,,,,,Y,3,0,2,2,A,-,09,21801,A,N,D,C,A,B,H,-,C,A,0,,,,,Y,,A,01,0,1,1,0,0,0,0,0,0,"- ","- ",,,"SAN FRANCISCO","SAN FRANCISCO",-122.45011901855469,37.722076416015625
9522338,2022,2023-01-10,3801,2022-11-09,0500,1124,TENDE,3,5,7,3801,0,0,0,,0,TEND2,"MARKET ST","4TH ST",0.00,,Y,B,-,N,,,,,,,,,,N,3,0,1,1,A,-,03,22350,,N,H,A,A,B,G,-,C,A,0,,Y,,,Y,,L,04,0,1,0,0,0,0,1,0,0,"- ","- ",,,"SAN FRANCISCO","SAN FRANCISCO",-122.40589141845703,37.785697937011719
9522339,2022,2022-12-20,3801,2022-11-20,0936,2093,NORTH,7,5,7,3801,0,0,0,,0,3E14A,"PINE ST","BUCHANAN ST",0.00,,Y,A,-,N,,,,,,,,,,N,4,0,1,2,A,-,17,21657,,N,A,C,A,A,H,-,A,A,0,,,,,Y,,A,07,0,0,1,0,0,0,0,0,0,"- ","- ",,,"SAN FRANCISCO","SAN FRANCISCO",-122.43035125732422,37.788372039794922
9522340,2022,2023-01-10,3801,2022-11-19,1918,2089,TENDE,6,5,7,3801,0,0,0,,0,COJ5CA,"OFARRELL ST","SHANNON ST",8.00,S,N,A,-,N,,,,,,,,,,Y,3,0,2,3,A,-,08,22107,,N,B,E,A,A,H,-,C,A,0,,,,,Y,,A,01,0,1,1,0,0,0,0,0,0,"- ","- ",,,"SAN FRANCISCO","SAN FRANCISCO",-122.41215515136719,37.785907745361328
9522341,2022,2022-12-19,3801,2022-11-19,1835,2046,NORTH,6,5,7,3801,0,0,0,,0,,"POLK ST","EDDY ST",118.00,S,N,A,-,N,,,,,,,,,,N,4,0,1,2,A,-,03,22350,,N,C,E,A,A,H,-,C,A,0,,Y,,,Y,,L,04,0,0,1,0,0,0,1,0,0,"- ","- ",,,"SAN FRANCISCO","SAN FRANCISCO",-122.41911315917969,37.782760620117188
9522342,2022,2023-01-03,3801,2022-11-21,1126,2161,MISSI,1,5,7,3801,0,0,0,,0,3D11A,"17TH ST","CHURCH ST",320.00,W,N,A,-,N,,,,,,,,,,N,4,0,1,1,A,-,03,22350,,N,H,J,A,A,H,-,A,D,0,,,Y,,Y,,C,03,0,0,1,0,0,0,0,0,1,"- ","- ",,,"SAN FRANCISCO","SAN FRANCISCO",-122.42961120605469,37.762821197509766
9522343,2022,2022-12-19,3801,2022-11-20,1820,2046,NORTH,7,5,7,3801,0,0,0,,0,,"CHESTNUT ST","SCOTT ST",252.00,W,N,A,-,N,,,,,,,,,,Y,4,0,1,3,D,-,00,,,N,C,C,A,A,H,-,C,A,0,,,,,Y,,-,"- ",0,0,1,0,0,0,0,0,0,"- ","- ",,,"SAN FRANCISCO","SAN FRANCISCO",-122.44205474853516,37.800079345703125
9522344,2022,2022-12-29,3801,2022-11-15,1433,2493,PARK,2,5,7,3801,0,0,0,,0,3F13A,"1380 FELL ST","BAKER ST",0.00,E,N,A,-,N,,,,,,,,,,N,3,0,1,2,A,-,08,22107,,N,H,A,A,A,H,-,A,D,0,,,,,Y,,A,01,0,1,0,0,0,0,0,0,0,"- ","- ",,,"SAN FRANCISCO","SAN FRANCISCO",-122.44093322753906,37.77362060546875
9522345,2022,2022-12-19,3801,2022-11-06,1920,1766,TRAFF,7,5,7,3801,0,0,0,,0,4B103,"MANSELL ST","BRAZIL ST",550.00,E,N,A,-,N,,,,,,,,,,Y,2,0,2,3,A,-,05,21460,A,F,A,C,A,B,H,-,C,D,0,,,,,Y,,A,01,1,0,1,0,0,0,0,0,0,"- ","- ",,,"SAN FRANCISCO","SAN FRANCISCO",-122.42092132568359,37.718704223632812
9522346,2022,2022-12-29,3801,2022-11-14,0800,4265,INGLE,1,5,7,3801,0,0,0,,0,3H13A,"NAPLES ST","TWIN OAKS AV",0.00,,N,A,-,N,,,,,,,,,,Y,4,0,2,4,A,-,21,22106,,N,D,E,A,A,H,-,A,D,0,,,,,Y,,A,01,0,0,2,0,0,0,0,0,0,"- ","- ",,,"SAN FRANCISCO","SAN FRANCISCO",,
9522348,2022,2022-12-20,3801,2022-11-10,1620,460,INGLE,4,5,7,3801,0,0,0,,0,3H14D,"JOOST AV","EDNA ST",0.00,,Y,A,-,N,,,,,,,,,,Y,3,0,2,2,A,-,08,22100,B,N,D,C,A,A,H,-,A,A,0,,,,,Y,,A,07,0,1,1,0,0,0,0,0,0,"- ","- ",,,"SAN FRANCISCO","SAN FRANCISCO",-122.44734191894531,37.732318878173828
9522349,2022,2022-12-19,3801,2022-11-12,2037,1496,INGL,6,5,7,3801,0,0,0,,0,3H13D,"SICKLES AV","HURON AV",0.00,,Y,A,-,N,,,,,,,,,,Y,3,0,1,2,A,-,12,22450,A,F,D,C,A,A,H,-,C,D,0,,,,,Y,,A,01,0,1,0,0,0,0,0,0,0,"- ","- ",,,"SAN FRANCISCO","SAN FRANCISCO",-122.45323944091797,37.709182739257812
9522350,2022,2022-12-19,3801,2022-11-21,0719,4294,NORTH,1,5,7,3801,0,0,0,,0,0E3,"GOLDEN GATE AV","GOUGH ST",0.00,,Y,A,-,N,,,,,,,,,,Y,4,0,1,2,A,-,12,21453,,F,D,C,A,A,H,-,A,A,0,,,,,Y,,A,01,0,0,1,0,0,0,0,0,0,"- ","- ",,,"SAN FRANCISCO","SAN FRANCISCO",-122.42372894287109,37.780612945556641
9522351,2022,2022-12-19,3801,2022-11-15,1509,1897,INGLE,2,5,7,3801,0,0,0,,0,3H117,"MISSION ST","NORTON ST",0.00,,Y,A,-,N,,,,,,,,,,N,4,0,1,2,A,-,10,21950,C,N,G,B,B,A,H,-,A,A,0,Y,,,,Y,,A,01,0,0,1,0,1,0,0,0,0,"- ","- ",37.724590301513672,-122.43492889404297,"SAN FRANCISCO","SAN FRANCISCO",-122.43489837646484,37.724597930908203
9522352,2022,2023-01-13,3801,2022-11-22,1324,1330,INGLE,2,5,7,3801,0,0,0,,0,3H60,"SAN BRUNO AV","RT 101",0.00,,Y,A,-,Y,SF,4,101,-,-,2.004,R,4,S,Y,4,0,1,2,A,-,08,22107,,N,B,C,A,A,H,-,A,A,0,,,,,Y,Y,-,99,0,0,1,0,0,0,0,0,0,"- ",SO,,,"SAN FRANCISCO","SAN FRANCISCO",-122.40715789794922,37.735725402832031
9522353,2022,2022-12-19,3801,2022-11-26,0924,1260,BAYVI,6,5,7,3801,0,0,0,,0,3C107,"3RD ST","MARIN ST",0.00,,Y,A,-,N,,,,,,,,,,N,4,0,2,2,A,-,08,22101,D,N,D,C,A,A,H,-,A,A,0,,,,,Y,,A,01,0,0,2,0,0,0,0,0,0,"- ","- ",,,"SAN FRANCISCO","SAN FRANCISCO",-122.38759613037109,37.749004364013672
9522354,2022,2022-12-19,3801,2022-11-22,1705,1897,INGLE,2,5,7,3801,0,0,0,,0,3H13D,"LYELL ST","CAYUGA AV",30.00,E,N,A,-,N,,,,,,,,,,N,4,0,1,2,A,-,17,22517,,N,H,G,A,A,H,-,C,A,0,,Y,,,Y,,A,01,0,0,1,0,0,0,1,0,0,"- ","- ",37.730819702148438,-122.43138122558594,"SAN FRANCISCO","SAN FRANCISCO",-122.43138122558594,37.730953216552734
9522355,2022,2022-12-19,3801,2022-11-26,1536,1512,BAYVI,6,5,7,3801,0,0,0,,0,0C5,"VAN DYKE AV","LANE ST",81.00,E,N,A,-,N,,,,,,,,,,Y,4,0,1,2,A,-,05,21460,A,N,A,C,A,A,H,-,A,A,0,,,,,Y,,A,01,0,0,1,0,0,0,0,0,0,"- ","- ",,,"SAN FRANCISCO","SAN FRANCISCO",-122.39220428466797,37.729011535644531
9522356,2022,2022-12-20,3801,2022-11-25,0151,2457,SOUTH,5,5,7,3801,0,0,0,,0,3B15E,"7TH ST","MISSION BAY BL NORTH",0.00,,Y,A,-,N,,,,,,,,,,N,3,0,1,1,A,-,03,22350,,N,F,J,A,A,H,-,C,A,0,,Y,,,Y,,L,04,0,1,0,0,0,0,1,0,0,"- ","- ",,,"SAN FRANCISCO","SAN FRANCISCO",-122.39868927001953,37.769416809082031
9522357,2022,2022-12-22,3801,2022-11-05,1831,1680,MISSI,6,5,7,3801,0,0,0,,0,3D13D,"CESAR CHAVEZ ST","FLORIDA ST",0.00,,Y,A,-,N,,,,,,,,,,N,4,0,4,2,A,-,04,21703,,N,C,C,A,B,H,-,B,D,0,,,,,Y,,A,01,0,0,4,0,0,0,0,0,0,"- ","- ",,,"SAN FRANCISCO","SAN FRANCISCO",-122.40966033935547,37.748401641845703
9522358,2022,2022-12-19,3801,2022-11-05,0554,1226,MISSI,6,5,7,3801,0,0,0,,0,0600,"CHURCH ST","16TH ST",84.00,S,N,C,-,N,,,,,,,,,,Y,4,0,1,1,A,-,03,22350,,N,F,I,A,B,-,-,C,A,0,,,,,Y,,A,01,0,0,1,0,0,0,0,0,0,"- ","- ",,,"SAN FRANCISCO","SAN FRANCISCO",-122.42862701416016,37.764270782470703
9522359,2022,2022-12-19,3801,2022-11-04,2212,246,TARAV,5,5,7,3801,0,0,0,,0,6CAR,"ALEMANY BL","SAN JOSE BL",0.00,,Y,A,-,N,,,,,,,,,,Y,4,0,1,1,A,-,03,22350,,N,E,I,A,A,H,-,C,A,0,,,,,Y,,A,01,0,0,1,0,0,0,0,0,0,"- ","- ",,,"SAN FRANCISCO","SAN FRANCISCO",-122.45709991455078,37.710071563720703
9522362,2022,2022-12-19,3801,2022-11-04,0239,1184,MISSI,5,5,7,3801,0,0,0,,0,3D16E,"HARRISON ST","17TH ST",0.00,,Y,A,-,N,,,,,,,,,,N,4,0,1,2,A,-,04,21703,,F,C,C,A,A,H,-,C,A,0,,,,,Y,,A,07,0,0,1,0,0,0,0,0,0,"- ","- ",,,"SAN FRANCISCO","SAN FRANCISCO",-122.41303253173828,37.764091491699219
9522363,2022,2022-12-19,3801,2022-11-03,2022,2022,TARAV,4,5,7,3801,0,0,0,,0,"5 CAR","LAKE MERCED BL","BROTHERHOOD WY",0.00,,Y,A,-,N,,,,,,,,,,N,3,0,1,2,A,-,11,21954,A,N,-,B,D,A,H,-,C,A,0,Y,,,,Y,Y,N,60,0,1,0,0,1,0,0,0,0,"- ","- ",,,"SAN FRANCISCO","SAN FRANCISCO",-122.48523712158203,37.714717864990234
9522364,2022,2022-12-19,3801,2022-11-02,2015,1875,BAYVI,3,5,7,3801,0,0,0,,0,3C13D,"EVANS AV","NEWHALL ST",0.00,,Y,A,-,N,,,,,,,,,,Y,4,0,2,2,A,-,09,21800,A,N,D,C,A,A,H,-,C,D,0,,,,,Y,,-,,0,0,2,0,0,0,0,0,0,"- ","- ",,,"SAN FRANCISCO","SAN FRANCISCO",-122.38661956787109,37.741886138916016
9522365,2022,2022-12-19,3801,2022-11-25,1412,1385,SOUTH,5,5,7,3801,0,0,0,,0,3B46,"HOWARD ST","5TH ST",0.00,,Y,A,-,N,,,,,,,,,,N,3,0,1,2,A,-,12,21453,A,N,H,A,A,A,H,-,A,A,0,,,Y,,Y,,A,01,0,1,0,0,0,0,0,0,1,"- ","- ",,,"SAN FRANCISCO","SAN FRANCISCO",-122.40493011474609,37.781513214111328
9522366,2022,2022-12-19,3801,2022-11-23,2013,2379,INGLE,3,5,7,3801,0,0,0,,0,3H16D,"MISSION ST","MURRAY ST",0.00,,Y,A,-,N,,,,,,,,,,Y,4,0,1,2,A,-,01,23152,A,F,G,B,B,A,H,-,C,A,0,Y,,,,Y,Y,A,01,0,0,1,0,1,0,0,0,0,"- ","- ",,,"SAN FRANCISCO","SAN FRANCISCO",-122.42644500732422,37.733669281005859
9522367,2022,2022-12-19,3801,2022-11-22,2040,2028,BAYVI,2,5,7,3801,0,0,0,,0,3C15D,"QUESADA AV","INGALLS ST",0.00,,Y,A,-,N,,,,,,,,,,Y,4,0,2,4,A,-,12,22450,A,F,D,C,A,A,H,-,C,A,0,,,,,Y,,-,99,0,0,2,0,0,0,0,0,0,"- ","- ",,,"SAN FRANCISCO","SAN FRANCISCO",-122.38399505615234,37.729114532470703
9522369,2022,2022-12-19,3801,2022-11-22,1716,837,CENTR,2,5,7,3801,0,0,0,,0,3A12D,"POWELL ST","BUSH ST",0.00,,Y,A,-,N,,,,,,,,,,Y,4,0,2,2,A,-,12,21453,A,N,D,C,A,A,H,-,B,A,0,,,,,Y,,A,01,0,0,2,0,0,0,0,0,0,"- ","- ",,,"SAN FRANCISCO","SAN FRANCISCO",-122.40879058837891,37.790172576904297
9522370,2022,2022-12-28,3801,2022-11-24,0000,1660,SOUTH,4,5,7,3801,0,0,0,,0,3B12E,"MISSION ST","WASHBURN ST",0.00,,Y,A,-,N,,,,,,,,,,N,4,0,1,2,A,-,11,21954,A,N,G,B,D,B,H,-,C,A,0,Y,,,,Y,,N,60,0,0,1,0,1,0,0,0,0,"- ","- ",,,"SAN FRANCISCO","SAN FRANCISCO",-122.41513824462891,37.775890350341797
9522371,2022,2022-12-19,3801,2022-11-19,1248,310,SOUTH,6,5,7,3801,0,0,0,,0,3B12A,"BAYSHORE BL","HESTER AV",103.00,S,N,A,-,N,,,,,,,,,,N,3,0,2,2,A,-,03,22350,A,F,C,C,A,A,H,-,A,D,0,,,,,Y,,A,07,0,2,0,0,0,0,0,0,0,"- ","- ",,,"SAN FRANCISCO","SAN FRANCISCO",-122.40023040771484,37.713397979736328
9522372,2022,2022-12-28,3801,2022-11-21,1945,1741,SOUTH,1,5,7,3801,0,0,0,,0,901,"FOLSOM ST","1ST ST",0.00,,Y,A,-,N,,,,,,,,,,N,4,0,1,2,A,-,13,22502,,N,A,E,A,A,H,-,C,A,0,,Y,,,Y,,A,01,0,0,1,0,0,0,1,0,0,"- ","- ",,,"SAN FRANCISCO","SAN FRANCISCO",-122.39447021484375,37.787319183349609
9522374,2022,2022-12-19,3801,2022-11-26,1242,2493,PARK,6,5,7,3801,0,0,0,,0,3F13A,"OAK ST","ASHBURY ST",0.00,,Y,A,-,N,,,,,,,,,,N,4,0,1,2,A,-,11,21453,D,N,H,B,B,A,H,-,A,A,0,Y,,Y,,Y,Y,N,60,0,0,1,0,0,0,0,0,1,"- ","- ",,,"SAN FRANCISCO","SAN FRANCISCO",-122.44731903076172,37.771884918212891
9522375,2022,2022-12-28,3801,2022-11-24,0129,2444,RICHM,4,5,7,3801,0,0,0,,0,003,"PARK PRESIDIO BL","CALIFORNIA ST",50.00,S,N,A,-,N,,,,,,,,,,Y,4,0,1,2,A,-,01,23152,A,N,C,-,A,B,H,-,C,A,0,,,,,Y,Y,A,01,0,0,1,0,0,0,0,0,0,"- ","- ",,,"SAN FRANCISCO","SAN FRANCISCO",-122.47258758544922,37.784324645996094
9522376,2022,2022-12-19,3801,2022-11-21,1114,4262,RICHM,1,5,7,3801,0,0,0,,0,901,"10TH AV","CALIFORNIA ST",13.00,E,N,A,-,N,,,,,,,,,,N,4,0,1,1,A,-,03,22350,,N,E,I,A,A,H,-,A,A,0,,Y,,,Y,,L,04,0,0,1,0,0,0,1,0,0,"- ","- ",,,"SAN FRANCISCO","SAN FRANCISCO",-122.46884155273438,37.784618377685547
9522377,2022,2022-12-19,3801,2022-11-18,1816,1173,RICHM,5,5,7,3801,0,0,0,,0,901,"POINT LOBOS AV","43RD AV",0.00,,Y,A,-,N,,,,,,,,,,N,3,0,1,2,A,-,12,22450,,N,D,-,A,A,H,-,C,A,0,,,,,Y,,A,01,0,1,0,0,0,0,0,0,0,"- ","- ",,,"SAN FRANCISCO","SAN FRANCISCO",-122.50400543212891,37.77972412109375
9522378,2022,2022-12-19,3801,2022-11-27,1816,301,INGLE,7,5,7,3801,0,0,0,,0,3H15D,"ALEMANY BL","SICKLES AV",0.00,,Y,A,-,N,,,,,,,,,,Y,3,0,2,2,A,-,09,21801,A,N,D,C,A,A,H,-,C,A,0,,,,,Y,,A,07,0,1,1,0,0,0,0,0,0,"- ","- ",,,"SAN FRANCISCO","SAN FRANCISCO",-122.45491790771484,37.710514068603516
9522379,2022,2022-12-19,3801,2022-11-27,1540,1371,NORTH,7,5,7,3801,0,0,0,,0,002,"PIERCE ST","OFARRELL ST",26.00,S,N,A,-,N,,,,,,,,,,Y,3,0,1,1,A,-,05,21650,,N,E,I,A,A,H,-,A,A,0,,,,,Y,,A,01,0,1,0,0,0,0,0,0,0,"- ","- ",,,"SAN FRANCISCO","SAN FRANCISCO",-122.43597412109375,37.782791137695312
9522380,2022,2022-12-19,3801,2022-11-27,0031,2391,NORTH,7,5,7,3801,0,0,0,,0,3E12E,"POLK ST","GREENWICH ST",45.00,N,N,A,-,N,,,,,,,,,,Y,3,0,1,2,A,-,01,23152,F,M,E,E,A,A,H,-,C,D,0,,,,,Y,,A,01,0,1,0,0,0,0,0,0,0,"- ","- ",,,"SAN FRANCISCO","SAN FRANCISCO",-122.42274475097656,37.800743103027344
9522381,2022,2022-12-12,3801,2022-10-27,1430,2001,INGLE,4,5,7,3801,0,0,0,,0,0H5,"ALEMANY BL","OTTOWA ST",128.00,N,N,A,-,N,,,,,,,,,,Y,3,0,1,1,D,-,00,,,N,E,I,A,A,H,-,A,D,0,,,,,Y,,-,"- ",0,1,0,0,0,0,0,0,0,"- ","- ",,,"SAN FRANCISCO","SAN FRANCISCO",-122.44549560546875,37.715499877929688
9522383,2022,2022-12-12,3801,2022-10-27,1703,1534,INGLE,4,5,7,3801,0,0,0,,0,3H13D,"MISSION ST","FRANCE ST",0.00,,Y,A,-,N,,,,,,,,,,N,4,0,1,2,A,-,03,22350,,N,C,C,A,A,H,-,A,D,0,,,,,Y,,A,01,0,0,1,0,0,0,0,0,0,"- ","- ",,,"SAN FRANCISCO","SAN FRANCISCO",-122.43834686279297,37.720054626464844