CASE_ID,ACCIDENT_YEAR,PROC_DATE,JURIS,COLLISION_DATE,COLLISION_TIME,OFFICER_ID,REPORTING_DISTRICT,DAY_OF_WEEK,CHP_SHIFT,POPULATION,CNTY_CITY_LOC,SPECIAL_COND,BEAT_TYPE,CHP_BEAT_TYPE,CITY_DIVISION_LAPD,CHP_BEAT_CLASS,BEAT_NUMBER,PRIMARY_RD,SECONDARY_RD,DISTANCE,DIRECTION,INTERSECTION,WEATHER_1,WEATHER_2,STATE_HWY_IND,CALTRANS_COUNTY,CALTRANS_DISTRICT,STATE_ROUTE,ROUTE_SUFFIX,POSTMILE_PREFIX,POSTMILE,LOCATION_TYPE,RAMP_INTERSECTION,SIDE_OF_HWY,TOW_AWAY,COLLISION_SEVERITY,NUMBER_KILLED,NUMBER_INJURED,PARTY_COUNT,PRIMARY_COLL_FACTOR,PCF_CODE_OF_VIOL,PCF_VIOL_CATEGORY,PCF_VIOLATION,PCF_VIOL_SUBSECTION,HIT_AND_RUN,TYPE_OF_COLLISION,MVIW,PED_ACTION,ROAD_SURFACE,ROAD_COND_1,ROAD_COND_2,LIGHTING,CONTROL_DEVICE,CHP_ROAD_TYPE,PEDESTRIAN_ACCIDENT,BICYCLE_ACCIDENT,MOTORCYCLE_ACCIDENT,TRUCK_ACCIDENT,NOT_PRIVATE_PROPERTY,ALCOHOL_INVOLVED,STWD_VEHTYPE_AT_FAULT,CHP_VEHTYPE_AT_FAULT,COUNT_SEVERE_INJ,COUNT_VISIBLE_INJ,COUNT_COMPLAINT_PAIN,COUNT_PED_KILLED,COUNT_PED_INJURED,COUNT_BICYCLIST_KILLED,COUNT_BICYCLIST_INJURED,COUNT_MC_KILLED,COUNT_MC_INJURED,PRIMARY_RAMP,SECONDARY_RAMP,LATITUDE,LONGITUDE,COUNTY,CITY,POINT_X,POINT_Y
9522384,2022,2024-02-01,3801,2022-10-27,0520,2164,INGLE,4,5,7,3801,0,0,0,,0,210007,"RT 280","ALEMANY BL",250.00,S,N,A,-,N,,,,,,,,,,Y,4,0,1,3,A,-,13,22500,G,N,-,-,A,-,H,-,C,D,0,,,Y,,Y,,A,01,0,0,1,0,0,0,0,0,1,NO,"- ",,,"SAN FRANCISCO","SAN FRANCISCO",-122.41539001464844,37.731979370117188
9522386,2022,2022-12-12,3801,2022-10-10,1740,34,TRAFF,1,5,7,3801,0,0,0,,0,4B4A,"S VAN NESS AV","18TH ST",0.00,,Y,A,-,N,,,,,,,,,,N,2,0,1,2,A,-,12,21453,A,F,G,B,B,A,H,-,A,A,0,Y,,,,Y,,A,01,1,0,0,0,1,0,0,0,0,"- ","- ",,,"SAN FRANCISCO","SAN FRANCISCO",-122.41719818115234,37.761947631835938
9522387,2022,2022-12-12,3801,2022-10-04,1628,278,TENDE,2,5,7,3801,0,0,0,,0,3J13D,"HYDE ST","EDDY ST",5.00,S,N,A,-,N,,,,,,,,,,N,4,0,1,2,A,-,11,21453,D,N,G,-,B,A,H,-,A,A,0,Y,,,,Y,Y,N,60,0,0,1,0,1,0,0,0,0,"- ","- ",,,"SAN FRANCISCO","SAN FRANCISCO",-122.41588592529297,37.783496856689453
9522388,2022,2022-12-12,3801,2022-10-15,0144,544,TENDE,6,5,7,3801,0,0,0,,0,9X13J,"OFARRELL ST","TAYLOR ST",200.00,E,N,A,-,N,,,,,,,,,,Y,4,0,2,3,A,-,07,21658,A,N,C,E,A,A,H,-,C,D,0,,,,,Y,,A,01,0,0,2,0,0,0,0,0,0,"- ","- ",,,"SAN FRANCISCO","SAN FRANCISCO",-122.41063690185547,37.786106109619141
9522389,2022,2022-12-12,3801,2022-10-16,0028,1372,INGLE,7,5,7,3801,0,0,0,,0,3H13E,"MISSION ST","MURRAY ST",0.00,,Y,A,-,N,,,,,,,,,,N,2,0,1,2,A,-,10,21950,A,F,G,B,B,A,H,-,C,A,0,Y,,,,Y,,A,01,1,0,0,0,1,0,0,0,0,"- ","- ",,,"SAN FRANCISCO","SAN FRANCISCO",-122.42644500732422,37.733669281005859
9522390,2022,2023-01-13,3801,2022-10-17,1442,1825,SOUTH,1,5,7,3801,0,0,0,,0,3B14A,"SOUTH VAN NESS AV","MARKET ST",0.00,,Y,A,-,N,,,,,,,,,,N,3,0,1,2,A,-,17,22517,,N,B,C,A,A,H,-,A,A,0,,,Y,,Y,,A,01,0,1,0,0,0,0,0,0,1,"- ","- ",,,"SAN FRANCISCO","SAN FRANCISCO",-122.41925811767578,37.775169372558594
9522391,2022,2022-12-12,3801,2022-10-08,1037,2262,BAYVI,6,5,7,3801,0,0,0,,0,3C11A,"3RD ST","PAUL AV",0.00,,Y,A,-,N,,,,,,,,,,Y,4,0,3,2,A,-,12,21453,A,F,D,C,A,A,H,-,A,A,0,,,,,Y,,A,08,0,0,3,0,0,0,0,0,0,"- ","- ",,,"SAN FRANCISCO","SAN FRANCISCO",-122.395751953125,37.722412109375
9522392,2022,2022-12-16,3801,2022-10-21,1950,1851,CENTR,5,5,7,3801,0,0,0,,0,3A13D,"BUSH ST","BATTERY ST",25.00,E,N,A,-,N,,,,,,,,,,Y,4,0,1,2,A,-,04,21703,,N,C,C,A,A,H,-,A,A,0,,,,,Y,,A,01,0,0,1,0,0,0,0,0,0,"- ","- ",,,"SAN FRANCISCO","SAN FRANCISCO",-122.39951324462891,37.791358947753906
9522393,2022,2022-12-12,3801,2022-10-30,1006,2746,RICHM,7,5,7,3801,0,0,0,,0,3G14A,"GEARY RD","2ND AV",0.00,,Y,A,-,N,,,,,,,,,,N,4,0,1,2,A,-,08,22107,,N,B,C,A,A,H,-,A,A,0,,,,,Y,,-,"- ",0,0,1,0,0,0,0,0,0,"- ","- ",,,"SAN FRANCISCO","SAN FRANCISCO",-122.46002197265625,37.781280517578125
9522394,2022,2022-12-12,3801,2022-10-27,1829,4102,SOUTH,4,5,7,3801,0,0,0,,0,3B47,"3RD ST","VARNEY PL",15.00,N,N,A,-,N,,,,,,,,,,N,3,0,1,2,A,-,08,22107,,F,B,G,A,A,H,-,C,D,0,,Y,,,Y,,A,07,0,1,0,0,0,0,1,0,0,"- ","- ",,,"SAN FRANCISCO","SAN FRANCISCO",-122.39466857910156,37.780387878417969
9522396,2022,2022-12-12,3801,2022-10-31,2033,1994,SOUTH,1,5,7,3801,0,0,0,,0,4B3D,"FOLSOM ST","8TH ST",8.00,E,N,A,-,N,,,,,,,,,,N,4,0,1,2,A,-,10,21950,A,N,G,B,B,A,H,-,C,A,0,Y,,,,Y,,A,01,0,0,1,0,1,0,0,0,0,"- ","- ",,,"SAN FRANCISCO","SAN FRANCISCO",-122.4100341796875,37.775005340576172
9522397,2022,2022-12-12,3801,2022-10-30,1314,1680,MISSI,7,5,7,3801,0,0,0,,0,3D12C,"MARKET ST","PORTOLA DR",0.00,,Y,A,-,N,,,,,,,,,,Y,3,0,2,2,A,-,09,21801,A,N,A,C,A,A,H,-,A,A,0,,,,,Y,,A,01,0,1,1,0,0,0,0,0,0,"- ","- ",,,"SAN FRANCISCO","SAN FRANCISCO",-122.44338226318359,37.750057220458984
9522398,2022,2022-12-12,3801,2022-10-30,1232,327,MISSI,7,5,7,3801,0,0,0,,0,3D12C,"16TH ST","VALENCIA ST",101.00,W,N,A,-,N,,,,,,,,,,N,4,0,1,2,A,-,03,22350,,N,H,-,A,A,H,-,A,D,0,,,Y,,Y,,C,02,0,0,1,0,0,0,0,0,1,"- ","- ",,,"SAN FRANCISCO","SAN FRANCISCO",-122.4222412109375,37.764888763427734
9522399,2022,2022-12-12,3801,2022-10-31,1654,327,MISSI,1,5,7,3801,0,0,0,,0,3D45C,"MISSION ST","14TH ST",23.00,S,N,A,-,N,,,,,,,,,,N,4,0,1,2,A,-,09,21801,A,N,D,C,A,A,H,-,A,A,0,,,,,Y,,A,07,0,0,1,0,0,0,0,0,0,"- ","- ",,,"SAN FRANCISCO","SAN FRANCISCO",-122.41996765136719,37.768226623535156
9522400,2022,2022-12-12,3801,2022-10-29,2237,1783,MISSI,6,5,7,3801,0,0,0,,0,3D15E,"POTRERO AV","16TH ST",0.00,,Y,A,-,N,,,,,,,,,,N,4,0,1,2,A,-,09,21804,,N,D,D,A,A,H,-,C,A,0,,,,,Y,Y,A,07,0,0,1,0,0,0,0,0,0,"- ","- ",,,"SAN FRANCISCO","SAN FRANCISCO",-122.40756225585938,37.765773773193359
9522561,2022,2022-12-22,3801,2022-11-02,1120,719,CENTR,3,5,7,3801,0,0,0,,0,3A15C,"MARKET ST","1ST ST",0.00,,Y,B,C,N,,,,,,,,,,N,4,0,1,1,A,-,03,22350,,N,H,A,A,B,H,-,A,A,0,,,,,Y,,M,94,0,0,1,0,0,0,0,0,0,"- ","- ",,,"SAN FRANCISCO","SAN FRANCISCO",-122.39913940429688,37.791053771972656
9522562,2022,2022-12-22,3801,2022-11-01,0110,2461,MISSI,2,5,7,3801,0,0,0,,0,3D11E,"MARKET ST","DIAMOND ST",15.00,W,N,B,-,N,,,,,,,,,,Y,4,0,1,1,A,-,03,22350,,N,E,I,A,B,H,-,C,A,0,,,,,Y,,A,01,0,0,1,0,0,0,0,0,0,"- ","- ",,,"SAN FRANCISCO","SAN FRANCISCO",-122.43734741210938,37.761890411376953
9522563,2022,2022-12-22,3801,2022-11-01,1509,1499,MISSI,2,5,7,3801,0,0,0,,0,3D12E,"LOMBARD ST","BUCHANAN ST",171.00,E,N,A,-,N,,,,,,,,,,Y,4,0,1,2,A,-,03,22350,A,F,B,E,A,A,H,-,A,D,0,,,,,Y,,A,01,0,0,1,0,0,0,0,0,0,"- ","- ",,,"SAN FRANCISCO","SAN FRANCISCO",-122.43217468261719,37.800338745117188
9522564,2022,2022-12-09,3801,2022-08-15,2115,2386,INGLE,1,5,7,3801,0,0,0,,0,3H15,"CAYUGA AV","GENEVA AV",0.00,,Y,A,-,N,,,,,,,,,,N,2,0,1,2,A,-,10,21950,A,F,G,B,B,A,H,-,C,A,0,Y,,,,Y,,-,,1,0,0,0,1,0,0,0,0,"- ","- ",,,"SAN FRANCISCO","SAN FRANCISCO",-122.44367980957031,37.718917846679688
9522565,2022,2022-12-09,3801,2022-08-30,0653,2425,MISSI,2,5,7,3801,0,0,0,,0,3D11A,"PORTOLA DR","CLIPPER ST",273.00,N,N,A,-,N,,,,,,,,,,Y,3,0,1,1,A,-,03,22350,,N,E,I,A,-,H,-,A,A,0,,,,,Y,,A,01,0,1,0,0,0,0,0,0,0,"- ","- ",,,"SAN FRANCISCO","SAN FRANCISCO",-122.44410705566406,37.74737548828125
9522566,2022,2022-12-12,3801,2022-08-16,0643,392,MISSI,2,5,7,3801,0,0,0,,0,3D11A,"GUERRERO ST","16TH ST",0.00,,Y,A,-,N,,,,,,,,,,Y,2,0,1,3,A,-,09,21801,A,N,D,C,A,A,H,-,A,A,0,,,Y,,Y,,A,01,1,0,0,0,0,0,0,0,1,"- ","- ",,,"SAN FRANCISCO","SAN FRANCISCO",-122.42410278320312,37.764781951904297
9522567,2022,2022-12-22,3801,2022-08-25,2314,1833,NORTH,4,5,7,3801,0,0,0,,0,3E12E,"WEBSTER ST","FULTON ST",0.00,,Y,A,-,N,,,,,,,,,,N,2,0,1,1,A,-,03,22350,,N,F,A,A,A,A,-,C,A,0,,Y,,,Y,,L,04,1,0,0,0,0,0,1,0,0,"- ","- ",,,"SAN FRANCISCO","SAN FRANCISCO",-122.42990875244141,37.777912139892578
9522568,2022,2022-12-21,3801,2022-08-12,1645,1250,SOUTH,5,5,7,3801,0,0,0,,0,3B14D,"9TH ST","HARRISON ST",0.00,,Y,A,-,N,,,,,,,,,,N,3,0,1,2,A,-,11,21954,A,N,G,B,D,A,H,-,A,D,0,Y,,,,Y,,N,60,0,1,0,0,1,0,0,0,0,"- ","- ",,,"SAN FRANCISCO","SAN FRANCISCO",-122.41004943847656,37.772533416748047
9522569,2022,2022-12-12,3801,2022-08-12,1000,A22051,CENTR,5,5,7,3801,0,0,0,,0,3A13A,"GRANT AV","POST ST",0.00,,Y,A,-,N,,,,,,,,,,N,3,0,2,3,A,-,17,21451,A,N,G,B,B,A,H,-,A,A,0,Y,,,,Y,,A,01,0,1,1,0,2,0,0,0,0,"- ","- ",,,"SAN FRANCISCO","SAN FRANCISCO",-122.40522003173828,37.7886962890625
9522614,2022,2023-01-17,3801,2022-11-03,2359,1406,TNDER,4,5,7,3801,0,0,0,,0,3J5,"ELLIS ST","HYDE ST",5.00,W,N,A,-,N,,,,,,,,,,N,4,0,1,2,A,-,10,21950,A,N,G,B,B,A,H,-,A,A,0,Y,,,,Y,,A,01,0,0,1,0,1,0,0,0,0,"- ","- ",,,"SAN FRANCISCO","SAN FRANCISCO",-122.41607666015625,37.784446716308594
9527063,2023,2023-02-24,3801,2023-01-25,1638,4041,TARAV,3,5,7,3801,0,0,0,,0,3I13D,"SUNSET BL","VICENTE ST",0.00,,Y,A,-,N,,,,,,,,,,N,3,0,2,3,A,-,10,21950,A,N,G,B,B,A,H,-,A,A,0,Y,,,,Y,,A,01,0,2,0,0,2,0,0,0,0,"- ","- ",,,"SAN FRANCISCO","SAN FRANCISCO",-122.49427032470703,37.738502502441406
9527171,2023,2023-03-04,3801,2023-01-25,"950 ",1897,INGLE,3,5,7,3801,0,0,0,,0,3H13A,"29TH ST","TIFFANY AV",0.00,,Y,A,-,N,,,,,,,,,,N,4,0,1,2,A,-,10,21950,A,N,G,B,B,A,H,-,-,D,0,Y,,,,Y,Y,A,01,0,0,1,0,1,0,0,0,0,"- ","- ",,,"SAN FRANCISCO","SAN FRANCISCO",-122.42198944091797,37.743965148925781
9527172,2023,2023-03-04,3801,2023-01-18,2150,1308,SOUTH,3,5,7,3801,0,0,0,,0,3B14E,"MARKET ST","GOUGH ST",0.00,,Y,C,-,N,,,,,,,,,,N,4,0,1,2,A,-,12,21453,A,F,D,B,B,B,-,-,C,A,0,Y,,,,Y,Y,-,,0,0,1,0,1,0,0,0,0,"- ","- ",,,"SAN FRANCISCO","SAN FRANCISCO",-122.42221069335938,37.772872924804688
9527448,2022,2023-02-23,3801,2022-12-02,2130,1496,INGLE,5,5,7,3801,0,0,0,,0,0H6,"SUNNYDALE AV","PERSIA AV",0.00,,Y,A,-,N,,,,,,,,,,Y,3,0,3,3,A,-,05,21651,A,F,A,D,A,A,H,-,C,D,0,,,,,Y,,A,01,0,1,2,0,0,0,0,0,0,"- ","- ",,,"SAN FRANCISCO","SAN FRANCISCO",-122.42586517333984,37.718288421630859
9529305,2022,2022-12-06,3801,2022-07-05,1217,1832,TENDE,2,5,7,3801,0,0,0,,0,3J93C,"6TH ST","STEVENSON ST",45.00,S,N,A,-,N,,,,,,,,,,Y,3,0,1,2,A,-,03,22350,,F,A,G,A,A,H,-,A,D,0,,Y,,,Y,,A,01,0,1,0,0,0,0,1,0,0,"- ","- ",,,"SAN FRANCISCO","SAN FRANCISCO",-122.40956115722656,37.781681060791016
9530976,2022,2022-12-21,3801,2022-11-15,1900,317,CENTR,2,5,7,3801,0,0,0,,0,SECTOR,"SACRAMENTO ST","JONES ST",52.00,W,N,A,-,N,,,,,,,,,,N,4,0,1,2,A,-,21,22106,,N,C,C,A,A,H,-,C,D,0,,,,,Y,,D,22,0,0,1,0,0,0,0,0,0,"- ","- ",,,"SAN FRANCISCO","SAN FRANCISCO",-122.41447448730469,37.792327880859375
9530988,2022,2022-12-29,3801,2022-11-09,1605,1454,NORTH,3,5,7,3801,0,0,0,,0,3E15D,"UNION ST","BUCHANAN ST",0.00,,Y,A,-,N,,,,,,,,,,N,4,0,1,2,A,-,10,21950,A,N,G,B,B,A,H,-,A,D,0,Y,,,,Y,,D,22,0,0,1,0,1,0,0,0,0,"- ","- ",,,"SAN FRANCISCO","SAN FRANCISCO",-122.43220520019531,37.797508239746094
9530996,2022,2023-01-23,3801,2022-11-22,0640,4357,TENDE,2,5,7,3801,0,0,0,,0,2CAR,"MARKET ST","4TH ST",0.00,,N,A,-,N,,,,,,,,,,N,4,0,1,2,A,-,17,22517,,N,H,G,A,A,H,-,B,D,0,,Y,,,Y,,-,,0,0,1,0,0,0,1,0,0,"- ","- ",,,"SAN FRANCISCO","SAN FRANCISCO",-122.40589141845703,37.785697937011719
9531000,2022,2023-01-10,3801,2022-11-20,1432,2400,BAYVI,7,5,7,3801,0,0,0,,0,4CAR,"WOOLSEY ST","SAN BRUNO AVE",6.00,W,N,A,-,N,,,,,,,,,,N,3,0,1,2,A,-,10,21950,A,N,G,B,B,A,H,-,A,A,0,Y,,,,Y,,D,22,0,1,0,0,1,0,0,0,0,"- ","- ",,,"SAN FRANCISCO","SAN FRANCISCO",-122.40262603759766,37.725234985351562
9531008,2022,2022-12-13,3801,2022-09-04,2142,2490,TENDE,7,5,7,3801,0,0,0,,0,3J12E,"4TH ST","MARKET ST",60.00,S,N,A,-,N,,,,,,,,,,N,4,0,1,2,A,-,11,21955,,N,G,B,D,A,H,-,C,A,0,Y,,,,Y,,N,60,0,0,1,0,1,0,0,0,0,"- ","- ",,,"SAN FRANCISCO","SAN FRANCISCO",-122.40589141845703,37.785701751708984
9531012,2022,2023-01-12,3801,2022-11-19,1221,713,CENTR,6,5,7,3801,0,0,0,,0,3A15D,"NORTHPOINT ST","POLK ST",0.00,,Y,A,-,N,,,,,,,,,,Y,2,0,2,2,A,-,12,21453,A,N,D,C,A,A,H,-,A,A,0,,,Y,,Y,,C,03,2,0,0,0,0,0,0,0,2,"- ","- ",,,"SAN FRANCISCO","SAN FRANCISCO",-122.42363739013672,37.805301666259766
9531016,2022,2022-12-30,3801,2022-11-24,0957,2262,BAYVI,4,5,7,3801,0,0,0,,0,3C13A,"NAPOLEON ST","EVANS AV",40.00,W,N,A,-,N,,,,,,,,,,N,4,0,2,2,A,-,03,22350,,F,C,C,A,A,H,-,A,A,0,,,,,Y,,A,01,0,0,2,0,0,0,0,0,0,"- ","- ",,,"SAN FRANCISCO","SAN FRANCISCO",-122.39608764648438,37.747219085693359
9531020,2022,2022-12-21,3801,2022-11-12,0544,488,INGLE,6,5,7,3801,0,0,0,,0,3H11E,"FOLSOM ST","OGDEN AV",97.00,N,N,A,-,N,,,,,,,,,,Y,4,0,1,4,A,-,03,22350,,N,B,E,A,B,H,-,C,D,0,,,,,Y,,D,22,0,0,1,0,0,0,0,0,0,"- ","- ",,,"SAN FRANCISCO","SAN FRANCISCO",-122.41356658935547,37.73614501953125
9531023,2022,2022-12-08,3801,2022-10-31,1520,233,MISSI,1,5,7,3801,0,0,0,,0,03D,"VALENCIA ST","24TH ST",138.00,N,N,A,-,N,,,,,,,,,,N,4,0,1,2,A,-,13,22500,,N,H,E,A,A,H,-,A,D,0,,,,,Y,,I,11,0,0,1,0,0,0,0,0,0,"- ","- ",,,"SAN FRANCISCO","SAN FRANCISCO",-122.42068481445312,37.752487182617188
9531027,2022,2022-12-21,3801,2022-11-03,1935,887,,4,5,7,3801,0,0,0,,0,3E15E,"FILLMORE ST","EDDY ST",0.00,,Y,A,-,N,,,,,,,,,,Y,4,0,1,2,A,-,12,21453,A,F,D,D,A,A,-,-,C,A,0,,,,,Y,,D,23,0,0,1,0,0,0,0,0,0,"- ","- ",,,"SAN FRANCISCO","SAN FRANCISCO",-122.43231964111328,37.781425476074219
9531032,2022,2022-12-21,3801,2022-11-21,0156,740,MISSI,1,5,7,3801,0,0,0,,0,0D5,"MISSION ST","14TH ST",275.00,S,N,A,-,N,,,,,,,,,,Y,2,0,2,2,A,-,01,23153,A,N,C,E,A,A,H,-,C,D,0,,,,Y,Y,Y,A,07,1,1,0,0,0,0,0,0,0,"- ","- ",,,"SAN FRANCISCO","SAN FRANCISCO",-122.41989898681641,37.767536163330078
9531035,2022,2022-12-12,3801,2022-09-20,1606,2286,TRAFF,2,5,7,3801,0,0,0,,0,4B4E,"OCEAN AV","WESTGATE DR",46.00,W,N,A,-,N,,,,,,,,,,N,3,0,1,2,A,-,11,21954,A,N,G,B,D,A,H,-,A,A,0,Y,,,,Y,,N,60,0,1,0,0,1,0,0,0,0,"- ","- ",,,"SAN FRANCISCO","SAN FRANCISCO",-122.46677398681641,37.727294921875
9531040,2022,2023-01-06,3801,2022-11-14,1151,1061,SOUTH,1,5,7,3801,0,0,0,,0,3B4,"13TH ST","OTIS ST",0.00,,Y,A,-,N,,,,,,,,,,Y,4,0,2,2,D,-,00,,,N,D,D,A,A,H,-,A,A,0,,,,Y,Y,,-,"- ",0,0,2,0,0,0,0,0,0,"- ","- ",,,"SAN FRANCISCO","SAN FRANCISCO",-122.4200439453125,37.770118713378906
9531181,2022,2022-12-13,3801,2022-09-02,1530,1771,TENDE,5,5,7,3801,0,0,0,,0,3J12D,"EDDY ST","LARKIN ST",0.00,,Y,A,-,N,,,,,,,,,,N,4,0,1,2,A,-,08,22107,,F,A,C,A,A,A,-,A,A,0,,,,,Y,,A,01,0,0,1,0,0,0,0,0,0,"- ","- ",37.783351898193359,-122.41757202148438,"SAN FRANCISCO","SAN FRANCISCO",-122.41751861572266,37.783294677734375
9531182,2022,2022-12-13,3801,2022-09-06,1606,1160,SOUTH,2,5,7,3801,0,0,0,,0,0B4,"MISSION ST","11TH ST",0.00,,Y,A,-,N,,,,,,,,,,N,4,0,1,2,A,-,12,21453,A,N,D,G,A,A,H,-,A,A,0,,Y,,,Y,,L,04,0,0,1,0,0,0,1,0,0,"- ","- ",,,"SAN FRANCISCO","SAN FRANCISCO",-122.41709899902344,37.774330139160156
9531183,2022,2022-12-13,3801,2022-09-12,0011,2457,SOUTH,1,5,7,3801,0,0,0,,0,3B13E,"MISSION ST","1ST ST",0.00,,Y,A,-,N,,,,,,,,,,Y,4,0,1,2,A,-,12,21453,A,N,D,C,A,A,H,-,C,A,0,,,Y,,Y,,C,02,0,0,1,0,0,0,0,0,1,"- ","- ",,,"SAN FRANCISCO","SAN FRANCISCO",-122.39756774902344,37.789775848388672
9531188,2022,2022-12-22,3801,2022-11-26,1428,737,NORTH,6,5,7,3801,0,0,0,,0,3E11C,"BUSH ST","POLK ST",84.00,E,N,A,-,N,,,,,,,,,,N,4,0,1,2,A,-,04,21703,,N,C,C,A,A,H,-,A,D,0,,,,,Y,Y,A,01,0,0,1,0,0,0,0,0,0,"- ","- ",,,"SAN FRANCISCO","SAN FRANCISCO",-122.42001342773438,37.788726806640625
9531189,2022,2022-12-22,3801,2022-11-27,0001,318,INGLE,7,5,7,3801,0,0,0,,0,002,"SAN JOSE AV","30TH ST",0.00,,Y,A,-,N,,,,,,,,,,Y,3,0,1,3,A,-,12,21453,A,N,D,C,A,A,H,-,-,A,0,,,,,Y,,A,07,0,1,0,0,0,0,0,0,0,"- ","- ",,,"SAN FRANCISCO","SAN FRANCISCO",-122.42333984375,37.742301940917969
9531190,2022,2022-12-22,3801,2022-11-26,0036,1574,INGLE,6,5,7,3801,0,0,0,,0,3H15E,"SAN JOSE AV","BADEN ST",0.00,,Y,A,-,N,,,,,,,,,,N,3,0,1,2,A,-,08,22107,,N,E,E,A,A,H,-,C,D,0,,Y,,,Y,Y,L,04,0,1,0,0,0,0,1,0,0,"- ","- ",,,"SAN FRANCISCO","SAN FRANCISCO",-122.43900299072266,37.729621887207031
9531191,2022,2022-12-22,3801,2022-11-25,1750,964,NORTH,5,5,7,3801,0,0,0,,0,3E11D,"HAYES ST","GOUGH ST",0.00,,Y,-,-,N,,,,,,,,,,N,4,0,1,1,D,-,00,,,N,-,A,A,-,H,-,-,-,0,,Y,,,Y,,-,"- ",0,0,1,0,0,0,1,0,0,"- ","- ",,,"SAN FRANCISCO","SAN FRANCISCO",-122.42296600341797,37.776878356933594
9531192,2022,2022-12-22,3801,2022-11-20,2034,158,NORTH,7,5,7,3801,0,0,0,,0,3E14D,"GOUGH ST","OAK ST",0.00,,Y,A,-,N,,,,,,,,,,Y,4,0,2,2,A,-,12,21453,A,N,D,C,A,A,H,-,C,A,0,,,,,Y,,A,01,0,0,2,0,0,0,0,0,0,"- ","- ",,,"SAN FRANCISCO","SAN FRANCISCO",-122.42259216308594,37.775016784667969
9531193,2022,2022-12-22,3801,2022-11-20,1053,1182,INGLE,7,5,7,3801,0,0,0,,0,3H15A,"MISSION ST","PERSIA AV",0.00,,Y,A,-,N,,,,,,,,,,N,3,0,1,2,A,-,10,21950,A,N,G,B,B,A,H,-,A,A,0,Y,,,,Y,,A,07,0,1,0,0,1,0,0,0,0,"- ","- ",,,"SAN FRANCISCO","SAN FRANCISCO",-122.43596649169922,37.723140716552734
9531195,2022,2022-12-22,3801,2022-11-01,1400,986,TARAV,2,5,7,3801,0,0,0,,0,3I13B,"17TH AV","JUDAH ST",0.00,,Y,A,-,N,,,,,,,,,,Y,4,0,2,3,D,-,00,,,N,D,C,A,A,H,-,A,D,0,,,,,Y,,-,"- ",0,0,2,0,0,0,0,0,0,"- ","- ",,,"SAN FRANCISCO","SAN FRANCISCO",-122.47483062744141,37.761848449707031
9531196,2022,2022-12-22,3801,2022-11-05,1841,2355,TARAV,6,5,7,3801,0,0,0,,0,0I3,"32ND AV","JUDAH ST",0.00,,Y,F,-,N,,,,,,,,,,Y,4,0,1,3,A,-,09,21800,A,N,D,C,A,B,H,-,C,A,0,,,,,Y,,A,01,0,0,1,0,0,0,0,0,0,"- ","- ",,,"SAN FRANCISCO","SAN FRANCISCO",-122.49092102050781,37.761085510253906
9531199,2022,2022-12-22,3801,2022-11-02,1013,1826,CENTR,3,5,7,3801,0,0,0,,0,03C,"NORTH POINT ST","JONES ST",135.00,E,N,A,-,N,,,,,,,,,,N,4,0,1,2,A,-,17,21209,,N,B,G,A,A,H,-,A,D,0,,Y,,,Y,,-,,0,0,1,0,0,0,1,0,0,"- ","- ",,,"SAN FRANCISCO","SAN FRANCISCO",-122.41664123535156,37.806209564208984
9531225,2022,2022-12-20,3801,2022-11-20,0149,2708,SOUTH,7,5,7,3801,0,0,0,,0,3B12E,"FOLSOM ST","11TH ST",0.00,,Y,A,-,N,,,,,,,,,,N,4,0,1,2,A,-,01,23152,A,N,B,D,A,A,H,-,C,D,0,,,,,Y,,A,01,0,0,1,0,0,0,0,0,0,"- ","- ",,,"SAN FRANCISCO","SAN FRANCISCO",-122.41400909423828,37.771884918212891
9531229,2022,2022-12-20,3801,2022-11-26,0919,624,NORTH,6,5,7,3801,0,0,0,,0,002,"GEARY BL","SCOTT ST",0.00,,Y,A,-,N,,,,,,,,,,N,3,0,1,2,A,-,12,21453,A,N,D,G,A,A,H,-,A,A,0,,Y,,,Y,,L,04,0,1,0,0,0,0,1,0,0,"- ","- ",,,"SAN FRANCISCO","SAN FRANCISCO",-122.43785095214844,37.783790588378906
9531233,2022,2022-12-20,3801,2022-11-25,1623,654,PARK,5,5,7,3801,0,0,0,,0,3F13D,"HAIGHT ST","BAKER ST",0.00,,Y,A,-,N,,,,,,,,,,N,4,0,2,2,A,-,09,21801,A,N,D,C,A,A,H,-,A,A,0,,,,,Y,,A,01,0,0,2,0,0,0,0,0,0,"- ","- ",,,"SAN FRANCISCO","SAN FRANCISCO",-122.44032287597656,37.770847320556641
9531239,2022,2022-12-20,3801,2022-11-05,1745,1148,MISSI,6,5,7,3801,0,0,0,,0,3D15D,"BRYANT ST","18TH ST",85.00,S,N,A,-,N,,,,,,,,,,N,3,0,1,2,A,-,17,22517,,N,-,G,A,B,H,-,A,D,0,,Y,,,Y,,A,01,0,1,0,0,0,0,1,0,0,"- ","- ",,,"SAN FRANCISCO","SAN FRANCISCO",-122.41012573242188,37.761516571044922
9531248,2022,2023-01-24,3801,2022-11-09,0800,2491,SOUTH,3,5,7,3801,0,0,0,,0,3B13A,"6TH ST","FOLSOM ST",30.00,S,N,A,-,N,,,,,,,,,,Y,3,0,1,2,A,-,01,23152,A,N,B,E,A,A,H,-,A,A,0,,,,,Y,Y,A,01,0,1,0,0,0,0,0,0,0,"- ","- ",,,"SAN FRANCISCO","SAN FRANCISCO",-122.40552520751953,37.7784423828125