CASE_ID,ACCIDENT_YEAR,PROC_DATE,JURIS,COLLISION_DATE,COLLISION_TIME,OFFICER_ID,REPORTING_DISTRICT,DAY_OF_WEEK,CHP_SHIFT,POPULATION,CNTY_CITY_LOC,SPECIAL_COND,BEAT_TYPE,CHP_BEAT_TYPE,CITY_DIVISION_LAPD,CHP_BEAT_CLASS,BEAT_NUMBER,PRIMARY_RD,SECONDARY_RD,DISTANCE,DIRECTION,INTERSECTION,WEATHER_1,WEATHER_2,STATE_HWY_IND,CALTRANS_COUNTY,CALTRANS_DISTRICT,STATE_ROUTE,ROUTE_SUFFIX,POSTMILE_PREFIX,POSTMILE,LOCATION_TYPE,RAMP_INTERSECTION,SIDE_OF_HWY,TOW_AWAY,COLLISION_SEVERITY,NUMBER_KILLED,NUMBER_INJURED,PARTY_COUNT,PRIMARY_COLL_FACTOR,PCF_CODE_OF_VIOL,PCF_VIOL_CATEGORY,PCF_VIOLATION,PCF_VIOL_SUBSECTION,HIT_AND_RUN,TYPE_OF_COLLISION,MVIW,PED_ACTION,ROAD_SURFACE,ROAD_COND_1,ROAD_COND_2,LIGHTING,CONTROL_DEVICE,CHP_ROAD_TYPE,PEDESTRIAN_ACCIDENT,BICYCLE_ACCIDENT,MOTORCYCLE_ACCIDENT,TRUCK_ACCIDENT,NOT_PRIVATE_PROPERTY,ALCOHOL_INVOLVED,STWD_VEHTYPE_AT_FAULT,CHP_VEHTYPE_AT_FAULT,COUNT_SEVERE_INJ,COUNT_VISIBLE_INJ,COUNT_COMPLAINT_PAIN,COUNT_PED_KILLED,COUNT_PED_INJURED,COUNT_BICYCLIST_KILLED,COUNT_BICYCLIST_INJURED,COUNT_MC_KILLED,COUNT_MC_INJURED,PRIMARY_RAMP,SECONDARY_RAMP,LATITUDE,LONGITUDE,COUNTY,CITY,POINT_X,POINT_Y
9531769,2022,2022-11-14,3801,2022-10-18,1709,1520,BAYVI,2,5,7,3801,0,0,0,,0,,"CARROLL AV","PHELPS ST",0.00,,Y,A,-,N,,,,,,,,,,Y,4,0,1,2,A,-,12,22450,A,N,D,C,A,A,H,-,A,A,0,,,,,Y,,A,01,0,0,1,0,0,0,0,0,0,"- ","- ",,,"SAN FRANCISCO","SAN FRANCISCO",-122.40085601806641,37.72918701171875
9531772,2022,2022-11-14,3801,2022-10-18,1035,257,RICHM,2,5,7,3801,0,0,0,,0,3G5A,"20TH AV","BALBOA ST",0.00,,Y,A,-,N,,,,,,,,,,Y,3,0,1,3,A,-,21,22106,,N,D,C,A,A,H,-,A,D,0,,,,,Y,,A,01,0,1,0,0,0,0,0,0,0,"- ","- ",,,"SAN FRANCISCO","SAN FRANCISCO",-122.4791259765625,37.776538848876953
9531773,2022,2022-11-14,3801,2022-10-22,1601,312,TARAV,6,5,7,3801,0,0,0,,0,6CAR,"ST CHARLENS ST","BELLE AV",0.00,,Y,A,-,N,,,,,,,,,,Y,3,0,2,2,A,-,03,22350,,N,A,I,F,A,H,-,A,D,0,Y,,,,Y,,A,01,0,1,1,0,1,0,0,0,0,"- ","- ",,,"SAN FRANCISCO","SAN FRANCISCO",-122.46929168701172,37.708667755126953
9531774,2022,2022-11-14,3801,2022-10-20,0220,460,INGLE,4,5,7,3801,0,0,0,,0,3H11E,"ALEMANY BL","FOLSOM ST",0.00,,Y,-,-,N,,,,,,,,,,N,4,0,1,2,A,-,11,21954,A,N,G,B,E,-,-,-,-,D,0,Y,,,,Y,Y,N,60,0,0,1,0,1,0,0,0,0,"- ","- ",,,"SAN FRANCISCO","SAN FRANCISCO",-122.41382598876953,37.733329772949219
9531775,2022,2022-11-10,3801,2022-10-23,2058,1133,CENTR,7,5,7,3801,0,0,0,,0,0A3,"UNION ST","MASON ST",0.00,,Y,A,-,N,,,,,,,,,,N,3,0,1,1,A,-,03,22350,,F,F,A,A,A,-,-,C,A,0,,,Y,,Y,,C,03,0,1,0,0,0,0,0,0,1,"- ","- ",,,"SAN FRANCISCO","SAN FRANCISCO",-122.41246795654297,37.800018310546875
9531776,2022,2023-03-29,3801,2022-10-22,1240,4117,TARAV,6,5,7,3801,0,0,0,,0,3I13A,"BUCKINGHAM WY","19TH AV",0.00,,Y,A,-,N,,,,,,,,,,N,1,1,0,2,A,-,10,21950,,N,G,B,B,A,H,-,A,A,0,Y,,,,Y,,A,01,0,0,0,1,0,0,0,0,0,"- ","- ",,,"SAN FRANCISCO","SAN FRANCISCO",-122.47509765625,37.725715637207031
9531777,2022,2022-11-14,3801,2022-10-24,1613,835,NORTH,1,5,7,3801,0,0,0,,0,NORTHE,"PIERCE ST","TURK ST",0.00,,Y,A,-,N,,,,,,,,,,Y,4,0,1,2,A,-,10,21950,A,F,G,B,B,A,H,-,A,A,0,Y,,,,Y,,A,01,0,0,1,0,1,0,0,0,0,"- ","- ",,,"SAN FRANCISCO","SAN FRANCISCO",-122.4354248046875,37.780082702636719
9531778,2022,2022-11-30,3801,2022-10-21,1342,A20952,INGLE,5,5,7,3801,0,0,0,,0,2CAR,"30TH ST","SANCHEZ ST",0.00,,Y,B,-,N,,,,,,,,,,N,4,0,1,2,A,-,17,21235,G,N,B,C,A,A,H,-,A,A,0,,,,,Y,Y,M,94,0,0,1,0,0,0,0,0,0,"- ","- ",,,"SAN FRANCISCO","SAN FRANCISCO",-122.42888641357422,37.741939544677734
9531839,2022,2022-11-09,3801,2022-09-30,0925,2093,NORTH,5,5,7,3801,0,0,0,,0,3E14A,"BROADWAY ST","OCTAVIA ST",0.00,,Y,A,-,N,,,,,,,,,,N,4,0,1,2,A,-,10,21950,A,N,G,B,B,A,H,-,A,A,0,Y,,,,Y,,A,01,0,0,1,0,1,0,0,0,0,"- ","- ",,,"SAN FRANCISCO","SAN FRANCISCO",-122.4283447265625,37.795112609863281
9531846,2022,2022-11-09,3801,2022-09-07,1958,654,PARK,3,5,7,3801,0,0,0,,0,3F13D,"FULTON ST","DIVISADERO ST",140.00,W,N,A,-,N,,,,,,,,,,N,2,0,1,2,A,-,10,21950,,N,D,B,D,A,H,-,C,D,0,Y,,,,Y,,N,60,1,0,0,0,1,0,0,0,0,"- ","- ",,,"SAN FRANCISCO","SAN FRANCISCO",-122.43863677978516,37.776798248291016
9531869,2022,2022-11-16,3801,2022-06-22,1440,2485,CENTR,3,5,7,3801,0,0,0,,0,SOUTHE,"BRYANT ST","5TH ST",0.00,,Y,A,-,N,,,,,,,,,,N,3,0,1,2,A,-,11,21954,A,M,G,B,E,A,H,-,A,A,0,Y,,,,Y,,N,60,0,1,0,0,1,0,0,0,0,"- ","- ",,,"SAN FRANCISCO","SAN FRANCISCO",-122.40029144287109,37.777797698974609
9531875,2022,2022-11-16,3801,2022-06-24,0900,1273,CENTR,5,5,7,3801,0,0,0,,0,3A11A,"TAYLOR ST","POST ST",0.00,,Y,A,-,N,,,,,,,,,,N,4,0,1,2,A,-,10,21950,A,N,G,B,B,A,H,-,A,A,0,Y,,,,Y,,A,01,0,0,1,0,1,0,0,0,0,"- ","- ",,,"SAN FRANCISCO","SAN FRANCISCO",-122.41169738769531,37.787860870361328
9531893,2022,2022-11-17,3801,2022-09-11,1959,2056,SOUTH,7,5,7,3801,0,0,0,,0,0B4,"MARKET ST","OCTAVIA ST",0.00,,Y,A,-,N,,,,,,,,,,N,4,0,1,2,A,-,03,22350,,N,D,C,A,-,H,-,C,A,0,,,Y,,Y,,C,03,0,0,1,0,0,0,0,0,1,"- ","- ",,,"SAN FRANCISCO","SAN FRANCISCO",-122.42359161376953,37.771774291992188
9531894,2022,2022-11-09,3801,2022-09-17,2141,1926,NORTH,6,5,7,3801,0,0,0,,0,3E15E,"OCTAVIA ST","BAY ST",0.00,,Y,A,-,N,,,,,,,,,,Y,4,0,1,1,A,-,03,22350,,N,H,J,A,A,H,-,C,A,0,,,,,Y,,A,01,0,0,1,0,0,0,0,0,0,"- ","- ",,,"SAN FRANCISCO","SAN FRANCISCO",-122.43003082275391,37.80352783203125
9531895,2022,2022-11-21,3801,2022-09-27,1710,790,RICHM,2,5,7,3801,0,0,0,,0,004,"CLEMENT ST","29TH AV",0.00,,Y,A,-,N,,,,,,,,,,N,4,0,1,2,A,-,10,21950,,N,G,B,B,-,H,-,A,A,0,Y,,,,Y,,A,07,0,0,1,0,1,0,0,0,0,"- ","- ",,,"SAN FRANCISCO","SAN FRANCISCO",-122.48914337158203,37.781810760498047
9531912,2022,2022-11-22,3801,2022-10-25,1850,1527,NORTH,2,5,7,3801,0,0,0,,0,0E1,"OAK ST","BUCHANAN ST",27.00,W,N,A,-,N,,,,,,,,,,Y,4,0,1,3,A,-,12,21453,A,F,C,C,A,A,H,-,C,A,0,,,,,Y,,A,07,0,0,1,0,0,0,0,0,0,"- ","- ",,,"SAN FRANCISCO","SAN FRANCISCO",-122.42763519287109,37.774387359619141
9531969,2022,2022-11-30,3801,2022-10-03,0949,2202,INGLE,1,5,7,3801,0,0,0,,0,3H14A,"MISSION ST","PERSIA AV",0.00,,Y,A,-,N,,,,,,,,,,N,3,0,1,2,A,-,11,21453,D,N,G,B,B,A,H,-,A,A,0,Y,,,Y,Y,,N,60,0,1,0,0,1,0,0,0,0,"- ","- ",,,"SAN FRANCISCO","SAN FRANCISCO",-122.43596649169922,37.723140716552734
9532079,2022,2022-11-17,3801,2022-10-25,0859,796,NORTH,2,5,7,3801,0,0,0,,0,3E15A,"DIVISADERO ST","GREENWICH ST",0.00,,Y,A,-,N,,,,,,,,,,N,4,0,1,2,A,-,09,21800,A,N,D,G,A,A,H,-,A,A,0,,Y,,,Y,,A,01,0,0,1,0,0,0,1,0,0,"- ","- ",,,"SAN FRANCISCO","SAN FRANCISCO",-122.44245910644531,37.798110961914062
9532087,2022,2022-11-22,3801,2022-10-21,1945,1848,PARK,5,5,7,3801,0,0,0,,0,03F,"ANZA ST","COLLINS ST",0.00,,Y,A,-,N,,,,,,,,,,N,4,0,1,2,A,-,06,21750,A,N,B,C,A,A,H,-,C,A,0,,,Y,,Y,,C,02,0,0,1,0,0,0,0,0,1,"- ","- ",,,"SAN FRANCISCO","SAN FRANCISCO",-122.44981384277344,37.780757904052734
9532088,2022,2022-11-22,3801,2022-10-27,1622,1260,BAYVI,4,5,7,3801,0,0,0,,0,3C105,"PALOU AV",NEWHALL,0.00,,Y,A,-,N,,,,,,,,,,N,4,0,1,2,A,-,10,21950,A,N,G,-,B,A,H,-,A,-,0,Y,,,,Y,,A,01,0,0,1,0,1,0,0,0,0,"- ","- ",,,"SAN FRANCISCO","SAN FRANCISCO",-122.39278411865234,37.735027313232422
9532089,2022,2022-11-22,3801,2022-10-03,1050,2202,INGLE,1,5,7,3801,0,0,0,,0,3F14A,"GENEVA AV","NAPLES ST",0.00,,Y,A,-,N,,,,,,,,,,N,4,0,1,2,A,-,03,22350,,N,D,G,A,A,H,-,A,A,0,,Y,,,Y,,L,04,0,0,1,0,0,0,1,0,0,"- ","- ",,,"SAN FRANCISCO","SAN FRANCISCO",-122.43618774414062,37.714210510253906
9532107,2022,2022-11-21,3801,2022-05-17,0841,1325,TENDE,2,5,7,3801,0,0,0,,0,3J90A,"7TH ST","MARKET ST",0.00,,Y,A,-,N,,,,,,,,,,N,3,0,1,3,A,-,17,22517,,N,B,G,A,A,H,-,A,D,0,,Y,,,Y,,A,01,0,1,0,0,0,0,1,0,0,"- ","- ",,,"SAN FRANCISCO","SAN FRANCISCO",-122.41251373291016,37.780479431152344
9532108,2022,2022-11-15,3801,2022-05-17,0104,2303,PARK,2,5,7,3801,0,0,0,,0,1CAR,"LINCOLN WY","3RD AV",0.00,,Y,A,-,N,,,,,,,,,,Y,2,0,1,1,A,-,03,22350,,N,A,I,A,A,H,-,C,D,0,,,,,Y,,A,01,1,0,0,0,0,0,0,0,0,"- ","- ",,,"SAN FRANCISCO","SAN FRANCISCO",-122.45993041992188,37.766170501708984
9532109,2022,2022-11-15,3801,2022-05-15,1042,4270,NORTH,7,5,7,3801,0,0,0,,0,3E14A,"POLK ST","SUTTER ST",0.00,,Y,A,-,N,,,,,,,,,,N,4,0,1,2,A,-,12,21453,A,F,D,C,A,A,H,-,A,A,0,,,Y,,Y,,A,01,0,0,1,0,0,0,0,0,1,"- ","- ",,,"SAN FRANCISCO","SAN FRANCISCO",-122.42010498046875,37.787761688232422
9532110,2022,2022-11-21,3801,2022-05-17,0800,1507,TENDE,2,5,7,3801,0,0,0,,0,0J3,"TURK ST","LARKIN ST",180.00,W,N,A,-,N,,,,,,,,,,N,4,0,1,2,A,-,03,22350,,N,B,C,A,A,D,-,A,D,0,,,,,Y,,-,"- ",0,0,1,0,0,0,0,0,0,"- ","- ",,,"SAN FRANCISCO","SAN FRANCISCO",-122.41795349121094,37.782302856445312
9532111,2022,2022-11-22,3801,2022-05-06,0718,2713,TARAV,5,5,7,3801,0,0,0,,0,6CAR,"GENEVA AV","RT 280",0.00,,Y,B,-,Y,SF,4,280,-,R,1.557,R,4,S,N,4,0,1,2,A,-,10,21950,C,F,G,B,B,A,H,-,A,A,0,Y,,,,Y,,A,01,0,0,1,0,1,0,0,0,0,"- ","- ",,,"SAN FRANCISCO","SAN FRANCISCO",-122.44840240478516,37.719928741455078
9532112,2022,2022-11-22,3801,2022-05-15,1336,837,CENTR,7,5,7,3801,0,0,0,,0,3A13C,"KEARNY ST","SACRAMENTO ST",0.00,,Y,A,-,N,,,,,,,,,,N,4,0,1,2,A,-,08,22100,B,N,D,C,A,A,H,-,A,A,0,,,,,Y,,A,01,0,0,1,0,0,0,0,0,0,"- ","- ",,,"SAN FRANCISCO","SAN FRANCISCO",-122.40458679199219,37.793601989746094
9532135,2022,2022-12-06,3801,2022-05-19,1547,2580,TENDE,4,5,7,3801,0,0,0,,0,901,"HYDE ST","MARKET ST",25.00,N,N,A,-,N,,,,,,,,,,N,4,0,1,2,A,-,03,22350,,F,C,C,A,A,H,-,A,A,0,,,,,Y,,-,,0,0,1,0,0,0,0,0,0,"- ","- ",,,"SAN FRANCISCO","SAN FRANCISCO",-122.41481018066406,37.778766632080078
9534722,2022,2023-01-18,3801,2022-10-30,0525,917,TRAFF,7,5,7,3801,0,0,0,,0,4B2E,"FILLMORE ST","MCALLISTER ST",130.00,S,N,A,-,N,,,,,,,,,,Y,2,0,2,5,A,-,03,22350,,N,C,C,A,A,H,-,C,D,0,,,,,Y,,A,01,2,0,0,0,0,0,0,0,0,"- ","- ",,,"SAN FRANCISCO","SAN FRANCISCO",-122.43167877197266,37.778285980224609
9534806,2022,2023-02-01,3801,2022-12-08,0843,1296,INGLE,4,5,7,3801,0,0,0,,0,2H16A,"VISITACION AV","HAHN ST",27.00,E,N,A,-,N,,,,,,,,,,Y,4,0,1,2,A,-,03,22350,,N,C,D,A,A,H,-,A,D,0,,,,,Y,,A,07,0,0,1,0,0,0,0,0,0,"- ","- ",,,"SAN FRANCISCO","SAN FRANCISCO",-122.41522216796875,37.713497161865234
9534807,2022,2023-02-01,3801,2022-12-12,1205,1653,INGLE,1,5,7,3801,0,0,0,,0,3H5A,"MISSION ST","FRANCE AV",129.00,S,N,A,-,N,,,,,,,,,,N,4,0,2,2,A,-,07,21658,A,N,B,C,A,A,H,-,A,D,0,,,,,Y,,A,01,0,0,2,0,0,0,0,0,0,"- ","- ",,,"SAN FRANCISCO","SAN FRANCISCO",-122.43858337402344,37.719745635986328
9534882,2022,2023-02-01,3801,2022-12-16,0454,623,BAYVI,5,5,7,3801,0,0,0,,0,3C11E,"CESAR CHAVEZ ST","INDIANA ST",0.00,,Y,A,-,N,,,,,,,,,,Y,4,0,1,2,A,-,12,21453,,N,D,C,A,A,H,-,C,A,0,,,,,Y,,A,01,0,0,1,0,0,0,0,0,0,"- ","- ",,,"SAN FRANCISCO","SAN FRANCISCO",-122.39044952392578,37.750068664550781
9535001,2022,2023-01-17,3801,2022-11-12,1033,1653,INGLE,6,5,7,3801,0,0,0,,0,3H15A,"GENEVA AV","PRAGUE ST",0.00,,Y,A,-,N,,,,,,,,,,Y,3,0,2,2,A,-,12,21453,A,N,A,C,A,A,H,-,A,A,0,,,,,Y,,A,01,0,1,1,0,0,0,0,0,0,"- ","- ",,,"SAN FRANCISCO","SAN FRANCISCO",-122.43196105957031,37.712779998779297
9535002,2022,2023-01-17,3801,2022-11-22,1550,312,TARAV,2,5,7,3801,0,0,0,,0,2CAR,"NORIEGA ST","26TH AV",0.00,,Y,A,-,N,,,,,,,,,,Y,4,0,1,2,A,-,09,21800,A,N,D,C,A,A,H,-,A,A,0,,,,,Y,,A,01,0,0,1,0,0,0,0,0,0,"- ","- ",,,"SAN FRANCISCO","SAN FRANCISCO",-122.48397827148438,37.753910064697266
9535004,2022,2023-01-17,3801,2022-11-13,1545,1666,PARK,7,5,7,3801,0,0,0,,0,4CAR,"HERMANN ST","LAGUNA ST",100.00,N,N,A,-,N,,,,,,,,,,Y,3,0,1,3,A,-,09,21801,A,N,D,C,A,A,H,-,A,A,0,,,Y,,Y,,A,01,0,1,0,0,0,0,0,0,1,"- ","- ",,,"SAN FRANCISCO","SAN FRANCISCO",-122.42513275146484,37.770881652832031
9535009,2022,2023-02-08,3801,2022-11-18,1401,2706,MISSI,5,5,7,3801,0,0,0,,0,3D15A,"MISSION ST","16TH ST",259.00,N,N,A,-,N,,,,,,,,,,N,4,0,1,2,A,-,03,22350,,N,B,C,A,A,H,-,A,A,0,,,Y,,Y,,C,02,0,0,1,0,0,0,0,0,1,"- ","- ",,,"SAN FRANCISCO","SAN FRANCISCO",-122.41973114013672,37.765758514404297
9535012,2022,2023-01-13,3801,2022-11-19,1037,2202,INGLE,6,5,7,3801,0,0,0,,0,3H13A,"OSHAUGHNESSY BL","MALTA DR",0.00,,Y,A,-,N,,,,,,,,,,Y,4,0,2,2,A,-,03,22350,,N,C,D,A,A,H,-,A,D,0,,,,,Y,,A,01,0,0,2,0,0,0,0,0,0,"- ","- ",,,"SAN FRANCISCO","SAN FRANCISCO",-122.44365692138672,37.736495971679688
9536037,2022,2022-12-28,3801,2022-11-29,2150,1871,INGLE,2,5,7,3801,0,0,0,,0,901,"MISSION ST","MOUNT VERNON AV",0.00,,Y,A,-,N,,,,,,,,,,N,4,0,1,2,A,-,08,22107,,N,B,C,A,A,H,-,C,D,0,,,,,Y,,A,01,0,0,1,0,0,0,0,0,0,"- ","- ",,,"SAN FRANCISCO","SAN FRANCISCO",-122.44264984130859,37.714607238769531
9536057,2022,2022-12-28,3801,2022-11-13,1604,1420,INGLE,7,5,7,3801,0,0,0,,0,3H11D,"MISSION ST","ADMIRAL AV",0.00,,Y,A,-,N,,,,,,,,,,Y,2,0,2,2,A,-,09,21801,A,N,D,C,A,A,H,-,A,D,0,,,,,Y,Y,A,01,1,0,1,0,0,0,0,0,0,"- ","- ",,,"SAN FRANCISCO","SAN FRANCISCO",-122.43015289306641,37.729862213134766
9536061,2022,2022-12-28,3801,2022-11-15,1814,2402,TARAV,2,5,7,3801,0,0,0,,0,3I14A,"HOWARD ST","SPEAR ST",0.00,,Y,A,-,N,,,,,,,,,,N,4,0,1,2,A,-,08,22107,,F,C,C,A,A,H,-,A,A,0,,,,,Y,,A,01,0,0,1,0,0,0,0,0,0,"- ","- ",,,"SAN FRANCISCO","SAN FRANCISCO",-122.39254760742188,37.791324615478516
9538608,2022,2023-01-04,3801,2022-06-20,2101,1602,MISSI,1,5,7,3801,0,0,0,,0,901,"MARKET ST","ROMAIN ST",108.00,N,N,A,-,N,,,,,,,,,,Y,4,0,4,3,A,-,03,22350,,N,C,E,A,A,H,-,B,A,0,,,,,Y,,A,01,0,0,4,0,0,0,0,0,0,"- ","- ",,,"SAN FRANCISCO","SAN FRANCISCO",-122.44129180908203,37.756435394287109
9538649,2022,2023-01-10,3801,2022-07-26,1405,1325,TENDE,2,5,7,3801,0,0,0,,0,3J90C,"JONES ST","ELLIS ST",0.00,,Y,A,-,N,,,,,,,,,,N,3,0,1,2,A,-,09,21801,,N,D,J,A,A,H,-,A,A,0,,,,,Y,,M,95,0,1,0,0,0,0,0,0,0,"- ","- ",,,"SAN FRANCISCO","SAN FRANCISCO",-122.41278076171875,37.784896850585938
9538650,2022,2023-01-10,3801,2022-07-10,1135,885,BAYVI,7,5,7,3801,0,0,0,,0,0C2,"SILVER AV","THOMAS AV",190.00,E,N,A,-,N,,,,,,,,,,N,4,0,1,2,A,-,06,21750,,N,D,C,A,A,H,-,A,D,0,,,,,Y,,A,01,0,0,1,0,0,0,0,0,0,"- ","- ",,,"SAN FRANCISCO","SAN FRANCISCO",-122.39981842041016,37.735836029052734
9538654,2022,2023-01-24,3801,2022-07-05,2110,4103,MISSI,2,5,7,3801,0,0,0,,0,901,"FOLSOM ST","NORTHEAST CORNER OF 25TH ST",0.00,,N,A,-,N,,,,,,,,,,N,4,0,1,2,A,-,08,22102,,N,B,-,A,A,-,-,C,D,0,,,Y,,Y,,-,,0,0,1,0,0,0,0,0,1,"- ","- ",,,"SAN FRANCISCO","SAN FRANCISCO",-122.4139404296875,37.750923156738281
9542752,2022,2023-01-17,3801,2022-11-25,2050,1766,TRAFF,5,5,7,3801,0,0,0,,0,4B103,"19TH ST","MISSION ST",17.00,E,N,A,-,N,,,,,,,,,,N,4,0,2,2,A,-,03,22350,,F,B,C,A,A,H,-,C,A,0,,,,,Y,,I,11,0,0,2,0,0,0,0,0,0,"- ","- ",,,"SAN FRANCISCO","SAN FRANCISCO",-122.41915893554688,37.760223388671875
9542760,2022,2023-02-27,3801,2022-12-16,0700,1418,TARAV,5,5,7,3801,0,0,0,,0,,"LINCOLN WY","25TH AV",42.00,E,N,A,-,N,,,,,,,,,,N,4,0,2,2,A,-,03,22350,,M,C,C,A,A,H,-,C,A,0,,,,,Y,,D,22,0,0,2,0,0,0,0,0,0,"- ","- ",,,"SAN FRANCISCO","SAN FRANCISCO",-122.48352813720703,37.765167236328125
9542764,2022,2023-02-15,3801,2022-12-17,1400,829,INGLE,6,5,7,3801,0,0,0,,0,,"GENEVA AV","RT 280",0.00,,Y,A,-,Y,SF,4,280,-,R,1.851,R,4,N,,3,0,3,2,A,-,09,21801,A,N,-,C,A,A,H,-,A,A,0,,,,,Y,,D,22,0,1,2,0,0,0,0,0,0,"- ",NO,,,"SAN FRANCISCO","SAN FRANCISCO",-122.44725799560547,37.724128723144531
9542784,2022,2023-01-13,3801,2022-11-11,1847,4178,SOUTH,5,5,7,3801,0,0,0,,0,4B3A,"HOWARD ST","2ND ST",0.00,,Y,A,-,N,,,,,,,,,,N,2,0,1,2,A,-,12,21453,A,N,D,G,A,A,H,-,C,A,0,,Y,,Y,Y,,L,04,1,0,0,0,0,0,1,0,0,"- ","- ",,,"SAN FRANCISCO","SAN FRANCISCO",-122.39824676513672,37.786788940429688
9543006,2022,2023-01-11,3801,2022-07-24,0728,1857,RICHM,7,5,7,3801,0,0,0,,0,3G15A,"FULTON ST","8TH AV",0.00,,Y,B,-,N,,,,,,,,,,Y,3,0,3,2,A,-,08,22101,D,N,D,C,A,A,H,-,B,A,0,,,,,Y,,A,01,0,2,1,0,0,0,0,0,0,"- ","- ",,,"SAN FRANCISCO","SAN FRANCISCO",-122.46588134765625,37.77337646484375
9543008,2022,2023-01-11,3801,2022-08-27,0142,899,NORTH,6,5,7,3801,0,0,0,,0,3E14E,"LOMBARD ST","SCOTT ST",0.00,,Y,A,-,N,,,,,,,,,,Y,2,0,1,1,A,-,01,23152,A,N,E,I,A,A,H,-,C,A,0,,,,,Y,Y,A,01,1,0,0,0,0,0,0,0,0,"- ","- ",,,"SAN FRANCISCO","SAN FRANCISCO",-122.44100189208984,37.799209594726562
9543011,2022,2023-01-10,3801,2022-08-25,1233,2420,TARAV,4,5,7,3801,0,0,0,,0,011,"DORANTES AV","SAN MARCOS AV",0.00,,Y,A,-,N,,,,,,,,,,Y,3,0,2,2,A,-,21,22106,,N,E,I,A,B,H,-,A,D,0,,,,,Y,,A,01,0,1,1,0,0,0,0,0,0,"- ","- ",,,"SAN FRANCISCO","SAN FRANCISCO",-122.46357727050781,37.745929718017578
9543017,2022,2023-01-10,3801,2022-09-25,2114,499,PARK,7,5,7,3801,0,0,0,,0,3F13E,"FELL ST","MASONIC AV",0.00,,Y,A,-,N,,,,,,,,,,N,4,0,1,2,A,-,12,21453,A,N,D,C,A,A,H,-,C,A,0,,,,,Y,Y,-,"- ",0,0,1,0,0,0,0,0,0,"- ","- ",,,"SAN FRANCISCO","SAN FRANCISCO",-122.44591522216797,37.772983551025391
9543018,2022,2023-01-10,3801,2022-09-26,1626,A09968,PARK,1,5,7,3801,0,0,0,,0,3F13D,"HAYES ST","BAKER ST",0.00,,Y,A,-,N,,,,,,,,,,N,3,0,1,2,A,-,10,21950,A,N,-,B,B,A,H,-,A,A,0,Y,,,,Y,,A,01,0,1,0,0,1,0,0,0,0,"- ","- ",,,"SAN FRANCISCO","SAN FRANCISCO",-122.44110870361328,37.774555206298828
9543019,2022,2023-01-20,3801,2022-09-23,1030,2706,MISSI,5,5,7,3801,0,0,0,,0,3D15A,"DOLORES ST","26TH ST",0.00,,Y,A,-,N,,,,,,,,,,Y,3,0,1,2,A,-,12,22450,A,N,H,C,A,A,H,-,A,A,0,,,,,Y,,-,"- ",0,1,0,0,0,0,0,0,0,"- ","- ",,,"SAN FRANCISCO","SAN FRANCISCO",-122.4249267578125,37.748619079589844
9543055,2022,2023-01-17,3801,2022-11-17,1210,4132,MISSI,4,5,7,3801,0,0,0,,0,3CAR,"MISSION ST","21ST ST",0.00,,Y,A,-,N,,,,,,,,,,Y,3,0,1,2,A,-,04,21703,,N,D,C,A,A,H,-,A,A,0,,,Y,,Y,,C,02,0,1,0,0,0,0,0,0,1,"- ","- ",,,"SAN FRANCISCO","SAN FRANCISCO",-122.41891479492188,37.757015228271484
9543057,2022,2023-01-27,3801,2022-11-22,1708,1414,MISSI,2,5,7,3801,0,0,0,,0,3D13D,"BRYANT ST","16TH ST",0.00,,Y,A,-,N,,,,,,,,,,N,3,0,1,1,D,-,00,,,N,H,-,A,A,H,-,C,A,0,,Y,,,Y,,-,"- ",0,1,0,0,0,0,1,0,0,"- ","- ",,,"SAN FRANCISCO","SAN FRANCISCO",-122.4105224609375,37.765594482421875
9543058,2022,2023-01-17,3801,2022-11-26,1145,574,MISSI,6,5,7,3801,0,0,0,,0,3D13A,"S VAN NESS AV","24TH ST",0.00,,Y,A,-,N,,,,,,,,,,Y,4,0,1,3,A,-,03,22350,,F,C,C,A,A,H,-,A,A,0,,,,,Y,,A,01,0,0,1,0,0,0,0,0,0,"- ","- ",,,"SAN FRANCISCO","SAN FRANCISCO",-122.41628265380859,37.75238037109375
9543059,2022,2023-01-27,3801,2022-11-22,0958,1562,INGLE,2,5,7,3801,0,0,0,,0,3H15A,"GENEVA AV","MISSION ST",0.00,,Y,A,-,N,,,,,,,,,,N,4,0,1,2,A,-,07,21658,,N,B,C,A,A,H,-,A,A,0,,,,,Y,,-,"- ",0,0,1,0,0,0,0,0,0,"- ","- ",,,"SAN FRANCISCO","SAN FRANCISCO",-122.44100189208984,37.716388702392578
9543062,2022,2023-02-06,3801,2022-12-16,2153,740,MISSI,5,5,7,3801,0,0,0,,0,0D4,"MISSION ST","25TH ST",0.00,,Y,A,-,N,,,,,,,,,,N,4,0,1,2,A,-,04,21703,,N,C,C,A,A,H,-,C,A,0,,,Y,,Y,,A,01,0,0,1,0,0,0,0,0,1,"- ","- ",,,"SAN FRANCISCO","SAN FRANCISCO",-122.41830444335938,37.750663757324219
9543081,2022,2023-02-08,3801,2022-12-28,1835,1875,BAYVI,3,5,7,3801,0,0,0,,0,3C13D,"DEDMAN CT","CASHMERE ST",459.00,E,N,A,-,N,,,,,,,,,,N,4,0,1,2,A,-,13,22515,A,N,C,E,A,A,H,-,C,D,0,,,,,Y,,A,01,0,0,1,0,0,0,0,0,0,"- ","- ",,,"SAN FRANCISCO","SAN FRANCISCO",-122.38430023193359,37.736854553222656
9543082,2022,2023-02-08,3801,2022-12-02,1954,1251,BAYVI,5,5,7,3801,0,0,0,,0,3C12D,"BAY SHORE BL","CORTLAND AV",320.00,N,N,A,-,N,,,,,,,,,,Y,4,0,2,2,A,-,03,22350,,F,C,C,A,A,H,-,C,D,0,,,,,Y,,A,01,0,0,2,0,0,0,0,0,0,"- ","- ",,,"SAN FRANCISCO","SAN FRANCISCO",-122.40687561035156,37.740455627441406