CASE_ID,ACCIDENT_YEAR,PROC_DATE,JURIS,COLLISION_DATE,COLLISION_TIME,OFFICER_ID,REPORTING_DISTRICT,DAY_OF_WEEK,CHP_SHIFT,POPULATION,CNTY_CITY_LOC,SPECIAL_COND,BEAT_TYPE,CHP_BEAT_TYPE,CITY_DIVISION_LAPD,CHP_BEAT_CLASS,BEAT_NUMBER,PRIMARY_RD,SECONDARY_RD,DISTANCE,DIRECTION,INTERSECTION,WEATHER_1,WEATHER_2,STATE_HWY_IND,CALTRANS_COUNTY,CALTRANS_DISTRICT,STATE_ROUTE,ROUTE_SUFFIX,POSTMILE_PREFIX,POSTMILE,LOCATION_TYPE,RAMP_INTERSECTION,SIDE_OF_HWY,TOW_AWAY,COLLISION_SEVERITY,NUMBER_KILLED,NUMBER_INJURED,PARTY_COUNT,PRIMARY_COLL_FACTOR,PCF_CODE_OF_VIOL,PCF_VIOL_CATEGORY,PCF_VIOLATION,PCF_VIOL_SUBSECTION,HIT_AND_RUN,TYPE_OF_COLLISION,MVIW,PED_ACTION,ROAD_SURFACE,ROAD_COND_1,ROAD_COND_2,LIGHTING,CONTROL_DEVICE,CHP_ROAD_TYPE,PEDESTRIAN_ACCIDENT,BICYCLE_ACCIDENT,MOTORCYCLE_ACCIDENT,TRUCK_ACCIDENT,NOT_PRIVATE_PROPERTY,ALCOHOL_INVOLVED,STWD_VEHTYPE_AT_FAULT,CHP_VEHTYPE_AT_FAULT,COUNT_SEVERE_INJ,COUNT_VISIBLE_INJ,COUNT_COMPLAINT_PAIN,COUNT_PED_KILLED,COUNT_PED_INJURED,COUNT_BICYCLIST_KILLED,COUNT_BICYCLIST_INJURED,COUNT_MC_KILLED,COUNT_MC_INJURED,PRIMARY_RAMP,SECONDARY_RAMP,LATITUDE,LONGITUDE,COUNTY,CITY,POINT_X,POINT_Y
9543176,2022,2023-02-02,3801,2022-12-04,1228,2001,INGLE,7,5,7,3801,0,0,0,,0,1228,"MISSION ST",ONONDAGA,40.00,N,N,A,-,N,,,,,,,,,,Y,4,0,2,2,A,-,03,22350,,N,C,C,A,A,H,-,A,A,0,,,,,Y,,A,01,0,0,2,0,0,0,0,0,0,"- ","- ",,,"SAN FRANCISCO","SAN FRANCISCO",-122.43743133544922,37.721244812011719
9543177,2022,2023-02-02,3801,2022-12-11,2003,260,SOUTH,7,5,7,3801,0,0,0,,0,3B13D,"BRYANT ST","9TH ST",0.00,,Y,B,C,N,,,,,,,,,,N,4,0,1,2,A,-,08,22100,B,N,D,C,A,B,H,-,C,A,0,,,,,Y,,A,07,0,0,1,0,0,0,0,0,0,"- ","- ",,,"SAN FRANCISCO","SAN FRANCISCO",-122.40853118896484,37.771289825439453
9543178,2022,2023-02-02,3801,2022-12-11,1918,709,BAYVI,7,5,7,3801,0,0,0,,0,,"SILVER AV","MERRILL ST",0.00,,Y,B,-,N,,,,,,,,,,N,4,0,1,2,A,-,10,21950,A,N,G,B,B,B,H,-,C,A,0,Y,,,,Y,,A,01,0,0,1,0,1,0,0,0,0,"- ","- ",,,"SAN FRANCISCO","SAN FRANCISCO",-122.40892028808594,37.731430053710938
9543179,2022,2023-02-02,3801,2022-12-07,2008,2744,SOUTH,3,5,7,3801,0,0,0,,0,3B2,"3RD ST","MISSION ST",0.00,,Y,C,-,N,,,,,,,,,,N,4,0,1,2,A,-,10,21950,A,N,G,B,B,B,H,-,C,A,0,Y,,,,Y,,A,07,0,0,1,0,1,0,0,0,0,"- ","- ",,,"SAN FRANCISCO","SAN FRANCISCO",-122.40200042724609,37.786266326904297
9543180,2022,2023-02-02,3801,2022-12-08,2034,4187,NORTH,4,5,7,3801,0,0,0,,0,3E15D,"PIERCE ST","LOMBARD ST",0.00,,Y,C,-,N,,,,,,,,,,N,3,0,1,2,A,-,10,21950,A,N,G,B,B,B,H,-,C,A,0,Y,,,,Y,,A,01,0,1,0,0,1,0,0,0,0,"- ","- ",,,"SAN FRANCISCO","SAN FRANCISCO",-122.43933868408203,37.799423217773438
9543181,2022,2023-02-09,3801,2022-12-03,1434,4006,TARAV,6,5,7,3801,0,0,0,,0,3I5B,"23RD AV","ULLOA ST",85.00,N,N,B,C,N,,,,,,,,,,N,3,0,1,2,A,-,03,22350,,F,G,B,E,B,H,-,A,D,0,Y,,,,Y,,A,01,0,1,0,0,1,0,0,0,0,"- ","- ",,,"SAN FRANCISCO","SAN FRANCISCO",-122.47988128662109,37.741214752197266
9543182,2022,2023-02-04,3801,2022-12-04,0014,1907,INGLE,7,5,7,3801,0,0,0,,0,3H13E,"MISSION ST","SANTA ROSA AV",50.00,S,N,C,-,N,,,,,,,,,,N,3,0,1,2,A,-,11,21954,A,F,G,B,D,B,H,-,C,D,0,Y,,,,Y,,N,60,0,1,0,0,1,0,0,0,0,"- ","- ",,,"SAN FRANCISCO","SAN FRANCISCO",-122.43409729003906,37.725643157958984
9543183,2022,2023-02-04,3801,2022-12-03,1851,1858,BAYVI,6,5,7,3801,0,0,0,,0,3C13D,"INGALLS ST","ARMSTRONG AV",52.00,S,N,C,-,N,,,,,,,,,,Y,4,0,1,1,A,-,03,22350,,N,C,E,A,B,-,-,D,D,0,,,,,Y,,A,01,0,0,1,0,0,0,0,0,0,"- ","- ",,,"SAN FRANCISCO","SAN FRANCISCO",-122.38857269287109,37.724002838134766
9543184,2022,2023-02-04,3801,2022-12-01,1755,1897,INGLE,4,5,7,3801,0,0,0,,0,3H16D,"FLOOD AV","GENNESSEE ST",25.00,S,N,A,-,N,,,,,,,,,,Y,4,0,1,3,A,-,03,22350,,N,F,E,A,A,H,-,C,A,0,,,,,Y,,A,01,0,0,1,0,0,0,0,0,0,"- ","- ",37.729850769042969,-122.45105743408203,"SAN FRANCISCO","SAN FRANCISCO",-122.45111846923828,37.7298583984375
9543185,2022,2023-02-04,3801,2022-12-04,0115,4095,INGLE,7,5,7,3801,0,0,0,,0,0H4,"OSHAUGHNESSY BL","BOSWORTH ST",0.00,,N,C,-,N,,,,,,,,,,Y,4,0,1,1,A,-,03,22350,,N,E,I,A,B,H,-,D,D,0,,,,,Y,,A,01,0,0,1,0,0,0,0,0,0,"- ","- ",37.735828399658203,-122.44264221191406,"SAN FRANCISCO","SAN FRANCISCO",-122.44190979003906,37.735984802246094
9543187,2022,2023-02-04,3801,2022-12-02,1710,2486,RICHM,5,5,7,3801,0,0,0,,0,3G13D,"GEARY ST","GEARY ST 4649",0.00,,N,A,-,N,,,,,,,,,,N,4,0,1,2,A,-,11,21954,A,N,G,B,E,A,H,-,C,A,0,Y,,,,Y,,N,60,0,0,1,0,1,0,0,0,0,"- ","- ",,,"SAN FRANCISCO","SAN FRANCISCO",-122.42139434814453,37.785690307617188
9543188,2022,2023-02-04,3801,2022-12-03,0148,1602,RICHM,6,5,7,3801,0,0,0,,0,SECT1,"PARK PRESIDIO BY PASS","CROSSOVER DR",328.00,N,N,A,-,N,,,,,,,,,,Y,3,0,1,1,A,-,03,22350,,N,E,I,A,A,H,-,C,D,0,,,,,Y,,A,01,0,1,0,0,0,0,0,0,0,"- ","- ",,,"SAN FRANCISCO","SAN FRANCISCO",-122.47920227050781,37.772026062011719
9543189,2022,2023-02-04,3801,2022-12-03,1250,2706,RICHM,6,5,7,3801,0,0,0,,0,,"FULTON ST","FUNSTON AV",0.00,,Y,B,C,N,,,,,,,,,,N,4,0,1,2,A,-,03,22350,,N,G,B,B,B,-,-,A,-,0,Y,,,,Y,,A,01,0,0,1,0,1,0,0,0,0,"- ","- ",,,"SAN FRANCISCO","SAN FRANCISCO",-122.47123718261719,37.773151397705078
9543190,2022,2023-02-04,3801,2022-12-03,1823,2425,MISSI,6,5,7,3801,0,0,0,,0,3D14D,"FOLSOM ST","25TH ST",0.00,,Y,C,-,N,,,,,,,,,,N,4,0,1,2,A,-,09,21802,A,N,D,C,A,B,H,-,C,A,0,,,,,Y,,A,01,0,0,1,0,0,0,0,0,0,"- ","- ",,,"SAN FRANCISCO","SAN FRANCISCO",-122.4139404296875,37.750923156738281
9543191,2022,2023-02-04,3801,2022-12-02,1512,1406,SOUTH,5,5,7,3801,0,0,0,,0,3CAR,"HARRISON ST","07TH ST",10.00,E,N,A,-,N,,,,,,,,,,Y,4,0,1,4,A,-,08,22107,,N,B,C,A,A,H,-,A,A,0,,,,,Y,,A,01,0,0,1,0,0,0,0,0,0,"- ","- ",,,"SAN FRANCISCO","SAN FRANCISCO",,
9543192,2022,2023-02-04,3801,2022-12-04,0016,118,PARK,7,5,7,3801,0,0,0,,0,EF13E,"STANYAN ST","FELL ST",0.00,,Y,B,-,N,,,,,,,,,,Y,4,0,1,2,A,-,09,21801,A,N,D,-,A,B,H,-,C,A,0,,,,,Y,,A,01,0,0,1,0,0,0,0,0,0,"- ","- ",,,"SAN FRANCISCO","SAN FRANCISCO",-122.45407104492188,37.77197265625
9543193,2022,2023-02-04,3801,2022-12-02,0246,887,NORTH,5,5,7,3801,0,0,0,,0,3E15E,"LOMBARD ST","SCOTT ST",0.00,,Y,A,-,N,,,,,,,,,,N,3,0,2,2,A,-,04,21703,,N,C,C,A,A,H,-,C,A,0,,,,,Y,,A,01,0,1,1,0,0,0,0,0,0,"- ","- ",,,"SAN FRANCISCO","SAN FRANCISCO",-122.44100189208984,37.799209594726562
9543194,2022,2023-02-04,3801,2022-12-05,2151,4103,MISSI,1,5,7,3801,0,0,0,,0,901,"MISSION ST","MISSION ST 2743",0.00,,N,B,-,N,,,,,,,,,,N,4,0,1,2,A,-,06,21750,A,N,B,C,A,A,H,-,C,-,0,,,Y,,Y,,C,03,0,0,1,0,0,0,0,0,1,"- ","- ",,,"SAN FRANCISCO","SAN FRANCISCO",-122.41979217529297,37.7705078125
9543195,2022,2023-02-09,3801,2022-12-01,2302,899,NORTH,4,5,7,3801,0,0,0,,0,,"POLK ST","MCALLISTER ST",0.00,,Y,A,-,N,,,,,,,,,,N,3,0,2,2,A,-,01,21221,5,N,D,J,A,A,H,-,C,A,0,,,,,Y,Y,M,94,0,1,1,0,0,0,0,0,0,"- ","- ",,,"SAN FRANCISCO","SAN FRANCISCO",-122.41860198974609,37.7802734375
9543197,2022,2023-02-04,3801,2022-12-05,0618,54,TARAV,1,5,7,3801,0,0,0,,0,3I15A,"JUNIPERO SIERRA BL","WOODACRE DR",0.00,,Y,C,-,N,,,,,,,,,,Y,4,0,1,1,A,-,03,22350,,N,E,I,A,B,H,-,C,A,0,,,,,Y,,A,01,0,0,1,0,0,0,0,0,0,"- ","- ",,,"SAN FRANCISCO","SAN FRANCISCO",-122.47203826904297,37.733787536621094
9543198,2022,2023-02-04,3801,2022-12-05,0239,2139,TARAV,1,5,7,3801,0,0,0,,0,901,"GREAT HWY","IRVING ST",189.00,N,N,C,-,N,,,,,,,,,,N,4,0,1,2,A,-,08,22107,,N,B,E,A,B,H,-,C,D,0,,,,,Y,,A,01,0,0,1,0,0,0,0,0,0,"- ","- ",,,"SAN FRANCISCO","SAN FRANCISCO",-122.50968933105469,37.762638092041016
9543200,2022,2023-02-04,3801,2022-12-05,1603,1860,TARAV,1,5,7,3801,0,0,0,,0,3I11D,"SANTIAGO ST","24TH AV",312.00,,N,A,-,N,,,,,,,,,,N,4,0,1,2,A,-,21,22106,,N,D,C,A,A,H,-,A,D,0,,,,,Y,,A,07,0,0,1,0,0,0,0,0,0,"- ","- ",,,"SAN FRANCISCO","SAN FRANCISCO",-122.481201171875,37.744659423828125
9543209,2022,2023-01-10,3801,2022-10-28,1540,1336,NORTH,5,5,7,3801,0,0,0,,0,3E12D,"VAN NESS AV","FELL ST",0.00,,Y,A,-,N,,,,,,,,,,N,3,0,1,2,A,-,12,21453,A,N,D,C,A,A,H,-,A,A,0,,,,,Y,,M,94,0,1,0,0,0,0,0,0,0,"- ","- ",,,"SAN FRANCISCO","SAN FRANCISCO",-122.41950225830078,37.776382446289062
9543212,2022,2023-01-10,3801,2022-10-21,1527,82,MISSI,5,5,7,3801,0,0,0,,0,3D45C,"VALENCIA ST","23RD ST",28.00,S,N,A,-,N,,,,,,,,,,Y,4,0,2,2,A,-,03,22350,,F,C,C,A,A,H,-,A,A,0,,,,,Y,,A,01,0,0,2,0,0,0,0,0,0,"- ","- ",,,"SAN FRANCISCO","SAN FRANCISCO",-122.42079925537109,37.753623962402344
9543214,2022,2023-01-23,3801,2022-10-22,1823,1133,CENTR,6,5,7,3801,0,0,0,,0,0A2,"BUSH ST","KEARNY ST",0.00,,Y,A,-,N,,,,,,,,,,N,4,0,1,2,-,-,"- ",,,N,G,B,B,A,H,-,C,A,0,Y,,,,Y,,-,"- ",0,0,1,0,1,0,0,0,0,"- ","- ",,,"SAN FRANCISCO","SAN FRANCISCO",-122.40402984619141,37.790767669677734
9543215,2022,2023-01-10,3801,2022-10-04,0952,4036,TRAFF,2,5,7,3801,0,0,0,,0,4B2C,"STANYAN ST","CARL ST",0.00,,Y,B,-,N,,,,,,,,,,Y,4,0,1,2,A,-,01,23153,F,N,E,I,-,A,H,-,A,A,0,Y,,,,Y,,A,08,0,0,1,0,1,0,0,0,0,"- ","- ",,,"SAN FRANCISCO","SAN FRANCISCO",-122.45275115966797,37.765422821044922
9543218,2022,2023-01-10,3801,2022-10-05,2039,1194,TENDE,3,5,7,3801,0,0,0,,0,0J5,"OFARRELL ST","LARKIN ST",110.00,E,N,A,-,N,,,,,,,,,,N,4,0,1,2,A,-,07,21658,A,N,C,E,A,A,-,-,C,D,0,,,,,Y,,A,08,0,0,1,0,0,0,0,0,0,"- ","- ",,,"SAN FRANCISCO","SAN FRANCISCO",-122.41752624511719,37.785221099853516
9543220,2022,2023-01-10,3801,2022-10-31,1345,4375,TRAFF,1,5,7,3801,0,0,0,,0,4B1F,"STOCKTON ST","SUTTER ST",276.00,N,N,A,-,N,,,,,,,,,,N,3,0,1,2,A,-,17,21235,G,F,G,B,F,A,H,-,A,-,0,Y,,,,Y,,-,99,0,1,0,0,1,0,0,0,0,"- ","- ",,,"SAN FRANCISCO","SAN FRANCISCO",-122.40708923339844,37.790168762207031
9543221,2022,2023-02-16,3801,2022-12-16,1729,375,INGLE,5,5,7,3801,0,0,0,,0,3801,"CAYUGA AV","VALERTON CT",107.00,S,N,A,-,N,,,,,,,,,,N,4,0,1,2,A,-,07,21658,A,N,B,E,A,A,H,-,D,D,0,,,,,Y,,A,01,0,0,1,0,0,0,0,0,0,"- ","- ",,,"SAN FRANCISCO","SAN FRANCISCO",-122.43952178955078,37.722465515136719
9543222,2022,2023-02-16,3801,2022-12-19,0330,2167,INGLE,1,5,7,3801,0,0,0,,0,3H16E,"SAN JOSE AV","GENEVA AV",0.00,,Y,A,-,N,,,,,,,,,,N,4,0,1,2,A,-,12,21453,A,F,D,G,A,A,H,-,C,A,0,,Y,,,Y,,A,01,0,0,1,0,0,0,1,0,0,"- ","- ",,,"SAN FRANCISCO","SAN FRANCISCO",-122.44663238525391,37.720729827880859
9543223,2022,2023-02-16,3801,2022-12-17,0858,2097,INGLE,6,5,7,3801,0,0,0,,0,3H11A,"MISSION ST","PRECITA AV",0.00,,Y,A,-,N,,,,,,,,,,N,4,0,1,2,A,-,10,21950,A,N,G,B,B,A,H,-,A,A,0,Y,,,,Y,,A,01,0,0,1,0,1,0,0,0,0,"- ","- ",,,"SAN FRANCISCO","SAN FRANCISCO",-122.41912078857422,37.746757507324219
9543224,2022,2023-02-16,3801,2022-12-16,1340,2372,INGLE,5,5,7,3801,0,0,0,,0,3H4A,"PORTOLA DR","PORTOLA DR 300",0.00,,N,A,-,N,,,,,,,,,,N,4,0,1,2,A,-,04,21703,,N,C,C,A,A,H,-,A,D,0,,,,,Y,,A,07,0,0,1,0,0,0,0,0,0,"- ","- ",,,"SAN FRANCISCO","SAN FRANCISCO",,
9543225,2022,2023-02-16,3801,2022-12-15,1541,1371,NORTH,4,5,7,3801,0,0,0,,0,001,"GOUGH ST","PAGE ST",0.00,,Y,A,-,N,,,,,,,,,,N,4,0,1,2,A,-,12,21453,A,N,D,D,A,A,H,-,A,A,0,,,Y,,Y,,C,02,0,0,1,0,0,0,0,0,1,"- ","- ",,,"SAN FRANCISCO","SAN FRANCISCO",-122.42240905761719,37.774070739746094
9543226,2022,2023-02-16,3801,2022-12-15,2316,524,INGLE,4,5,7,3801,0,0,0,,0,3H13E,"FORESTER ST","TERESITA BL",0.00,,Y,A,-,N,,,,,,,,,,N,2,0,1,2,A,-,11,21954,A,F,G,B,E,A,H,-,D,A,0,Y,,,,Y,,N,60,1,0,0,0,1,0,0,0,0,"- ","- ",,,"SAN FRANCISCO","SAN FRANCISCO",-122.44889068603516,37.734272003173828
9543227,2022,2023-02-21,3801,2022-12-18,0834,1605,NORTH,7,5,7,3801,0,0,0,,0,3E5A,"AVILA ST","CAPRA ST",0.00,,Y,A,-,N,,,,,,,,,,N,3,0,1,2,A,-,22,23123,,N,D,C,A,A,H,-,A,A,0,,,,,Y,,M,94,0,1,0,0,0,0,0,0,0,"- ","- ",,,"SAN FRANCISCO","SAN FRANCISCO",-122.44078063964844,37.802608489990234
9543228,2022,2023-02-16,3801,2022-12-16,1607,158,NORTH,5,5,7,3801,0,0,0,,0,3E14D,"POST ST","STEINER ST",0.00,,Y,A,-,N,,,,,,,,,,Y,4,0,1,2,A,-,12,21453,A,N,D,C,A,A,H,-,A,A,0,,,,,Y,,A,01,0,0,1,0,0,0,0,0,0,"- ","- ",,,"SAN FRANCISCO","SAN FRANCISCO",-122.43472290039062,37.784942626953125
9543229,2022,2023-02-16,3801,2022-12-19,1209,1342,NORTH,1,5,7,3801,0,0,0,,0,3E14A,"STEINER ST","POST ST",0.00,,Y,A,-,N,,,,,,,,,,Y,4,0,1,2,A,-,12,21453,A,N,D,C,A,A,H,-,A,A,0,,,,,Y,,-,"- ",0,0,1,0,0,0,0,0,0,"- ","- ",,,"SAN FRANCISCO","SAN FRANCISCO",-122.43472290039062,37.784942626953125
9543230,2022,2023-02-16,3801,2022-12-17,2121,1857,NORTH,6,5,7,3801,0,0,0,,0,3E12E,"WEBSTER ST","EDDY ST",0.00,,Y,A,-,N,,,,,,,,,,Y,4,0,2,2,A,-,09,21801,A,N,D,C,A,A,H,-,C,A,0,,,,,Y,,A,01,0,0,2,0,0,0,0,0,0,"- ","- ",,,"SAN FRANCISCO","SAN FRANCISCO",-122.43067169189453,37.781623840332031
9543231,2022,2023-03-01,3801,2022-12-18,1727,1987,TARAV,7,5,7,3801,0,0,0,,0,3I15D,"RT 35","RT 35 559",0.00,,N,A,-,Y,SF,4,35,-,-,0.120,I,5,N,Y,4,0,1,3,A,-,09,21801,A,N,B,C,A,A,H,-,C,A,0,,,Y,,Y,,D,22,0,0,1,0,0,0,0,0,1,"- ","- ",,,"SAN FRANCISCO","SAN FRANCISCO",-122.49796295166016,37.709941864013672
9543232,2022,2023-02-16,3801,2022-12-18,2025,2470,CENTR,7,5,7,3801,0,0,0,,0,3A13D,"COLUMBUS AV","BAY ST",166.00,S,N,A,-,N,,,,,,,,,,Y,3,0,1,2,A,-,01,23152,A,N,C,G,A,A,H,-,C,D,0,,Y,,,Y,Y,A,01,0,1,0,0,0,0,1,0,0,"- ","- ",,,"SAN FRANCISCO","SAN FRANCISCO",-122.41677093505859,37.804889678955078
9543233,2022,2023-02-16,3801,2022-12-14,1355,34,TRAFF,3,5,7,3801,0,0,0,,0,4B4A,"GEARY BL","LARKIN ST",0.00,,Y,A,-,N,,,,,,,,,,Y,3,0,4,5,A,-,12,21453,A,F,D,C,A,A,H,-,A,A,0,,,Y,,Y,,A,01,0,1,3,0,0,0,0,0,0,"- ","- ",,,"SAN FRANCISCO","SAN FRANCISCO",-122.41810607910156,37.786113739013672
9543234,2022,2023-02-16,3801,2022-12-20,0850,00054,TARAV,2,5,7,3801,0,0,0,,0,3I16A,"RANDOLPH ST","VERNON ST",6.00,E,N,A,-,N,,,,,,,,,,N,2,0,1,2,A,-,10,21950,A,N,G,B,D,A,H,-,A,A,0,Y,,,,Y,,A,01,1,0,0,0,1,0,0,0,0,"- ","- ",,,"SAN FRANCISCO","SAN FRANCISCO",-122.46798706054688,37.714271545410156
9543235,2022,2023-02-16,3801,2022-12-16,1805,2707,TARAV,5,5,7,3801,0,0,0,,0,2CAR,"NORIEGA ST","21ST AV",0.00,,Y,A,-,N,,,,,,,,,,N,4,0,1,2,A,-,08,22107,,N,G,B,B,A,H,-,C,A,0,Y,,,,Y,,A,08,0,0,1,0,1,0,0,0,0,"- ","- ",,,"SAN FRANCISCO","SAN FRANCISCO",-122.47863006591797,37.754127502441406
9543236,2022,2023-02-16,3801,2022-12-19,1246,1061,SOUTH,1,5,7,3801,0,0,0,,0,3B12A,"4TH ST","HARRISON ST",0.00,,Y,A,-,N,,,,,,,,,,Y,4,0,1,2,A,-,07,21658,A,N,B,D,A,A,H,-,A,A,0,,,Y,,Y,,C,03,0,0,1,0,0,0,0,0,1,"- ","- ",,,"SAN FRANCISCO","SAN FRANCISCO",-122.39962768554688,37.780776977539062
9543237,2022,2023-02-16,3801,2022-12-21,1419,4115,CENTR,3,5,7,3801,0,0,0,,0,3A11C,"POWELL ST","PACIFIC AV",0.00,,Y,A,-,N,,,,,,,,,,N,3,0,1,2,A,-,10,21950,A,N,G,B,B,A,H,-,A,A,0,Y,,,,Y,,A,01,0,1,0,0,1,0,0,0,0,"- ","- ",,,"SAN FRANCISCO","SAN FRANCISCO",-122.41006469726562,37.7965087890625
9543238,2022,2023-02-16,3801,2022-12-21,1219,4115,CENTR,3,5,7,3801,0,0,0,,0,3A11C,"BAY ST","MASON ST",0.00,,Y,A,-,N,,,,,,,,,,N,3,0,1,2,A,-,10,21950,A,F,G,B,B,A,H,-,A,A,0,Y,,,,Y,,A,01,0,1,0,0,1,0,0,0,0,"- ","- ",,,"SAN FRANCISCO","SAN FRANCISCO",-122.41358947753906,37.805633544921875
9543239,2022,2023-02-16,3801,2022-12-05,1200,1540,TARAV,1,5,7,3801,0,0,0,,0,3I11A,"LINCOLN WY","CROSSOVER DR",63.00,W,N,A,-,N,,,,,,,,,,Y,4,0,1,2,A,-,08,22107,,N,B,C,A,A,H,-,A,A,0,,,Y,,Y,,A,01,0,0,1,0,0,0,0,0,1,"- ","- ",,,"SAN FRANCISCO","SAN FRANCISCO",-122.47754669189453,37.765430450439453
9543241,2022,2023-02-07,3801,2022-12-14,1320,1358,SOUTH,3,5,7,3801,0,0,0,,0,3B12A,"16TH ST","OWENS ST",0.00,,Y,A,-,N,,,,,,,,,,Y,3,0,1,2,A,-,12,21453,A,N,D,C,A,A,H,-,A,D,0,,,,,Y,,A,01,0,1,0,0,0,0,0,0,0,"- ","- ",,,"SAN FRANCISCO","SAN FRANCISCO",-122.3927001953125,37.766708374023438
9543242,2022,2023-02-07,3801,2022-12-23,1634,2407,MISSI,5,5,7,3801,0,0,0,,0,3D11D,"GUERRERO ST","23RD ST",0.00,,Y,A,-,N,,,,,,,,,,Y,2,0,1,2,A,-,09,21801,A,N,D,C,A,A,H,-,A,A,0,,,Y,,Y,,A,01,1,0,0,0,0,0,0,0,1,"- ","- ",,,"SAN FRANCISCO","SAN FRANCISCO",-122.42303466796875,37.753559112548828
9543243,2022,2023-02-07,3801,2022-12-04,0137,1548,SOUTH,7,5,7,3801,0,0,0,,0,3B13E,"GOUGH ST","MARKET ST",0.00,,Y,C,-,N,,,,,,,,,,Y,4,0,1,2,A,-,12,21453,A,F,D,-,A,B,H,-,C,A,0,,,,,Y,,A,01,0,0,1,0,0,0,0,0,0,"- ","- ",,,"SAN FRANCISCO","SAN FRANCISCO",-122.42221069335938,37.772872924804688
9543245,2022,2023-02-07,3801,2022-12-03,2238,2722,CENTR,6,5,7,3801,0,0,0,,0,3A2E,"PINE ST","TAYLOR ST",0.00,,Y,C,-,N,,,,,,,,,,N,4,0,1,2,A,-,08,22107,,N,G,B,B,B,H,-,C,A,0,Y,,,,Y,,A,01,0,0,1,0,1,0,0,0,0,"- ","- ",,,"SAN FRANCISCO","SAN FRANCISCO",-122.41224670410156,37.790657043457031
9543247,2022,2023-02-06,3801,2022-12-04,1833,1238,MISSI,7,5,7,3801,0,0,0,,0,3D44C,"24TH ST","MISSION ST",30.00,S,N,C,-,N,,,,,,,,,,Y,4,0,1,2,A,-,04,21703,,N,C,C,A,B,-,-,C,A,0,,,,,Y,,A,01,0,0,1,0,0,0,0,0,0,"- ","- ",,,"SAN FRANCISCO","SAN FRANCISCO",-122.41859436035156,37.752250671386719
9543249,2022,2023-02-06,3801,2022-12-22,0949,1565,TENDE,4,5,7,3801,0,0,0,,0,3J90C,"MCALLISTER ST","LARKIN ST",0.00,,Y,A,-,N,,,,,,,,,,Y,3,0,3,2,A,-,08,22107,,N,A,C,A,A,H,-,A,A,0,,,,,Y,,A,01,0,1,2,0,0,0,0,0,0,"- ","- ",,,"SAN FRANCISCO","SAN FRANCISCO",-122.41693878173828,37.780498504638672
9543250,2022,2023-02-06,3801,2022-12-08,1225,1631,SOUTH,4,5,7,3801,0,0,0,,0,3B11A,"MISSION ST","3RD ST",120.00,E,N,A,-,N,,,,,,,,,,N,3,0,1,3,A,-,17,22517,,N,B,G,A,A,H,-,A,A,0,,Y,,,Y,,A,01,0,1,0,0,0,0,1,0,0,"- ","- ",,,"SAN FRANCISCO","SAN FRANCISCO",-122.40170288085938,37.7864990234375
9543251,2022,2023-02-06,3801,2022-12-11,1108,229,MISSI,7,5,7,3801,0,0,0,,0,0D4,"FOLSOM ST","13TH ST",0.00,,Y,B,-,N,,,,,,,,,,N,3,0,1,2,A,-,10,21950,A,N,G,B,B,A,H,-,A,A,0,Y,,,,Y,,A,01,0,1,0,0,1,0,0,0,0,"- ","- ",,,"SAN FRANCISCO","SAN FRANCISCO",-122.41558837890625,37.769515991210938
9543252,2022,2023-02-06,3801,2022-12-11,2146,1926,NORTH,7,5,7,3801,0,0,0,,0,3E13E,"HAYES ST","STEINER ST",0.00,,Y,B,C,N,,,,,,,,,,N,4,0,1,2,A,-,09,21800,A,N,D,C,A,B,H,-,C,A,0,,,,,Y,,A,01,0,0,1,0,0,0,0,0,0,"- ","- ",,,"SAN FRANCISCO","SAN FRANCISCO",-122.43283081054688,37.775611877441406
9543253,2022,2023-02-06,3801,2022-12-11,1005,1906,PARK,7,5,7,3801,0,0,0,,0,3F3,"OFARRELL ST","MASONIC AV",160.00,E,N,A,-,N,,,,,,,,,,N,4,0,1,2,D,-,00,,,N,B,C,A,B,H,-,A,D,0,,,Y,,Y,,-,"- ",0,0,1,0,0,0,0,0,1,"- ","- ",,,"SAN FRANCISCO","SAN FRANCISCO",-122.44699859619141,37.781124114990234
9543254,2022,2023-02-06,3801,2022-12-12,0106,1078,PARK,1,5,7,3801,0,0,0,,0,3F13E,"MASONIC AV","FELL ST",73.00,N,N,C,-,N,,,,,,,,,,Y,4,0,1,1,A,-,03,22350,,N,A,I,A,B,H,-,C,A,0,,,,,Y,,A,01,0,0,1,0,0,0,0,0,0,"- ","- ",,,"SAN FRANCISCO","SAN FRANCISCO",-122.44596099853516,37.773178100585938
9543255,2022,2023-02-06,3801,2022-12-10,2004,2740,TARAV,6,5,7,3801,0,0,0,,0,0I2,"20TH AV","RIVERA ST",301.00,S,N,C,-,N,,,,,,,,,,N,4,0,1,1,A,-,08,22107,,N,E,I,A,B,H,-,C,D,0,,,,,Y,,A,01,0,0,1,0,0,0,0,0,0,"- ","- ",,,"SAN FRANCISCO","SAN FRANCISCO",-122.47697448730469,37.745895385742188
9543257,2022,2023-02-06,3801,2022-12-10,1514,577,TARAV,6,5,7,3801,0,0,0,,0,1514,"TARAVAL ST","SUNSET BL",0.00,,Y,B,C,N,,,,,,,,,,Y,4,0,1,2,A,-,09,21800,A,N,D,C,A,B,H,-,A,B,0,,,,,Y,,A,01,0,0,1,0,0,0,0,0,0,"- ","- ",,,"SAN FRANCISCO","SAN FRANCISCO",-122.49452972412109,37.742210388183594
9543258,2022,2023-02-06,3801,2022-12-07,1205,1540,TARAV,3,5,7,3801,0,0,0,,0,3I11A,"TARAVAL ST","18TH AV",75.00,W,N,A,-,N,,,,,,,,,,Y,4,0,1,1,A,-,08,22107,,N,-,I,A,A,H,-,A,D,0,,,,,Y,,A,01,0,0,1,0,0,0,0,0,0,"- ","- ",,,"SAN FRANCISCO","SAN FRANCISCO",-122.47488403320312,37.743141174316406