CASE_ID,ACCIDENT_YEAR,PROC_DATE,JURIS,COLLISION_DATE,COLLISION_TIME,OFFICER_ID,REPORTING_DISTRICT,DAY_OF_WEEK,CHP_SHIFT,POPULATION,CNTY_CITY_LOC,SPECIAL_COND,BEAT_TYPE,CHP_BEAT_TYPE,CITY_DIVISION_LAPD,CHP_BEAT_CLASS,BEAT_NUMBER,PRIMARY_RD,SECONDARY_RD,DISTANCE,DIRECTION,INTERSECTION,WEATHER_1,WEATHER_2,STATE_HWY_IND,CALTRANS_COUNTY,CALTRANS_DISTRICT,STATE_ROUTE,ROUTE_SUFFIX,POSTMILE_PREFIX,POSTMILE,LOCATION_TYPE,RAMP_INTERSECTION,SIDE_OF_HWY,TOW_AWAY,COLLISION_SEVERITY,NUMBER_KILLED,NUMBER_INJURED,PARTY_COUNT,PRIMARY_COLL_FACTOR,PCF_CODE_OF_VIOL,PCF_VIOL_CATEGORY,PCF_VIOLATION,PCF_VIOL_SUBSECTION,HIT_AND_RUN,TYPE_OF_COLLISION,MVIW,PED_ACTION,ROAD_SURFACE,ROAD_COND_1,ROAD_COND_2,LIGHTING,CONTROL_DEVICE,CHP_ROAD_TYPE,PEDESTRIAN_ACCIDENT,BICYCLE_ACCIDENT,MOTORCYCLE_ACCIDENT,TRUCK_ACCIDENT,NOT_PRIVATE_PROPERTY,ALCOHOL_INVOLVED,STWD_VEHTYPE_AT_FAULT,CHP_VEHTYPE_AT_FAULT,COUNT_SEVERE_INJ,COUNT_VISIBLE_INJ,COUNT_COMPLAINT_PAIN,COUNT_PED_KILLED,COUNT_PED_INJURED,COUNT_BICYCLIST_KILLED,COUNT_BICYCLIST_INJURED,COUNT_MC_KILLED,COUNT_MC_INJURED,PRIMARY_RAMP,SECONDARY_RAMP,LATITUDE,LONGITUDE,COUNTY,CITY,POINT_X,POINT_Y
9545561,2023,2023-03-04,3801,2023-01-07,1153,1496,INGLE,6,5,7,3801,0,0,0,,0,0H5,"GENEVA AV","GENEVA AV 968",0.00,,N,B,-,N,,,,,,,,,,Y,4,0,1,2,A,-,04,21703,,F,C,C,A,B,H,-,A,D,0,,,,,Y,,-,"- ",0,0,1,0,0,0,0,0,0,"- ","- ",,,"SAN FRANCISCO","SAN FRANCISCO",,
9545562,2023,2023-03-04,3801,2023-01-15,1041,993,SOUTH,7,5,7,3801,0,0,0,,0,4CAR,"10TH ST","FOLSOM ST",0.00,,Y,B,-,N,,,,,,,,,,Y,4,0,2,3,A,-,12,21453,A,N,D,C,A,B,H,-,A,A,0,,,,,Y,,-,"- ",0,0,2,0,0,0,0,0,0,"- ","- ",,,"SAN FRANCISCO","SAN FRANCISCO",-122.41281890869141,37.772819519042969
9545563,2023,2023-03-04,3801,2023-01-07,2007,539,NORTH,6,5,7,3801,0,0,0,,0,,"VAN NESS AV","EDDY ST",0.00,,Y,B,C,N,,,,,,,,,,Y,4,0,1,2,A,-,12,21453,A,F,-,C,A,B,H,-,C,A,0,,,,,Y,,A,01,0,0,1,0,0,0,0,0,0,"- ","- ",,,"SAN FRANCISCO","SAN FRANCISCO",-122.42076110839844,37.782890319824219
9545564,2023,2023-03-04,3801,2023-01-07,2109,460,INGL,6,5,7,3801,0,0,0,,0,3H16E,"LELAND AV","RUTLAND ST",0.00,,Y,C,-,N,,,,,,,,,,Y,3,0,3,2,A,-,12,22450,A,N,D,C,A,B,H,-,C,A,0,,,,,Y,,A,01,0,1,2,0,0,0,0,0,0,"- ","- ",,,"SAN FRANCISCO","SAN FRANCISCO",-122.40736389160156,37.712554931640625
9545566,2023,2023-03-04,3801,2023-01-06,"910 ",1530,BAYVI,5,5,7,3801,0,0,0,,0,3C13A,"3RD ST","HUDSON AV",80.00,S,N,B,-,N,,,,,,,,,,N,4,0,1,2,A,-,08,22107,,F,B,C,A,B,H,-,A,A,0,,,,,Y,,A,07,0,0,1,0,0,0,0,0,0,"- ","- ",,,"SAN FRANCISCO","SAN FRANCISCO",-122.38890075683594,37.740165710449219
9545567,2023,2023-03-04,3801,2023-01-06,"637 ",1519,BAYVI,5,5,7,3801,0,0,0,,0,,"3RD ST","PAUL AV",0.00,,Y,B,-,N,,,,,,,,,,N,3,0,1,2,A,-,11,21453,D,N,G,B,B,A,H,-,C,A,0,Y,,,,Y,,N,60,0,1,0,0,1,0,0,0,0,"- ","- ",,,"SAN FRANCISCO","SAN FRANCISCO",-122.395751953125,37.722412109375
9545569,2023,2023-03-04,3801,2023-01-06,"743 ",2453,MISSI,5,5,7,3801,0,0,0,,0,3D13A,"FOLSOM ST","19TH ST",132.00,N,N,A,-,N,,,,,,,,,,N,4,0,1,2,A,-,08,22102,,N,B,J,A,B,H,-,A,D,0,,,,,Y,,A,01,0,0,1,0,0,0,0,0,0,"- ","- ",,,"SAN FRANCISCO","SAN FRANCISCO",-122.41485595703125,37.760852813720703
9545570,2023,2023-03-04,3801,2023-01-06,1943,2745,TENDE,5,5,7,3801,0,0,0,,0,3J91D,"EDDY ST","LARKIN ST",60.00,E,N,A,-,N,,,,,,,,,,N,4,0,1,2,A,-,11,21954,A,N,G,B,D,A,H,-,C,D,0,Y,,,,Y,,N,60,0,0,1,0,1,0,0,0,0,"- ","- ",,,"SAN FRANCISCO","SAN FRANCISCO",-122.41731262207031,37.783329010009766
9545571,2023,2023-03-04,3801,2023-01-06,"817 ",5,NORTH,5,5,7,3801,0,0,0,,0,3E12A,"EDDY ST","BUCHANAN ST",0.00,,N,A,-,N,,,,,,,,,,N,3,0,1,2,A,-,17,21235,G,N,D,C,A,A,H,-,A,D,0,,,,,Y,,M,94,0,1,0,0,0,0,0,0,0,"- ","- ",,,"SAN FRANCISCO","SAN FRANCISCO",-122.42903137207031,37.781837463378906
9545573,2023,2023-03-04,3801,2023-01-04,1030,1605,NORTH,3,5,7,3801,0,0,0,,0,3E12A,"WEBSTER ST","MCALLISTER ST",0.00,,Y,C,-,N,,,,,,,,,,N,4,0,1,2,A,-,03,22350,,N,H,-,A,B,H,-,A,A,0,,Y,,,Y,,L,04,0,0,1,0,0,0,1,0,0,"- ","- ",,,"SAN FRANCISCO","SAN FRANCISCO",-122.43010711669922,37.778839111328125
9545574,2023,2023-03-04,3801,2023-01-05,1942,2390,MISSI,4,5,7,3801,0,0,0,,0,3D11D,"DOLORES ST","14TH ST",0.00,,Y,A,-,N,,,,,,,,,,N,4,0,1,2,A,-,09,21801,A,F,C,C,A,A,H,-,C,A,0,,,,,Y,Y,-,,0,0,1,0,0,0,0,0,0,"- ","- ",,,"SAN FRANCISCO","SAN FRANCISCO",-122.42677307128906,37.767879486083984
9545575,2023,2023-03-04,3801,2023-01-09,"446 ",4103,MISSI,1,5,7,3801,0,0,0,,0,,"POTRERO AV","19TH ST",0.00,,N,C,-,N,,,,,,,,,,Y,4,0,1,2,A,-,09,21801,A,N,C,C,A,B,-,-,C,D,0,,,,,Y,,A,01,0,0,1,0,0,0,0,0,0,"- ","- ",,,"SAN FRANCISCO","SAN FRANCISCO",-122.40708923339844,37.760669708251953
9545576,2023,2023-03-04,3801,2023-01-23,1947,4047,MISSI,1,5,7,3801,0,0,0,,0,3D16D,"CASTRO ST","21ST ST",0.00,,Y,A,-,N,,,,,,,,,,Y,4,0,1,2,A,-,03,22350,,N,D,C,A,A,H,-,C,A,0,,,,,Y,,A,01,0,0,1,0,0,0,0,0,0,"- ","- ",,,"SAN FRANCISCO","SAN FRANCISCO",-122.43453979492188,37.756134033203125
9545577,2023,2023-03-04,3801,2023-01-20,"853 ",432,MISSI,5,5,7,3801,0,0,0,,0,D41A,"DIAMOND ST","JERSEY ST",0.00,,Y,A,-,N,,,,,,,,,,Y,3,0,1,2,A,-,03,22350,,N,C,E,A,A,H,-,A,D,0,,,,,Y,,A,01,0,1,0,0,0,0,0,0,0,"- ","- ",,,"SAN FRANCISCO","SAN FRANCISCO",-122.43622589111328,37.750354766845703
9545578,2023,2023-03-04,3801,2023-01-08,1718,2091,NORTH,7,5,7,3801,0,0,0,,0,3E15D,"BAKER ST","UNION ST",0.00,,N,A,-,N,,,,,,,,,,Y,4,0,1,2,D,-,00,,,N,D,E,A,A,H,-,C,D,0,,,,,Y,,-,"- ",0,0,1,0,0,0,0,0,0,"- ","- ",,,"SAN FRANCISCO","SAN FRANCISCO",-122.44541168212891,37.795833587646484
9545579,2023,2023-03-04,3801,2023-01-04,1803,359,TARAV,3,5,7,3801,0,0,0,,0,3I60,"OCEAN AV","LEE AV",0.00,,Y,C,-,N,,,,,,,,,,N,4,0,1,2,A,-,10,21950,A,N,G,B,B,B,H,-,C,A,0,Y,,,,Y,,A,01,0,0,1,0,1,0,0,0,0,"- ","- ",,,"SAN FRANCISCO","SAN FRANCISCO",-122.4541015625,37.723491668701172
9545581,2023,2023-02-17,3801,2023-01-08,1010,1657,BAYVI,7,5,7,3801,0,0,0,,0,3C14A,"UNIVERSITY ST","FELTON ST",0.00,,Y,A,-,N,,,,,,,,,,N,4,0,1,2,A,-,10,21950,A,N,G,B,B,A,H,-,A,A,0,Y,,,,Y,,A,01,0,0,1,0,1,0,0,0,0,"- ","- ",,,"SAN FRANCISCO","SAN FRANCISCO",-122.41447448730469,37.727470397949219
9545582,2023,2023-02-22,3801,2023-01-08,1456,1355,TARAV,7,5,7,3801,0,0,0,,0,3113B,"GREAT HWY","LINCOLN WY",16.00,S,N,A,-,N,,,,,,,,,,N,3,0,2,2,-,-,"- ",,,N,A,G,A,A,H,-,A,-,0,,Y,,,Y,,-,"- ",0,1,1,0,0,0,2,0,0,"- ","- ",,,"SAN FRANCISCO","SAN FRANCISCO",-122.51044464111328,37.763996124267578
9545583,2023,2023-02-17,3801,2023-01-12,1409,1530,BAYVI,4,5,7,3801,0,0,0,,0,3C13A,"25TH ST","3RD ST",0.00,,Y,A,-,N,,,,,,,,,,N,3,0,1,2,A,-,12,21453,A,F,D,J,A,A,H,-,A,A,0,,,,,Y,,A,01,0,1,0,0,0,0,0,0,0,"- ","- ",,,"SAN FRANCISCO","SAN FRANCISCO",-122.38787841796875,37.752838134765625
9545584,2023,2023-02-21,3801,2023-01-08,1813,2733,TARAV,7,5,7,3801,0,0,0,,0,0II,"19TH AV","NORIEGA ST",0.00,,Y,A,-,N,,,,,,,,,,N,4,0,1,2,A,-,04,21703,,N,C,C,A,A,H,-,C,A,0,,,,,Y,,A,01,0,0,1,0,0,0,0,0,0,"- ","- ",,,"SAN FRANCISCO","SAN FRANCISCO",-122.4764404296875,37.754215240478516
9545585,2023,2023-02-21,3801,2023-01-12,1933,460,INGLE,4,5,7,3801,0,0,0,,0,3H15D,"MISSION ST","ITALY AV",0.00,,Y,A,-,N,,,,,,,,,,Y,3,0,1,2,A,-,03,22350,,N,C,C,A,A,H,-,C,D,0,,,Y,,Y,,C,02,0,1,0,0,0,0,0,0,1,"- ","- ",,,"SAN FRANCISCO","SAN FRANCISCO",-122.43952941894531,37.718467712402344
9545586,2023,2023-02-17,3801,2023-01-14,"645 ",1897,INGLE,6,5,7,3801,0,0,0,,0,3H12A,"SAN JOSE AV","SAN JOSE AV 1785",0.00,,Y,C,-,N,,,,,,,,,,Y,4,0,1,1,A,-,07,21658,A,N,E,I,A,B,H,-,C,A,0,,,,,Y,,A,01,0,0,1,0,0,0,0,0,0,"- ","- ",,,"SAN FRANCISCO","SAN FRANCISCO",-122.45581817626953,37.71124267578125
9545587,2023,2023-02-17,3801,2023-01-15,2300,2463,SOUTH,7,5,7,3801,0,0,0,,0,3B15E,"16TH ST","WISCONSIN ST",0.00,,Y,C,-,N,,,,,,,,,,Y,4,0,1,1,-,-,"- ",,,N,A,I,A,B,H,-,C,A,0,,,,,Y,,-,"- ",0,0,1,0,0,0,0,0,0,"- ","- ",,,"SAN FRANCISCO","SAN FRANCISCO",-122.39974975585938,37.766269683837891
9545588,2023,2023-02-23,3801,2023-01-27,1239,2706,MISSI,5,5,7,3801,0,0,0,,0,3D15A,"DUBOCE AV","WOODWARD ST",0.00,,Y,A,-,N,,,,,,,,,,N,4,0,2,3,A,-,07,21658,A,N,D,G,A,A,H,-,A,D,0,,Y,Y,,Y,,L,04,0,0,2,0,0,0,1,0,1,"- ","- ",,,"SAN FRANCISCO","SAN FRANCISCO",-122.42092132568359,37.769939422607422
9545589,2023,2023-03-01,3801,2023-01-14,1209,4356,INGLE,6,5,7,3801,0,0,0,,0,3H15A,"MISSION ST","ALLISON ST",0.00,,Y,B,-,N,,,,,,,,,,N,4,0,3,2,A,-,12,21453,A,N,D,C,A,B,H,-,A,A,0,,,,,Y,,A,01,0,0,3,0,0,0,0,0,0,"- ","- ",,,"SAN FRANCISCO","SAN FRANCISCO",-122.44264984130859,37.714607238769531
9545590,2023,2023-02-21,3801,2023-01-15,"501 ",1463,SOUTH,7,5,7,3801,0,0,0,,0,0B2,"BRYANT ST","5TH ST",0.00,,Y,B,-,N,,,,,,,,,,Y,4,0,4,2,-,-,"- ",,,N,D,C,A,B,H,-,C,A,0,,,,,Y,,-,"- ",0,0,4,0,0,0,0,0,0,"- ","- ",,,"SAN FRANCISCO","SAN FRANCISCO",-122.40029144287109,37.777797698974609
9545591,2023,2023-02-17,3801,2023-01-01,1940,1183,MISSI,7,5,7,3801,0,0,0,,0,4CAR,"GUERRERO ST","25TH ST",0.00,,Y,A,-,N,,,,,,,,,,N,4,0,2,2,A,-,04,21703,,M,C,C,A,A,H,-,C,A,0,,,,,Y,,A,01,0,0,2,0,0,0,0,0,0,"- ","- ",,,"SAN FRANCISCO","SAN FRANCISCO",-122.42272186279297,37.750392913818359
9545592,2023,2023-02-17,3801,2023-01-12,1400,82,MISSI,4,5,7,3801,0,0,0,,0,3D45C,"SOUTH VAN NESS AV","17TH ST",42.00,S,N,A,-,N,,,,,,,,,,Y,4,0,1,2,A,-,03,22350,,F,C,C,A,A,H,-,A,A,0,,,,,Y,,A,01,0,0,1,0,0,0,0,0,0,"- ","- ",,,"SAN FRANCISCO","SAN FRANCISCO",-122.41732788085938,37.763442993164062
9545593,2023,2023-02-22,3801,2023-01-28,1045,4026,BAYVI,6,5,7,3801,0,0,0,,0,3C11A,"TENNESSEE ST","MARIPOSA ST",40.00,S,N,A,-,N,,,,,,,,,,N,4,0,1,2,A,-,05,21650,,F,B,G,A,A,H,-,A,D,0,,Y,,,Y,Y,A,01,0,0,1,0,0,0,1,0,0,"- ","- ",,,"SAN FRANCISCO","SAN FRANCISCO",-122.38985443115234,37.76416015625
9545594,2023,2023-02-17,3801,2023-01-21,"230 ",2307,NORTH,6,5,7,3801,0,0,0,,0,3E12E,"STEINER ST","WILMOT ST",0.00,,Y,A,-,N,,,,,,,,,,Y,2,0,2,3,A,-,01,23153,A,N,C,E,A,A,H,-,C,A,0,,,,,Y,Y,A,01,1,1,0,0,0,0,0,0,0,"- ","- ",,,"SAN FRANCISCO","SAN FRANCISCO",-122.43519592285156,37.787284851074219
9545595,2023,2023-02-17,3801,2023-01-28,1653,2705,BAYVI,6,5,7,3801,0,0,0,,0,3C11D,"CORAL RD","CAROLINA ST",0.00,,Y,A,-,N,,,,,,,,,,Y,4,0,1,2,A,-,03,22350,,F,D,C,A,-,H,-,A,D,0,,,,,Y,,A,07,0,0,1,0,0,0,0,0,0,"- ","- ",,,"SAN FRANCISCO","SAN FRANCISCO",-122.39952850341797,37.753894805908203
9545596,2023,2023-02-21,3801,2023-01-18,1129,1605,NORTH,3,5,7,3801,0,0,0,,0,3E1A,"FELL ST","VAN NESS AV",0.00,,Y,A,-,N,,,,,,,,,,N,3,0,1,2,A,-,08,22100,A,N,D,C,A,A,H,-,A,A,0,,,Y,,Y,,A,01,0,1,0,0,0,0,0,0,1,"- ","- ",,,"SAN FRANCISCO","SAN FRANCISCO",-122.41950225830078,37.776382446289062
9545597,2023,2023-02-21,3801,2023-01-28,1230,1503,BAYVI,6,5,7,3801,0,0,0,,0,3C13A,"SAN JOSE AV","ALEMANY BL",59.00,S,N,A,-,N,,,,,,,,,,N,4,0,1,2,A,-,08,22107,,N,B,C,A,A,H,-,A,D,0,,,,,Y,,A,01,0,0,1,0,0,0,0,0,0,"- ","- ",,,"SAN FRANCISCO","SAN FRANCISCO",-122.45722961425781,37.709945678710938
9545598,2023,2023-02-21,3801,2023-01-28,1533,2118,SOUTH,6,5,7,3801,0,0,0,,0,3B12D,"HAWTHORNE ST","FOLSOM ST",0.00,,Y,A,-,N,,,,,,,,,,Y,4,0,2,2,A,-,12,21453,A,N,D,C,A,A,H,-,A,A,0,,,,,Y,,A,01,0,0,2,0,0,0,0,0,0,"- ","- ",,,"SAN FRANCISCO","SAN FRANCISCO",-122.39783477783203,37.784683227539062
9545599,2023,2023-02-21,3801,2023-01-22,1837,375,BAYVI,7,5,7,3801,0,0,0,,0,3C13D,"OAKDALE AV","3RD ST",115.00,W,N,A,-,N,,,,,,,,,,Y,4,0,1,2,A,-,01,23153,,N,C,C,A,A,H,-,C,A,0,,,,,Y,Y,A,01,0,0,1,0,0,0,0,0,0,"- ","- ",,,"SAN FRANCISCO","SAN FRANCISCO",-122.39109039306641,37.735015869140625
9545600,2023,2023-02-17,3801,2023-01-23,1816,1527,NORTH,1,5,7,3801,0,0,0,,0,0E3,"POLK ST","MCALLISTER ST",0.00,,Y,A,-,N,,,,,,,,,,N,4,0,1,2,A,-,08,22107,,N,G,B,B,A,H,-,C,A,0,Y,,,,Y,,A,01,0,0,1,0,1,0,0,0,0,"- ","- ",,,"SAN FRANCISCO","SAN FRANCISCO",-122.41860198974609,37.7802734375
9545604,2022,2023-02-10,3801,2022-11-26,1527,2725,RICHM,6,5,7,3801,0,0,0,,0,,"CLAY ST","LAUREL ST",103.00,W,N,A,-,N,,,,,,,,,,N,3,0,1,2,A,-,09,21804,A,N,D,G,A,A,H,-,A,D,0,,Y,,,Y,,L,04,0,1,0,0,0,0,1,0,0,"- ","- ",,,"SAN FRANCISCO","SAN FRANCISCO",-122.45083618164062,37.788585662841797
9545625,2022,2023-02-14,3801,2022-12-31,0918,1783,BAYVI,6,5,7,3801,0,0,0,,0,3C12A,"MCKINNON AV","MENDELL ST",10.00,S,N,C,-,N,,,,,,,,,,Y,4,0,1,3,A,-,03,22350,,M,D,E,A,B,H,-,A,A,0,,,,,Y,,A,07,0,0,1,0,0,0,0,0,0,"- ","- ",,,"SAN FRANCISCO","SAN FRANCISCO",-122.38919067382812,37.735855102539062
9545632,2022,2023-02-10,3801,2022-12-13,1902,2132,PARK,2,5,7,3801,0,0,0,,0,3F12D,"4TH AV","PARNASSUS AV",0.00,,Y,A,-,N,,,,,,,,,,N,4,0,1,2,A,-,10,21950,A,N,G,B,B,A,H,-,A,D,0,Y,,,,Y,,A,08,0,0,1,0,1,0,0,0,0,"- ","- ",,,"SAN FRANCISCO","SAN FRANCISCO",-122.46089935302734,37.762649536132812
9545689,2022,2023-02-09,3801,2022-06-04,1016,2151,PARK,6,5,7,3801,0,0,0,,0,3F13A,"MASONIC AV","OAK ST",0.00,,Y,B,-,N,,,,,,,,,,N,4,0,1,2,A,-,11,21950,B,F,D,-,-,A,H,-,A,A,0,Y,,,,Y,,N,60,0,0,1,0,1,0,0,0,0,"- ","- ",,,"SAN FRANCISCO","SAN FRANCISCO",-122.44575500488281,37.772083282470703
9545691,2022,2023-02-09,3801,2022-08-04,0953,1605,NORTH,4,5,7,3801,0,0,0,,0,3E13A,"POLK ST","OFARRELL ST",102.00,S,N,A,-,N,,,,,,,,,,N,4,0,1,2,A,-,08,22107,,F,G,B,E,A,H,-,A,D,0,Y,,,,Y,,A,08,0,0,1,0,1,0,0,0,0,"- ","- ",,,"SAN FRANCISCO","SAN FRANCISCO",-122.41949462890625,37.784694671630859
9545692,2022,2023-02-09,3801,2022-07-11,1354,207,CENTR,1,5,7,3801,0,0,0,,0,3A46,"GEARY ST","KEARNY ST",15.00,W,N,A,-,N,,,,,,,,,,N,3,0,1,2,A,-,10,21950,A,F,G,B,B,A,H,-,A,A,0,Y,,,,Y,,-,,0,1,0,0,1,0,0,0,0,"- ","- ",,,"SAN FRANCISCO","SAN FRANCISCO",-122.403564453125,37.787944793701172
9545693,2022,2023-02-10,3801,2022-09-22,2130,899,NORTH,4,5,7,3801,0,0,0,,0,3E13E,"DIVISADERO ST","PINE ST",0.00,,Y,A,-,N,,,,,,,,,,N,4,0,1,2,A,-,12,21453,A,N,D,C,A,A,H,-,C,A,0,,,Y,,Y,,A,01,0,0,1,0,0,0,0,0,1,"- ","- ",,,"SAN FRANCISCO","SAN FRANCISCO",-122.44023895263672,37.787120819091797
9545694,2022,2023-02-09,3801,2022-09-22,1850,158,NORTH,4,5,7,3801,0,0,0,,0,3E14D,"BUSH ST","LAGUNA ST",0.00,,Y,A,-,N,,,,,,,,,,Y,4,0,3,2,A,-,04,21703,,N,C,C,A,A,H,-,A,A,0,,,,,Y,,A,07,0,0,3,0,0,0,0,0,0,"- ","- ",,,"SAN FRANCISCO","SAN FRANCISCO",-122.42852783203125,37.787651062011719
9545696,2022,2023-02-10,3801,2022-09-03,0053,1454,NORTH,6,5,7,3801,0,0,0,,0,3EJ6E,"WEBSTER ST","PINE ST",0.00,,Y,A,-,N,,,,,,,,,,Y,3,0,1,2,A,-,01,23153,A,N,C,C,A,A,H,-,C,A,0,,,,,Y,Y,A,01,0,1,0,0,0,0,0,0,0,"- ","- ",,,"SAN FRANCISCO","SAN FRANCISCO",-122.43199157714844,37.788154602050781
9545701,2022,2023-02-10,3801,2022-10-18,0830,2126,CENTR,2,5,7,3801,0,0,0,,0,,"KEARNY ST","CALIFORNIA ST",18.00,S,N,A,-,N,,,,,,,,,,N,4,0,1,2,A,-,07,21658,,N,B,G,A,A,H,-,A,A,0,,Y,,,Y,,L,04,0,0,1,0,0,0,1,0,0,"- ","- ",,,"SAN FRANCISCO","SAN FRANCISCO",-122.40437316894531,37.792629241943359
9545702,2022,2023-02-09,3801,2022-10-25,1210,2439,CENTR,2,5,7,3801,0,0,0,,0,3A46,"GEARY ST","POWELL ST",0.00,W,N,A,-,N,,,,,,,,,,N,4,0,1,2,A,-,06,21751,,F,B,E,A,A,H,-,A,D,0,,,,,Y,,-,,0,0,1,0,0,0,0,0,0,"- ","- ",,,"SAN FRANCISCO","SAN FRANCISCO",-122.40821075439453,37.787364959716797
9545703,2022,2023-02-09,3801,2022-10-22,1404,1358,TENDE,6,5,7,3801,0,0,0,,0,3J9C,"JONES ST","GOLDEN GATE AV",110.00,N,N,A,-,N,,,,,,,,,,N,3,0,1,2,A,-,09,21804,A,N,A,B,F,A,H,-,A,D,0,Y,,,,Y,,A,01,0,1,0,0,1,0,0,0,0,"- ","- ",37.782428741455078,-122.41240692138672,"SAN FRANCISCO","SAN FRANCISCO",-122.41228485107422,37.782379150390625
9545704,2022,2023-02-09,3801,2022-10-31,0738,2748,MISSI,1,5,7,3801,0,0,0,,0,3D14A,"13TH ST","MISSION ST",0.00,,Y,A,-,N,,,,,,,,,,N,4,0,1,2,A,-,12,21453,A,N,D,G,A,A,H,-,A,A,0,,Y,,,Y,Y,L,04,0,0,1,0,0,0,1,0,0,"- ","- ",,,"SAN FRANCISCO","SAN FRANCISCO",-122.419921875,37.769977569580078
9545706,2022,2023-02-09,3801,2022-10-27,1515,2231,SOUTH,4,5,7,3801,0,0,0,,0,3B12D,"3RD ST","HOWARD ST",0.00,,Y,A,-,N,,,,,,,,,,N,4,0,1,2,A,-,17,21663,,N,A,B,F,A,H,-,A,A,0,Y,,,,Y,Y,A,01,0,0,1,0,1,0,0,0,0,"- ","- ",,,"SAN FRANCISCO","SAN FRANCISCO",-122.40049743652344,37.785007476806641
9545721,2022,2023-02-09,3801,2022-12-23,0220,1496,INGLE,5,5,7,3801,0,0,0,,0,0H5,"ALEMANY BL","ALEMANY BL 2950",0.00,,-,A,-,N,,,,,,,,,,Y,4,0,1,3,A,-,08,22107,,N,D,E,A,A,H,-,C,A,0,,,,,Y,,A,01,0,0,1,0,0,0,0,0,0,"- ","- ",,,"SAN FRANCISCO","SAN FRANCISCO",-122.45372772216797,37.710872650146484
9545722,2022,2023-02-17,3801,2022-12-22,1946,1945,BAYVI,4,5,7,3801,0,0,0,,0,3C15D,"SAN BRUNO AV","SAN BRUNO AV 2675",0.00,,-,A,-,N,,,,,,,,,,Y,4,0,2,2,A,-,09,21804,A,N,D,C,A,A,H,-,C,D,0,,,,,Y,,A,01,0,0,2,0,0,0,0,0,0,"- ","- ",,,"SAN FRANCISCO","SAN FRANCISCO",-122.4119873046875,37.630592346191406
9545723,2022,2023-02-09,3801,2022-12-28,0240,1217,MISSI,3,5,7,3801,0,0,0,,0,3CAR,"CAPP ST","22ND ST",265.00,N,N,A,-,N,,,,,,,,,,Y,3,0,1,3,A,-,03,22350,A,F,C,E,A,A,H,-,C,D,0,,,,,Y,,A,08,0,1,0,0,0,0,0,0,0,"- ","- ",,,"SAN FRANCISCO","SAN FRANCISCO",-122.417724609375,37.756256103515625
9545724,2022,2023-02-09,3801,2022-12-29,1652,1845,TARAV,4,5,7,3801,0,0,0,,0,3I11D,"9TH AV","9TH AV 1349",0.00,,-,C,-,N,,,,,,,,,,N,4,0,1,1,A,-,08,22107,,N,F,A,A,B,H,-,C,A,0,,,Y,,Y,,C,02,0,0,1,0,0,0,0,0,1,"- ","- ",,,"SAN FRANCISCO","SAN FRANCISCO",-122.466263,37.763131000000001
9545725,2022,2023-02-13,3801,2022-12-29,1945,2341,INGLE,4,5,7,3801,0,0,0,,0,3H12C,"BOSWORTH ST","RT 280",0.00,,Y,C,-,N,,,,,,,,,,N,4,0,1,2,A,-,10,21950,A,N,G,B,B,B,H,-,C,D,0,Y,,,,Y,,A,01,0,0,1,0,1,0,0,0,0,"- ",SO,,,"SAN FRANCISCO","SAN FRANCISCO",,
9545726,2022,2023-02-21,3801,2022-12-29,1545,417,TARAV,4,5,7,3801,0,0,0,,0,3I16D,"DE LONG ST","FLOURNOY ST",0.00,,Y,C,-,N,,,,,,,,,,N,3,0,2,2,A,-,11,21954,A,N,D,B,A,B,H,-,A,D,0,,,,,Y,,M,94,0,2,0,0,0,0,0,0,0,"- ","- ",,,"SAN FRANCISCO","SAN FRANCISCO",-122.46332550048828,37.709659576416016
9545727,2022,2023-02-27,3801,2022-12-30,1420,993,SOUTH,5,5,7,3801,0,0,0,,0,4CAR,"SOUTH VAN NESS AV","12TH ST",0.00,,Y,C,-,N,,,,,,,,,,N,4,0,1,2,A,-,04,21703,,N,C,C,A,B,H,-,A,A,0,,,,,Y,,A,01,0,0,1,0,0,0,0,0,0,"- ","- ",,,"SAN FRANCISCO","SAN FRANCISCO",-122.41876983642578,37.773540496826172
9545728,2022,2023-02-09,3801,2022-12-30,0932,2707,TARAV,5,5,7,3801,0,0,0,,0,2CAR,"JUDAH ST","20TH AV",0.00,,Y,C,-,N,,,,,,,,,,N,4,0,1,2,A,-,09,21800,A,N,D,G,A,B,H,-,A,A,0,,Y,,,Y,,A,08,0,0,1,0,0,0,1,0,0,"- ","- ",,,"SAN FRANCISCO","SAN FRANCISCO",-122.47808837890625,37.761650085449219
9545729,2022,2023-02-09,3801,2022-12-27,1330,2089,CENTR,2,5,7,3801,0,0,0,,0,COA5CA,"BATTERY ST","WASHINGTON ST",0.00,,Y,A,-,N,,,,,,,,,,Y,4,0,2,2,A,-,12,21453,A,N,D,C,A,A,H,-,A,A,0,,,,,Y,,A,07,0,0,2,0,0,0,0,0,0,"- ","- ",,,"SAN FRANCISCO","SAN FRANCISCO",-122.40049743652344,37.795886993408203
9545730,2022,2023-02-09,3801,2022-12-30,2230,1548,SOUTH,5,5,7,3801,0,0,0,,0,3B12E,"MISSION ST","7TH ST",0.00,,Y,C,-,N,,,,,,,,,,N,4,0,1,2,A,-,11,21453,D,N,G,B,C,B,H,-,C,A,0,Y,,,,Y,,N,60,0,0,1,0,1,0,0,0,0,"- ","- ",,,"SAN FRANCISCO","SAN FRANCISCO",-122.41089630126953,37.779209136962891
9545731,2022,2023-02-09,3801,2022-12-28,0802,4286,RICHM,3,5,7,3801,0,0,0,,0,0G4,"20TH AV","CALIFORNIA ST",270.00,S,N,A,-,N,,,,,,,,,,N,4,0,2,2,A,-,21,22106,,N,D,C,A,A,H,-,A,D,0,,,,,Y,,A,01,0,0,2,0,0,0,0,0,0,"- ","- ",,,"SAN FRANCISCO","SAN FRANCISCO",-122.4796142578125,37.783378601074219