CASE_ID,ACCIDENT_YEAR,PROC_DATE,JURIS,COLLISION_DATE,COLLISION_TIME,OFFICER_ID,REPORTING_DISTRICT,DAY_OF_WEEK,CHP_SHIFT,POPULATION,CNTY_CITY_LOC,SPECIAL_COND,BEAT_TYPE,CHP_BEAT_TYPE,CITY_DIVISION_LAPD,CHP_BEAT_CLASS,BEAT_NUMBER,PRIMARY_RD,SECONDARY_RD,DISTANCE,DIRECTION,INTERSECTION,WEATHER_1,WEATHER_2,STATE_HWY_IND,CALTRANS_COUNTY,CALTRANS_DISTRICT,STATE_ROUTE,ROUTE_SUFFIX,POSTMILE_PREFIX,POSTMILE,LOCATION_TYPE,RAMP_INTERSECTION,SIDE_OF_HWY,TOW_AWAY,COLLISION_SEVERITY,NUMBER_KILLED,NUMBER_INJURED,PARTY_COUNT,PRIMARY_COLL_FACTOR,PCF_CODE_OF_VIOL,PCF_VIOL_CATEGORY,PCF_VIOLATION,PCF_VIOL_SUBSECTION,HIT_AND_RUN,TYPE_OF_COLLISION,MVIW,PED_ACTION,ROAD_SURFACE,ROAD_COND_1,ROAD_COND_2,LIGHTING,CONTROL_DEVICE,CHP_ROAD_TYPE,PEDESTRIAN_ACCIDENT,BICYCLE_ACCIDENT,MOTORCYCLE_ACCIDENT,TRUCK_ACCIDENT,NOT_PRIVATE_PROPERTY,ALCOHOL_INVOLVED,STWD_VEHTYPE_AT_FAULT,CHP_VEHTYPE_AT_FAULT,COUNT_SEVERE_INJ,COUNT_VISIBLE_INJ,COUNT_COMPLAINT_PAIN,COUNT_PED_KILLED,COUNT_PED_INJURED,COUNT_BICYCLIST_KILLED,COUNT_BICYCLIST_INJURED,COUNT_MC_KILLED,COUNT_MC_INJURED,PRIMARY_RAMP,SECONDARY_RAMP,LATITUDE,LONGITUDE,COUNTY,CITY,POINT_X,POINT_Y
9545732,2022,2023-02-09,3801,2022-12-30,1710,713,CENTR,5,5,7,3801,0,0,0,,0,3A14D,DAVIS,"SACRAMENTO ST",0.00,,Y,C,-,N,,,,,,,,,,N,4,0,1,2,A,-,10,21950,A,N,G,B,B,B,H,-,C,A,0,Y,,,,Y,,A,01,0,0,1,0,1,0,0,0,0,"- ","- ",,,"SAN FRANCISCO","SAN FRANCISCO",-122.39778900146484,37.794490814208984
9545734,2022,2023-02-09,3801,2022-12-04,1830,2056,SOUTH,7,5,7,3801,0,0,0,,0,4CAR,"8TH ST","FOLSOM ST",0.00,,Y,A,-,N,,,,,,,,,,N,4,0,1,2,A,-,09,21804,,N,G,B,B,A,H,-,B,A,0,Y,,,,Y,,-,,0,0,1,0,1,0,0,0,0,"- ","- ",,,"SAN FRANCISCO","SAN FRANCISCO",-122.41004943847656,37.774990081787109
9545735,2022,2023-02-09,3801,2022-12-31,1815,2147,NORTH,6,5,7,3801,0,0,0,,0,5CAR,"ALHAMBRA ST","MALLORCA WY",0.00,,Y,C,-,N,,,,,,,,,,N,3,0,1,2,A,-,10,21950,A,N,G,B,B,B,H,-,D,A,0,Y,,,,Y,,A,01,0,1,0,0,1,0,0,0,0,"- ","- ",,,"SAN FRANCISCO","SAN FRANCISCO",-122.43797302246094,37.802555084228516
9545736,2022,2023-02-09,3801,2022-12-28,1110,4276,NORTH,3,5,7,3801,0,0,0,,0,,"POLK ST","CHESTNUT ST",0.00,,Y,A,-,N,,,,,,,,,,,3,0,1,2,A,-,11,21950,B,N,G,B,B,A,H,-,A,A,0,Y,,,,Y,,A,01,0,1,0,0,1,0,0,0,0,"- ","- ",,,"SAN FRANCISCO","SAN FRANCISCO",-122.42308044433594,37.802494049072266
9545737,2022,2023-03-01,3801,2022-12-11,2055,400,SOUTH,7,5,7,3801,0,0,0,,0,3B14E,"VAN NESS AV","MARKET ST",0.00,,Y,C,-,Y,SF,4,101,-,T,4.860,I,5,N,Y,3,0,1,1,A,-,03,22350,,N,H,I,A,B,H,-,C,A,0,,,Y,,Y,,C,03,0,1,0,0,0,0,0,0,1,"- ","- ",,,"SAN FRANCISCO","SAN FRANCISCO",-122.41921997070312,37.77520751953125
9545738,2022,2023-02-09,3801,2022-12-24,1650,4253,INGLE,6,5,7,3801,0,0,0,,0,01H,"MISSION ST","LEESE ST",30.00,S,N,A,-,N,,,,,,,,,,Y,3,0,4,2,A,-,08,22107,,N,B,C,A,A,H,-,B,D,0,,,,,Y,,A,01,0,3,1,0,0,0,0,0,0,"- ","- ",,,"SAN FRANCISCO","SAN FRANCISCO",-122.42407989501953,37.737129211425781
9545739,2022,2023-02-21,3801,2022-12-22,1706,1878,SOUTH,4,5,7,3801,0,0,0,,0,0B4,"11TH ST","HARRISON ST",0.00,,Y,A,-,N,,,,,,,,,,N,3,0,1,2,A,-,03,22350,,N,D,C,A,A,H,-,C,A,0,,,Y,,Y,,C,02,0,1,0,0,0,0,0,0,1,"- ","- ",,,"SAN FRANCISCO","SAN FRANCISCO",-122.41246795654297,37.770633697509766
9545741,2022,2023-02-09,3801,2022-12-31,1220,2466,RICHM,6,5,7,3801,0,0,0,,0,TWO,"GEARY BL","WOOD ST",0.00,,Y,C,-,N,,,,,,,,,,N,4,0,2,2,A,-,08,22107,,N,B,C,A,B,H,-,A,D,0,,,,,Y,,A,01,0,0,2,0,0,0,0,0,0,"- ","- ",,,"SAN FRANCISCO","SAN FRANCISCO",-122.4490966796875,37.782352447509766
9545742,2022,2023-03-01,3801,2022-12-03,0300,2113,BAYVI,6,5,7,3801,0,0,0,,0,3C12E,"ALEMANY BL","RT 280",0.00,,Y,C,-,Y,SF,4,280,-,R,3.750,R,4,N,Y,4,0,1,2,A,-,17,22109,,N,C,C,A,B,H,-,D,D,0,,,,,Y,,A,01,0,0,1,0,0,0,0,0,0,"- ",NO,,,"SAN FRANCISCO","SAN FRANCISCO",-122.41666412353516,37.731864929199219
9545743,2022,2023-02-09,3801,2022-12-22,1343,707,TRAFF,4,5,7,3801,0,0,0,,0,4B1C,"POWELL ST","OFARRELL ST",0.00,,Y,A,-,N,,,,,,,,,,Y,3,0,1,2,A,-,01,23153,F,N,C,C,A,A,H,-,A,D,0,,,,,Y,,A,01,0,1,0,0,0,0,0,0,0,"- ","- ",,,"SAN FRANCISCO","SAN FRANCISCO",-122.40802764892578,37.78643798828125
9545744,2022,2023-02-09,3801,2022-12-22,2009,4239,PARK,4,5,7,3801,0,0,0,,0,3F14D,"BUCHANAN ST","WALLER ST",76.00,S,N,B,-,N,,,,,,,,,,Y,3,0,1,1,A,-,01,23152,A,N,A,I,A,A,H,-,C,D,0,,,,,Y,Y,A,01,0,1,0,0,0,0,0,0,0,"- ","- ",,,"SAN FRANCISCO","SAN FRANCISCO",-122.42692565917969,37.771404266357422
9545746,2022,2023-02-09,3801,2022-12-24,1534,1435,TRAFF,6,5,7,3801,0,0,0,,0,4B4C,"EDDY ST","MASON ST",148.00,W,N,A,-,N,,,,,,,,,,N,4,0,1,2,A,-,11,21955,,F,G,B,D,A,H,-,A,A,0,Y,,,,Y,,N,60,0,0,1,0,1,0,0,0,0,"- ","- ",,,"SAN FRANCISCO","SAN FRANCISCO",-122.40980529785156,37.784309387207031
9545747,2022,2023-02-09,3801,2022-12-11,0009,A23187,CENTR,7,5,7,3801,0,0,0,,0,3A11E,"WENTWORTH ST","JACKSON ST",10.00,S,N,C,-,N,,,,,,,,,,N,4,0,1,2,A,-,11,21954,A,N,G,B,D,B,H,-,C,D,0,Y,,,,Y,,N,60,0,0,1,0,1,0,0,0,0,"- ","- ",,,"SAN FRANCISCO","SAN FRANCISCO",-122.40621185302734,37.796043395996094
9545748,2022,2023-02-09,3801,2022-12-11,0909,1514,MISSI,7,5,7,3801,0,0,0,,0,006,"19TH ST","S VAN NESS AV",46.00,W,N,A,-,N,,,,,,,,,,Y,4,0,1,2,A,-,01,23152,A,F,C,C,A,A,H,-,A,D,0,,,,,Y,Y,A,07,0,0,1,0,0,0,0,0,0,"- ","- ",,,"SAN FRANCISCO","SAN FRANCISCO",-122.41722106933594,37.760349273681641
9545751,2022,2023-02-09,3801,2022-12-06,1704,670,INGLE,2,5,7,3801,0,0,0,,0,3H13D,"MONTEREY BL","RIDGEWOOD AV",0.00,,Y,A,-,N,,,,,,,,,,N,4,0,1,2,A,-,10,21950,A,N,G,B,B,A,H,-,C,A,0,Y,,,,Y,,A,01,0,0,1,0,1,0,0,0,0,"- ","- ",,,"SAN FRANCISCO","SAN FRANCISCO",-122.45339965820312,37.731517791748047
9545752,2022,2023-02-09,3801,2022-12-29,2234,766,CENTR,4,5,7,3801,0,0,0,,0,3A14E,"BATTERY ST","PACIFIC AV",0.00,,Y,C,-,N,,,,,,,,,,N,3,0,2,3,A,-,10,21950,A,N,G,B,B,B,H,-,C,A,0,Y,,,,Y,,A,07,0,1,1,0,2,0,0,0,0,"- ","- ",,,"SAN FRANCISCO","SAN FRANCISCO",-122.40087890625,37.797679901123047
9545753,2022,2023-02-09,3801,2022-12-22,0825,1796,RICHM,4,5,7,3801,0,0,0,,0,3G14A,"CLEMENT ST","28TH AV",0.00,,Y,B,-,N,,,,,,,,,,Y,4,0,1,3,A,-,12,22450,A,N,D,C,A,A,H,-,A,D,0,,,,,Y,,-,,0,0,1,0,0,0,0,0,0,"- ","- ",,,"SAN FRANCISCO","SAN FRANCISCO",-122.48807525634766,37.781856536865234
9545754,2022,2023-02-17,3801,2022-12-29,1134,2376,SOUTH,4,5,7,3801,0,0,0,,0,3B12A,"BRYANT ST","RINCON ALLEY",0.00,,Y,C,-,N,,,,,,,,,,Y,4,0,1,2,A,-,08,22107,,N,D,C,A,-,H,-,A,D,0,,,,,Y,,-,"- ",0,0,1,0,0,0,0,0,0,"- ","- ",,,"SAN FRANCISCO","SAN FRANCISCO",-122.39212799072266,37.784233093261719
9545755,2022,2023-02-09,3801,2022-12-16,0812,1015,PARK,5,5,7,3801,0,0,0,,0,1CAR,"7TH AV","LAWTON ST",400.00,S,N,A,-,N,,,,,,,,,,Y,4,0,2,3,A,-,04,21703,,N,-,C,A,A,H,-,A,D,0,,,,,Y,,A,01,0,0,2,0,0,0,0,0,0,"- ","- ",,,"SAN FRANCISCO","SAN FRANCISCO",-122.46373748779297,37.757442474365234
9545756,2022,2023-02-09,3801,2022-12-30,1735,1183,MISSI,5,5,7,3801,0,0,0,,0,4CAR,"POTRERO AV","25TH ST",0.00,,N,C,-,N,,,,,,,,,,Y,3,0,1,1,A,-,07,21658,A,N,E,I,A,B,H,-,C,D,0,,,,,Y,,A,01,0,1,0,0,0,0,0,0,0,"- ","- ",37.750339508056641,-122.40599822998047,"SAN FRANCISCO","SAN FRANCISCO",-122.40620422363281,37.751743316650391
9545757,2022,2023-02-09,3801,2022-12-20,0358,2707,TARAV,2,5,7,3801,0,0,0,,0,2CAR,"20TH AV","KIRKHAM ST",0.00,,Y,A,-,N,,,,,,,,,,Y,4,0,1,1,A,-,08,22107,,N,A,I,A,A,H,-,C,A,0,,,,,Y,,A,07,0,0,1,0,0,0,0,0,0,"- ","- ",,,"SAN FRANCISCO","SAN FRANCISCO",-122.47795104980469,37.759788513183594
9545758,2022,2023-02-21,3801,2022-12-10,2124,1466,SOUTH,6,5,7,3801,0,0,0,,0,0B2,"6TH ST","MISSION ST",0.00,,Y,C,-,N,,,,,,,,,,N,3,0,1,2,A,-,11,21954,A,N,G,B,-,B,H,-,C,A,0,Y,,,,Y,,N,60,0,1,0,0,1,0,0,0,0,"- ","- ",,,"SAN FRANCISCO","SAN FRANCISCO",-122.40869140625,37.780982971191406
9545759,2022,2023-02-21,3801,2022-12-31,2115,2113,BAYVI,6,5,7,3801,0,0,0,,0,3C12E,"PALOU AV","NEWHALL ST",125.00,E,N,B,-,N,,,,,,,,,,Y,4,0,1,5,A,-,01,23152,A,N,B,E,A,B,H,-,E,D,0,,,,,Y,Y,A,01,0,0,1,0,0,0,0,0,0,"- ","- ",,,"SAN FRANCISCO","SAN FRANCISCO",-122.39243316650391,37.734825134277344
9545848,2022,2023-02-13,3801,2022-11-23,1730,1061,SOUTH,3,5,7,3801,0,0,0,,0,3B12A,"3RD ST","HARRISON ST",0.00,,Y,A,-,N,,,,,,,,,,N,4,0,1,2,-,-,"- ",,,N,G,B,B,A,H,-,A,A,0,Y,,,,Y,,-,"- ",0,0,1,0,1,0,0,0,0,"- ","- ",,,"SAN FRANCISCO","SAN FRANCISCO",-122.39739227294922,37.782550811767578
9545849,2022,2023-02-13,3801,2022-11-09,1445,885,BAYVI,3,5,7,3801,0,0,0,,0,0B2,"5TH ST","HARRISON ST",30.00,N,N,A,-,N,,,,,,,,,,N,4,0,1,2,A,-,04,21703,,N,C,C,A,A,H,-,A,A,0,,,,,Y,,A,01,0,0,1,0,0,0,0,0,0,"- ","- ",,,"SAN FRANCISCO","SAN FRANCISCO",-122.40194702148438,37.779117584228516
9545850,2022,2023-02-13,3801,2022-11-26,1735,1851,CENTR,6,5,7,3801,0,0,0,,0,3A12D,"MASON ST","GEARY ST",0.00,,Y,A,-,N,,,,,,,,,,N,4,0,3,2,A,-,04,21703,,N,C,C,A,A,H,-,C,D,0,,,,,Y,,A,01,0,0,3,0,0,0,0,0,0,"- ","- ",,,"SAN FRANCISCO","SAN FRANCISCO",-122.40985870361328,37.787166595458984
9545851,2022,2023-02-13,3801,2022-11-18,0750,723,TENDE,5,5,7,3801,0,0,0,,0,1CAR,"MARKET ST","7TH ST",0.00,,Y,A,-,N,,,,,,,,,,N,4,0,2,2,A,-,12,21453,A,N,D,J,A,A,H,-,A,A,0,,,,,Y,,-,,0,0,2,0,0,0,0,0,0,"- ","- ",,,"SAN FRANCISCO","SAN FRANCISCO",-122.41251373291016,37.780479431152344
9545852,2022,2023-02-13,3801,2022-11-03,0626,707,TRAFF,4,5,7,3801,0,0,0,,0,4B1C,"COLUMBUS AV","UNION ST",0.00,,Y,A,-,N,,,,,,,,,,Y,2,0,1,2,-,-,"- ",,,N,G,B,B,A,H,-,D,A,0,Y,,,,Y,,-,"- ",1,0,0,0,1,0,0,0,0,"- ","- ",,,"SAN FRANCISCO","SAN FRANCISCO",-122.41017150878906,37.800304412841797
9545853,2022,2023-02-13,3801,2022-11-17,1559,307,NORTH,4,5,7,3801,0,0,0,,0,3E13D,"EDDY ST","FRANKLIN ST",138.00,E,N,A,-,N,,,,,,,,,,N,4,0,1,2,A,-,09,21804,A,N,D,C,A,A,H,-,A,D,0,,,,,Y,,A,01,0,0,1,0,0,0,0,0,0,"- ","- ",,,"SAN FRANCISCO","SAN FRANCISCO",-122.42196655273438,37.782733917236328
9545854,2022,2023-02-13,3801,2022-11-24,1235,719,CENTR,4,5,7,3801,0,0,0,,0,3A12C,"STOCKTON ST","PINE ST",0.00,,Y,A,-,N,,,,,,,,,,Y,4,0,1,2,-,-,"- ",,,N,D,C,A,A,H,-,A,A,0,,,,,Y,,-,"- ",0,0,1,0,0,0,0,0,0,"- ","- ",,,"SAN FRANCISCO","SAN FRANCISCO",-122.4073486328125,37.791305541992188
9545855,2022,2023-02-13,3801,2022-11-15,1000,189,NORTH,2,5,7,3801,0,0,0,,0,,"SCOTT ST","VALLEJO ST",50.00,N,N,A,-,N,,,,,,,,,,Y,4,0,1,3,A,-,03,22350,,N,E,I,A,A,H,-,A,D,0,,,,,Y,,A,01,0,0,1,0,0,0,0,0,0,"- ","- ",,,"SAN FRANCISCO","SAN FRANCISCO",-122.44008636474609,37.794734954833984
9545856,2022,2023-02-13,3801,2022-11-20,1640,1474,MISSI,7,5,7,3801,0,0,0,,0,901,"26TH ST","DIAMOND ST",0.00,,Y,A,-,N,,,,,,,,,,Y,4,0,1,2,A,-,12,22450,A,N,D,C,A,A,H,-,A,A,0,,,,,Y,,A,01,0,0,1,0,0,0,0,0,0,"- ","- ",,,"SAN FRANCISCO","SAN FRANCISCO",-122.43598175048828,37.747943878173828
9545857,2022,2023-02-13,3801,2022-11-30,1550,1183,MISSI,3,5,7,3801,0,0,0,,0,3D14D,"MARKET ST","PORTOLA DR",0.00,,Y,A,-,N,,,,,,,,,,Y,3,0,3,2,A,-,09,21801,A,N,F,C,A,A,H,-,A,A,0,,,,,Y,,A,01,0,1,2,0,0,0,0,0,0,"- ","- ",,,"SAN FRANCISCO","SAN FRANCISCO",-122.44338226318359,37.750057220458984
9545858,2022,2023-02-13,3801,2022-11-30,1424,1870,RICHM,3,5,7,3801,0,0,0,,0,RICHMO,"19TH AV","CLEMENT ST",0.00,,Y,A,-,N,,,,,,,,,,N,3,0,1,2,A,-,03,22350,,F,D,C,A,A,H,-,A,D,0,,,,,Y,,M,94,0,1,0,0,0,0,0,0,0,"- ","- ",,,"SAN FRANCISCO","SAN FRANCISCO",-122.47846984863281,37.782295227050781
9545860,2022,2023-02-13,3801,2022-11-29,1840,2028,BAYVI,2,5,7,3801,0,0,0,,0,3C12D,"EVANS AV","NEWHALL ST",0.00,,Y,A,-,N,,,,,,,,,,Y,4,0,1,2,A,-,08,22107,,F,D,C,A,A,H,-,C,D,0,,,,,Y,,A,01,0,0,1,0,0,0,0,0,0,"- ","- ",,,"SAN FRANCISCO","SAN FRANCISCO",-122.38661956787109,37.741886138916016
9548652,2022,2023-02-13,3801,2022-12-24,1134,1653,INGLE,6,5,7,3801,0,0,0,,0,3H5A,"ALEMANY BL","FOOTE AV",0.00,,Y,A,-,N,,,,,,,,,,Y,4,0,1,2,A,-,09,21801,A,N,D,C,A,A,H,-,A,A,0,,,,,Y,,A,01,0,0,1,0,0,0,0,0,0,"- ","- ",,,"SAN FRANCISCO","SAN FRANCISCO",-122.44731903076172,37.714672088623047
9548721,2023,2023-03-09,3801,2023-01-24,"818 ",1653,INGLE,2,5,7,3801,0,0,0,,0,3H3A,"SAN JOSE AV","SAINT MARYS AV",0.00,,Y,A,-,N,,,,,,,,,,N,4,0,1,2,A,-,08,22107,,N,D,G,A,A,H,-,A,-,0,,Y,,,Y,,A,07,0,0,1,0,0,0,1,0,0,"- ","- ",,,"SAN FRANCISCO","SAN FRANCISCO",-122.42839813232422,37.734992980957031
9548722,2023,2023-03-09,3801,2023-01-07,1216,2202,INGLE,6,5,7,3801,0,0,0,,0,3H13A,"ALEMANY BL","ALEMANY BL 699",28.00,S,N,C,-,N,,,,,,,,,,Y,3,0,1,1,A,-,03,22350,,N,F,A,A,B,A,-,A,D,0,,,Y,,Y,Y,C,03,0,1,0,0,0,0,0,0,1,"- ","- ",,,"SAN FRANCISCO","SAN FRANCISCO",-122.45378875732422,37.710811614990234
9552232,2023,2023-03-13,3801,2023-01-25,1433,1286,SOUTH,3,5,7,3801,0,0,0,,0,3D1,"VALENCIA ST","17TH ST",0.00,,N,A,-,N,,,,,,,,,,N,3,0,1,2,A,-,00,22177,,N,H,J,A,A,H,-,A,D,0,,,,,Y,,M,94,0,1,0,0,0,0,0,0,0,"- ","- ",,,"SAN FRANCISCO","SAN FRANCISCO",-122.42173767089844,37.763298034667969
9553508,2023,2023-03-29,3801,2023-02-20,2331,1741,SOUTH,1,5,7,3801,0,0,0,,0,901,MISSION,"8TH ST",0.00,,Y,A,-,N,,,,,,,,,,,4,0,1,2,A,-,11,21954,A,N,G,C,D,A,-,-,C,A,0,Y,,,,Y,,N,60,0,0,1,0,1,0,0,0,0,"- ","- ",,,"SAN FRANCISCO","SAN FRANCISCO",-122.41315460205078,37.7774658203125
9553520,2023,2023-03-28,3801,2023-02-18,1604,1961,TENDE,6,5,7,3801,0,0,0,,0,3J11D,"TAYLOR ST","TAYLOR ST 385",0.00,,Y,A,-,N,,,,,,,,,,N,4,0,2,2,A,-,09,21801,,N,D,C,A,A,H,-,A,D,0,,,,,Y,,A,01,0,0,2,0,0,0,0,0,0,"- ","- ",,,"SAN FRANCISCO","SAN FRANCISCO",,
9553661,2023,2023-03-15,3801,2023-01-25,2231,707,TRAFF,3,5,7,3801,0,0,0,,0,4B1C,"TERRY A FRANCOIS BL","WARRIORS WY",0.00,,Y,A,-,N,,,,,,,,,,N,3,0,1,2,A,-,11,21954,A,N,G,B,E,A,H,-,C,B,0,Y,,,,Y,,N,60,0,1,0,0,1,0,0,0,0,"- ","- ",,,"SAN FRANCISCO","SAN FRANCISCO",-122.38632202148438,37.768985748291016
9553662,2023,2023-03-15,3801,2023-01-03,1200,2379,CENTR,2,5,7,3801,0,0,0,,0,3A11C,"CALIFORNIA ST","HYDE ST",0.00,,Y,B,-,N,,,,,,,,,,N,3,0,1,2,A,-,06,21756,A,F,G,B,E,A,H,-,A,D,0,Y,,,,Y,,A,01,0,1,0,0,1,0,0,0,0,"- ","- ",,,"SAN FRANCISCO","SAN FRANCISCO",-122.41740417480469,37.790992736816406
9553663,2023,2023-03-15,3801,2023-01-21,2301,1803,RICHM,6,5,7,3801,0,0,0,,0,3G5E,"FULTON ST","6TH AV",0.00,,Y,A,-,N,,,,,,,,,,N,3,0,1,2,B,-,22,,,N,-,G,A,A,H,-,C,A,0,,Y,,,Y,,A,01,0,1,0,0,0,0,1,0,0,"- ","- ",,,"SAN FRANCISCO","SAN FRANCISCO",-122.46376037597656,37.773612976074219
9553664,2023,2023-03-16,3801,2023-01-09,1321,50,TENDE,1,5,7,3801,0,0,0,,0,003,"EDDY ST","POLK ST",64.00,E,N,B,-,N,,,,,,,,,,Y,3,0,3,3,A,-,07,21658,A,N,A,C,A,A,H,-,A,D,0,,,,,Y,Y,A,01,0,1,2,0,0,0,0,0,0,"- ","- ",,,"SAN FRANCISCO","SAN FRANCISCO",-122.41896057128906,37.783107757568359
9553665,2023,2023-03-16,3801,2023-01-27,"909 ",380,CENTR,5,5,7,3801,0,0,0,,0,,"JACKSON ST","DAVIS CT",0.00,,-,A,-,N,,,,,,,,,,N,2,0,1,2,C,-,18,,,N,H,A,A,A,H,-,A,D,0,,,,,Y,,-,"- ",1,0,0,0,0,0,0,0,0,"- ","- ",,,"SAN FRANCISCO","SAN FRANCISCO",-122.39833068847656,37.797084808349609
9553667,2023,2023-03-20,3801,2023-01-15,2055,1352,MISSI,7,5,7,3801,0,0,0,,0,3D44C,"SOUTH VAN NESS AV","19TH ST",0.00,,Y,C,-,N,,,,,,,,,,N,4,0,2,2,A,-,04,21703,,F,C,C,A,B,H,-,C,A,0,,,,,Y,,A,01,0,0,2,0,0,0,0,0,0,"- ","- ",,,"SAN FRANCISCO","SAN FRANCISCO",-122.41706085205078,37.760364532470703
9553668,2023,2023-03-15,3801,2023-01-23,"26  ",2741,TENDE,1,5,7,3801,0,0,0,,0,901,"GOLDEN GATE AV","LARKIN ST",16.00,E,N,A,-,N,,,,,,,,,,N,3,0,1,2,A,-,00,21594,A,N,G,B,D,A,H,-,C,D,0,Y,,,,Y,,N,60,0,1,0,0,1,0,0,0,0,"- ","- ",,,"SAN FRANCISCO","SAN FRANCISCO",-122.41709899902344,37.781448364257812
9553669,2023,2023-03-16,3801,2023-01-25,1115,1766,TRAFF,3,5,7,3801,0,0,0,,0,4B103,"COLUMBUS AV","FILBERT ST",12.00,S,N,A,-,N,,,,,,,,,,N,4,0,1,2,A,-,10,21950,A,F,G,B,B,A,H,-,A,A,0,Y,,,,Y,,A,01,0,0,1,0,1,0,0,0,0,"- ","- ",,,"SAN FRANCISCO","SAN FRANCISCO",-122.41133117675781,37.801097869873047
9553671,2023,2023-03-16,3801,2023-01-09,"752 ",4307,NORTH,1,5,7,3801,0,0,0,,0,3E70,"POLK ST",GEARY,0.00,,Y,B,C,N,,,,,,,,,,N,4,0,1,2,A,-,10,21950,A,N,G,B,B,B,H,-,A,A,0,Y,,,,Y,,A,01,0,0,1,0,1,0,0,0,0,"- ","- ",,,"SAN FRANCISCO","SAN FRANCISCO",-122.41973876953125,37.785896301269531
9553672,2023,2023-03-21,3801,2023-01-22,"209 ",4375,TRAFF,7,5,7,3801,0,0,0,,0,4B1F,"16TH ST","CAPP ST",132.00,W,N,A,-,N,,,,,,,,,,Y,2,0,6,5,A,-,01,23152,A,F,-,D,F,A,D,-,C,A,0,Y,,,,Y,Y,A,07,2,2,2,0,2,0,0,0,0,"- ","- ",,,"SAN FRANCISCO","SAN FRANCISCO",-122.41919708251953,37.76507568359375
9553673,2023,2023-03-16,3801,2023-01-20,1453,1400,CENTR,5,5,7,3801,0,0,0,,0,,"NORTH POINT ST","LARKIN ST",0.00,,-,A,-,N,,,,,,,,,,,3,0,1,2,A,-,17,22517,,N,B,G,A,A,H,-,A,D,0,,Y,,,Y,Y,A,01,0,1,0,0,0,0,1,0,0,"- ","- ",,,"SAN FRANCISCO","SAN FRANCISCO",-122.4219970703125,37.805507659912109
9553676,2023,2023-03-21,3801,2023-01-22,1118,2089,CENTR,7,5,7,3801,0,0,0,,0,COASCA,"BROADWAY ST","LARKIN ST",125.00,E,N,A,-,N,,,,,,,,,,N,4,0,1,2,A,-,13,22515,A,N,B,E,A,A,H,-,A,A,0,,,,,Y,,A,01,0,0,1,0,0,0,0,0,0,"- ","- ",,,"SAN FRANCISCO","SAN FRANCISCO",-122.41970062255859,37.796279907226562
9553678,2023,2023-03-16,3801,2023-01-31,"822 ",1830,CENTR,2,5,7,3801,0,0,0,,0,3A11A,"CLAY ST","LEAVENWORTH ST",0.00,,Y,A,-,N,,,,,,,,,,N,3,0,1,2,A,-,10,21950,A,N,G,B,B,A,H,-,A,A,0,Y,,,,Y,,A,01,0,1,0,0,1,0,0,0,0,"- ","- ",,,"SAN FRANCISCO","SAN FRANCISCO",-122.41610717773438,37.793006896972656
9553680,2023,2023-03-16,3801,2023-01-27,1940,582,CENTR,5,5,7,3801,0,0,0,,0,001,"LARKIN ST","CLAY ST",60.00,S,N,A,-,N,,,,,,,,,,N,3,0,1,2,A,-,03,22350,,N,C,-,A,A,H,-,C,A,0,,,Y,,Y,,C,02,0,1,0,0,0,0,0,0,1,"- ","- ",,,"SAN FRANCISCO","SAN FRANCISCO",-122.41938018798828,37.792427062988281
9553717,2022,2023-03-14,3801,2022-12-03,1822,537,PARK,6,5,7,3801,0,0,0,,0,2F14D,"FREDERICK ST","CLAYTON ST",0.00,,Y,C,-,N,,,,,,,,,,N,4,0,1,2,A,-,10,21950,A,F,G,B,B,B,H,-,C,D,0,Y,,,,Y,,A,01,0,0,1,0,1,0,0,0,0,"- ","- ",,,"SAN FRANCISCO","SAN FRANCISCO",-122.44804382324219,37.767005920410156
9553719,2022,2023-03-14,3801,2022-12-15,2234,2580,TENDE,4,5,7,3801,0,0,0,,0,,"OFARRELL ST","LEAVENWORTH ST",145.00,W,N,A,-,N,,,,,,,,,,Y,4,0,1,3,A,-,00,28658,A,N,C,C,A,A,H,-,C,D,0,,,,,Y,,A,01,0,0,1,0,0,0,0,0,0,"- ","- ",,,"SAN FRANCISCO","SAN FRANCISCO",-122.41510772705078,37.785537719726562
9553720,2022,2023-03-14,3801,2022-12-31,0449,2580,TENDE,6,5,7,3801,0,0,0,,0,901,"LARKIN ST","GOLDEN GATE AV",10.00,S,N,C,-,N,,,,,,,,,,N,4,0,1,2,A,-,11,21954,A,N,G,B,D,B,H,-,C,A,0,Y,,,,Y,,N,60,0,0,1,0,1,0,0,0,0,"- ","- ",,,"SAN FRANCISCO","SAN FRANCISCO",-122.41714477539062,37.781414031982422
9553726,2023,2023-03-16,3801,2023-01-23,1847,1951,SOUTH,1,5,7,3801,0,0,0,,0,0B2,"5TH ST","MINNA ST",0.00,,Y,A,-,N,,,,,,,,,,N,4,0,1,2,A,-,21,22106,,N,D,C,A,A,H,-,C,A,0,,,,,Y,,B,01,0,0,1,0,0,0,0,0,0,"- ","- ",,,"SAN FRANCISCO","SAN FRANCISCO",-122.40592193603516,37.782295227050781
9553755,2023,2023-03-30,3801,2023-02-15,1904,2704,SOUTH,3,5,7,3801,0,0,0,,0,0B3,"8TH ST","HOWARD ST",36.00,S,N,A,-,N,,,,,,,,,,N,3,0,1,2,D,-,00,,,N,D,B,D,A,H,-,C,A,0,Y,,,,Y,,-,"- ",0,1,0,0,1,0,0,0,0,"- ","- ",,,"SAN FRANCISCO","SAN FRANCISCO",-122.4114990234375,37.776161193847656
9553757,2023,2023-03-30,3801,2023-02-15,1045,1573,BAYVI,3,5,7,3801,0,0,0,,0,3C15A,"3RD ST","JAMESTOWN AV",0.00,,Y,A,-,N,,,,,,,,,,N,3,0,1,2,A,-,12,21453,A,N,D,G,A,A,H,-,A,A,0,,Y,,,Y,,L,04,0,1,0,0,0,0,1,0,0,"- ","- ",,,"SAN FRANCISCO","SAN FRANCISCO",-122.39671325683594,37.720260620117188