CASE_ID,ACCIDENT_YEAR,PROC_DATE,JURIS,COLLISION_DATE,COLLISION_TIME,OFFICER_ID,REPORTING_DISTRICT,DAY_OF_WEEK,CHP_SHIFT,POPULATION,CNTY_CITY_LOC,SPECIAL_COND,BEAT_TYPE,CHP_BEAT_TYPE,CITY_DIVISION_LAPD,CHP_BEAT_CLASS,BEAT_NUMBER,PRIMARY_RD,SECONDARY_RD,DISTANCE,DIRECTION,INTERSECTION,WEATHER_1,WEATHER_2,STATE_HWY_IND,CALTRANS_COUNTY,CALTRANS_DISTRICT,STATE_ROUTE,ROUTE_SUFFIX,POSTMILE_PREFIX,POSTMILE,LOCATION_TYPE,RAMP_INTERSECTION,SIDE_OF_HWY,TOW_AWAY,COLLISION_SEVERITY,NUMBER_KILLED,NUMBER_INJURED,PARTY_COUNT,PRIMARY_COLL_FACTOR,PCF_CODE_OF_VIOL,PCF_VIOL_CATEGORY,PCF_VIOLATION,PCF_VIOL_SUBSECTION,HIT_AND_RUN,TYPE_OF_COLLISION,MVIW,PED_ACTION,ROAD_SURFACE,ROAD_COND_1,ROAD_COND_2,LIGHTING,CONTROL_DEVICE,CHP_ROAD_TYPE,PEDESTRIAN_ACCIDENT,BICYCLE_ACCIDENT,MOTORCYCLE_ACCIDENT,TRUCK_ACCIDENT,NOT_PRIVATE_PROPERTY,ALCOHOL_INVOLVED,STWD_VEHTYPE_AT_FAULT,CHP_VEHTYPE_AT_FAULT,COUNT_SEVERE_INJ,COUNT_VISIBLE_INJ,COUNT_COMPLAINT_PAIN,COUNT_PED_KILLED,COUNT_PED_INJURED,COUNT_BICYCLIST_KILLED,COUNT_BICYCLIST_INJURED,COUNT_MC_KILLED,COUNT_MC_INJURED,PRIMARY_RAMP,SECONDARY_RAMP,LATITUDE,LONGITUDE,COUNTY,CITY,POINT_X,POINT_Y
9554123,2023,2023-03-25,3801,2023-02-04,2036,1988,INGLE,6,5,7,3801,0,0,0,,0,3H15D,"LONDON ST","BRAZIL AV",0.00,,Y,C,-,N,,,,,,,,,,N,4,0,2,2,A,-,12,22450,A,F,D,C,A,B,H,-,C,A,0,,,,,Y,,D,22,0,0,2,0,0,0,0,0,0,"- ","- ",,,"SAN FRANCISCO","SAN FRANCISCO",-122.43402099609375,37.724319458007812
9554124,2023,2023-03-25,3801,2023-02-05,"107 ",1750,NORTH,7,5,7,3801,0,0,0,,0,0E1,"WEBSTER ST","OAK ST",0.00,,Y,C,-,N,,,,,,,,,,Y,4,0,1,2,A,-,12,21453,A,N,D,C,A,B,H,-,C,A,0,,,,,Y,,A,01,0,0,1,0,0,0,0,0,0,"- ","- ",,,"SAN FRANCISCO","SAN FRANCISCO",-122.42913055419922,37.774169921875
9554125,2023,2023-03-25,3801,2023-02-04,1435,4274,RICHM,6,5,7,3801,0,0,0,,0,3G13C,"FULTON ST","30TH AV",0.00,,Y,C,-,N,,,,,,,,,,Y,4,0,1,2,A,-,09,21801,A,N,D,C,A,B,H,-,A,A,0,,,,,Y,,A,01,0,0,1,0,0,0,0,0,0,"- ","- ",,,"SAN FRANCISCO","SAN FRANCISCO",-122.48954010009766,37.772335052490234
9554126,2023,2023-03-25,3801,2023-02-04,1947,1371,NORTH,6,5,7,3801,0,0,0,,0,006,"BROADWAY ST","POLK ST",0.00,,Y,C,-,N,,,,,,,,,,N,4,0,1,2,A,-,03,22350,,F,C,C,A,B,H,-,C,A,0,,,,,Y,,A,01,0,0,1,0,0,0,0,0,0,"- ","- ",,,"SAN FRANCISCO","SAN FRANCISCO",-122.42176055908203,37.795940399169922
9554127,2023,2023-03-25,3801,2023-02-06,1809,327,MISSI,1,5,7,3801,0,0,0,,0,3D16C,"VALENCIA ST","17TH ST",0.00,,Y,A,-,N,,,,,,,,,,N,4,0,2,2,A,-,09,21801,A,N,D,C,A,A,H,-,C,A,0,,,,,Y,,A,01,0,0,2,0,0,0,0,0,0,"- ","- ",,,"SAN FRANCISCO","SAN FRANCISCO",-122.42173767089844,37.763298034667969
9554128,2023,2023-03-25,3801,2023-02-06,1829,4023,MISSI,1,5,7,3801,0,0,0,,0,006,"FOLSOM ST","16TH ST",15.00,N,N,A,-,N,,,,,,,,,,N,3,0,1,2,D,-,00,,,N,E,I,A,A,H,-,-,A,0,,,,,Y,,-,"- ",0,1,0,0,0,0,0,0,0,"- ","- ",,,"SAN FRANCISCO","SAN FRANCISCO",-122.41530609130859,37.765350341796875
9554129,2023,2023-03-25,3801,2023-02-02,1355,1396,SOUTH,4,5,7,3801,0,0,0,,0,3B13A,"HOWARD ST","8TH ST",0.00,,Y,A,-,N,,,,,,,,,,N,3,0,1,2,D,-,00,,,F,D,J,A,A,H,-,A,A,0,,,Y,,Y,Y,-,"- ",0,1,0,0,0,0,0,0,0,"- ","- ",,,"SAN FRANCISCO","SAN FRANCISCO",-122.41159057617188,37.776229858398438
9554130,2023,2023-03-25,3801,2023-02-06,1349,2748,MISSI,1,5,7,3801,0,0,0,,0,3D16C,"17TH ST","POTRERO AV",0.00,,Y,A,-,N,,,,,,,,,,Y,4,0,2,2,A,-,12,21453,A,N,D,C,A,A,H,-,A,A,0,,,,,Y,,-,"- ",0,0,2,0,0,0,0,0,0,"- ","- ",,,"SAN FRANCISCO","SAN FRANCISCO",-122.40743255615234,37.764484405517578
9554131,2023,2023-03-25,3801,2023-02-07,"645 ",1039,MISSI,2,5,7,3801,0,0,0,,0,003,"HARRISON ST","19TH ST",0.00,,Y,F,-,N,,,,,,,,,,N,3,0,1,2,A,-,09,21801,A,N,D,G,A,-,G,-,B,D,0,,Y,,,Y,,A,07,0,1,0,0,0,0,1,0,0,"- ","- ",,,"SAN FRANCISCO","SAN FRANCISCO",-122.41269683837891,37.760650634765625
9554132,2023,2023-03-25,3801,2023-02-07,1325,4286,RICHM,2,5,7,3801,0,0,0,,0,0G2,"PINE ST","LYON ST",0.00,,Y,A,-,N,,,,,,,,,,N,4,0,3,2,A,-,08,22100,B,N,B,C,A,A,H,-,A,A,0,,,,,Y,,A,07,0,0,3,0,0,0,0,0,0,"- ","- ",,,"SAN FRANCISCO","SAN FRANCISCO",-122.44521331787109,37.786483764648438
9554133,2023,2023-03-25,3801,2023-02-04,2321,276,NORTH,6,5,7,3801,0,0,0,,0,3E15E,"LOMBARD ST","SCOTT ST",8.00,W,N,C,-,N,,,,,,,,,,N,3,0,2,3,A,-,12,21453,A,F,G,B,B,B,H,-,C,A,0,Y,,,,Y,,A,01,0,1,1,0,2,0,0,0,0,"- ","- ",,,"SAN FRANCISCO","SAN FRANCISCO",-122.44102478027344,37.799205780029297
9554134,2023,2023-03-25,3801,2023-02-05,1846,2008,MISSI,7,5,7,3801,0,0,0,,0,3D15D,"17TH ST","VALENCIA ST",145.00,E,N,A,-,N,,,,,,,,,,N,3,0,1,2,A,-,09,21804,A,N,D,G,A,A,H,-,C,D,0,,Y,,,Y,,A,07,0,1,0,0,0,0,1,0,0,"- ","- ",,,"SAN FRANCISCO","SAN FRANCISCO",-122.42124176025391,37.763332366943359
9554135,2023,2023-03-25,3801,2023-02-06,1325,1003,INGLE,1,5,7,3801,0,0,0,,0,3CAR,"MISSION ST","COLLEGE TR",0.00,,Y,A,-,N,,,,,,,,,,N,3,0,1,2,A,-,06,21755,,F,B,G,A,A,H,-,A,D,0,,Y,Y,,Y,,C,02,0,1,0,0,0,0,1,0,0,"- ","- ",,,"SAN FRANCISCO","SAN FRANCISCO",-122.42578887939453,37.734283447265625
9554136,2023,2023-03-25,3801,2023-02-06,1605,1782,TENDE,1,5,7,3801,0,0,0,,0,COJ,"MARKET ST","5TH ST",68.00,E,N,A,-,N,,,,,,,,,,N,4,0,1,1,A,-,03,22350,,N,E,I,A,A,C,D,A,D,0,,,,,Y,,-,,0,0,1,0,0,0,0,0,0,"- ","- ",,,"SAN FRANCISCO","SAN FRANCISCO",-122.40789031982422,37.784130096435547
9554137,2023,2023-03-25,3801,2023-02-05,1958,1527,NORTH,7,5,7,3801,0,0,0,,0,0E1,"WEBSTER ST","FELL ST",40.00,N,N,A,-,N,,,,,,,,,,Y,4,0,1,4,A,-,08,22107,,F,A,E,A,A,H,-,C,D,0,,,,,Y,,A,01,0,0,1,0,0,0,0,0,0,"- ","- ",,,"SAN FRANCISCO","SAN FRANCISCO",-122.42935943603516,37.775226593017578
9554138,2023,2023-03-25,3801,2023-02-06,2228,2497,BAYVI,1,5,7,3801,0,0,0,,0,3C13E,"EVANS AV","MIDDLE POINT RD",0.00,,Y,A,-,N,,,,,,,,,,Y,4,0,1,1,A,-,03,22350,,F,A,I,A,A,-,-,C,D,0,,,,,Y,,A,01,0,0,1,0,0,0,0,0,0,"- ","- ",,,"SAN FRANCISCO","SAN FRANCISCO",-122.37911987304688,37.737693786621094
9554143,2023,2023-03-25,3801,2023-02-18,1521,1860,TARAV,6,5,7,3801,0,0,0,,0,3I11D,"20TH AV","IRVING ST",27.00,S,N,A,-,N,,,,,,,,,,N,4,0,1,2,A,-,08,22103,,N,D,G,A,A,H,-,A,D,0,,Y,,,Y,,A,01,0,0,1,0,0,0,1,0,0,"- ","- ",,,"SAN FRANCISCO","SAN FRANCISCO",-122.47820281982422,37.763435363769531
9554144,2023,2023-03-25,3801,2023-02-13,1953,4047,MISSI,1,5,7,3801,0,0,0,,0,3D16D,"23RD ST","HAMPSHIRE ST",0.00,,Y,A,-,N,,,,,,,,,,Y,4,0,1,5,A,-,12,22450,A,N,D,E,A,A,H,-,C,A,0,,,,,Y,,A,01,0,0,1,0,0,0,0,0,0,"- ","- ",,,"SAN FRANCISCO","SAN FRANCISCO",-122.40747833251953,37.754524230957031
9554145,2023,2023-03-25,3801,2023-02-18,2356,679,NORTH,6,5,7,3801,0,0,0,,0,0E5,"LOMBARD ST","FILLMORE ST",0.00,,Y,A,-,N,,,,,,,,,,N,2,0,1,2,A,-,12,21453,,F,G,B,B,A,H,-,C,A,0,Y,,,,Y,,A,01,1,0,0,0,1,0,0,0,0,"- ","- ",,,"SAN FRANCISCO","SAN FRANCISCO",-122.43605041503906,37.799846649169922
9554146,2023,2023-03-25,3801,2023-02-18,1557,1951,SOUTH,6,5,7,3801,0,0,0,,0,0B5,"KING ST","KING ST 128",0.00,,-,A,-,N,,,,,,,,,,N,4,0,1,2,A,-,03,22350,,F,G,B,F,A,H,-,A,A,0,Y,,,,Y,,N,60,0,0,1,0,1,0,0,0,0,"- ","- ",,,"SAN FRANCISCO","SAN FRANCISCO",-122.39195251464844,37.778202056884766
9554147,2023,2023-03-25,3801,2023-02-18,"822 ",624,NORTH,6,5,7,3801,0,0,0,,0,002,"WEBSTER ST","GROVE ST",0.00,,Y,A,-,N,,,,,,,,,,Y,4,0,1,1,A,-,03,22350,,N,H,A,A,A,H,-,A,A,0,,Y,,,Y,,L,04,0,0,1,0,0,0,1,0,0,"- ","- ",,,"SAN FRANCISCO","SAN FRANCISCO",-122.42974853515625,37.776969909667969
9554148,2023,2023-03-25,3801,2023-02-18,1640,1909,NORTH,6,5,7,3801,0,0,0,,0,NORTH,"VAN NESS AV",BROADWAY,35.00,S,N,A,-,N,,,,,,,,,,N,3,0,1,2,A,-,03,22350,,N,C,E,A,A,H,-,A,D,0,,,,,Y,,M,94,0,1,0,0,0,0,0,0,0,"- ","- ",,,"SAN FRANCISCO","SAN FRANCISCO",-122.42330932617188,37.795654296875
9554150,2023,2023-03-25,3801,2023-02-17,"627 ",2715,NORTH,5,5,7,3801,0,0,0,,0,3E11A,"DIVISADRO ST","BUSH ST",0.00,,Y,A,-,N,,,,,,,,,,Y,4,0,2,2,A,-,09,21801,A,N,D,C,A,A,H,-,C,A,0,,,,,Y,,A,01,0,0,2,0,0,0,0,0,0,"- ","- ",,,"SAN FRANCISCO","SAN FRANCISCO",-122.44004821777344,37.78619384765625
9554152,2023,2023-03-25,3801,2023-02-09,"105 ",2164,INGLE,4,5,7,3801,0,0,0,,0,3H12E,"29TH ST","DOLORES ST",0.00,,Y,A,-,N,,,,,,,,,,Y,4,0,1,2,A,-,12,21457,A,F,C,C,A,A,H,-,C,A,0,,,,,Y,,A,01,0,0,1,0,0,0,0,0,0,"- ","- ",,,"SAN FRANCISCO","SAN FRANCISCO",-122.42446899414062,37.743839263916016
9554153,2023,2023-03-25,3801,2023-02-12,"217 ",2035,MISSI,7,5,7,3801,0,0,0,,0,3D15E,"MISSION ST","16TH ST",0.00,,Y,A,-,N,,,,,,,,,,Y,3,0,1,2,A,-,04,21703,,N,C,C,A,A,D,-,C,A,0,,,,,Y,,A,01,0,1,0,0,0,0,0,0,0,"- ","- ",,,"SAN FRANCISCO","SAN FRANCISCO",-122.41967010498047,37.765052795410156
9554155,2023,2023-03-25,3801,2023-02-02,1534,4366,PARK,4,5,7,3801,0,0,0,,0,3F13D,"OAK ST","COLE ST",125.00,E,N,A,-,N,,,,,,,,,,Y,4,0,2,4,A,-,09,21804,A,N,B,C,A,-,H,-,A,D,0,,,,,Y,,A,01,0,0,2,0,0,0,0,0,0,"- ","- ",,,"SAN FRANCISCO","SAN FRANCISCO",-122.4501953125,37.771503448486328
9554156,2023,2023-03-25,3801,2023-02-10,2307,1902,INGLE,5,5,7,3801,0,0,0,,0,3H15E,"MISSION ST","29TH ST",0.00,,Y,A,-,N,,,,,,,,,,N,3,0,2,3,A,-,10,21950,A,N,G,B,B,A,-,-,C,A,0,Y,,,,Y,Y,A,01,0,2,0,0,2,0,0,0,0,"- ","- ",,,"SAN FRANCISCO","SAN FRANCISCO",-122.42092132568359,37.744083404541016
9554157,2023,2023-03-25,3801,2023-02-12,1954,1806,NORTH,7,5,7,3801,0,0,0,,0,3E12D,"LAGUNA ST","GEARY BL",170.00,S,N,A,-,N,,,,,,,,,,N,4,0,1,2,A,-,00,21955,A,N,-,B,D,A,H,-,D,D,0,Y,,,,Y,,N,60,0,0,1,0,1,0,0,0,0,"- ","- ",,,"SAN FRANCISCO","SAN FRANCISCO",-122.42790222167969,37.784580230712891
9554158,2023,2023-03-25,3801,2023-02-13,"830 ",342,NORTH,1,5,7,3801,0,0,0,,0,3E14A,"SUTTER ST","FILLMORE ST",0.00,,Y,-,-,N,,,,,,,,,,N,4,0,1,2,A,-,10,21950,A,N,G,B,B,A,-,-,A,A,0,Y,,,,Y,,A,01,0,0,1,0,1,0,0,0,0,"- ","- ",,,"SAN FRANCISCO","SAN FRANCISCO",-122.43326568603516,37.786087036132812
9554159,2023,2023-03-25,3801,2023-02-14,1645,1982,MISS,2,5,7,3801,0,0,0,,0,3D11E,"22ND ST","SOUTH VAN NESS AV",0.00,,Y,A,-,N,,,,,,,,,,N,4,0,1,2,A,-,03,22350,,N,C,C,A,A,H,-,A,A,0,,,,,Y,,A,01,0,0,1,0,0,0,0,0,0,"- ","- ",,,"SAN FRANCISCO","SAN FRANCISCO",-122.41658782958984,37.755565643310547
9554160,2023,2023-03-25,3801,2023-02-07,1145,1075,SOUTH,2,5,7,3801,0,0,0,,0,3B13A,"KING ST","4TH ST",30.00,S,N,A,-,N,,,,,,,,,,N,2,0,1,2,A,-,11,21954,A,N,G,B,D,A,A,H,A,-,0,Y,,,,Y,,N,60,1,0,0,0,1,0,0,0,0,"- ","- ",,,"SAN FRANCISCO","SAN FRANCISCO",-122.39422607421875,37.776371002197266
9554232,2023,2023-04-13,3801,2023-02-24,"928 ",2202,INGLE,5,5,7,3801,0,0,0,,0,3H13A,"OSHAUGHNESSY BL","DEL VALE AV",199.00,W,N,C,-,N,,,,,,,,,,Y,4,0,1,1,A,-,03,22350,,N,E,I,A,D,H,-,A,D,0,,,,,Y,Y,A,01,0,0,1,0,0,0,0,0,0,"- ","- ",,,"SAN FRANCISCO","SAN FRANCISCO",-122.44615173339844,37.741691589355469
9554250,2023,2023-03-20,3801,2023-02-03,"614 ",1273,CENTR,5,5,7,3801,0,0,0,,0,3A2A,"MONTGOMERY ST","BUSH ST",0.00,,Y,C,-,N,,,,,,,,,,N,4,0,1,2,A,-,12,21453,A,N,D,C,A,B,H,-,C,A,0,,,,,Y,,A,07,0,0,1,0,0,0,0,0,0,"- ","- ",,,"SAN FRANCISCO","SAN FRANCISCO",-122.40235900878906,37.790973663330078
9554270,2023,2023-03-23,3801,2023-02-26,1544,654,PARK,7,5,7,3801,0,0,0,,0,3F13D,"MASONIC AV","GROVE ST",62.00,S,N,C,-,N,,,,,,,,,,N,3,0,1,2,A,-,04,21703,,N,C,C,A,B,H,-,A,D,0,,,Y,,Y,,A,01,0,1,0,0,0,0,0,0,1,"- ","- ",,,"SAN FRANCISCO","SAN FRANCISCO",-122.44625854492188,37.774692535400391
9554308,2023,2023-03-27,3801,2023-02-07,"855 ",1540,TARAY,2,5,7,3801,0,0,0,,0,3I11A,"17TH AV","SANTIAGO ST",100.00,S,N,A,-,N,,,,,,,,,,N,4,0,1,2,A,-,11,21954,A,N,-,B,D,-,H,-,A,D,0,Y,,,,Y,,N,60,0,0,1,0,1,0,0,0,0,"- ","- ",,,"SAN FRANCISCO","SAN FRANCISCO",-122.47367095947266,37.744735717773438
9554385,2023,2023-03-17,3801,2023-02-04,1854,1666,PARK,6,5,7,3801,0,0,0,,0,3CAR,"MASONIC AV","TURK ST",0.00,,Y,C,-,N,,,,,,,,,,N,4,0,1,2,A,-,10,21950,A,N,G,B,B,B,H,-,C,A,0,Y,,,,Y,,A,01,0,0,1,0,1,0,0,0,0,"- ","- ",,,"SAN FRANCISCO","SAN FRANCISCO",-122.44705200195312,37.778633117675781
9554387,2023,2023-03-17,3801,2023-02-24,"716 ",2202,INGLE,5,5,7,3801,0,0,0,,0,3H13A,"MONTEREY BL","GENNESSEE ST",0.00,,Y,C,-,N,,,,,,,,,,Y,4,0,1,2,A,-,09,21801,A,N,D,C,A,D,H,-,A,A,0,,,,,Y,,A,01,0,0,1,0,0,0,0,0,0,"- ","- ",,,"SAN FRANCISCO","SAN FRANCISCO",-122.45112609863281,37.731536865234375
9554388,2023,2023-03-20,3801,2023-02-22,"844 ",2202,INGLE,3,5,7,3801,0,0,0,,0,3H13A,"VISITACION AV","MANSELL ST",158.00,S,N,A,-,N,,,,,,,,,,Y,4,0,3,2,A,-,05,21460,A,N,B,C,A,A,H,-,A,D,0,,,,,Y,Y,A,07,0,0,3,0,0,0,0,0,0,"- ","- ",,,"SAN FRANCISCO","SAN FRANCISCO",-122.4114990234375,37.718238830566406
9554390,2023,2023-03-17,3801,2023-02-03,2008,1454,NORTH,5,5,7,3801,0,0,0,,0,3E13D,"HAYES ST","FRANKLIN ST",0.00,,Y,A,-,N,,,,,,,,,,N,3,0,1,2,A,-,09,21801,A,N,D,-,A,A,H,-,C,A,0,,,Y,,Y,,A,01,0,1,0,0,0,0,0,0,1,"- ","- ",,,"SAN FRANCISCO","SAN FRANCISCO",-122.42134094238281,37.777076721191406
9554842,2023,2023-03-23,3801,2023-01-31,"835 ",1003,INGLE,2,5,7,3801,0,0,0,,0,4CAR,"BOSWORTH ST","RT 280",0.00,,Y,A,-,Y,SF,4,280,-,R,3.448,R,4,S,N,3,0,1,2,A,-,10,21950,A,N,G,B,B,A,H,-,A,D,0,Y,,,,Y,,A,01,0,1,0,0,1,0,0,0,0,"- ",SO,,,"SAN FRANCISCO","SAN FRANCISCO",-122.42207336425781,37.731731414794922
9554844,2022,2023-03-23,3801,2022-12-01,0658,1457,TARAV,4,5,7,3801,0,0,0,,0,5CAR,"19TH AV","WINSTON DR",0.00,,Y,B,C,Y,SF,4,1,-,-,1.350,I,5,S,N,2,0,1,2,A,-,11,21453,D,N,G,B,D,B,H,-,B,A,0,Y,,,,Y,,N,60,1,0,0,0,1,0,0,0,0,"- ","- ",,,"SAN FRANCISCO","SAN FRANCISCO",-122.47506713867188,37.726974487304688
9555213,2023,2023-04-07,3801,2023-03-10,1333,268,MISSI,5,5,7,3801,0,0,0,,0,3D42A,"17TH ST","DOLORES ST",40.00,E,N,A,-,N,,,,,,,,,,N,3,0,1,3,A,-,11,21453,D,N,B,G,B,A,H,-,A,A,0,Y,Y,,,Y,,N,60,0,1,0,0,0,0,1,0,0,"- ","- ",,,"SAN FRANCISCO","SAN FRANCISCO",-122.42616271972656,37.763019561767578
9557570,2023,2023-06-13,3801,2023-05-12,1531,2132,PARK,5,5,7,3801,0,0,0,,0,3F1D,"FREDERICK ST","STANYAN ST",0.00,,Y,A,-,N,,,,,,,,,,N,4,0,1,2,A,-,07,21658,A,N,B,C,A,A,H,-,A,A,0,,,,Y,Y,,F,55,0,0,1,0,0,0,0,0,0,"- ","- ",,,"SAN FRANCISCO","SAN FRANCISCO",-122.45295715332031,37.766376495361328
9557571,2023,2023-06-13,3801,2023-05-13,1250,4325,TARAV,6,5,7,3801,0,0,0,,0,002,"SUNSET BL","TARAVAL ST",0.00,,Y,A,-,N,,,,,,,,,,Y,4,0,1,2,A,-,12,21453,A,N,B,C,A,A,H,-,A,A,0,,,,,Y,,D,22,0,0,1,0,0,0,0,0,0,"- ","- ",,,"SAN FRANCISCO","SAN FRANCISCO",-122.49452972412109,37.742210388183594
9557572,2023,2023-06-13,3801,2023-05-10,"550 ",4375,TRAFF,3,5,7,3801,0,0,0,,0,4B1F,"5TH AV","GEARY BL",0.00,,Y,A,-,N,,,,,,,,,,Y,2,0,1,2,A,-,08,22101,D,N,D,C,A,A,H,-,B,A,0,,,,,Y,,D,22,1,0,0,0,0,0,0,0,0,"- ","- ",,,"SAN FRANCISCO","SAN FRANCISCO",-122.46322631835938,37.781135559082031
9557575,2023,2023-06-13,3801,2023-05-07,2120,2330,TARAV,7,5,7,3801,0,0,0,,0,901,"28TH AV","TARAVAL ST",193.00,S,N,A,-,N,,,,,,,,,,Y,3,0,1,4,A,-,03,22350,,N,F,E,A,A,H,-,C,D,0,,,,,Y,,A,07,0,1,0,0,0,0,0,0,0,"- ","- ",,,"SAN FRANCISCO","SAN FRANCISCO",-122.48530578613281,37.742099761962891
9560137,2022,2023-03-23,3801,2022-04-28,0837,2196,MISSI,4,5,7,3801,0,0,0,,0,3D13A,"22ND ST","CAPP ST",0.00,,Y,A,-,N,,,,,,,,,,N,4,0,1,2,A,-,12,22450,A,N,C,B,B,A,H,-,A,-,0,Y,,,,Y,Y,A,01,0,0,1,0,1,0,0,0,0,"- ","- ",,,"SAN FRANCISCO","SAN FRANCISCO",-122.41765594482422,37.755531311035156
9560151,2022,2023-03-21,3801,2022-11-27,1247,2455,CENTR,7,5,7,3801,0,0,0,,0,3A15C,"CHESTNUT ST","KEARNY ST",0.00,,Y,A,-,N,,,,,,,,,,N,4,0,1,3,A,-,03,22350,,N,B,E,A,A,H,-,A,D,0,,,Y,,Y,,C,03,0,0,1,0,0,0,0,0,1,"- ","- ",,,"SAN FRANCISCO","SAN FRANCISCO",-122.40673828125,37.804462432861328
9560153,2022,2023-03-21,3801,2022-11-29,1600,A09968,PARK,2,5,7,3801,0,0,0,,0,3F13D,"MASONIC AV","GOLDEN GATE AV",0.00,,Y,A,-,N,,,,,,,,,,N,4,0,1,2,A,-,08,22107,,N,B,G,A,A,H,-,A,A,0,,Y,,,Y,,A,01,0,0,1,0,0,0,1,0,0,"- ","- ",,,"SAN FRANCISCO","SAN FRANCISCO",-122.44683837890625,37.777671813964844
9560859,2023,2023-04-28,3801,2023-03-20,1850,2433,SOUTH,1,5,7,3801,0,0,0,,0,3B12D,"BLUXOME ST","5TH ST",220.00,W,N,A,-,N,,,,,,,,,,N,4,0,1,2,A,-,08,22107,,N,B,E,A,A,H,-,A,D,0,,,,,Y,,M,97,0,0,1,0,0,0,0,0,0,"- ","- ",,,"SAN FRANCISCO","SAN FRANCISCO",-122.39854431152344,37.775535583496094
9560873,2023,2023-04-12,3801,2023-02-26,2240,1300,PARK,7,5,7,3801,0,0,0,,0,003,"FELL ST","LYON ST",57.00,W,N,A,-,N,,,,,,,,,,N,2,0,1,3,A,-,07,21658,A,N,B,C,A,A,H,-,C,A,0,,,,,Y,,A,01,1,0,0,0,0,0,0,0,0,"- ","- ",,,"SAN FRANCISCO","SAN FRANCISCO",-122.44274139404297,37.773395538330078
9560879,2023,2023-04-12,3801,2023-02-27,"939 ",392,MISSI,1,5,7,3801,0,0,0,,0,3D14A,"POTRERO AV","18TH ST",246.00,S,N,B,-,N,,,,,,,,,,N,3,0,1,1,A,-,03,22350,,N,H,-,A,B,H,-,A,D,0,,,,,Y,,M,94,0,1,0,0,0,0,0,0,0,"- ","- ",,,"SAN FRANCISCO","SAN FRANCISCO",-122.40715789794922,37.761257171630859
9560962,2023,2023-04-20,3801,2023-02-28,"716 ",1514,MISSI,2,5,7,3801,0,0,0,,0,001,"VALENCIA ST","16TH ST",5.00,S,N,C,-,N,,,,,,,,,,N,4,0,1,2,A,-,11,21456,A,N,B,B,B,B,H,-,A,A,0,Y,,,,Y,,N,60,0,0,1,0,1,0,0,0,0,"- ","- ",,,"SAN FRANCISCO","SAN FRANCISCO",-122.42189025878906,37.764896392822266
9560982,2023,2023-04-20,3801,2023-03-24,1410,2706,MISSI,5,5,7,3801,0,0,0,,0,3D13A,"FOLSOM ST","23RD ST",0.00,,Y,A,-,N,,,,,,,,,,Y,4,0,3,2,A,-,12,21453,A,N,D,C,A,A,H,-,A,A,0,,,,Y,Y,,F,26,0,0,3,0,0,0,0,0,0,"- ","- ",,,"SAN FRANCISCO","SAN FRANCISCO",-122.41425323486328,37.754119873046875
9560985,2023,2023-04-28,3801,2023-03-16,1345,1503,BAYVI,4,5,7,3801,0,0,0,,0,3C45,"3RD ST","LA SALLE AV",0.00,,Y,A,-,N,,,,,,,,,,Y,4,0,1,3,A,-,12,21453,A,F,D,C,A,A,H,-,A,A,0,,,,,Y,,A,01,0,0,1,0,0,0,0,0,0,"- ","- ",,,"SAN FRANCISCO","SAN FRANCISCO",-122.38993835449219,37.737216949462891
9560986,2023,2023-06-02,3801,2023-02-27,1659,4310,TENDE,1,5,7,3801,0,0,0,,0,3J12D,"LASKIE ST","MISSION ST",0.00,,Y,A,-,N,,,,,,,,,,Y,4,0,1,1,C,-,18,,,N,E,I,A,B,H,-,A,D,0,,,,,Y,,-,"- ",0,0,1,0,0,0,0,0,0,"- ","- ",,,"SAN FRANCISCO","SAN FRANCISCO",-122.41412353515625,37.776718139648438
9560990,2023,2023-04-14,3801,2023-02-24,1913,359,TARAV,5,5,7,3801,0,0,0,,0,3I3D,"SLOAT BL","19TH AV",0.00,,Y,A,-,N,,,,,,,,,,Y,4,0,1,3,A,-,08,22107,,N,D,C,A,A,H,-,C,A,0,,,,,Y,,A,01,0,0,1,0,0,0,0,0,0,"- ","- ",,,"SAN FRANCISCO","SAN FRANCISCO",-122.47511291503906,37.734561920166016
9560998,2023,2023-05-08,3801,2023-03-03,"838 ",2499,TARAV,5,5,7,3801,0,0,0,,0,3I16E,"SAN JOSE AV","ALEMANY BL",0.00,,Y,A,-,N,,,,,,,,,,Y,2,0,6,3,A,-,03,22350,,N,D,I,A,A,H,-,A,A,0,,,,,Y,,A,01,1,0,5,0,0,0,0,0,0,"- ","- ",,,"SAN FRANCISCO","SAN FRANCISCO",-122.45709991455078,37.710071563720703
9561010,2023,2023-04-28,3801,2023-03-21,1502,2132,PARK,2,5,7,3801,0,0,0,,0,3F13D,"STANYAN ST","HAIGHT ST",0.00,,Y,C,-,N,,,,,,,,,,N,4,0,1,2,A,-,10,21950,A,N,G,B,B,B,H,-,A,A,0,Y,,,,Y,,I,10,0,0,1,0,1,0,0,0,0,"- ","- ",,,"SAN FRANCISCO","SAN FRANCISCO",-122.45352935791016,37.769149780273438
9561022,2023,2023-05-08,3801,2023-03-11,"138 ",1688,BAYVI,6,5,7,3801,0,0,0,,0,005,"REVERE AV","INGALLS ST",238.00,W,N,A,-,N,,,,,,,,,,Y,4,0,3,2,A,-,05,21650,,N,A,C,A,A,H,-,C,A,0,,,,,Y,,-,"- ",0,0,3,0,0,0,0,0,0,"- ","- ",,,"SAN FRANCISCO","SAN FRANCISCO",-122.38523101806641,37.728866577148438
9561026,2023,2023-04-28,3801,2023-03-08,1643,1246,BAYVI,3,5,7,3801,0,0,0,,0,3C12D,"INDUSTRIAL ST","OAKDALE AV",0.00,,Y,A,-,N,,,,,,,,,,Y,3,0,2,2,A,-,12,22450,A,N,D,C,A,A,H,-,A,D,0,,,,,Y,Y,D,22,0,1,1,0,0,0,0,0,0,"- ","- ",,,"SAN FRANCISCO","SAN FRANCISCO",-122.39969635009766,37.739933013916016