CASE_ID,ACCIDENT_YEAR,PROC_DATE,JURIS,COLLISION_DATE,COLLISION_TIME,OFFICER_ID,REPORTING_DISTRICT,DAY_OF_WEEK,CHP_SHIFT,POPULATION,CNTY_CITY_LOC,SPECIAL_COND,BEAT_TYPE,CHP_BEAT_TYPE,CITY_DIVISION_LAPD,CHP_BEAT_CLASS,BEAT_NUMBER,PRIMARY_RD,SECONDARY_RD,DISTANCE,DIRECTION,INTERSECTION,WEATHER_1,WEATHER_2,STATE_HWY_IND,CALTRANS_COUNTY,CALTRANS_DISTRICT,STATE_ROUTE,ROUTE_SUFFIX,POSTMILE_PREFIX,POSTMILE,LOCATION_TYPE,RAMP_INTERSECTION,SIDE_OF_HWY,TOW_AWAY,COLLISION_SEVERITY,NUMBER_KILLED,NUMBER_INJURED,PARTY_COUNT,PRIMARY_COLL_FACTOR,PCF_CODE_OF_VIOL,PCF_VIOL_CATEGORY,PCF_VIOLATION,PCF_VIOL_SUBSECTION,HIT_AND_RUN,TYPE_OF_COLLISION,MVIW,PED_ACTION,ROAD_SURFACE,ROAD_COND_1,ROAD_COND_2,LIGHTING,CONTROL_DEVICE,CHP_ROAD_TYPE,PEDESTRIAN_ACCIDENT,BICYCLE_ACCIDENT,MOTORCYCLE_ACCIDENT,TRUCK_ACCIDENT,NOT_PRIVATE_PROPERTY,ALCOHOL_INVOLVED,STWD_VEHTYPE_AT_FAULT,CHP_VEHTYPE_AT_FAULT,COUNT_SEVERE_INJ,COUNT_VISIBLE_INJ,COUNT_COMPLAINT_PAIN,COUNT_PED_KILLED,COUNT_PED_INJURED,COUNT_BICYCLIST_KILLED,COUNT_BICYCLIST_INJURED,COUNT_MC_KILLED,COUNT_MC_INJURED,PRIMARY_RAMP,SECONDARY_RAMP,LATITUDE,LONGITUDE,COUNTY,CITY,POINT_X,POINT_Y
9572462,2023,2023-06-14,3801,2023-05-07,1702,964,NORTH,7,5,7,3801,0,0,0,,0,,"POST ST","PIERCE ST",0.00,,Y,A,-,N,,,,,,,,,,N,4,0,1,2,A,-,10,21950,A,N,G,-,B,A,H,-,A,D,0,Y,,,,Y,,A,01,0,0,1,0,1,0,0,0,0,"- ","- ",,,"SAN FRANCISCO","SAN FRANCISCO",-122.43637084960938,37.784763336181641
9572463,2023,2023-06-14,3801,2023-05-04,1638,1931,NORTH,4,5,7,3801,0,0,0,,0,3E14D,"GOUGH ST","FERN ST",0.00,,Y,A,-,N,,,,,,,,,,Y,4,0,1,2,A,-,08,22107,,N,C,C,A,A,H,-,A,A,0,,,Y,,Y,Y,A,01,0,0,1,0,0,0,0,0,1,"- ","- ",,,"SAN FRANCISCO","SAN FRANCISCO",-122.42514038085938,37.787605285644531
9572465,2023,2023-06-14,3801,2023-05-07,1625,2354,TARAV,7,5,7,3801,0,0,0,,0,3CAR,"41ST AV","ORTEGA ST",0.00,S,N,A,-,N,,,,,,,,,,N,3,0,1,2,A,-,08,22107,,F,D,G,A,A,H,-,A,D,0,,Y,,,Y,,-,99,0,1,0,0,0,0,1,0,0,"- ","- ",,,"SAN FRANCISCO","SAN FRANCISCO",-122.49990844726562,37.751335144042969
9572467,2023,2023-06-16,3801,2023-05-07,1551,2186,INGLE,7,5,7,3801,0,0,0,,0,3H4D,"SILVER AV","CAMELLIA AV",0.00,,Y,A,-,N,,,,,,,,,,N,2,0,2,2,A,-,08,22107,,N,D,C,A,A,H,-,A,A,0,,,,,Y,Y,A,01,1,1,0,0,0,0,0,0,0,"- ","- ",,,"SAN FRANCISCO","SAN FRANCISCO",-122.43230438232422,37.729259490966797
9572468,2023,2023-06-14,3801,2023-05-26,1820,2147,NORTH,5,5,7,3801,0,0,0,,0,1CAR,"WEBSTER ST","PAGE ST",0.00,,Y,B,-,N,,,,,,,,,,N,4,0,1,2,A,-,12,22450,A,F,D,G,A,A,H,-,-,A,0,,Y,,,Y,,A,01,0,0,1,0,0,0,1,0,0,"- ","- ",,,"SAN FRANCISCO","SAN FRANCISCO",-122.42897033691406,37.773250579833984
9572469,2023,2023-06-16,3801,2023-05-25,"940 ",595,NORTH,4,5,7,3801,0,0,0,,0,3E15D,"MCALLISTER ST","WEBSTER ST",0.00,,Y,A,-,N,,,,,,,,,,N,3,0,1,2,A,-,03,22350,,N,H,J,A,A,H,-,A,D,0,,,,,Y,,A,01,0,1,0,0,0,0,0,0,0,"- ","- ",,,"SAN FRANCISCO","SAN FRANCISCO",-122.43010711669922,37.778839111328125
9572470,2023,2023-06-14,3801,2023-05-27,2302,727,BAYVI,6,5,7,3801,0,0,0,,0,3C15E,"CAMBRIDGE ST","PIOCHE ST",192.00,S,N,A,-,N,,,,,,,,,,Y,4,0,1,2,A,-,03,22350,,N,B,E,A,A,H,-,C,D,0,,,,,Y,,A,01,0,0,1,0,0,0,0,0,0,"- ","- ",,,"SAN FRANCISCO","SAN FRANCISCO",-122.41920471191406,37.728324890136719
9572471,2023,2023-06-14,3801,2023-05-25,2106,2330,TARAV,4,5,7,3801,0,0,0,,0,901,"LINCOLN WY","41ST AV",0.00,,Y,A,-,N,,,,,,,,,,N,4,0,1,3,A,-,12,22450,A,F,D,C,A,A,H,-,C,A,0,,,,,Y,,A,01,0,0,1,0,0,0,0,0,0,"- ","- ",,,"SAN FRANCISCO","SAN FRANCISCO",-122.50084686279297,37.764415740966797
9572472,2023,2023-06-14,3801,2023-05-26,1505,1355,TARAV,5,5,7,3801,0,0,0,,0,3I15D,"IRVING ST","25TH AV",45.00,E,N,A,-,N,,,,,,,,,,N,3,0,1,2,A,-,21,22106,,N,G,B,D,A,H,-,A,D,0,Y,,,,Y,,A,01,0,1,0,0,1,0,0,0,0,"- ","- ",,,"SAN FRANCISCO","SAN FRANCISCO",-122.48340606689453,37.763286590576172
9572474,2023,2023-06-13,3801,2023-05-31,"120 ",1769,BAYVI,3,5,7,3801,0,0,0,,0,3C13E,"INNES AV","3RD ST",0.00,,Y,A,-,N,,,,,,,,,,Y,4,0,1,2,A,-,00,20002,A,M,D,C,A,A,H,-,C,A,0,,,,,Y,,A,01,0,0,1,0,0,0,0,0,0,"- ","- ",,,"SAN FRANCISCO","SAN FRANCISCO",-122.38909149169922,37.739555358886719
9572527,2023,2023-06-13,3801,2023-05-12,2150,1833,TENDE,5,5,7,3801,0,0,0,,0,3J13D,"LARKIN ST","MCALLISTER ST",0.00,,Y,A,-,N,,,,,,,,,,N,4,0,1,2,A,-,10,21950,A,N,G,B,B,A,H,-,C,A,0,Y,,,,Y,,A,01,0,0,1,0,1,0,0,0,0,"- ","- ",,,"SAN FRANCISCO","SAN FRANCISCO",-122.41693878173828,37.780498504638672
9572531,2023,2023-06-16,3801,2023-05-14,1739,2408,MISSI,7,5,7,3801,0,0,0,,0,3D3D,"23RD ST","TREAT WY",39.00,W,N,A,-,N,,,,,,,,,,N,2,0,1,1,A,-,03,22350,,N,F,J,A,A,H,-,A,D,0,,,,,Y,,M,94,1,0,0,0,0,0,0,0,0,"- ","- ",,,"SAN FRANCISCO","SAN FRANCISCO",-122.41325378417969,37.754165649414062
9573023,2023,2023-05-06,3801,2023-04-19,1504,2715,NORTH,3,5,7,3801,0,0,0,,0,3E11D,"GEARY ST","LARKIN ST",45.00,W,N,A,-,N,,,,,,,,,,N,3,0,1,2,A,-,21,22106,,F,G,B,E,A,H,-,A,D,0,Y,,,,Y,,A,01,0,1,0,0,1,0,0,0,0,"- ","- ",,,"SAN FRANCISCO","SAN FRANCISCO",-122.41826629638672,37.786090850830078
9573024,2023,2023-05-06,3801,2023-04-22,"955 ",1118,SOUTH,6,5,7,3801,0,0,0,,0,3B14A,"THE EMBARCADERO","BRYANT ST",0.00,,Y,A,-,N,,,,,,,,,,N,4,0,1,2,A,-,08,22107,,N,D,G,A,A,H,-,A,A,0,,Y,,,Y,,A,01,0,0,1,0,0,0,1,0,0,"- ","- ",,,"SAN FRANCISCO","SAN FRANCISCO",-122.38801574707031,37.787094116210938
9573025,2023,2023-05-06,3801,2023-04-22,"45  ",4115,CENTR,6,5,7,3801,0,0,0,,0,3A15E,"JACKSON ST","MONTGOMERY ST",0.00,,Y,A,-,N,,,,,,,,,,N,3,0,1,2,A,-,12,22450,A,N,D,C,A,A,H,-,C,A,0,,,,,Y,,-,,0,1,0,0,0,0,0,0,0,"- ","- ",,,"SAN FRANCISCO","SAN FRANCISCO",-122.40348052978516,37.796428680419922
9573026,2023,2023-05-06,3801,2023-04-21,2358,2457,SOUTH,5,5,7,3801,0,0,0,,0,3B14E,"MARKERT ST","VALENCIA ST",0.00,,Y,A,-,N,,,,,,,,,,N,2,0,1,2,A,-,03,22350,,F,A,C,A,A,H,-,C,A,0,,,,,Y,,-,,1,0,0,0,0,0,0,0,0,"- ","- ",,,"SAN FRANCISCO","SAN FRANCISCO",-122.42262268066406,37.772548675537109
9573027,2023,2023-05-06,3801,2023-04-20,1510,1804,BAYVI,4,5,7,3801,0,0,0,,0,3C12D,"PAUL AV","WHEAT ST",0.00,,Y,A,-,N,,,,,,,,,,N,4,0,1,2,A,-,09,21804,A,N,D,C,A,A,D,H,A,D,0,,,,,Y,,A,07,0,0,1,0,0,0,0,0,0,"- ","- ",,,"SAN FRANCISCO","SAN FRANCISCO",-122.40009307861328,37.723426818847656
9573028,2023,2023-05-06,3801,2023-04-19,1644,1520,BAYVI,3,5,7,3801,0,0,0,,0,0C2,"NEWHALL ST","BAYVIEW CIR",0.00,,Y,A,-,N,,,,,,,,,,Y,4,0,1,2,A,-,12,22450,,N,D,C,A,A,H,-,A,A,0,,,,,Y,,A,01,0,0,1,0,0,0,0,0,0,"- ","- ",,,"SAN FRANCISCO","SAN FRANCISCO",-122.39464569091797,37.732940673828125
9573029,2023,2023-05-06,3801,2023-04-23,"312 ",1688,BAYVI,7,5,7,3801,0,0,0,,0,3C13E,"BAY SHORE BL","INDUSTRIAL ST",245.00,S,N,A,-,N,,,,,,,,,,Y,4,0,1,1,A,-,07,21658,A,F,E,I,A,A,H,-,C,D,0,,,,,Y,,A,01,0,0,1,0,0,0,0,0,0,"- ","- ",,,"SAN FRANCISCO","SAN FRANCISCO",-122.40686798095703,37.737331390380859
9573030,2023,2023-05-06,3801,2023-04-23,"232 ",709,BAYVI,7,5,7,3801,0,0,0,,0,3C11E,"DAKOTA ST","23RD ST",207.00,E,N,A,-,N,,,,,,,,,,N,4,0,1,2,A,-,03,22350,,N,G,B,E,A,H,-,C,D,0,Y,,,,Y,,A,01,0,0,1,0,1,0,0,0,0,"- ","- ",,,"SAN FRANCISCO","SAN FRANCISCO",-122.39623260498047,37.754261016845703
9573031,2023,2023-05-06,3801,2023-04-20,"702 ",2402,TARAV,4,5,7,3801,0,0,0,,0,3I1A,"VICENTE ST","27TH AV",0.00,,Y,A,-,N,,,,,,,,,,N,3,0,1,2,A,-,10,21950,A,N,G,B,D,A,H,-,A,D,0,Y,,,,Y,,A,07,0,1,0,0,1,0,0,0,0,"- ","- ",,,"SAN FRANCISCO","SAN FRANCISCO",-122.48398590087891,37.738960266113281
9573032,2023,2023-05-06,3801,2023-04-18,"549 ",1024,TARAV,2,5,7,3801,0,0,0,,0,3I1E,"19TH AV","KIRKHAM ST",0.00,,Y,A,-,N,,,,,,,,,,N,2,0,1,2,A,-,12,21453,A,N,D,G,A,A,H,-,B,A,0,,Y,,,Y,,L,04,1,0,0,0,0,0,1,0,0,"- ","- ",,,"SAN FRANCISCO","SAN FRANCISCO",-122.47682952880859,37.759834289550781
9573033,2023,2023-05-06,3801,2023-04-18,1415,2186,TARAV,2,5,7,3801,0,0,0,,0,3I13B,"19TH AV","WINSTON DR",0.00,,Y,A,-,N,,,,,,,,,,N,3,0,1,2,A,-,11,21954,A,N,G,B,B,A,H,-,A,A,0,Y,,,,Y,Y,N,60,0,1,0,0,1,0,0,0,0,"- ","- ",,,"SAN FRANCISCO","SAN FRANCISCO",-122.47492218017578,37.728935241699219
9573034,2023,2023-05-06,3801,2023-04-18,1745,2499,TARAV,2,5,7,3801,0,0,0,,0,3I5D,"OCEAN AV","MIDDLEFIELD DR",0.00,,Y,A,-,N,,,,,,,,,,Y,4,0,2,2,A,-,12,22450,,N,D,C,A,A,H,-,A,D,0,,,,,Y,,A,01,0,0,2,0,0,0,0,0,0,"- ","- ",,,"SAN FRANCISCO","SAN FRANCISCO",-122.48628997802734,37.732246398925781
9573035,2023,2023-05-06,3801,2023-04-23,1352,4006,TARAV,7,5,7,3801,0,0,0,,0,3I3B,"SAGAMORE ST","CAPITOL AV",406.00,E,N,A,-,N,,,,,,,,,,N,4,0,1,2,A,-,04,21703,,F,C,C,A,A,H,-,A,A,0,,,,,Y,,A,01,0,0,1,0,0,0,0,0,0,"- ","- ",,,"SAN FRANCISCO","SAN FRANCISCO",-122.45761871337891,37.711399078369141
9573036,2023,2023-05-06,3801,2023-04-21,1255,1917,TARAV,5,5,7,3801,0,0,0,,0,3I16A,"OCEAN AV","JULES AV",0.00,,Y,A,-,N,,,,,,,,,,N,4,0,1,2,A,-,08,22107,,N,B,C,A,A,H,-,A,A,0,,,,,Y,,A,07,0,0,1,0,0,0,0,0,0,"- ","- ",,,"SAN FRANCISCO","SAN FRANCISCO",-122.46123504638672,37.724948883056641
9573037,2023,2023-05-06,3801,2023-04-21,2344,2357,TARAV,5,5,7,3801,0,0,0,,0,3I16E,"BROTHERHOOD WY","ALEMANY BL",190.00,W,N,A,-,N,,,,,,,,,,Y,4,0,2,2,A,-,05,21651,B,N,A,C,A,A,-,-,C,D,0,,,,,Y,,A,01,0,0,2,0,0,0,0,0,0,"- ","- ",,,"SAN FRANCISCO","SAN FRANCISCO",-122.46424865722656,37.712047576904297
9573038,2023,2023-05-06,3801,2023-04-20,1908,1845,TARAV,4,5,7,3801,0,0,0,,0,3I1D,"KIRKHAM ST","30TH AV",0.00,,Y,A,-,N,,,,,,,,,,N,4,0,1,2,A,-,11,21950,B,N,G,B,B,A,H,-,B,D,0,Y,,,,Y,,N,60,0,0,1,0,1,0,0,0,0,"- ","- ",,,"SAN FRANCISCO","SAN FRANCISCO",-122.48863220214844,37.759311676025391
9573039,2023,2023-05-06,3801,2023-04-20,1903,312,TARAV,4,5,7,3801,0,0,0,,0,3CAR,"41ST AV","LINCOLN WY",0.00,,Y,A,-,N,,,,,,,,,,N,4,0,2,2,A,-,12,22450,A,F,D,C,A,A,H,-,A,D,0,,,,,Y,,A,07,0,0,2,0,0,0,0,0,0,"- ","- ",,,"SAN FRANCISCO","SAN FRANCISCO",-122.50084686279297,37.764415740966797
9573040,2023,2023-05-06,3801,2023-04-29,"116 ",1024,TENDE,6,5,7,3801,0,0,0,,0,3J13E,"ELLIS ST","HYDE ST",0.00,,Y,A,-,N,,,,,,,,,,N,4,0,2,3,A,-,10,21950,A,N,G,B,B,A,H,-,C,A,0,Y,,,,Y,,A,07,0,0,2,0,2,0,0,0,0,"- ","- ",,,"SAN FRANCISCO","SAN FRANCISCO",-122.41606140136719,37.784446716308594
9573157,2023,2023-06-29,3801,2023-04-27,1419,764,MISSI,4,5,7,3801,0,0,0,,0,3D16C,"MISSION ST","18TH ST",262.00,S,N,A,-,N,,,,,,,,,,N,2,0,5,1,C,-,18,,,N,H,A,A,A,H,-,A,A,0,,,,,Y,,-,"- ",1,1,3,0,0,0,0,0,0,"- ","- ",,,"SAN FRANCISCO","SAN FRANCISCO",-122.41930389404297,37.761123657226562
9573158,2023,2023-05-08,3801,2023-03-22,2240,1447,PARK,3,5,7,3801,0,0,0,,0,003,"ANZA ST","BLAKE ST",0.00,,Y,A,-,N,,,,,,,,,,Y,4,0,1,6,A,-,12,22450,A,F,D,C,A,A,H,-,C,A,0,,,,Y,Y,,F,21,0,0,1,0,0,0,0,0,0,"- ","- ",,,"SAN FRANCISCO","SAN FRANCISCO",-122.45082092285156,37.7806396484375
9573161,2023,2023-06-19,3801,2023-04-28,2240,2727,INGLE,5,5,7,3801,0,0,0,,0,3H13E,"SAN JOSE AV","RANDALL ST",320.00,S,N,A,-,N,,,,,,,,,,Y,4,0,1,2,A,-,01,23152,A,N,C,-,A,A,H,-,C,D,0,,,,,Y,Y,A,01,0,0,1,0,0,0,0,0,0,"- ","- ",,,"SAN FRANCISCO","SAN FRANCISCO",-122.42453765869141,37.739009857177734
9573165,2023,2023-05-12,3801,2023-04-05,1238,4286,RICHM,3,5,7,3801,0,0,0,,0,0G2,"CALIFORNIA ST","LOCUST ST",100.00,W,N,A,-,N,,,,,,,,,,N,4,0,1,2,A,-,11,21954,A,N,G,B,E,A,H,-,A,D,0,Y,,,,Y,,N,60,0,0,1,0,1,0,0,0,0,"- ","- ",,,"SAN FRANCISCO","SAN FRANCISCO",-122.45209503173828,37.786567687988281
9573169,2023,2023-06-27,3801,2023-04-12,1518,2272,BAYVI,3,5,7,3801,0,0,0,,0,3C11D,"ILLINOIS ST","20TH ST",318.00,,N,A,-,N,,,,,,,,,,N,4,0,1,2,A,-,07,21658,A,M,D,E,A,A,H,-,A,D,0,,,,,Y,,-,,0,0,1,0,0,0,0,0,0,"- ","- ",,,"SAN FRANCISCO","SAN FRANCISCO",-122.38758087158203,37.760562896728516
9573181,2023,2023-06-19,3801,2023-04-12,"313 ",LI1074,BAYVI,3,5,7,3801,0,0,0,,0,3C13E,"CESAR CHAVEZ ST","TENNESSEE ST",64.00,W,N,A,-,N,,,,,,,,,,Y,4,0,2,4,A,-,03,22350,,F,C,E,A,A,H,-,C,D,0,,,,,Y,,A,01,0,0,2,0,0,0,0,0,0,"- ","- ",,,"SAN FRANCISCO","SAN FRANCISCO",-122.38876342773438,37.750148773193359
9573197,2023,2023-05-08,3801,2023-03-19,"100 ",1466,SOUTH,7,5,7,3801,0,0,0,,0,03B,"MISSION ST","6TH ST",0.00,,Y,C,-,N,,,,,,,,,,Y,4,0,1,2,A,-,08,22107,,N,A,C,A,B,H,-,C,A,0,,,,,Y,,A,07,0,0,1,0,0,0,0,0,0,"- ","- ",,,"SAN FRANCISCO","SAN FRANCISCO",-122.40869140625,37.780982971191406
9573208,2023,2023-05-12,3801,2023-04-16,1022,1514,MISSI,7,5,7,3801,0,0,0,,0,,"13TH ST","S VAN NESS AV",0.00,,Y,A,-,N,,,,,,,,,,N,4,0,2,3,A,-,12,21453,A,N,D,C,A,B,H,-,A,A,0,,,,,Y,,A,01,0,0,2,0,0,0,0,0,0,"- ","- ",,,"SAN FRANCISCO","SAN FRANCISCO",-122.41777801513672,37.7696533203125
9573228,2023,2023-05-15,3801,2023-04-03,1237,1832,TENDE,1,5,7,3801,0,0,0,,0,3J98C,"HYDE ST","FULTON ST",60.00,S,N,A,-,N,,,,,,,,,,,4,0,1,3,A,-,06,21755,A,N,B,C,A,A,H,-,A,D,0,,,,,Y,,A,01,0,0,1,0,0,0,0,0,0,"- ","- ",,,"SAN FRANCISCO","SAN FRANCISCO",-122.41510009765625,37.779647827148438
9573236,2023,2023-05-15,3801,2023-04-01,2005,104,EMPTY,6,5,7,3801,0,0,0,,0,4B4F,"THE EMBARCADERO","MARKET ST",73.00,N,N,A,-,N,,,,,,,,,,Y,2,0,1,3,C,-,18,,,N,C,C,A,A,H,-,C,A,0,,,,,Y,,-,"- ",1,0,0,0,0,0,0,0,0,"- ","- ",,,"SAN FRANCISCO","SAN FRANCISCO",-122.39629364013672,37.793525695800781
9573248,2023,2023-05-12,3801,2023-04-07,1250,2419,RICHM,5,5,7,3801,0,0,0,,0,908,"BALBOA ST","42ND AV",0.00,,Y,B,-,N,,,,,,,,,,,4,0,1,2,A,-,09,21802,A,N,-,-,A,A,H,-,A,A,0,,,,,Y,,D,22,0,0,1,0,0,0,0,0,0,"- ","- ",,,"SAN FRANCISCO","SAN FRANCISCO",-122.50270080566406,37.775482177734375
9573256,2023,2023-05-12,3801,2023-04-02,2200,2497,BAYVI,7,5,7,3801,0,0,0,,0,3C12E,"BAYSHORE BL","CORTLAND AV",0.00,,Y,A,-,N,,,,,,,,,,Y,4,0,2,2,A,-,03,22350,,F,C,C,A,A,H,-,C,A,0,,,,,Y,,D,22,0,0,2,0,0,0,0,0,0,"- ","- ",,,"SAN FRANCISCO","SAN FRANCISCO",-122.40699005126953,37.739582061767578
9573260,2023,2023-05-08,3801,2023-03-29,1227,1771,MISSI,3,5,7,3801,0,0,0,,0,,"CESAR CHAVEZ ST","CESAR CHAVEZ ST 3215",0.00,,Y,C,-,N,,,,,,,,,,N,4,0,2,3,A,-,03,22350,A,N,C,C,A,B,H,-,A,D,0,,,,,Y,,A,01,0,0,2,0,0,0,0,0,0,"- ","- ",,,"SAN FRANCISCO","SAN FRANCISCO",-122.42382049560547,37.7479248046875
9573264,2023,2023-05-09,3801,2023-03-30,1600,1246,BAYVI,4,5,7,3801,0,0,0,,0,3C15D,"INGALLS ST","BANCROFT AV",26.00,N,N,A,-,N,,,,,,,,,,N,3,0,1,2,A,-,00,23103,A,F,B,C,A,A,H,-,A,D,0,,,,,Y,,A,07,0,1,0,0,0,0,0,0,0,"- ","- ",,,"SAN FRANCISCO","SAN FRANCISCO",-122.38899993896484,37.723548889160156
9573268,2023,2023-05-12,3801,2023-04-13,1429,643,TARAV,4,5,7,3801,0,0,0,,0,3I2B,"TARAVAL ST","32ND AV",0.00,,Y,A,-,N,,,,,,,,,,N,2,0,2,3,A,-,10,21950,A,N,G,B,B,A,H,-,A,A,0,Y,,,,Y,,D,23,1,1,0,0,2,0,0,0,0,"- ","- ",,,"SAN FRANCISCO","SAN FRANCISCO",-122.48963165283203,37.742427825927734
9573281,2023,2023-05-13,3801,2023-04-24,1345,1325,TENDE,1,5,7,3801,0,0,0,,0,3J91C,"TAYLOR ST","MARKET ST",0.00,,N,A,-,N,,,,,,,,,,N,4,0,1,2,A,-,10,21950,A,N,G,B,-,A,-,-,-,A,0,Y,,,,Y,,A,01,0,0,1,0,1,0,0,0,0,"- ","- ",,,"SAN FRANCISCO","SAN FRANCISCO",-122.41030120849609,37.782241821289062
9573282,2023,2023-05-13,3801,2023-04-27,2338,2474,TENDE,4,5,7,3801,0,0,0,,0,3J14E,"MARKET ST","MASON ST",0.00,,Y,A,-,N,,,,,,,,,,N,3,0,1,1,A,-,08,22107,,N,H,A,A,A,H,-,C,D,0,,Y,,,Y,Y,L,04,0,1,0,0,0,0,1,0,0,"- ","- ",,,"SAN FRANCISCO","SAN FRANCISCO",-122.40908050537109,37.783233642578125
9573283,2023,2023-05-13,3801,2023-04-22,1642,2723,TENDE,6,5,7,3801,0,0,0,,0,3J14D,"OFARRELL ST","TAYLOR ST",87.00,E,N,A,-,N,,,,,,,,,,N,3,0,1,2,A,-,03,22350,,N,H,C,A,A,H,-,A,D,0,,,,,Y,,-,,0,1,0,0,0,0,0,0,0,"- ","- ",,,"SAN FRANCISCO","SAN FRANCISCO",-122.41102600097656,37.786056518554688
9573284,2023,2023-05-13,3801,2023-04-19,1245,504,NORTH,3,5,7,3801,0,0,0,,0,3E15A,"CHESTNUT ST","BUCHANAN ST",95.00,E,N,A,-,N,,,,,,,,,,N,4,0,1,1,A,-,"- ",,,N,F,A,A,A,H,-,A,A,0,,Y,,,Y,,L,04,0,0,1,0,0,0,1,0,0,"- ","- ",,,"SAN FRANCISCO","SAN FRANCISCO",-122.43263244628906,37.801273345947266
9573286,2023,2023-05-13,3801,2023-04-26,2042,964,NORTH,3,5,7,3801,0,0,0,,0,3E13D,"BUSH ST","GOUGH ST",0.00,,Y,A,-,N,,,,,,,,,,N,3,0,1,2,A,-,10,21950,A,N,A,B,B,A,H,-,C,A,0,Y,,,,Y,,A,01,0,1,0,0,1,0,0,0,0,"- ","- ",,,"SAN FRANCISCO","SAN FRANCISCO",-122.42523956298828,37.788066864013672
9573287,2023,2023-05-13,3801,2023-04-26,1420,2091,NORTH,3,5,7,3801,0,0,0,,0,3E15D,"MARINA BL","DIVISADERO ST",45.00,E,N,A,-,N,,,,,,,,,,N,2,0,2,2,A,-,17,21461,A,N,G,B,F,A,H,-,A,D,0,Y,Y,,,Y,,L,04,1,0,1,0,1,0,1,0,0,"- ","- ",,,"SAN FRANCISCO","SAN FRANCISCO",-122.44384765625,37.805606842041016
9573288,2023,2023-05-13,3801,2023-04-26,1207,1967,NORTH,3,5,7,3801,0,0,0,,0,3E12A,"WEBSTER ST","BROADWAY ST",0.00,,Y,A,-,N,,,,,,,,,,Y,4,0,1,2,A,-,05,21651,A,N,A,C,A,A,H,-,A,A,0,,,,,Y,,A,07,0,0,1,0,0,0,0,0,0,"- ","- ",,,"SAN FRANCISCO","SAN FRANCISCO",-122.43325805664062,37.794490814208984
9573289,2023,2023-05-13,3801,2023-04-01,2045,2080,CENTR,6,5,7,3801,0,0,0,,0,3A14D,"STOCKTON ST","WASHINGTON ST",0.00,,Y,A,-,N,,,,,,,,,,N,4,0,1,2,A,-,10,21950,A,N,G,B,B,A,H,-,C,A,0,Y,,,,Y,,D,22,0,0,1,0,1,0,0,0,0,"- ","- ",,,"SAN FRANCISCO","SAN FRANCISCO",-122.40802764892578,37.794960021972656
9573290,2023,2023-05-13,3801,2023-04-18,"926 ",817,TENDE,2,5,7,3801,0,0,0,,0,3J13A,"EDDY ST","HYDE ST",0.00,,Y,A,-,N,,,,,,,,,,,3,0,1,2,A,-,12,21453,A,F,-,B,B,A,H,-,A,A,0,Y,,,,Y,,A,01,0,1,0,0,1,0,0,0,0,"- ","- ",,,"SAN FRANCISCO","SAN FRANCISCO",-122.41588592529297,37.783512115478516
9573291,2023,2023-05-13,3801,2023-04-17,1400,4335,RICHM,1,5,7,3801,0,0,0,,0,,"PARK PRESIDIO BL","ANZA ST",15.00,N,N,A,-,N,,,,,,,,,,N,4,0,2,2,A,-,04,21703,,N,C,C,A,A,H,-,A,D,0,,,,,Y,,A,01,0,0,2,0,0,0,0,0,0,"- ","- ",,,"SAN FRANCISCO","SAN FRANCISCO",-122.47219085693359,37.778762817382812
9573293,2023,2023-05-13,3801,2023-04-09,1851,1166,INGLE,7,5,7,3801,0,0,0,,0,3H16D,"MANSELL ST","VISITACION AV",79.00,N,N,A,-,N,,,,,,,,,,Y,2,0,1,1,A,-,01,23152,A,N,E,I,A,A,H,-,A,-,0,,,,,Y,Y,A,01,1,0,0,0,0,0,0,0,0,"- ","- ",,,"SAN FRANCISCO","SAN FRANCISCO",-122.411376953125,37.718727111816406
9573294,2023,2023-05-13,3801,2023-04-08,1647,2705,BAYVI,6,5,7,3801,0,0,0,,0,3C11D,"MARIPOSA ST","INDIANA ST",0.00,,Y,-,-,N,,,,,,,,,,N,3,0,1,2,A,-,04,21703,,F,C,G,A,A,H,-,A,D,0,,Y,,,Y,Y,-,,0,1,0,0,0,0,0,0,0,"- ","- ",,,"SAN FRANCISCO","SAN FRANCISCO",-122.39177703857422,37.764152526855469
9573295,2023,2023-05-13,3801,2023-04-06,2010,938,INGLE,4,5,7,3801,0,0,0,,0,0H2,"CHENERY ST","WHITNEY ST",0.00,,Y,A,-,N,,,,,,,,,,N,3,0,2,2,A,-,05,21752,A,N,D,C,A,A,H,-,C,D,0,,,Y,,Y,,C,02,0,1,1,0,0,0,0,0,1,"- ","- ",,,"SAN FRANCISCO","SAN FRANCISCO",-122.4276123046875,37.737297058105469
9573297,2023,2023-05-13,3801,2023-04-09,2148,1833,TENDE,7,5,7,3801,0,0,0,,0,3J13E,"EDDY ST","LARKIN ST",0.00,,Y,A,-,N,,,,,,,,,,N,3,0,2,2,A,-,12,21453,A,N,D,C,A,A,H,-,C,A,0,,,,,Y,,D,22,0,1,1,0,0,0,0,0,0,"- ","- ",,,"SAN FRANCISCO","SAN FRANCISCO",-122.41751861572266,37.783294677734375
9573299,2023,2023-05-13,3801,2023-04-12,"856 ",4294,NORTH,3,5,7,3801,0,0,0,,0,0E3,"POLK ST","MCALLISTER ST",45.00,N,N,A,-,N,,,,,,,,,,N,4,0,1,2,A,-,17,22517,,N,B,G,A,A,H,-,A,D,0,,Y,,,Y,,A,01,0,0,1,0,0,0,1,0,0,"- ","- ",,,"SAN FRANCISCO","SAN FRANCISCO",-122.41862487792969,37.780391693115234
9573300,2023,2023-05-13,3801,2023-04-11,"905 ",1442,NORTH,2,5,7,3801,0,0,0,,0,3E15A,"GROVE ST","POLK ST",85.00,E,N,A,-,N,,,,,,,,,,N,4,0,1,2,A,-,17,22517,,N,H,G,A,B,H,-,A,A,0,,Y,,,Y,,A,07,0,0,1,0,0,0,1,0,0,"- ","- ",,,"SAN FRANCISCO","SAN FRANCISCO",-122.41793060302734,37.778507232666016