CASE_ID,ACCIDENT_YEAR,PROC_DATE,JURIS,COLLISION_DATE,COLLISION_TIME,OFFICER_ID,REPORTING_DISTRICT,DAY_OF_WEEK,CHP_SHIFT,POPULATION,CNTY_CITY_LOC,SPECIAL_COND,BEAT_TYPE,CHP_BEAT_TYPE,CITY_DIVISION_LAPD,CHP_BEAT_CLASS,BEAT_NUMBER,PRIMARY_RD,SECONDARY_RD,DISTANCE,DIRECTION,INTERSECTION,WEATHER_1,WEATHER_2,STATE_HWY_IND,CALTRANS_COUNTY,CALTRANS_DISTRICT,STATE_ROUTE,ROUTE_SUFFIX,POSTMILE_PREFIX,POSTMILE,LOCATION_TYPE,RAMP_INTERSECTION,SIDE_OF_HWY,TOW_AWAY,COLLISION_SEVERITY,NUMBER_KILLED,NUMBER_INJURED,PARTY_COUNT,PRIMARY_COLL_FACTOR,PCF_CODE_OF_VIOL,PCF_VIOL_CATEGORY,PCF_VIOLATION,PCF_VIOL_SUBSECTION,HIT_AND_RUN,TYPE_OF_COLLISION,MVIW,PED_ACTION,ROAD_SURFACE,ROAD_COND_1,ROAD_COND_2,LIGHTING,CONTROL_DEVICE,CHP_ROAD_TYPE,PEDESTRIAN_ACCIDENT,BICYCLE_ACCIDENT,MOTORCYCLE_ACCIDENT,TRUCK_ACCIDENT,NOT_PRIVATE_PROPERTY,ALCOHOL_INVOLVED,STWD_VEHTYPE_AT_FAULT,CHP_VEHTYPE_AT_FAULT,COUNT_SEVERE_INJ,COUNT_VISIBLE_INJ,COUNT_COMPLAINT_PAIN,COUNT_PED_KILLED,COUNT_PED_INJURED,COUNT_BICYCLIST_KILLED,COUNT_BICYCLIST_INJURED,COUNT_MC_KILLED,COUNT_MC_INJURED,PRIMARY_RAMP,SECONDARY_RAMP,LATITUDE,LONGITUDE,COUNTY,CITY,POINT_X,POINT_Y
9573414,2023,2023-05-02,3801,2023-03-17,1800,938,INGLE,5,5,7,3801,0,0,0,,0,0H1,"BOSWORTH ST","CHILTON AV",0.00,,Y,A,-,N,,,,,,,,,,Y,4,0,1,2,A,-,01,23152,A,N,C,D,A,A,H,-,B,D,0,,,,,Y,Y,-,"- ",0,0,1,0,0,0,0,0,0,"- ","- ",,,"SAN FRANCISCO","SAN FRANCISCO",-122.43666076660156,37.734039306640625
9573415,2023,2023-05-02,3801,2023-03-17,"900 ",504,NORTH,5,5,7,3801,0,0,0,,0,3E15A,"PIERCE ST","LOMBARD ST",0.00,,Y,A,-,N,,,,,,,,,,N,4,0,1,2,A,-,09,21802,A,N,D,C,A,A,H,-,A,A,0,,,,,Y,,A,01,0,0,1,0,0,0,0,0,0,"- ","- ",,,"SAN FRANCISCO","SAN FRANCISCO",-122.43933868408203,37.799423217773438
9573416,2023,2023-05-02,3801,2023-03-16,2346,2341,INGLE,4,5,7,3801,0,0,0,,0,3H13E,"ALEMANY BL","LYELL ST",0.00,,Y,A,-,N,,,,,,,,,,Y,4,0,1,2,-,-,"- ",,,N,D,C,A,A,H,-,C,A,0,,,,,Y,,-,"- ",0,0,1,0,0,0,0,0,0,"- ","- ",,,"SAN FRANCISCO","SAN FRANCISCO",-122.43122863769531,37.730609893798828
9573417,2023,2023-05-02,3801,2023-03-15,2240,2715,NORTH,3,5,7,3801,0,0,0,,0,3E12E,"DIVISADERO BL","MCALLISTER ST",0.00,,Y,A,-,N,,,,,,,,,,N,4,0,1,2,A,-,17,22517,,N,H,E,A,A,H,-,C,A,0,,,Y,,Y,,A,01,0,0,1,0,0,0,0,0,1,"- ","- ",,,"SAN FRANCISCO","SAN FRANCISCO",-122.4383544921875,37.777786254882812
9573418,2023,2023-05-01,3801,2023-03-17,"640 ",1967,NORTH,5,5,7,3801,0,0,0,,0,3E12A,"CEDAR ST","VAN NESS AV",0.00,,Y,A,-,N,,,,,,,,,,N,4,0,1,2,A,-,12,22450,A,N,D,J,A,A,H,-,B,A,0,,,,,Y,,A,01,0,0,1,0,0,0,0,0,0,"- ","- ",,,"SAN FRANCISCO","SAN FRANCISCO",-122.42143249511719,37.786167144775391
9573419,2023,2023-05-01,3801,2023-03-15,2026,28,CENTR,3,5,7,3801,0,0,0,,0,001,"CALIFORNIA ST","JONES ST",0.00,,Y,A,-,N,,,,,,,,,,Y,3,0,1,2,A,-,03,22350,A,F,H,C,A,A,H,-,C,A,0,,,Y,,Y,Y,-,,0,1,0,0,0,0,0,0,1,"- ","- ",,,"SAN FRANCISCO","SAN FRANCISCO",-122.41410827636719,37.791423797607422
9573475,2023,2023-04-11,3801,2023-02-26,1725,1252,RICHM,7,5,7,3801,0,0,0,,0,0G2,"FULTON ST","PARSONS ST",8.00,W,N,A,-,N,,,,,,,,,,,4,0,1,5,A,-,01,23152,A,N,B,E,A,B,H,-,A,B,0,,,,,Y,Y,A,01,0,0,1,0,0,0,0,0,0,"- ","- ",,,"SAN FRANCISCO","SAN FRANCISCO",-122.45529937744141,37.774665832519531
9573482,2023,2023-04-28,3801,2023-03-17,"900 ",2202,INGLE,5,5,7,3801,0,0,0,,0,3H13A,"PORTOLA DR","SUNVIEW DR",83.00,E,N,A,-,N,,,,,,,,,,N,4,0,1,2,A,-,07,21658,A,N,B,D,A,A,H,-,A,D,0,,,Y,,Y,Y,A,01,0,0,1,0,0,0,0,0,1,"- ","- ",,,"SAN FRANCISCO","SAN FRANCISCO",-122.44680786132812,37.746784210205078
9573483,2023,2023-04-28,3801,2023-03-26,1143,2202,INGLE,7,5,7,3801,0,0,0,,0,3H13A,"MISSION ST","VALENCIA ST",0.00,,Y,A,-,N,,,,,,,,,,N,3,0,1,2,A,-,08,22107,,F,D,-,A,A,H,-,A,A,0,,Y,Y,,Y,Y,C,06,0,1,0,0,0,0,1,0,0,"- ","- ",,,"SAN FRANCISCO","SAN FRANCISCO",-122.41986846923828,37.745586395263672
9573484,2023,2023-04-28,3801,2023-03-12,2000,1666,PARK,7,5,7,3801,0,0,0,,0,4CAR,"HOWARD ST","10TH ST",0.00,,Y,A,-,N,,,,,,,,,,N,4,0,1,2,A,-,10,21950,A,N,G,B,B,B,H,-,C,A,0,Y,,,,Y,,A,01,0,0,1,0,1,0,0,0,0,"- ","- ",,,"SAN FRANCISCO","SAN FRANCISCO",-122.41436767578125,37.774024963378906
9573485,2023,2023-04-28,3801,2023-03-02,1129,1448,INGLE,4,5,7,3801,0,0,0,,0,3H15A,"ALEMANY BL","MT VERNON AVE",0.00,,Y,A,-,N,,,,,,,,,,N,4,0,3,2,A,-,03,22350,,N,C,C,A,A,-,-,A,A,0,,,,,Y,,A,08,0,0,3,0,0,0,0,0,0,"- ","- ",,,"SAN FRANCISCO","SAN FRANCISCO",-122.44460296630859,37.716102600097656
9573486,2023,2023-04-28,3801,2023-03-20,"733 ",2202,INGLE,1,5,7,3801,0,0,0,,0,3H4A,"SAN JOSE AV","COLONIAL WY",49.00,S,N,B,-,N,,,,,,,,,,N,3,0,1,2,A,-,08,22107,,F,B,D,A,B,H,-,A,D,0,,,Y,,Y,Y,C,06,0,1,0,0,0,0,0,0,1,"- ","- ",,,"SAN FRANCISCO","SAN FRANCISCO",-122.44054412841797,37.728321075439453
9573691,2022,2023-04-10,3801,2022-12-23,1432,1804,BAYVI,5,5,7,3801,0,0,0,,0,3C15D,"BAYSHORE BL","PHELPS ST",0.00,,Y,A,-,N,,,,,,,,,,Y,3,0,1,2,A,-,04,21703,,N,C,C,A,A,H,-,A,A,0,,,Y,,Y,,C,02,0,1,0,0,0,0,0,0,1,"- ","- ",,,"SAN FRANCISCO","SAN FRANCISCO",-122.40206146240234,37.727928161621094
9573693,2022,2023-04-13,3801,2022-12-22,1402,1605,NORTH,4,5,7,3801,0,0,0,,0,3E13A,"FRANKLIN ST","FULTON ST",0.00,,Y,A,-,N,,,,,,,,,,Y,4,0,2,2,A,-,08,22107,,N,D,C,A,A,H,-,A,A,0,,,,,Y,,A,07,0,0,2,0,0,0,0,0,0,"- ","- ",,,"SAN FRANCISCO","SAN FRANCISCO",-122.42172241210938,37.778938293457031
9573694,2022,2023-04-13,3801,2022-12-30,1455,4047,MISSI,5,5,7,3801,0,0,0,,0,3D16D,"14TH ST","FOLSOM ST",0.00,,Y,F,-,N,,,,,,,,,,N,4,0,1,2,D,-,00,,,F,C,C,A,-,G,-,-,-,0,,,,,Y,,-,"- ",0,0,1,0,0,0,0,0,0,"- ","- ",,,"SAN FRANCISCO","SAN FRANCISCO",-122.41561126708984,37.768535614013672
9573695,2022,2023-04-13,3801,2022-12-13,2121,2241,NORTH,2,5,7,3801,0,0,0,,0,0E3,"FRANKLIN ST","GROVE ST",0.00,,Y,A,-,N,,,,,,,,,,N,4,0,1,2,A,-,10,21950,A,N,G,B,B,A,H,-,C,A,0,Y,,,,Y,,-,,0,0,1,0,1,0,0,0,0,"- ","- ",,,"SAN FRANCISCO","SAN FRANCISCO",-122.42151641845703,37.778022766113281
9573760,2022,2023-04-18,3801,2022-12-24,0636,1825,SOUTH,6,5,7,3801,0,0,0,,0,3B4A,"BERRY ST","4TH ST",118.00,E,N,A,-,N,,,,,,,,,,Y,3,0,1,3,A,-,03,22350,,N,F,E,A,A,H,-,C,D,0,,,,,Y,,A,01,0,1,0,0,0,0,0,0,0,"- ","- ",,,"SAN FRANCISCO","SAN FRANCISCO",-122.39305114746094,37.776008605957031
9573805,2023,2023-04-18,3801,2023-02-21,2235,400,SOUTH,2,5,7,3801,0,0,0,,0,3B12E,"HOWARD ST","NEW MONTGOMERY ST",0.00,,Y,A,-,N,,,,,,,,,,N,3,0,1,2,A,-,03,22350,,N,B,G,A,A,H,-,C,A,0,,Y,,,Y,,L,04,0,1,0,0,0,0,1,0,0,"- ","- ",,,"SAN FRANCISCO","SAN FRANCISCO",-122.39899444580078,37.786220550537109
9573806,2023,2023-04-18,3801,2023-02-21,1940,A09968,PARK,2,5,7,3801,0,0,0,,0,3F13D,"ANZA ST","COLLINS ST",0.00,,Y,A,G,N,,,,,,,,,,N,4,0,1,1,A,-,03,22350,,N,H,J,A,A,H,-,C,A,0,,,Y,,Y,,C,02,0,0,1,0,0,0,0,0,1,"- ","- ",,,"SAN FRANCISCO","SAN FRANCISCO",-122.44981384277344,37.780757904052734
9573807,2023,2023-04-18,3801,2023-02-26,"414 ",2035,MISSI,7,5,7,3801,0,0,0,,0,3D16E,"16TH ST","FOLSOM ST",72.00,E,N,A,-,N,,,,,,,,,,N,4,0,1,2,A,-,08,22107,,F,D,C,A,A,H,-,C,A,0,,,,,Y,,A,01,0,0,1,0,0,0,0,0,0,"- ","- ",,,"SAN FRANCISCO","SAN FRANCISCO",-122.41505432128906,37.765327453613281
9573808,2023,2023-04-18,3801,2023-02-27,"948 ",1917,TARAV,1,5,7,3801,0,0,0,,0,3I16A,"IRVING ST","21ST AV",0.00,,Y,C,-,N,,,,,,,,,,N,4,0,1,2,A,-,10,21950,A,N,G,B,B,B,H,-,A,A,0,Y,,,,Y,,A,01,0,0,1,0,1,0,0,0,0,"- ","- ",,,"SAN FRANCISCO","SAN FRANCISCO",-122.47927856445312,37.763469696044922
9573809,2023,2023-04-18,3801,2023-02-13,1102,1183,MISSI,1,5,7,3801,0,0,0,,0,3D15A,"14TH ST","JULIAN AV",0.00,,Y,A,-,N,,,,,,,,,,N,4,0,1,2,A,-,08,22107,,N,D,G,A,A,H,-,A,D,0,,Y,,,Y,,A,08,0,0,1,0,0,0,1,0,0,"- ","- ",,,"SAN FRANCISCO","SAN FRANCISCO",-122.42121124267578,37.768211364746094
9573810,2023,2023-04-18,3801,2023-02-10,1557,2305,TRAFF,5,5,7,3801,0,0,0,,0,4B3F,"MISSION BAY BL NORTH","BRIDGEVIEW DR",0.00,,Y,A,-,N,,,,,,,,,,Y,4,0,1,2,A,-,12,22450,,F,D,C,A,B,H,-,A,D,0,,,,,Y,,A,01,0,0,1,0,0,0,0,0,0,"- ","- ",,,"SAN FRANCISCO","SAN FRANCISCO",-122.38778686523438,37.770988464355469
9573821,2023,2023-04-14,3801,2023-02-28,1803,1951,SOUTH,2,5,7,3801,0,0,0,,0,0B1,"3RD ST","SOUTH PARK",0.00,,Y,C,-,N,,,,,,,,,,N,4,0,1,2,A,-,10,21950,,F,D,C,A,B,H,-,C,A,0,,,,,Y,,A,01,0,0,1,0,0,0,0,0,0,"- ","- ",,,"SAN FRANCISCO","SAN FRANCISCO",-122.39508056640625,37.780712127685547
9573826,2023,2023-04-14,3801,2023-02-18,1742,837,CENTR,6,5,7,3801,0,0,0,,0,3A2D,"COLUMBUS AV","VALLEJO ST",0.00,,Y,A,-,N,,,,,,,,,,N,4,0,1,2,A,-,21,22106,,N,G,B,E,A,H,-,C,D,0,Y,,,,Y,,A,01,0,0,1,0,1,0,0,0,0,"- ","- ",,,"SAN FRANCISCO","SAN FRANCISCO",-122.40789031982422,37.798721313476562
9574037,2023,2023-04-25,3801,2023-03-10,1600,1696,NORTH,5,5,7,3801,0,0,0,,0,3E15D,"DIVISADERO ST","CHESTNUT ST",0.00,,Y,A,-,N,,,,,,,,,,N,4,0,1,2,A,-,04,21703,,N,C,C,A,A,H,-,A,A,0,,,,,Y,,A,01,0,0,1,0,0,0,0,0,0,"- ","- ",,,"SAN FRANCISCO","SAN FRANCISCO",-122.44284057617188,37.799980163574219
9574038,2023,2023-05-05,3801,2023-03-19,2323,"LI 074",BAYVI,7,5,7,3801,0,0,0,,0,3C13E,"EVANS AV","MENDELL ST",0.00,,Y,C,-,N,,,,,,,,,,Y,4,0,2,2,A,-,12,21453,A,N,A,I,A,B,H,-,C,A,0,,,,,Y,,-,"- ",0,0,2,0,0,0,0,0,0,"- ","- ",,,"SAN FRANCISCO","SAN FRANCISCO",-122.38475799560547,37.740852355957031
9574039,2023,2023-04-18,3801,2023-03-26,1807,1875,BAYVI,7,5,7,3801,0,0,0,,0,3C15D,"REVERE AV","LANE ST",213.00,N,N,A,-,N,,,,,,,,,,N,4,0,1,2,A,-,17,22517,,N,B,E,A,A,H,-,A,D,0,,,,,Y,,A,01,0,0,1,0,0,0,0,0,0,"- ","- ",,,"SAN FRANCISCO","SAN FRANCISCO",-122.39077758789062,37.732017517089844
9574040,2023,2023-05-05,3801,2023-03-26,2129,2730,BAYVI,7,5,7,3801,0,0,0,,0,3C15E,"3RD ST","JAMESTOWN AV",0.00,,Y,A,-,N,,,,,,,,,,Y,3,0,3,2,A,-,08,22107,,N,A,C,A,A,H,-,C,A,0,,,,,Y,,-,"- ",0,1,2,0,0,0,0,0,0,"- ","- ",,,"SAN FRANCISCO","SAN FRANCISCO",-122.39671325683594,37.720260620117188
9574152,2023,2023-04-26,3801,2023-03-25,1703,1680,MISSI,6,5,7,3801,0,0,0,,0,3D13D,"CLIPPER ST","DOUGLAS ST",0.00,,Y,A,-,N,,,,,,,,,,Y,3,0,1,8,-,-,"- ",,,N,D,C,A,A,H,-,A,A,0,,,,,Y,,-,"- ",0,1,0,0,0,0,0,0,0,"- ","- ",,,"SAN FRANCISCO","SAN FRANCISCO",-122.43824768066406,37.748664855957031
9574277,2022,2023-05-05,3801,2022-04-09,1125,1250,SOUTH,6,5,7,3801,0,0,0,,0,3B14A,"VALENCIA ST","MCCOPPIN ST",0.00,,Y,A,-,N,,,,,,,,,,N,4,0,1,2,A,-,09,21801,A,F,D,G,A,A,H,-,A,D,0,,Y,,,Y,,-,,0,0,1,0,0,0,1,0,0,"- ","- ",,,"SAN FRANCISCO","SAN FRANCISCO",-122.42253112792969,37.771587371826172
9574280,2021,2023-05-15,3801,2021-04-13,0803,801,SOUTH,2,5,7,3801,0,0,0,,0,INGLES,"GENEVA AV","RT 280",0.00,,Y,A,-,Y,SF,4,280,-,R,1.556,R,4,N,N,4,0,1,2,A,-,03,22350,,N,D,C,A,A,G,-,A,A,0,,,,,Y,Y,A,01,0,0,1,0,0,0,0,0,0,"- ",FR,,,"SAN FRANCISCO","SAN FRANCISCO",-122.44822692871094,37.719928741455078
9574285,2023,2023-05-01,3801,2023-03-09,"533 ",539,NORTH,4,5,7,3801,0,0,0,,0,003,"VAN NESS AV","EDDY ST",0.00,,Y,A,-,N,,,,,,,,,,N,3,0,1,2,A,-,11,21954,A,F,A,B,E,A,H,-,A,A,0,Y,,,,Y,,N,60,0,1,0,0,1,0,0,0,0,"- ","- ",,,"SAN FRANCISCO","SAN FRANCISCO",-122.42076110839844,37.782890319824219
9575933,2023,2023-06-13,3801,2023-04-16,"1   ",1709,PARK,7,5,7,3801,0,0,0,,0,003,"MASONIC AV","TURK BL",0.00,,Y,A,-,N,,,,,,,,,,Y,4,0,1,2,A,-,12,21453,A,M,D,D,A,A,H,-,C,A,0,,,,,Y,,-,,0,0,1,0,0,0,0,0,0,"- ","- ",,,"SAN FRANCISCO","SAN FRANCISCO",-122.44705200195312,37.778633117675781
9575934,2023,2023-06-20,3801,2023-04-16,1645,2390,MISSI,7,5,7,3801,0,0,0,,0,3D14D,"MISSION ST","25TH ST",34.00,N,N,A,-,N,,,,,,,,,,Y,3,0,1,4,A,-,03,22350,,F,C,C,A,A,H,-,A,A,0,,,,,Y,,A,01,0,1,0,0,0,0,0,0,0,"- ","- ",,,"SAN FRANCISCO","SAN FRANCISCO",-122.41831207275391,37.750751495361328
9575935,2023,2023-06-13,3801,2023-04-20,2000,2419,RICHM,4,5,7,3801,0,0,0,,0,908,"WASHBURN ST","LYON ST",50.00,W,N,A,-,N,,,,,,,,,,,4,0,1,2,A,-,21,22106,A,N,B,C,A,A,H,-,B,D,0,,,Y,,Y,,A,01,0,0,1,0,0,0,0,0,1,"- ","- ",,,"SAN FRANCISCO","SAN FRANCISCO",,
9575936,2023,2023-06-13,3801,2023-04-30,1920,2499,TARAV,7,5,7,3801,0,0,0,,0,3I16D,"SLOAT BL","CLEARFIELD DR",0.00,,Y,A,-,N,,,,,,,,,,Y,4,0,1,3,A,-,04,21703,,N,C,C,A,A,H,-,B,A,0,,,,,Y,,A,07,0,0,1,0,0,0,0,0,0,"- ","- ",,,"SAN FRANCISCO","SAN FRANCISCO",-122.49156188964844,37.733940124511719
9575938,2023,2023-06-16,3801,2023-04-25,"928 ",1825,SOUTH,2,5,7,3801,0,0,0,,0,3B12A,"BRANNAN ST","04TH ST",0.00,,Y,A,-,N,,,,,,,,,,N,3,0,1,2,A,-,08,22107,,N,D,G,A,A,H,-,A,A,0,,Y,,,Y,,A,01,0,1,0,0,0,0,1,0,0,"- ","- ",,,"SAN FRANCISCO","SAN FRANCISCO",,
9575940,2023,2023-06-13,3801,2023-04-05,"146 ",2437,BAYVI,3,5,7,3801,0,0,0,,0,3C15E,"SILVER AV","SAN BRUNO AV",20.00,N,N,A,-,N,,,,,,,,,,Y,4,0,1,2,A,-,08,22107,,N,D,C,A,A,H,-,C,A,0,,,,,Y,,A,07,0,0,1,0,0,0,0,0,0,"- ","- ",,,"SAN FRANCISCO","SAN FRANCISCO",-122.40556335449219,37.732479095458984
9575943,2023,2023-06-16,3801,2023-04-30,2123,1857,NORTH,7,5,7,3801,0,0,0,,0,3E61,"GOUGH ST","GROVE ST",71.00,N,N,A,-,N,,,,,,,,,,Y,3,0,1,3,A,-,01,23152,,M,B,E,A,A,H,-,C,D,0,,,,,Y,Y,D,22,0,1,0,0,0,0,0,0,0,"- ","- ",,,"SAN FRANCISCO","SAN FRANCISCO",-122.42320251464844,37.778003692626953
9575944,2023,2023-06-13,3801,2023-04-22,"100 ",118,PARK,6,5,7,3801,0,0,0,,0,3F13E,"STANYAN ST","OAK ST",0.00,,Y,A,-,N,,,,,,,,,,Y,4,0,1,2,A,-,09,21801,,N,A,C,A,A,H,-,C,A,0,,,,,Y,,A,01,0,0,1,0,0,0,0,0,0,"- ","- ",,,"SAN FRANCISCO","SAN FRANCISCO",-122.45395660400391,37.771354675292969
9575945,2023,2023-06-13,3801,2023-04-22,"517 ",2457,SOUTH,6,5,7,3801,0,0,0,,0,3B14E,"MISSION ST","9TH ST",0.00,,Y,A,-,N,,,,,,,,,,N,3,0,1,2,A,-,03,22350,,N,G,B,B,A,H,-,C,A,0,Y,,,,Y,,A,01,0,1,0,0,1,0,0,0,0,"- ","- ",,,"SAN FRANCISCO","SAN FRANCISCO",-122.41471862792969,37.776241302490234
9575946,2023,2023-06-13,3801,2023-04-05,2205,2390,MISSI,3,5,7,3801,0,0,0,,0,3D15E,"MISSION ST","18TH ST",0.00,,Y,A,-,N,,,,,,,,,,N,4,0,1,2,A,-,12,21453,A,F,H,G,A,A,H,-,C,A,0,,Y,,,Y,,A,01,0,0,1,0,0,0,1,0,0,"- ","- ",,,"SAN FRANCISCO","SAN FRANCISCO",-122.41936492919922,37.7618408203125
9575947,2023,2023-06-13,3801,2023-04-16,1855,2452,CENTR,7,5,7,3801,0,0,0,,0,3A12D,"KEARNEY ST","SUTTER ST",0.00,,Y,A,-,N,,,,,,,,,,Y,2,0,2,2,A,-,12,21453,A,N,D,C,A,A,H,-,A,A,0,,,,,Y,,A,01,1,0,1,0,0,0,0,0,0,"- ","- ",,,"SAN FRANCISCO","SAN FRANCISCO",-122.40383911132812,37.789829254150391
9575948,2023,2023-06-13,3801,2023-04-30,1428,327,MISSI,7,5,7,3801,0,0,0,,0,3D16C,"26TH ST","BRYANT ST",0.00,,Y,A,-,N,,,,,,,,,,Y,4,0,2,5,A,-,01,23153,A,F,D,-,A,A,H,-,A,A,0,,,,,Y,Y,A,01,0,0,2,0,0,0,0,0,0,"- ","- ",,,"SAN FRANCISCO","SAN FRANCISCO",-122.40885925292969,37.749618530273438
9575950,2023,2023-06-16,3801,2023-04-30,1315,207,CENTR,7,5,7,3801,0,0,0,,0,3A00,"COLUMBUS AV","VALLEJO ST",0.00,,Y,-,-,N,,,,,,,,,,N,4,0,1,2,A,-,00,20015,,N,B,B,B,-,-,-,-,-,0,Y,,,,Y,,A,01,0,0,1,0,1,0,0,0,0,"- ","- ",,,"SAN FRANCISCO","SAN FRANCISCO",-122.40789031982422,37.798721313476562
9576001,2023,2023-05-10,3801,2023-04-03,1500,1420,INGLE,1,5,7,3801,0,0,0,,0,3H11D,"ALEMANY BL","OCEAN AV",0.00,,Y,A,-,N,,,,,,,,,,Y,4,0,3,4,A,-,12,21453,A,F,D,C,A,A,H,-,A,A,0,,,,,Y,Y,A,01,0,0,3,0,0,0,0,0,0,"- ","- ",,,"SAN FRANCISCO","SAN FRANCISCO",-122.43753814697266,37.723697662353516
9576002,2023,2023-05-10,3801,2023-04-02,"100 ",2097,BAYVI,7,5,7,3801,0,0,0,,0,3C5A,"3RD ST","ARMSTRONG AV",0.00,,Y,A,-,N,,,,,,,,,,N,3,0,1,2,A,-,03,22350,,F,C,E,A,A,H,-,C,D,0,,,,,Y,,D,22,0,1,0,0,0,0,0,0,0,"- ","- ",,,"SAN FRANCISCO","SAN FRANCISCO",-122.39366912841797,37.727035522460938
9576003,2023,2023-05-10,3801,2023-04-02,"52  ",2148,MISSI,7,5,7,3801,0,0,0,,0,3D13E,"MISSION ST","23RD ST",0.00,,N,C,-,N,,,,,,,,,,N,3,0,1,2,A,-,09,21801,A,N,H,C,A,B,H,-,C,D,0,,,,,Y,,A,01,0,1,0,0,0,0,0,0,0,"- ","- ",,,"SAN FRANCISCO","SAN FRANCISCO",-122.41860198974609,37.753829956054688
9576004,2023,2023-05-10,3801,2023-04-04,1810,1251,BAYVI,2,5,7,3801,0,0,0,,0,3C12D,"ALEMANY BL","BAY SHORE BL",196.00,W,N,A,-,N,,,,,,,,,,N,4,0,1,2,A,-,08,22107,,N,B,C,A,A,H,-,A,D,0,,,,,Y,,A,07,0,0,1,0,0,0,0,0,0,"- ","- ",,,"SAN FRANCISCO","SAN FRANCISCO",-122.40756988525391,37.737846374511719
9576005,2023,2023-05-10,3801,2023-04-05,1250,2724,SOUTH,3,5,7,3801,0,0,0,,0,3B14A,"HARRISON ST","BERWICK PL",0.00,,Y,A,-,N,,,,,,,,,,N,3,0,1,2,A,-,00,21230,,N,D,C,A,A,H,-,A,A,0,,,,,Y,,-,,0,1,0,0,0,0,0,0,0,"- ","- ",,,"SAN FRANCISCO","SAN FRANCISCO",-122.40778350830078,37.774360656738281
9576006,2023,2023-05-10,3801,2023-04-05,1805,1207,SOUTH,3,5,7,3801,0,0,0,,0,0B3,"BRYANT ST","8TH ST",0.00,,Y,A,-,N,,,,,,,,,,Y,4,0,1,2,A,-,12,21453,A,N,D,C,A,A,H,-,A,A,0,,,,,Y,,A,01,0,0,1,0,0,0,0,0,0,"- ","- ",,,"SAN FRANCISCO","SAN FRANCISCO",-122.406982421875,37.772514343261719
9576007,2023,2023-05-10,3801,2023-04-04,"835 ",4333,NORTH,2,5,7,3801,0,0,0,,0,,LOMBARD,"FILLMORE ST",0.00,,Y,A,-,N,,,,,,,,,,N,4,0,2,3,A,-,03,22350,,N,-,C,A,A,H,-,A,A,0,,,,,Y,,A,07,0,0,2,0,0,0,0,0,0,"- ","- ",,,"SAN FRANCISCO","SAN FRANCISCO",-122.43605041503906,37.799846649169922
9576008,2023,2023-05-10,3801,2023-04-04,1852,1244,SOUTH,2,5,7,3801,0,0,0,,0,002,"BRYANT ST","2ND ST",218.00,W,N,A,-,N,,,,,,,,,,Y,4,0,1,3,A,-,03,22350,A,F,C,C,A,A,-,-,A,A,0,,,,,Y,,A,01,0,0,1,0,0,0,0,0,0,"- ","- ",,,"SAN FRANCISCO","SAN FRANCISCO",-122.3941650390625,37.782657623291016
9576009,2023,2023-05-10,3801,2023-04-05,"205 ",1830,CENTR,3,5,7,3801,0,0,0,,0,3A11E,"UNION ST","LARKIN ST",20.00,W,N,A,-,N,,,,,,,,,,Y,3,0,1,4,A,-,01,23152,A,N,B,C,A,A,H,-,C,A,0,,,,,Y,Y,A,01,0,1,0,0,0,0,0,0,0,"- ","- ",,,"SAN FRANCISCO","SAN FRANCISCO",-122.42073822021484,37.798969268798828
9576011,2023,2023-05-10,3801,2023-04-05,1906,788,CENTR,3,5,7,3801,0,0,0,,0,,"JONES ST","WASHINGTON ST",0.00,,Y,A,-,N,,,,,,,,,,Y,4,0,1,2,A,-,09,21802,A,N,D,C,A,A,H,-,A,A,0,,,,,Y,,A,01,0,0,1,0,0,0,0,0,0,"- ","- ",,,"SAN FRANCISCO","SAN FRANCISCO",-122.41465759277344,37.794113159179688
9576012,2023,2023-05-10,3801,2023-04-04,1521,1520,BAYVI,2,5,7,3801,0,0,0,,0,0C4,"SAN BRUNO AV","PAUL AV",0.00,,Y,A,-,N,,,,,,,,,,Y,4,0,1,3,A,-,05,21651,B,F,B,C,A,A,H,-,A,A,0,,,,,Y,,A,01,0,0,1,0,0,0,0,0,0,"- ","- ",,,"SAN FRANCISCO","SAN FRANCISCO",-122.40205383300781,37.723922729492188
9576013,2023,2023-05-10,3801,2023-04-02,1500,307,NORTH,7,5,7,3801,0,0,0,,0,3E13D,"POLK ST","POST ST",0.00,,Y,A,-,N,,,,,,,,,,N,4,0,1,2,A,-,09,21801,A,N,D,C,A,A,H,-,A,A,0,,,,,Y,,A,01,0,0,1,0,0,0,0,0,0,"- ","- ",,,"SAN FRANCISCO","SAN FRANCISCO",-122.41989898681641,37.786834716796875
9576015,2023,2023-05-10,3801,2023-04-03,"755 ",4286,RICHM,1,5,7,3801,0,0,0,,0,0G2,"SACRAMENTO ST","LYON ST",100.00,E,N,A,-,N,,,,,,,,,,N,4,0,1,2,A,-,21,22106,,N,D,B,E,A,H,-,A,D,0,Y,,,,Y,,A,01,0,0,1,0,1,0,0,0,0,"- ","- ",,,"SAN FRANCISCO","SAN FRANCISCO",-122.44525146484375,37.788402557373047
9576016,2023,2023-05-10,3801,2023-04-04,"445 ",4125,RICHM,2,5,7,3801,0,0,0,,0,3G12E,"EUCLID AV","COLLINS ST",0.00,,Y,A,-,N,,,,,,,,,,Y,3,0,1,1,A,-,03,22350,,N,E,I,A,A,H,-,C,D,0,,,Y,,Y,Y,C,02,0,1,0,0,0,0,0,0,1,"- ","- ",,,"SAN FRANCISCO","SAN FRANCISCO",-122.45011901855469,37.78448486328125
9576017,2023,2023-05-10,3801,2023-04-06,1649,964,NORTH,4,5,7,3801,0,0,0,,0,3E11D,"GOUGH ST","OAK ST",0.00,,Y,A,-,N,,,,,,,,,,Y,4,0,1,2,A,-,08,22107,,N,B,C,A,A,H,-,A,A,0,,,,,Y,,A,01,0,0,1,0,0,0,0,0,0,"- ","- ",,,"SAN FRANCISCO","SAN FRANCISCO",-122.42259216308594,37.775016784667969