CASE_ID,ACCIDENT_YEAR,PROC_DATE,JURIS,COLLISION_DATE,COLLISION_TIME,OFFICER_ID,REPORTING_DISTRICT,DAY_OF_WEEK,CHP_SHIFT,POPULATION,CNTY_CITY_LOC,SPECIAL_COND,BEAT_TYPE,CHP_BEAT_TYPE,CITY_DIVISION_LAPD,CHP_BEAT_CLASS,BEAT_NUMBER,PRIMARY_RD,SECONDARY_RD,DISTANCE,DIRECTION,INTERSECTION,WEATHER_1,WEATHER_2,STATE_HWY_IND,CALTRANS_COUNTY,CALTRANS_DISTRICT,STATE_ROUTE,ROUTE_SUFFIX,POSTMILE_PREFIX,POSTMILE,LOCATION_TYPE,RAMP_INTERSECTION,SIDE_OF_HWY,TOW_AWAY,COLLISION_SEVERITY,NUMBER_KILLED,NUMBER_INJURED,PARTY_COUNT,PRIMARY_COLL_FACTOR,PCF_CODE_OF_VIOL,PCF_VIOL_CATEGORY,PCF_VIOLATION,PCF_VIOL_SUBSECTION,HIT_AND_RUN,TYPE_OF_COLLISION,MVIW,PED_ACTION,ROAD_SURFACE,ROAD_COND_1,ROAD_COND_2,LIGHTING,CONTROL_DEVICE,CHP_ROAD_TYPE,PEDESTRIAN_ACCIDENT,BICYCLE_ACCIDENT,MOTORCYCLE_ACCIDENT,TRUCK_ACCIDENT,NOT_PRIVATE_PROPERTY,ALCOHOL_INVOLVED,STWD_VEHTYPE_AT_FAULT,CHP_VEHTYPE_AT_FAULT,COUNT_SEVERE_INJ,COUNT_VISIBLE_INJ,COUNT_COMPLAINT_PAIN,COUNT_PED_KILLED,COUNT_PED_INJURED,COUNT_BICYCLIST_KILLED,COUNT_BICYCLIST_INJURED,COUNT_MC_KILLED,COUNT_MC_INJURED,PRIMARY_RAMP,SECONDARY_RAMP,LATITUDE,LONGITUDE,COUNTY,CITY,POINT_X,POINT_Y
9576019,2023,2023-05-10,3801,2023-04-05,2500,1833,SOUTH,3,5,7,3801,0,0,0,,0,0B2,"MISSION ST","6TH ST",107.00,E,N,A,-,N,,,,,,,,,,Y,4,0,1,2,A,-,08,22107,,N,D,C,A,A,H,-,A,D,0,,,Y,,Y,,A,01,0,0,1,0,0,0,0,0,1,"- ","- ",,,"SAN FRANCISCO","SAN FRANCISCO",-122.40842437744141,37.781185150146484
9576020,2023,2023-05-10,3801,2023-04-05,"953 ",4310,TENDE,3,5,7,3801,0,0,0,,0,3J14A,"MCALLISTER ST","CHARLES J BRENHAM ST",0.00,,N,A,-,N,,,,,,,,,,N,4,0,1,2,A,-,08,22101,D,N,G,B,B,A,H,-,A,A,0,Y,,,,Y,,A,01,0,0,1,0,1,0,0,0,0,"- ","- ",,,"SAN FRANCISCO","SAN FRANCISCO",-122.41309356689453,37.781002044677734
9576021,2023,2023-05-17,3801,2023-04-21,1017,2402,TARAV,5,5,7,3801,0,0,0,,0,3I1A,"19TH AV","VICENTE ST",300.00,S,N,A,-,N,,,,,,,,,,N,4,0,3,2,A,-,04,21703,,N,C,C,A,A,H,-,A,A,0,,,,,Y,,A,01,0,0,3,0,0,0,0,0,0,"- ","- ",,,"SAN FRANCISCO","SAN FRANCISCO",-122.47537994384766,37.738487243652344
9576022,2023,2023-05-17,3801,2023-04-20,1840,1897,TARAV,4,5,7,3801,0,0,0,,0,3I15D,"TARAVAL ST","24TH AV",0.00,,Y,A,-,N,,,,,,,,,,Y,4,0,2,2,A,-,12,22450,A,N,H,C,A,A,H,-,A,D,0,,,,,Y,,A,01,0,0,2,0,0,0,0,0,0,"- ","- ",,,"SAN FRANCISCO","SAN FRANCISCO",-122.48105621337891,37.7427978515625
9576025,2023,2023-05-17,3801,2023-04-23,1250,938,INGLE,7,5,7,3801,0,0,0,,0,0H5,"MISSION ST","RUSSIA AV",0.00,,Y,A,-,N,,,,,,,,,,N,4,0,1,2,A,-,09,21801,A,N,A,G,A,-,H,-,A,D,0,,Y,,,Y,,-,"- ",0,0,1,0,0,0,1,0,0,"- ","- ",,,"SAN FRANCISCO","SAN FRANCISCO",-122.43717956542969,37.721572875976562
9576026,2023,2023-05-17,3801,2023-04-18,1130,1653,INGLE,2,5,7,3801,0,0,0,,0,3H5A,"NAHUA AV",DELANO,218.00,W,N,A,-,N,,,,,,,,,,N,4,0,1,3,A,-,03,22350,,N,C,E,A,A,H,-,A,D,0,,,,,Y,,A,01,0,0,1,0,0,0,0,0,0,"- ","- ",,,"SAN FRANCISCO","SAN FRANCISCO",-122.44764709472656,37.717426300048828
9576027,2023,2023-05-17,3801,2023-04-19,1355,2088,INGLE,3,5,7,3801,0,0,0,,0,3H12A,"MISSION ST","RICHLAND AV",0.00,,Y,A,-,N,,,,,,,,,,Y,4,0,1,2,A,-,08,22107,,F,D,C,A,A,H,-,A,A,0,,,,,Y,,A,01,0,0,1,0,0,0,0,0,0,"- ","- ",,,"SAN FRANCISCO","SAN FRANCISCO",-122.42449188232422,37.735939025878906
9576028,2023,2023-05-17,3801,2023-04-19,2047,2293,NORTH,3,5,7,3801,0,0,0,,0,,"WEBSTER ST","GOLDEN GATE AV",0.00,,Y,A,-,N,,,,,,,,,,Y,4,0,1,2,A,-,09,21801,A,N,A,D,A,A,H,-,C,A,0,,,,,Y,,A,01,0,0,1,0,0,0,0,0,0,"- ","- ",,,"SAN FRANCISCO","SAN FRANCISCO",-122.4302978515625,37.779758453369141
9576029,2023,2023-05-26,3801,2023-04-19,1850,4276,NORTH,3,5,7,3801,0,0,0,,0,3E13D,"GOUGH ST","FELL ST",0.00,,Y,A,-,N,,,,,,,,,,N,3,0,1,3,A,-,11,21954,A,N,D,G,E,A,H,-,A,A,0,Y,Y,,,Y,,N,60,0,1,0,0,0,0,1,0,0,"- ","- ",,,"SAN FRANCISCO","SAN FRANCISCO",-122.42277526855469,37.775943756103516
9576030,2023,2023-05-17,3801,2023-04-21,1814,158,NORTH,5,5,7,3801,0,0,0,,0,3E14D,"FELL ST","FELL ST 774",10.00,E,N,A,-,N,,,,,,,,,,N,4,0,1,2,A,-,09,21804,A,N,B,C,A,A,H,-,A,D,0,,,Y,,Y,,A,01,0,0,1,0,0,0,0,0,1,"- ","- ",,,"SAN FRANCISCO","SAN FRANCISCO",,
9576031,2023,2023-05-17,3801,2023-04-18,"742 ",390,PARK,2,5,7,3801,0,0,0,,0,003,"FELL ST","BRODERICK ST",0.00,,Y,A,-,N,,,,,,,,,,N,3,0,1,2,A,-,17,21657,,N,A,G,A,A,H,-,A,A,0,,Y,,,Y,,A,01,0,1,0,0,0,0,1,0,0,"- ","- ",,,"SAN FRANCISCO","SAN FRANCISCO",-122.43929290771484,37.773838043212891
9576033,2023,2023-05-17,3801,2023-04-17,1715,469,MISSI,1,5,7,3801,0,0,0,,0,3D2D,"COSO ST","PROSPECT ST",0.00,,Y,A,-,N,,,,,,,,,,N,4,0,1,3,A,-,09,21802,A,N,D,C,A,A,H,-,A,D,0,,,,,Y,,A,01,0,0,1,0,0,0,0,0,0,"- ","- ",,,"SAN FRANCISCO","SAN FRANCISCO",-122.41725158691406,37.745719909667969
9576035,2023,2023-05-17,3801,2023-04-17,1020,2366,NORTH,1,5,7,3801,0,0,0,,0,3E14A,"BAY ST","FRANKLIN ST",101.00,E,N,A,-,N,,,,,,,,,,N,4,0,1,2,A,-,08,22107,,N,D,C,A,A,H,-,A,D,0,,,Y,,Y,,A,01,0,0,1,0,0,0,0,0,1,"- ","- ",,,"SAN FRANCISCO","SAN FRANCISCO",-122.4263916015625,37.803985595703125
9576036,2023,2023-05-17,3801,2023-04-15,1330,2398,NORTH,6,5,7,3801,0,0,0,,0,0E2,"POST ST",BOSWELL,0.00,,Y,A,-,N,,,,,,,,,,N,3,0,1,2,A,-,09,21801,A,N,D,C,A,A,H,-,A,D,0,,,Y,,Y,,A,08,0,1,0,0,0,0,0,0,1,"- ","- ",,,"SAN FRANCISCO","SAN FRANCISCO",,
9576037,2023,2023-05-17,3801,2023-04-06,"824 ",891,PARK,4,5,7,3801,0,0,0,,0,3F14A,"CLARENDON AV","TWIN PEAKS BL",0.00,,Y,A,-,N,,,,,,,,,,N,4,0,1,2,A,-,03,22350,,N,C,E,A,A,H,-,A,D,0,,Y,,,Y,,L,04,0,0,1,0,0,0,1,0,0,"- ","- ",,,"SAN FRANCISCO","SAN FRANCISCO",-122.44846343994141,37.759033203125
9576041,2023,2023-05-13,3801,2023-04-12,"908 ",1396,SOUTH,3,5,7,3801,0,0,0,,0,3B3A,"6TH ST","BRANNAN ST",100.00,N,N,A,-,N,,,,,,,,,,N,3,0,1,2,A,-,11,21950,B,N,D,B,F,A,H,-,A,D,0,Y,,,,Y,,N,60,0,1,0,0,1,0,0,0,0,"- ","- ",,,"SAN FRANCISCO","SAN FRANCISCO",-122.40119934082031,37.7750244140625
9576047,2023,2023-05-13,3801,2023-04-14,1417,1250,SOUTH,5,5,7,3801,0,0,0,,0,3B14A,"OTIS ST","S VAN NESS AV",0.00,,Y,A,-,N,,,,,,,,,,Y,4,0,1,2,A,-,03,22350,,N,E,E,A,A,H,-,A,A,0,,,,,Y,,A,01,0,0,1,0,0,0,0,0,0,"- ","- ",,,"SAN FRANCISCO","SAN FRANCISCO",-122.41863250732422,37.773109436035156
9576048,2023,2023-05-13,3801,2023-04-09,1125,1250,SOUTH,7,5,7,3801,0,0,0,,0,3B14A,"VALENCIA ST","MCCOPPIN ST",0.00,,Y,A,-,N,,,,,,,,,,N,4,0,1,2,A,-,09,21801,A,F,D,G,A,A,H,-,A,D,0,,Y,,,Y,,-,,0,0,1,0,0,0,1,0,0,"- ","- ",,,"SAN FRANCISCO","SAN FRANCISCO",-122.42253112792969,37.771587371826172
9576049,2023,2023-05-13,3801,2023-04-07,1715,1858,BAYVI,5,5,7,3801,0,0,0,,0,3C15D,"3RD ST","FAIRFAX AV",0.00,,Y,B,-,N,,,,,,,,,,Y,4,0,1,2,A,-,12,21453,A,N,D,D,A,A,H,-,A,A,0,,,,,Y,,A,01,0,0,1,0,0,0,0,0,0,"- ","- ",,,"SAN FRANCISCO","SAN FRANCISCO",-122.38829040527344,37.741966247558594
9576068,2023,2023-06-27,3801,2023-04-05,"900 ",1474,BAYVI,3,5,7,3801,0,0,0,,0,901,"PAUL AV","CARR ST",0.00,,Y,A,-,N,,,,,,,,,,N,4,0,2,2,A,-,03,22350,,N,C,C,A,A,H,-,A,-,0,,,,,Y,,A,01,0,0,2,0,0,0,0,0,0,"- ","- ",,,"SAN FRANCISCO","SAN FRANCISCO",-122.39662933349609,37.722618103027344
9576069,2023,2023-06-27,3801,2023-04-09,1556,1207,SOUTH,7,5,7,3801,0,0,0,,0,0B2,"HARRISON ST","4TH ST",0.00,,Y,A,-,N,,,,,,,,,,N,4,0,2,2,A,-,02,22400,A,N,D,J,A,A,H,-,A,D,0,,,,,Y,,M,94,0,0,2,0,0,0,0,0,0,"- ","- ",,,"SAN FRANCISCO","SAN FRANCISCO",-122.39962768554688,37.780776977539062
9576070,2023,2023-05-11,3801,2023-04-11,1820,469,MISSI,2,5,7,3801,0,0,0,,0,3D2D,"18TH ST","DOLORES ST",0.00,,Y,A,-,N,,,,,,,,,,N,3,0,1,2,A,-,10,21950,A,N,D,B,B,A,H,-,A,A,0,Y,,,,Y,,-,,0,1,0,0,1,0,0,0,0,"- ","- ",,,"SAN FRANCISCO","SAN FRANCISCO",-122.42615509033203,37.761444091796875
9576071,2023,2023-05-11,3801,2023-04-10,"928 ",1540,TARAV,1,5,7,3801,0,0,0,,0,3I1A,"ORTEGA ST","40TH AV",20.00,S,N,B,-,N,,,,,,,,,,N,3,0,1,2,A,-,10,21950,A,N,-,B,B,A,H,-,A,A,0,Y,,,,Y,,A,01,0,1,0,0,1,0,0,0,0,"- ","- ",,,"SAN FRANCISCO","SAN FRANCISCO",-122.49883270263672,37.751399993896484
9576072,2023,2023-05-11,3801,2023-04-08,1854,2150,RICHM,6,5,7,3801,0,0,0,,0,3G3C,"PARK PRESIDIO BYPASS DR","FULTON ST",72.00,S,N,A,-,N,,,,,,,,,,Y,3,0,1,4,A,-,03,22350,,N,C,A,A,A,H,-,A,A,0,,,,,Y,,A,01,0,1,0,0,0,0,0,0,0,"- ","- ",,,"SAN FRANCISCO","SAN FRANCISCO",-122.47177886962891,37.772933959960938
9576073,2023,2023-05-11,3801,2023-04-09,"132 ",1888,RICHM,7,5,7,3801,0,0,0,,0,,"PARK PRESIDIO BL","ANZA ST",0.00,,Y,A,-,N,,,,,,,,,,Y,4,0,1,2,A,-,11,21453,D,N,G,B,D,A,H,-,C,A,0,Y,,,,Y,,N,60,0,0,1,0,1,0,0,0,0,"- ","- ",,,"SAN FRANCISCO","SAN FRANCISCO",-122.47219085693359,37.778724670410156
9576074,2023,2023-05-11,3801,2023-04-12,1549,4200,TARAV,3,5,7,3801,0,0,0,,0,3I4D,"OCEAN AV","CAPITOL AV",0.00,,Y,A,-,N,,,,,,,,,,Y,4,0,1,2,A,-,08,22107,,N,D,C,A,A,H,-,A,A,0,,,,,Y,,A,01,0,0,1,0,0,0,0,0,0,"- ","- ",,,"SAN FRANCISCO","SAN FRANCISCO",-122.45925140380859,37.724525451660156
9576075,2023,2023-05-11,3801,2023-04-11,2124,1830,CENTR,2,5,7,3801,0,0,0,,0,3A11E,"SAMSOME ST","PACIFIC AV",0.00,,Y,A,-,N,,,,,,,,,,N,3,0,1,1,D,-,00,,,N,H,A,A,A,H,-,C,A,0,,Y,,,Y,,-,"- ",0,1,0,0,0,0,1,0,0,"- ","- ",,,"SAN FRANCISCO","SAN FRANCISCO",-122.40203094482422,37.797508239746094
9576076,2023,2023-05-11,3801,2023-04-09,1213,2466,RICHM,7,5,7,3801,0,0,0,,0,THREE,"OAK ST","LYON ST",0.00,,Y,A,-,N,,,,,,,,,,N,4,0,1,3,A,-,08,22107,,N,B,C,A,A,H,-,A,D,0,,,,,Y,,A,01,0,0,1,0,0,0,0,0,0,"- ","- ",,,"SAN FRANCISCO","SAN FRANCISCO",-122.44235992431641,37.772495269775391
9576077,2023,2023-05-11,3801,2023-04-12,"746 ",2097,BAYVI,3,5,7,3801,0,0,0,,0,3C14A,"FELTON ST","BRUSSELS ST",0.00,,Y,A,-,N,,,,,,,,,,N,3,0,2,3,A,-,09,21800,A,N,D,D,A,A,H,-,A,A,0,,,Y,,Y,,A,01,0,2,0,0,0,0,0,0,2,"- ","- ",,,"SAN FRANCISCO","SAN FRANCISCO",-122.40657043457031,37.729530334472656
9576078,2023,2023-05-11,3801,2023-04-11,1600,727,BAYVI,2,5,7,3801,0,0,0,,0,3C15E,"3RD ST","WILLIAMS AV",0.00,,Y,A,-,N,,,,,,,,,,N,4,0,1,2,A,-,04,21703,,N,C,C,A,A,H,-,A,A,0,,,,,Y,,-,"- ",0,0,1,0,0,0,0,0,0,"- ","- ",,,"SAN FRANCISCO","SAN FRANCISCO",-122.39273071289062,37.729267120361328
9576079,2023,2023-05-16,3801,2023-04-12,1515,2272,BAYVI,3,5,7,3801,0,0,0,,0,3C11E,"ILLINOIS ST","22ND ST",0.00,,Y,A,-,N,,,,,,,,,,N,4,0,2,3,A,-,07,21658,A,F,B,C,A,A,H,-,A,D,0,,Y,,,Y,,A,08,0,0,2,0,0,0,1,0,0,"- ","- ",,,"SAN FRANCISCO","SAN FRANCISCO",-122.38734436035156,37.757980346679688
9576080,2023,2023-05-10,3801,2023-04-11,1558,1251,BAYVI,2,5,7,3801,0,0,0,,0,3C12D,"SILVER AV","REVERE AV",20.00,S,N,A,-,N,,,,,,,,,,Y,3,0,1,3,A,-,03,22350,,N,F,E,A,-,H,-,A,D,0,,,,,Y,,A,01,0,1,0,0,0,0,0,0,0,"- ","- ",,,"SAN FRANCISCO","SAN FRANCISCO",-122.39863586425781,37.736412048339844
9576081,2023,2023-05-15,3801,2023-04-15,2026,1897,INGLE,6,5,7,3801,0,0,0,,0,3H15D,"GENEVA AV","MADRID ST",0.00,,Y,A,-,N,,,,,,,,,,N,4,0,1,2,A,-,03,22350,A,N,C,C,A,A,H,-,C,A,0,,,,,Y,,A,01,0,0,1,0,0,0,0,0,0,"- ","- ",,,"SAN FRANCISCO","SAN FRANCISCO",-122.43781280517578,37.714950561523438
9576082,2023,2023-05-10,3801,2023-04-15,1813,1061,SOUTH,6,5,7,3801,0,0,0,,0,3B11D,"5TH ST","MINNA ST",0.00,,Y,A,-,N,,,,,,,,,,Y,4,0,1,2,D,-,00,,,N,B,C,A,A,H,-,-,D,0,,,,,Y,,-,"- ",0,0,1,0,0,0,0,0,0,"- ","- ",,,"SAN FRANCISCO","SAN FRANCISCO",-122.40592193603516,37.782295227050781
9576083,2023,2023-05-10,3801,2023-04-15,"24  ",1113,PARK,6,5,7,3801,0,0,0,,0,3F14E,"CASTRO ST","DUBOCE AV",0.00,,Y,A,-,N,,,,,,,,,,Y,4,0,1,2,A,-,03,22350,,N,B,E,A,A,H,-,C,B,0,,,,,Y,Y,A,01,0,0,1,0,0,0,0,0,0,"- ","- ",,,"SAN FRANCISCO","SAN FRANCISCO",-122.43582153320312,37.769050598144531
9576084,2023,2023-05-10,3801,2023-04-14,1445,1871,INGLE,5,5,7,3801,0,0,0,,0,901,"MOSCOW ST","GENEVA AV",0.00,,Y,A,-,N,,,,,,,,,,N,4,0,1,2,A,-,12,21453,A,F,D,C,A,A,H,-,A,A,0,,,,,Y,,A,01,0,0,1,0,0,0,0,0,0,"- ","- ",,,"SAN FRANCISCO","SAN FRANCISCO",-122.43374633789062,37.713130950927734
9576085,2023,2023-05-10,3801,2023-04-14,2059,2094,TENDE,5,5,7,3801,0,0,0,,0,3J12D,"6TH ST","STEVENSON ST",0.00,,Y,A,-,N,,,,,,,,,,N,3,0,1,3,A,-,12,22450,A,N,A,C,A,A,H,-,C,B,0,,Y,,,Y,,L,04,0,1,0,0,0,0,1,0,0,"- ","- ",,,"SAN FRANCISCO","SAN FRANCISCO",-122.40966796875,37.781764984130859
9576086,2023,2023-06-27,3801,2023-04-14,1754,2425,TENDE,5,5,7,3801,0,0,0,,0,3J13D,"LARKIN ST","TURK ST",0.00,,Y,A,-,N,,,,,,,,,,N,2,0,1,2,A,-,10,21950,A,N,G,B,B,A,H,-,A,A,0,Y,,,,Y,,A,01,1,0,0,0,1,0,0,0,0,"- ","- ",,,"SAN FRANCISCO","SAN FRANCISCO",-122.41733551025391,37.782379150390625
9576087,2023,2023-05-10,3801,2023-04-14,1635,2272,BAYVI,5,5,7,3801,0,0,0,,0,3C13D,"EVANS AV","JENNINGS ST",0.00,,Y,A,-,N,,,,,,,,,,N,4,0,1,2,A,-,09,21801,A,F,D,G,A,A,H,-,A,D,0,,Y,,,Y,,A,01,0,0,1,0,0,0,1,0,0,"- ","- ",,,"SAN FRANCISCO","SAN FRANCISCO",-122.37911987304688,37.737693786621094
9576088,2023,2023-05-10,3801,2023-04-13,1354,2065,TENDE,4,5,7,3801,0,0,0,,0,3J117,ELLIS,"JONES ST",187.00,W,N,A,-,N,,,,,,,,,,N,4,0,2,2,A,-,09,21801,A,N,C,C,A,A,H,-,A,D,0,,,,,Y,,A,01,0,0,2,0,0,0,0,0,0,"- ","- ",,,"SAN FRANCISCO","SAN FRANCISCO",-122.41341400146484,37.784805297851562
9576090,2023,2023-05-18,3801,2023-04-13,1132,8,NORTH,4,5,7,3801,0,0,0,,0,3E11A,"CHESTNUT ST","PIERCE ST",272.00,E,N,A,-,N,,,,,,,,,,N,3,0,1,2,A,-,21,22106,,N,C,C,A,A,H,-,A,D,0,,,Y,,Y,,A,01,0,1,0,0,0,0,0,0,1,"- ","- ",,,"SAN FRANCISCO","SAN FRANCISCO",-122.43855285644531,37.800518035888672
9576091,2023,2023-05-10,3801,2023-04-13,"130 ",1967,NORTH,4,5,7,3801,0,0,0,,0,3E2A,"MASON ST","ELLIS ST",0.00,,Y,A,-,N,,,,,,,,,,N,4,0,1,2,A,-,05,21651,B,F,B,C,A,A,H,-,C,A,0,,,,,Y,Y,A,01,0,0,1,0,0,0,0,0,0,"- ","- ",,,"SAN FRANCISCO","SAN FRANCISCO",-122.40946197509766,37.785331726074219
9576092,2023,2023-05-18,3801,2023-04-13,"744 ",504,NORTH,4,5,7,3801,0,0,0,,0,3E15A,"GREEN ST","VAN NESS AV",0.00,,Y,A,-,N,,,,,,,,,,N,4,0,1,2,A,-,11,21453,D,N,G,B,B,A,H,-,A,A,0,Y,,,,Y,,N,60,0,0,1,0,1,0,0,0,0,"- ","- ",,,"SAN FRANCISCO","SAN FRANCISCO",-122.42374420166016,37.797634124755859
9576093,2023,2023-05-10,3801,2023-04-12,1535,2458,CENTR,3,5,7,3801,0,0,0,,0,,"STOCKTON ST","SACRAMENTO ST",600.00,S,N,A,-,N,,,,,,,,,,N,4,0,1,1,D,-,00,,,N,H,A,A,A,H,-,A,D,0,,Y,,,Y,,-,"- ",0,0,1,0,0,0,1,0,0,"- ","- ",,,"SAN FRANCISCO","SAN FRANCISCO",-122.40765380859375,37.792781829833984
9576094,2023,2023-05-10,3801,2023-04-12,1358,1669,TENDE,3,5,7,3801,0,0,0,,0,3J93D,"5TH ST","STEVENSON ST",0.00,,Y,A,-,N,,,,,,,,,,N,3,0,1,2,A,-,09,21801,A,F,B,C,A,A,H,-,A,-,0,,,Y,,Y,Y,C,02,0,1,0,0,0,0,0,0,1,"- ","- ",,,"SAN FRANCISCO","SAN FRANCISCO",-122.40746307373047,37.783512115478516
9576095,2023,2023-05-18,3801,2023-04-12,1338,2195,NORTH,3,5,7,3801,0,0,0,,0,001,"FELL ST","FILLMORE ST",0.00,,Y,A,-,N,,,,,,,,,,Y,3,0,2,2,A,-,12,21453,A,N,D,C,A,A,H,-,A,A,0,,,,,Y,,A,07,0,1,1,0,0,0,0,0,0,"- ","- ",,,"SAN FRANCISCO","SAN FRANCISCO",-122.43099975585938,37.774890899658203
9576096,2023,2023-05-10,3801,2023-04-03,"840 ",1796,RICHM,1,5,7,3801,0,0,0,,0,3G14A,ANZA,"17TH AV",0.00,,Y,A,-,N,,,,,,,,,,N,4,0,1,3,A,-,10,21950,A,N,G,G,B,A,H,-,A,D,0,Y,Y,,,Y,,A,01,0,0,1,0,0,0,1,0,0,"- ","- ",,,"SAN FRANCISCO","SAN FRANCISCO",-122.47602844238281,37.778545379638672
9576097,2023,2023-05-10,3801,2023-04-20,1838,1620,RICHM,4,5,7,3801,0,0,0,,0,3G13D,"CLEMENT ST","5TH AV",99.00,E,N,A,-,N,,,,,,,,,,N,4,0,1,2,A,-,06,21755,A,N,B,C,A,A,H,-,A,D,0,,,Y,,Y,,C,03,0,0,1,0,0,0,0,0,1,"- ","- ",,,"SAN FRANCISCO","SAN FRANCISCO",-122.46302032470703,37.783008575439453
9576098,2023,2023-05-10,3801,2023-04-23,1150,1513,RICHM,7,5,7,3801,0,0,0,,0,03G,"ARGUELLO BL","EUCLID AV",0.00,,Y,A,-,N,,,,,,,,,,N,4,0,1,2,A,-,08,22107,,N,B,G,A,-,H,-,A,A,0,,Y,,,Y,,A,01,0,0,1,0,0,0,1,0,0,"- ","- ",,,"SAN FRANCISCO","SAN FRANCISCO",-122.45906829833984,37.783809661865234
9576100,2023,2023-05-10,3801,2023-04-23,1959,2272,BAYVI,7,5,7,3801,0,0,0,,0,3C12D,"BAYSHORE BL","OAKDALE AV",0.00,,Y,A,-,N,,,,,,,,,,Y,4,0,4,2,A,-,12,21453,A,N,D,C,A,A,H,-,C,A,0,,,,,Y,,A,01,0,0,4,0,0,0,0,0,0,"- ","- ",,,"SAN FRANCISCO","SAN FRANCISCO",-122.40522003173828,37.743038177490234
9576101,2023,2023-05-10,3801,2023-04-07,2105,1207,SOUTH,5,5,7,3801,0,0,0,,0,0B2,"MISSION ST","5TH ST",0.00,,Y,A,-,N,,,,,,,,,,N,4,0,4,2,A,-,04,21703,,N,C,C,A,A,H,-,C,D,0,,,,,Y,,A,01,0,0,4,0,0,0,0,0,0,"- ","- ",,,"SAN FRANCISCO","SAN FRANCISCO",-122.40648651123047,37.782737731933594
9576102,2023,2023-05-10,3801,2023-04-01,1436,307,NORTH,6,5,7,3801,0,0,0,,0,3E15D,"LOMBARD ST","PIERCE ST",0.00,,Y,A,-,N,,,,,,,,,,Y,3,0,1,3,A,-,09,21801,A,N,D,E,A,A,H,-,A,A,0,,,Y,,Y,,A,01,0,1,0,0,0,0,0,0,1,"- ","- ",,,"SAN FRANCISCO","SAN FRANCISCO",-122.43933868408203,37.799423217773438
9576103,2023,2023-05-10,3801,2023-04-07,1803,2100,MISSI,5,5,7,3801,0,0,0,,0,3D11D,"MARKET ST","MARKET ST 2145",0.00,,-,A,-,N,,,,,,,,,,Y,3,0,2,2,D,-,00,,,N,C,E,A,-,H,-,A,D,0,,,,,Y,,-,"- ",0,1,1,0,0,0,0,0,0,"- ","- ",37.766738891601562,-122.42971038818359,"SAN FRANCISCO","SAN FRANCISCO",,
9576104,2023,2023-05-10,3801,2023-04-13,"932 ",2263,TARAV,4,5,7,3801,0,0,0,,0,3I13A,"19TH AV","CRESPI DR",0.00,,Y,A,-,N,,,,,,,,,,N,4,0,1,2,A,-,03,22350,,F,-,-,A,A,H,-,A,A,0,,,,,Y,,A,07,0,0,1,0,0,0,0,0,0,"- ","- ",,,"SAN FRANCISCO","SAN FRANCISCO",-122.47537231445312,37.720279693603516
9576105,2023,2023-05-15,3801,2023-04-15,"204 ",1024,TENDE,6,5,7,3801,0,0,0,,0,3J13E,"MCALLISTER ST","HYDE ST",0.00,,Y,A,-,N,,,,,,,,,,Y,3,0,2,2,A,-,12,21453,A,N,D,C,A,A,H,-,C,A,0,,,,,Y,,A,01,0,1,1,0,0,0,0,0,0,"- ","- ",,,"SAN FRANCISCO","SAN FRANCISCO",-122.41532135009766,37.780738830566406
9576106,2023,2023-05-10,3801,2023-04-15,"203 ",250,TENDE,6,5,7,3801,0,0,0,,0,3J4E,"TURK ST","TAYLOR ST",0.00,,Y,A,-,N,,,,,,,,,,N,4,0,1,2,A,-,12,21453,A,F,D,C,A,A,H,-,C,A,0,,,,,Y,,A,01,0,0,1,0,0,0,0,0,0,"- ","- ",,,"SAN FRANCISCO","SAN FRANCISCO",-122.41078186035156,37.783206939697266
9576107,2023,2023-05-12,3801,2023-04-16,1350,93,NORTH,7,5,7,3801,0,0,0,,0,3E76,"DIVISADERO ST","OFARRELL ST",10.00,W,N,A,-,N,,,,,,,,,,N,4,0,1,2,A,-,10,21950,A,N,G,B,B,A,H,-,A,A,0,Y,,,,Y,,A,01,0,0,1,0,1,0,0,0,0,"- ","- ",,,"SAN FRANCISCO","SAN FRANCISCO",-122.43930816650391,37.782455444335938
9576108,2023,2023-05-10,3801,2023-04-23,1925,788,CENTR,7,5,7,3801,0,0,0,,0,3A15D,"PINE ST",QUINCY,25.00,E,N,A,-,N,,,,,,,,,,N,4,0,1,2,A,-,08,22107,,F,B,C,A,A,H,-,B,D,0,,,Y,,Y,,A,01,0,0,1,0,0,0,0,0,1,"- ","- ",,,"SAN FRANCISCO","SAN FRANCISCO",-122.40532684326172,37.791557312011719
9576109,2023,2023-05-10,3801,2023-04-22,1745,1823,MISSI,6,5,7,3801,0,0,0,,0,001,"NOE ST","MARKET ST",148.00,S,N,A,-,N,,,,,,,,,,Y,3,0,2,2,A,-,09,21804,,N,D,C,A,A,H,-,A,D,0,,,,,Y,,A,01,0,2,0,0,0,0,0,0,0,"- ","- ",,,"SAN FRANCISCO","SAN FRANCISCO",-122.43309783935547,37.763835906982422
9576110,2023,2023-05-10,3801,2023-04-23,1723,2017,MISSI,7,5,7,3801,0,0,0,,0,3D14D,"24TH ST","ALABAMA ST",0.00,,Y,A,-,N,,,,,,,,,,,4,0,1,2,A,-,00,20001,,F,G,B,B,A,H,-,A,A,0,Y,,,,Y,,A,01,0,0,1,0,1,0,0,0,0,"- ","- ",,,"SAN FRANCISCO","SAN FRANCISCO",-122.41094207763672,37.752712249755859
9576111,2023,2023-05-10,3801,2023-04-20,1529,2100,MISSI,4,5,7,3801,0,0,0,,0,3D11D,"MARKET ST","DOLORES ST",0.00,,Y,A,-,N,,,,,,,,,,Y,4,0,3,3,A,-,08,22107,,N,B,C,A,A,H,-,A,D,0,,,,,Y,,A,01,0,0,3,0,0,0,0,0,0,"- ","- ",,,"SAN FRANCISCO","SAN FRANCISCO",-122.42691040039062,37.769203186035156