CASE_ID,ACCIDENT_YEAR,PROC_DATE,JURIS,COLLISION_DATE,COLLISION_TIME,OFFICER_ID,REPORTING_DISTRICT,DAY_OF_WEEK,CHP_SHIFT,POPULATION,CNTY_CITY_LOC,SPECIAL_COND,BEAT_TYPE,CHP_BEAT_TYPE,CITY_DIVISION_LAPD,CHP_BEAT_CLASS,BEAT_NUMBER,PRIMARY_RD,SECONDARY_RD,DISTANCE,DIRECTION,INTERSECTION,WEATHER_1,WEATHER_2,STATE_HWY_IND,CALTRANS_COUNTY,CALTRANS_DISTRICT,STATE_ROUTE,ROUTE_SUFFIX,POSTMILE_PREFIX,POSTMILE,LOCATION_TYPE,RAMP_INTERSECTION,SIDE_OF_HWY,TOW_AWAY,COLLISION_SEVERITY,NUMBER_KILLED,NUMBER_INJURED,PARTY_COUNT,PRIMARY_COLL_FACTOR,PCF_CODE_OF_VIOL,PCF_VIOL_CATEGORY,PCF_VIOLATION,PCF_VIOL_SUBSECTION,HIT_AND_RUN,TYPE_OF_COLLISION,MVIW,PED_ACTION,ROAD_SURFACE,ROAD_COND_1,ROAD_COND_2,LIGHTING,CONTROL_DEVICE,CHP_ROAD_TYPE,PEDESTRIAN_ACCIDENT,BICYCLE_ACCIDENT,MOTORCYCLE_ACCIDENT,TRUCK_ACCIDENT,NOT_PRIVATE_PROPERTY,ALCOHOL_INVOLVED,STWD_VEHTYPE_AT_FAULT,CHP_VEHTYPE_AT_FAULT,COUNT_SEVERE_INJ,COUNT_VISIBLE_INJ,COUNT_COMPLAINT_PAIN,COUNT_PED_KILLED,COUNT_PED_INJURED,COUNT_BICYCLIST_KILLED,COUNT_BICYCLIST_INJURED,COUNT_MC_KILLED,COUNT_MC_INJURED,PRIMARY_RAMP,SECONDARY_RAMP,LATITUDE,LONGITUDE,COUNTY,CITY,POINT_X,POINT_Y
9576112,2023,2023-05-10,3801,2023-04-24,1043,4001,MISSI,1,5,7,3801,0,0,0,,0,3D15A,"BRYANT ST","16TH ST",86.00,N,N,A,-,N,,,,,,,,,,N,4,0,1,2,A,-,08,22107,,M,G,B,A,A,H,-,A,D,0,,,Y,,Y,,A,01,0,0,1,0,0,0,0,0,1,"- ","- ",,,"SAN FRANCISCO","SAN FRANCISCO",-122.41053771972656,37.765827178955078
9576113,2023,2023-05-10,3801,2023-04-20,1431,390,PARK,4,5,7,3801,0,0,0,,0,,"FULTON ST","COLE ST",7.00,W,N,A,-,N,,,,,,,,,,N,4,0,2,3,A,-,10,21950,A,N,G,B,B,A,H,-,A,D,0,Y,,,,Y,,A,01,0,0,2,0,2,0,0,0,0,"- ","- ",,,"SAN FRANCISCO","SAN FRANCISCO",-122.45135498046875,37.775188446044922
9576114,2023,2023-05-10,3801,2023-04-24,2201,4103,MISSI,1,5,7,3801,0,0,0,,0,3D14E,"24TH ST","FOLSOM ST",0.00,,Y,A,-,N,,,,,,,,,,N,4,0,2,3,A,-,10,21950,A,N,G,B,B,A,H,-,C,A,0,Y,,,,Y,Y,D,22,0,0,2,0,2,0,0,0,0,"- ","- ",,,"SAN FRANCISCO","SAN FRANCISCO",-122.41409301757812,37.752506256103516
9576115,2023,2023-05-10,3801,2023-04-24,1739,1857,NORTH,1,5,7,3801,0,0,0,,0,3E61,"FRANKLIN ST","SUTTER ST",0.00,,Y,A,-,N,,,,,,,,,,Y,4,0,1,2,A,-,08,22100,B,N,D,C,A,A,H,-,A,A,0,,,,,Y,,A,01,0,0,1,0,0,0,0,0,0,"- ","- ",,,"SAN FRANCISCO","SAN FRANCISCO",-122.42340087890625,37.787345886230469
9576116,2023,2023-05-10,3801,2023-04-24,1523,1857,NORTH,1,5,7,3801,0,0,0,,0,3E61,"LAGUNA ST","GROVE ST",0.00,,Y,A,-,N,,,,,,,,,,N,4,0,1,2,D,-,00,,,N,D,D,A,A,H,-,A,A,0,,,Y,,Y,,-,"- ",0,0,1,0,0,0,0,0,1,"- ","- ",,,"SAN FRANCISCO","SAN FRANCISCO",-122.42645263671875,37.777408599853516
9576117,2023,2023-05-10,3801,2023-04-23,1626,1696,NORTH,7,5,7,3801,0,0,0,,0,3E15D,"CLAY ST","STEINER ST",0.00,,Y,A,-,N,,,,,,,,,,N,4,0,1,2,A,-,12,22450,A,N,D,G,A,A,H,-,A,A,0,,Y,,,Y,,L,04,0,0,1,0,0,0,1,0,0,"- ","- ",,,"SAN FRANCISCO","SAN FRANCISCO",-122.43583679199219,37.790496826171875
9576118,2023,2023-05-10,3801,2023-04-22,"619 ",1288,NORTH,6,5,7,3801,0,0,0,,0,3E15A,"GOUGH ST","GROVE ST",0.00,,Y,A,-,N,,,,,,,,,,N,4,0,1,2,A,-,12,21453,A,N,D,C,A,A,H,-,A,A,0,,,,,Y,,A,01,0,0,1,0,0,0,0,0,0,"- ","- ",,,"SAN FRANCISCO","SAN FRANCISCO",-122.42316436767578,37.777805328369141
9576119,2023,2023-05-10,3801,2023-04-12,1806,4201,TENDE,3,5,7,3801,0,0,0,,0,3J15D,ELLIS,"CYRIL MAGNIN ST",0.00,,Y,A,-,N,,,,,,,,,,N,2,0,1,2,A,-,12,21453,,N,D,G,A,A,H,-,A,A,0,,Y,,,Y,,L,04,1,0,0,0,0,0,1,0,0,"- ","- ",,,"SAN FRANCISCO","SAN FRANCISCO",-122.40866088867188,37.785427093505859
9576120,2023,2023-05-10,3801,2023-04-25,1749,1182,RICHM,2,5,7,3801,0,0,0,,0,3G11D,"GREAT HWY","GREAT HWY 1139",0.00,,-,A,-,N,,,,,,,,,,N,4,0,1,2,A,-,03,22350,,N,D,G,A,A,H,-,A,D,0,,Y,,,Y,,L,04,0,0,1,0,0,0,1,0,0,"- ","- ",37.766281127929688,-122.51042175292969,"SAN FRANCISCO","SAN FRANCISCO",,
9576134,2023,2023-05-10,3801,2023-04-20,"930 ",899,NORTH,4,5,7,3801,0,0,0,,0,,"LOMBARD ST","SCOTT ST",0.00,,Y,A,-,N,,,,,,,,,,N,4,0,1,3,A,-,04,21703,,N,C,C,A,A,H,-,A,A,0,,,,,Y,,A,01,0,0,1,0,0,0,0,0,0,"- ","- ",,,"SAN FRANCISCO","SAN FRANCISCO",-122.44100189208984,37.799209594726562
9576136,2023,2023-05-10,3801,2023-04-18,1735,A09968,PARK,2,5,7,3801,0,0,0,,0,3F13D,"FELL ST","SHRADER ST",0.00,,Y,A,-,N,,,,,,,,,,N,4,0,1,2,A,-,12,21453,A,N,D,G,A,A,H,-,A,A,0,,Y,,,Y,,A,01,0,0,1,0,0,0,1,0,0,"- ","- ",,,"SAN FRANCISCO","SAN FRANCISCO",-122.45240783691406,37.77215576171875
9576141,2023,2023-05-10,3801,2023-04-26,"920 ",4265,INGLE,3,5,7,3801,0,0,0,,0,3H11A,"MISSION ST","RANDALL ST",0.00,,Y,A,-,N,,,,,,,,,,N,4,0,1,2,A,-,03,22350,,M,C,C,A,A,H,-,A,A,0,,,,,Y,,A,01,0,0,1,0,0,0,0,0,0,"- ","- ",,,"SAN FRANCISCO","SAN FRANCISCO",-122.42362213134766,37.739799499511719
9576301,2023,2023-05-09,3801,2023-03-16,1749,537,PARK,4,5,7,3801,0,0,0,,0,3F14D,"14TH ST","DIVISADERO ST",0.00,,Y,A,-,N,,,,,,,,,,N,3,0,2,3,A,-,10,21950,A,N,A,B,C,A,H,-,A,D,0,Y,,,,Y,,A,01,0,1,1,0,2,0,0,0,0,"- ","- ",,,"SAN FRANCISCO","SAN FRANCISCO",-122.43647003173828,37.767276763916016
9576302,2023,2023-05-09,3801,2023-03-23,2147,1926,NORTH,4,5,7,3801,0,0,0,,0,3E14E,"WASHINGTON ST","LAGUNA ST",0.00,,Y,A,-,N,,,,,,,,,,N,4,0,2,2,A,-,09,21800,A,N,D,C,A,A,H,-,C,A,0,,,,,Y,,A,01,0,0,2,0,0,0,0,0,0,"- ","- ",,,"SAN FRANCISCO","SAN FRANCISCO",-122.42943572998047,37.792232513427734
9576303,2023,2023-05-09,3801,2023-03-28,1927,4212,PARK,2,5,7,3801,0,0,0,,0,3F13D,"STANYAN ST","OAK ST",0.00,,Y,A,-,N,,,,,,,,,,N,4,0,1,2,A,-,08,22100,B,N,B,C,A,A,H,-,C,A,0,,,,,Y,,A,01,0,0,1,0,0,0,0,0,0,"- ","- ",,,"SAN FRANCISCO","SAN FRANCISCO",-122.45395660400391,37.771354675292969
9576304,2023,2023-05-09,3801,2023-03-08,1553,2091,NORTH,3,5,7,3801,0,0,0,,0,3E12D,"MCALLISTER ST","WEBSTER ST",128.00,E,N,A,-,N,,,,,,,,,,Y,2,0,1,3,A,-,06,21750,A,N,D,C,A,A,H,-,A,D,0,,,,,Y,,M,94,1,0,0,0,0,0,0,0,0,"- ","- ",,,"SAN FRANCISCO","SAN FRANCISCO",-122.42967224121094,37.778892517089844
9576305,2023,2023-05-09,3801,2023-03-16,1702,158,NORTH,4,5,7,3801,0,0,0,,0,3E14D,"POLK ST","PINE ST",0.00,,Y,A,-,N,,,,,,,,,,N,4,0,1,2,A,-,08,22107,,N,B,C,A,A,H,-,A,A,0,,,,,Y,,A,01,0,0,1,0,0,0,0,0,0,"- ","- ",,,"SAN FRANCISCO","SAN FRANCISCO",-122.42050170898438,37.789642333984375
9576306,2023,2023-05-15,3801,2023-03-13,1613,1987,TENDE,1,5,7,3801,0,0,0,,0,3J13D,"LARKIN ST","GOLDEN GATE AV",0.00,,Y,A,-,N,,,,,,,,,,Y,3,0,1,1,A,-,05,21651,B,N,H,A,A,A,-,-,A,A,0,,,Y,,Y,,C,02,0,1,0,0,0,0,0,0,1,"- ","- ",,,"SAN FRANCISCO","SAN FRANCISCO",-122.41715240478516,37.781440734863281
9576307,2023,2023-05-09,3801,2023-03-14,1315,4357,TENDE,2,5,7,3801,0,0,0,,0,001,"MARKET ST","POLK ST",0.00,,Y,A,G,N,,,,,,,,,,N,3,0,1,1,-,-,"- ",,,N,E,I,A,A,H,-,A,A,0,,,Y,,Y,,-,"- ",0,1,0,0,0,0,0,0,1,"- ","- ",,,"SAN FRANCISCO","SAN FRANCISCO",-122.41753387451172,37.776527404785156
9576308,2023,2023-05-10,3801,2023-03-06,1359,1832,TENDE,1,5,7,3801,0,0,0,,0,3J90C,"9TH ST","JESSIE ST",55.00,N,N,A,-,N,,,,,,,,,,N,4,0,1,2,A,-,06,21755,,N,B,-,A,A,H,-,A,D,0,,Y,,,Y,,A,07,0,0,1,0,0,0,1,0,0,"- ","- ",,,"SAN FRANCISCO","SAN FRANCISCO",-122.41546630859375,37.776817321777344
9576311,2023,2023-05-09,3801,2023-03-17,"711 ",1796,RICHM,5,5,7,3801,0,0,0,,0,3G14A,"CABRILLO ST","30TH AV",0.00,,Y,A,-,N,,,,,,,,,,N,4,0,1,2,A,-,12,22450,,N,-,G,A,A,H,-,A,D,0,,Y,,,Y,,A,01,0,0,1,0,0,0,1,0,0,"- ","- ",,,"SAN FRANCISCO","SAN FRANCISCO",-122.48967742919922,37.774188995361328
9576312,2023,2023-05-09,3801,2023-03-27,2018,4047,MISSI,1,5,7,3801,0,0,0,,0,3D16D,"SOUTH VAN NESS AV","16TH ST",0.00,,Y,A,-,N,,,,,,,,,,Y,2,0,2,2,A,-,12,21453,A,N,D,C,A,A,H,-,C,A,0,,,,,Y,,A,01,1,0,1,0,0,0,0,0,0,"- ","- ",,,"SAN FRANCISCO","SAN FRANCISCO",-122.41748809814453,37.765178680419922
9576313,2023,2023-05-09,3801,2023-03-08,1145,4294,NORTH,3,5,7,3801,0,0,0,,0,0E3,"TURK ST","POLK ST",3.00,E,N,A,-,N,,,,,,,,,,N,3,0,1,2,A,-,17,21657,,N,A,C,A,A,H,-,A,A,0,,Y,,,Y,,L,04,0,1,0,0,0,0,1,0,0,"- ","- ",,,"SAN FRANCISCO","SAN FRANCISCO",-122.41899108886719,37.782173156738281
9576314,2023,2023-05-09,3801,2023-03-30,"642 ",1917,TARAV,4,5,7,3801,0,0,0,,0,3I16A,"19TH AV","EUCALYPTUS DR",0.00,,Y,A,-,N,,,,,,,,,,N,4,0,1,2,A,-,11,21456,A,N,G,B,B,A,H,-,E,A,0,Y,,,,Y,,N,60,0,0,1,0,1,0,0,0,0,"- ","- ",,,"SAN FRANCISCO","SAN FRANCISCO",-122.47486877441406,37.7310791015625
9576315,2023,2023-05-15,3801,2023-03-30,1451,282,TARAV,4,5,7,3801,0,0,0,,0,3I15B,"SUNSET BL","SLOAT BL",190.00,S,N,A,-,N,,,,,,,,,,Y,4,0,2,2,A,-,08,22107,,N,B,C,A,A,H,-,A,D,0,,,,,Y,,D,22,0,0,2,0,0,0,0,0,0,"- ","- ",,,"SAN FRANCISCO","SAN FRANCISCO",-122.49390411376953,37.733287811279297
9576316,2023,2023-05-09,3801,2023-03-31,1041,4301,TARAV,5,5,7,3801,0,0,0,,0,3I15A,"19TH AV","OCEAN AV",207.00,S,N,A,-,N,,,,,,,,,,N,2,0,1,2,A,-,08,22107,,F,D,C,A,A,H,-,A,A,0,,,Y,,Y,,-,,1,0,0,0,0,0,0,0,1,"- ","- ",,,"SAN FRANCISCO","SAN FRANCISCO",-122.47491455078125,37.731853485107422
9576317,2023,2023-05-09,3801,2023-03-31,1040,1474,TARAV,5,5,7,3801,0,0,0,,0,901,"ULLOA ST","27TH ST",0.00,,Y,A,-,N,,,,,,,,,,Y,4,0,2,2,A,-,09,21802,A,N,D,C,A,A,H,-,A,A,0,,,,,Y,,A,01,0,0,2,0,0,0,0,0,0,"- ","- ",,,"SAN FRANCISCO","SAN FRANCISCO",-122.48411560058594,37.740798950195312
9576318,2023,2023-05-15,3801,2023-03-26,1944,1467,SOUTH,7,5,7,3801,0,0,0,,0,,"HOWARD ST","HAWTHORNE ST",0.00,,Y,A,-,N,,,,,,,,,,Y,4,0,1,2,A,-,08,22101,D,N,B,C,A,A,H,-,B,A,0,,,Y,,Y,,C,02,0,0,1,0,0,0,0,0,1,"- ","- ",,,"SAN FRANCISCO","SAN FRANCISCO",-122.39937591552734,37.785888671875
9576319,2023,2023-05-15,3801,2023-03-23,1457,1118,SOUTH,4,5,7,3801,0,0,0,,0,3B14A,"VERMONT ST","16TH ST",0.00,,Y,A,-,N,,,,,,,,,,Y,4,0,1,2,A,-,09,21800,D,N,D,C,A,A,H,-,A,B,0,,,,,Y,,-,"- ",0,0,1,0,0,0,0,0,0,"- ","- ",,,"SAN FRANCISCO","SAN FRANCISCO",-122.40463256835938,37.765960693359375
9576320,2023,2023-05-09,3801,2023-03-29,"805 ",4356,INGLE,3,5,7,3801,0,0,0,,0,3H14A,"MONTEREY BL","PLYMOUTH AV",0.00,,Y,C,-,N,,,,,,,,,,N,4,0,1,2,A,-,10,21950,A,N,G,B,B,B,H,-,A,A,0,Y,,,,Y,,A,08,0,0,1,0,1,0,0,0,0,"- ","- ",,,"SAN FRANCISCO","SAN FRANCISCO",-122.45806121826172,37.730808258056641
9576536,2023,2023-05-24,3801,2023-04-05,"741 ",4333,NORTH,3,5,7,3801,0,0,0,,0,3E3A,"POLK ST","WASHINGTON ST",0.00,,Y,A,-,N,,,,,,,,,,N,4,0,1,2,A,-,10,21950,A,N,A,B,-,A,H,-,B,A,0,Y,,,,Y,,I,12,0,0,1,0,1,0,0,0,0,"- ","- ",,,"SAN FRANCISCO","SAN FRANCISCO",-122.42121887207031,37.793258666992188
9576540,2023,2023-06-06,3801,2023-04-22,1139,2093,NORTH,6,5,7,3801,0,0,0,,0,3E14A,"MCALLISTER ST","BUCHANAN ST",0.00,,Y,A,-,N,,,,,,,,,,N,4,0,1,2,A,-,17,22517,,N,B,E,A,A,H,-,A,D,0,,,,,Y,,A,08,0,0,1,0,0,0,0,0,0,"- ","- ",,,"SAN FRANCISCO","SAN FRANCISCO",-122.42855834960938,37.779037475585938
9576544,2023,2023-05-24,3801,2023-04-15,1826,2499,TARAV,6,5,7,3801,0,0,0,,0,3I16D,"JUNIPERO SERRA BL","19TH AV",0.00,,Y,A,-,N,,,,,,,,,,N,4,0,1,2,A,-,08,22107,,N,B,C,A,A,H,-,A,A,0,,,,,Y,,-,,0,0,1,0,0,0,0,0,0,"- ","- ",,,"SAN FRANCISCO","SAN FRANCISCO",-122.47271728515625,37.717182159423828
9576548,2023,2023-05-15,3801,2023-03-08,1113,4375,TRAFF,3,5,7,3801,0,0,0,,0,4B1F,"GOLDEN GATE AV","STEINER ST",3.00,E,N,A,-,N,,,,,,,,,,N,2,0,1,2,A,-,10,21950,A,N,G,B,B,A,H,-,A,A,0,Y,,,Y,Y,,F,21,1,0,0,0,1,0,0,0,0,"- ","- ",,,"SAN FRANCISCO","SAN FRANCISCO",-122.43357086181641,37.779350280761719
9576647,2023,2023-05-11,3801,2023-04-23,"433 ",1857,NORTH,7,5,7,3801,0,0,0,,0,3E61,"GOUGH ST","POST ST",18.00,N,N,A,-,N,,,,,,,,,,Y,3,0,1,2,A,-,01,23152,,N,B,E,A,A,H,-,C,D,0,,,,,Y,,A,01,0,1,0,0,0,0,0,0,0,"- ","- ",,,"SAN FRANCISCO","SAN FRANCISCO",-122.42485046386719,37.786239624023438
9576676,2023,2023-05-10,3801,2023-04-08,1940,2342,NORTH,6,5,7,3801,0,0,0,,0,3E14D,"WEBSTER ST","SACRAMENTO ST",0.00,,Y,A,-,N,,,,,,,,,,N,4,0,1,2,D,-,00,,,N,D,C,A,A,H,-,C,D,0,,,,,Y,,-,"- ",0,0,1,0,0,0,0,0,0,"- ","- ",,,"SAN FRANCISCO","SAN FRANCISCO",-122.43238067626953,37.790027618408203
9576677,2023,2023-05-15,3801,2023-04-25,2018,1897,INGLE,2,5,7,3801,0,0,0,,0,3H13D,"SILVER AV","CAMELLIA AV",0.00,,Y,A,-,N,,,,,,,,,,Y,4,0,2,3,A,-,09,21802,A,N,H,C,A,A,H,-,C,D,0,,,,,Y,Y,A,01,0,0,2,0,0,0,0,0,0,"- ","- ",,,"SAN FRANCISCO","SAN FRANCISCO",-122.43230438232422,37.729259490966797
9576678,2023,2023-05-10,3801,2023-04-26,1705,19,BAYVI,3,5,7,3801,0,0,0,,0,901,"PHELPS ST","OAKDALE AV",0.00,,Y,A,-,N,,,,,,,,,,N,4,0,1,2,A,-,03,22350,,F,D,C,A,A,H,-,A,A,0,,,,,Y,,-,99,0,0,1,0,0,0,0,0,0,"- ","- ",,,"SAN FRANCISCO","SAN FRANCISCO",-122.39408874511719,37.736721038818359
9576679,2023,2023-05-10,3801,2023-04-27,"803 ",1945,BAYVI,4,5,7,3801,0,0,0,,0,3C15A,"HUNTERS POINT EXPWY","DONAHUE ST",0.00,,Y,A,-,N,,,,,,,,,,Y,3,0,1,2,A,-,03,22350,,N,C,E,A,A,H,-,A,D,0,,,,,Y,,A,01,0,1,0,0,0,0,0,0,0,"- ","- ",,,"SAN FRANCISCO","SAN FRANCISCO",-122.38253784179688,37.715068817138672
9576680,2023,2023-05-09,3801,2023-04-26,"910 ",2210,SOUTH,3,5,7,3801,0,0,0,,0,0B4,"HARRISON ST","GORDON ST",20.00,W,N,A,-,N,,,,,,,,,,N,4,0,3,2,A,-,08,22107,,N,B,C,A,A,H,-,A,D,0,,,,,Y,,A,01,0,0,3,0,0,0,0,0,0,"- ","- ",,,"SAN FRANCISCO","SAN FRANCISCO",-122.40966796875,37.772811889648438
9576681,2023,2023-05-09,3801,2023-04-23,1403,1250,SOUTH,7,5,7,3801,0,0,0,,0,3B14A,"MARKET ST","LAGUNA ST",0.00,,Y,A,-,N,,,,,,,,,,N,3,0,1,2,A,-,09,21801,,N,D,C,A,A,H,-,A,A,0,,,Y,,Y,,C,02,0,1,0,0,0,0,0,0,1,"- ","- ",,,"SAN FRANCISCO","SAN FRANCISCO",-122.42485809326172,37.770748138427734
9576682,2023,2023-05-09,3801,2023-04-28,1304,2093,NORTH,5,5,7,3801,0,0,0,,0,3E14A,"DIVISADERO ST","HAIGHT ST",0.00,,Y,A,-,N,,,,,,,,,,N,3,0,3,4,A,-,12,21453,A,N,D,-,B,A,H,-,A,A,0,Y,,,,Y,,N,60,0,3,0,0,3,0,0,0,0,"- ","- ",,,"SAN FRANCISCO","SAN FRANCISCO",-122.43704223632812,37.771270751953125
9576683,2023,2023-05-09,3801,2023-04-25,"900 ",2348,INGLE,2,5,7,3801,0,0,0,,0,3H15A,"SENECA AV","ALEMANY BL",10.00,E,N,A,-,N,,,,,,,,,,N,4,0,1,2,A,-,08,22107,,N,C,C,A,A,H,-,A,A,0,,,,,Y,,A,07,0,0,1,0,0,0,0,0,0,"- ","- ",,,"SAN FRANCISCO","SAN FRANCISCO",-122.44132995605469,37.718643188476562
9576684,2023,2023-05-09,3801,2023-04-26,"810 ",4356,INGLE,3,5,7,3801,0,0,0,,0,3H15A,"PHELAN AV","OCEAN AV",75.00,N,N,A,-,N,,,,,,,,,,N,3,0,1,2,C,-,18,,,N,C,C,A,A,H,-,A,D,0,,,,,Y,,-,"- ",0,1,0,0,0,0,0,0,0,"- ","- ",,,"SAN FRANCISCO","SAN FRANCISCO",,
9576685,2023,2023-05-09,3801,2023-04-22,1910,2715,NORTH,6,5,7,3801,0,0,0,,0,3E12D,"DIVISADERO ST","FELL ST",32.00,S,N,A,-,N,,,,,,,,,,N,4,0,1,2,A,-,04,21703,,N,C,C,A,A,H,-,A,A,0,,,,,Y,,A,01,0,0,1,0,0,0,0,0,0,"- ","- ",,,"SAN FRANCISCO","SAN FRANCISCO",-122.43758392333984,37.773971557617188
9576686,2023,2023-05-09,3801,2023-04-21,"745 ",2707,SOUTH,5,5,7,3801,0,0,0,,0,5CAR,"6TH ST","FOLSOM ST",0.00,,Y,A,-,N,,,,,,,,,,N,4,0,1,2,A,-,08,22100,A,F,B,C,A,A,H,-,A,A,0,,,,,Y,Y,-,99,0,0,1,0,0,0,0,0,0,"- ","- ",,,"SAN FRANCISCO","SAN FRANCISCO",-122.40560150146484,37.778499603271484
9576687,2023,2023-05-09,3801,2023-04-27,"651 ",1477,MISSI,4,5,7,3801,0,0,0,,0,3D13A,"17TH ST","POTRERO AV",133.00,W,N,A,-,N,,,,,,,,,,N,4,0,1,2,A,-,17,22517,,N,B,G,A,A,H,-,A,D,0,,Y,,,Y,,-,,0,0,1,0,0,0,1,0,0,"- ","- ",,,"SAN FRANCISCO","SAN FRANCISCO",-122.40789031982422,37.764461517333984
9576688,2023,2023-05-09,3801,2023-04-28,1846,2017,MISSI,5,5,7,3801,0,0,0,,0,3D11D,"PORTOLA DR","CLIPPER ST",0.00,,Y,E,-,N,,,,,,,,,,Y,3,0,3,2,A,-,09,21801,,N,A,C,A,A,H,-,A,A,0,,,,,Y,,A,01,0,1,2,0,0,0,0,0,0,"- ","- ",,,"SAN FRANCISCO","SAN FRANCISCO",-122.44483947753906,37.746936798095703
9576689,2023,2023-05-09,3801,2023-03-30,1504,2401,MISSI,4,5,7,3801,0,0,0,,0,3D44C,"SOUTH VAN NESS AV","14TH ST",0.00,,Y,A,-,N,,,,,,,,,,N,4,0,1,2,A,-,06,21751,,N,D,C,A,A,H,-,A,A,0,,,,,Y,,-,,0,0,1,0,0,0,0,0,0,"- ","- ",,,"SAN FRANCISCO","SAN FRANCISCO",-122.41780090332031,37.768417358398438
9576690,2023,2023-05-09,3801,2023-03-31,2139,2457,SOUTH,5,5,7,3801,0,0,0,,0,3B14E,"MARKET ST","GOUGH ST",0.00,,Y,A,-,N,,,,,,,,,,N,2,0,1,2,A,-,08,22107,,F,B,C,A,A,-,-,C,A,0,,,Y,,Y,,A,01,1,0,0,0,0,0,0,0,1,"- ","- ",,,"SAN FRANCISCO","SAN FRANCISCO",-122.42221069335938,37.772872924804688
9576691,2023,2023-05-08,3801,2023-03-31,2337,4039,CENTR,5,5,7,3801,0,0,0,,0,3A2,"CLAY ST","MONTGOMERY ST",0.00,,Y,A,-,N,,,,,,,,,,N,4,0,1,2,A,-,10,21950,A,N,G,B,B,A,H,-,C,A,0,Y,,,,Y,Y,A,01,0,0,1,0,1,0,0,0,0,"- ","- ",,,"SAN FRANCISCO","SAN FRANCISCO",-122.40312194824219,37.794681549072266
9576692,2023,2023-05-08,3801,2023-03-30,2314,2715,NORTH,4,5,7,3801,0,0,0,,0,3E13E,"WILLOW ST","VAN NESS AV",1.00,N,N,A,-,N,,,,,,,,,,Y,4,0,2,3,A,-,03,22350,,F,G,B,F,A,H,-,C,D,0,Y,,,,Y,,A,01,0,0,2,0,2,0,0,0,0,"- ","- ",,,"SAN FRANCISCO","SAN FRANCISCO",-122.42086029052734,37.783351898193359
9576694,2023,2023-05-08,3801,2023-03-24,1453,1878,SOUTH,5,5,7,3801,0,0,0,,0,0B4,"11TH ST","DIVISION ST",100.00,N,N,A,-,N,,,,,,,,,,N,3,0,1,2,A,-,08,22107,,N,D,C,A,-,H,-,A,D,0,,,Y,,Y,,A,01,0,1,0,0,0,0,0,0,1,"- ","- ",,,"SAN FRANCISCO","SAN FRANCISCO",-122.41123199462891,37.769649505615234
9576695,2023,2023-05-08,3801,2023-03-30,1940,1339,TRAFF,4,5,7,3801,0,0,0,,0,4B3D,"STANYAN ST","HAIGHT ST",0.00,,Y,A,-,N,,,,,,,,,,Y,3,0,1,2,A,-,09,21801,A,N,D,C,A,A,H,-,B,A,0,,,Y,,Y,,A,01,0,1,0,0,0,0,0,0,1,"- ","- ",,,"SAN FRANCISCO","SAN FRANCISCO",-122.45352935791016,37.769149780273438
9576696,2023,2023-05-08,3801,2023-03-28,1935,2452,CENTR,2,5,7,3801,0,0,0,,0,3A4D,BROADWAY,MONTGOMERY,0.00,,Y,A,-,N,,,,,,,,,,Y,4,0,1,2,A,-,12,21453,A,N,D,C,A,A,H,-,C,A,0,,,Y,,Y,,A,01,0,0,1,0,0,0,0,0,1,"- ","- ",,,"SAN FRANCISCO","SAN FRANCISCO",-122.40383911132812,37.798236846923828
9576697,2023,2023-05-08,3801,2023-03-31,"945 ",504,NORTH,5,5,7,3801,0,0,0,,0,3E15A,"LOMBARD ST","BUCHANAN ST",0.00,,Y,A,-,N,,,,,,,,,,Y,4,0,1,3,A,-,08,22100,A,N,D,C,F,A,H,-,A,A,0,Y,,,,Y,,A,01,0,0,1,0,1,0,0,0,0,"- ","- ",,,"SAN FRANCISCO","SAN FRANCISCO",-122.43276214599609,37.800262451171875
9576698,2023,2023-05-08,3801,2023-03-31,1422,4313,RICHM,5,5,7,3801,0,0,0,,0,003,"GEARY BL","4TH AV",0.00,,Y,A,-,N,,,,,,,,,,N,4,0,1,2,A,-,09,21801,A,N,D,C,A,A,H,-,A,A,0,,,Y,,Y,,A,01,0,0,1,0,0,0,0,0,1,"- ","- ",,,"SAN FRANCISCO","SAN FRANCISCO",-122.46215057373047,37.78118896484375
9576699,2023,2023-05-08,3801,2023-03-25,1242,2496,TENDE,6,5,7,3801,0,0,0,,0,002,"MARKET ST","7TH ST",0.00,,Y,A,-,N,,,,,,,,,,,4,0,1,2,A,-,09,21802,A,F,D,G,A,A,H,-,A,A,0,,Y,,,Y,Y,A,01,0,0,1,0,0,0,1,0,0,"- ","- ",,,"SAN FRANCISCO","SAN FRANCISCO",-122.41251373291016,37.780479431152344
9576700,2023,2023-05-08,3801,2023-03-18,1406,1832,TENDE,6,5,7,3801,0,0,0,,0,3J90C,"MARKET ST","7TH ST",84.00,W,N,A,-,N,,,,,,,,,,N,3,0,1,2,A,-,11,21954,A,N,G,B,E,A,H,-,A,A,0,Y,,,,Y,,N,60,0,1,0,0,1,0,0,0,0,"- ","- ",,,"SAN FRANCISCO","SAN FRANCISCO",-122.41271209716797,37.780315399169922
9577318,2023,2023-05-17,3801,2023-02-22,"752 ",1150,PARK,3,5,7,3801,0,0,0,,0,3F13A,"STANYAN ST","OAK ST",0.00,E,N,A,-,N,,,,,,,,,,N,4,0,1,2,A,-,"- ",,,N,H,-,A,A,H,-,A,A,0,,,Y,,Y,,-,"- ",0,0,1,0,0,0,0,0,0,"- ","- ",,,"SAN FRANCISCO","SAN FRANCISCO",-122.45395660400391,37.771354675292969