CASE_ID,ACCIDENT_YEAR,PROC_DATE,JURIS,COLLISION_DATE,COLLISION_TIME,OFFICER_ID,REPORTING_DISTRICT,DAY_OF_WEEK,CHP_SHIFT,POPULATION,CNTY_CITY_LOC,SPECIAL_COND,BEAT_TYPE,CHP_BEAT_TYPE,CITY_DIVISION_LAPD,CHP_BEAT_CLASS,BEAT_NUMBER,PRIMARY_RD,SECONDARY_RD,DISTANCE,DIRECTION,INTERSECTION,WEATHER_1,WEATHER_2,STATE_HWY_IND,CALTRANS_COUNTY,CALTRANS_DISTRICT,STATE_ROUTE,ROUTE_SUFFIX,POSTMILE_PREFIX,POSTMILE,LOCATION_TYPE,RAMP_INTERSECTION,SIDE_OF_HWY,TOW_AWAY,COLLISION_SEVERITY,NUMBER_KILLED,NUMBER_INJURED,PARTY_COUNT,PRIMARY_COLL_FACTOR,PCF_CODE_OF_VIOL,PCF_VIOL_CATEGORY,PCF_VIOLATION,PCF_VIOL_SUBSECTION,HIT_AND_RUN,TYPE_OF_COLLISION,MVIW,PED_ACTION,ROAD_SURFACE,ROAD_COND_1,ROAD_COND_2,LIGHTING,CONTROL_DEVICE,CHP_ROAD_TYPE,PEDESTRIAN_ACCIDENT,BICYCLE_ACCIDENT,MOTORCYCLE_ACCIDENT,TRUCK_ACCIDENT,NOT_PRIVATE_PROPERTY,ALCOHOL_INVOLVED,STWD_VEHTYPE_AT_FAULT,CHP_VEHTYPE_AT_FAULT,COUNT_SEVERE_INJ,COUNT_VISIBLE_INJ,COUNT_COMPLAINT_PAIN,COUNT_PED_KILLED,COUNT_PED_INJURED,COUNT_BICYCLIST_KILLED,COUNT_BICYCLIST_INJURED,COUNT_MC_KILLED,COUNT_MC_INJURED,PRIMARY_RAMP,SECONDARY_RAMP,LATITUDE,LONGITUDE,COUNTY,CITY,POINT_X,POINT_Y
9591070,2023,2023-07-14,3801,2023-06-11,2140,1179,BAYVI,7,5,7,3801,0,0,0,,0,3C11ED,"CESAR CHAVEZ ST","EVANS ST",0.00,,Y,E,-,N,,,,,,,,,,N,2,0,1,2,A,-,05,21650,1,F,A,G,A,A,H,-,C,D,0,,Y,,,Y,,L,04,1,0,0,0,0,0,1,0,0,"- ","- ",,,"SAN FRANCISCO","SAN FRANCISCO",-122.39731597900391,37.749691009521484
9591071,2023,2023-07-14,3801,2023-06-10,2303,LI1074,BAYVI,6,5,7,3801,0,0,0,,0,3C13E,"SILVER AV","BARNEVELD AV",7.00,S,N,A,-,N,,,,,,,,,,Y,4,0,1,3,A,-,12,22450,A,F,D,C,A,A,G,-,C,A,0,,,,,Y,,A,01,0,0,1,0,0,0,0,0,0,"- ","- ",,,"SAN FRANCISCO","SAN FRANCISCO",-122.40679168701172,37.732082366943359
9591072,2023,2023-07-18,3801,2023-06-09,2228,1414,MISSI,5,5,7,3801,0,0,0,,0,3D14D,"HARRISON ST","18TH ST",0.00,,Y,B,-,N,,,,,,,,,,N,4,0,1,2,A,-,04,21703,,N,C,C,A,A,H,-,C,D,0,,,,,Y,,A,08,0,0,1,0,0,0,0,0,0,"- ","- ",,,"SAN FRANCISCO","SAN FRANCISCO",-122.41284942626953,37.762252807617188
9591073,2023,2023-07-14,3801,2023-06-10,2007,2733,TARAV,6,5,7,3801,0,0,0,,0,016,"JUNIPERO SERRA BL","ALEMANY BL",0.00,,Y,A,-,N,,,,,,,,,,Y,3,0,4,2,A,-,08,22107,,N,B,C,A,A,H,-,A,D,0,,,,,Y,,A,07,0,1,3,0,0,0,0,0,0,"- ","- ",,,"SAN FRANCISCO","SAN FRANCISCO",-122.47073364257812,37.709918975830078
9591074,2023,2023-07-14,3801,2023-06-10,1601,2715,NORTH,6,5,7,3801,0,0,0,,0,3E11C,"STEINER ST","PINE ST",0.00,,Y,B,-,N,,,,,,,,,,N,4,0,1,2,A,-,12,21453,A,N,D,G,A,A,H,-,A,A,0,,Y,,,Y,,L,04,0,0,1,0,0,0,1,0,0,"- ","- ",,,"SAN FRANCISCO","SAN FRANCISCO",-122.43528747558594,37.787750244140625
9591075,2023,2023-07-17,3801,2023-06-10,1455,4274,RICHM,6,5,7,3801,0,0,0,,0,3G13C,"GEARY BL","34TH AV",0.00,,Y,A,-,N,,,,,,,,,,N,4,0,1,2,A,-,08,22107,,N,D,C,A,A,H,-,A,A,0,,,Y,,Y,,A,01,0,0,1,0,0,0,0,0,1,"- ","- ",,,"SAN FRANCISCO","SAN FRANCISCO",-122.49436950683594,37.779651641845703
9591076,2023,2023-07-14,3801,2023-06-10,1430,719,CENTR,6,5,7,3801,0,0,0,,0,3A57,"THE EMBARCADERO NORTH","CHESTNUT ST",100.00,S,N,B,-,N,,,,,,,,,,N,2,0,1,1,A,-,03,22350,,N,H,J,A,A,H,-,A,D,0,,Y,,,Y,,L,04,1,0,0,0,0,0,1,0,0,"- ","- ",,,"SAN FRANCISCO","SAN FRANCISCO",-122.40316772460938,37.804855346679688
9591077,2023,2023-07-14,3801,2023-06-11,"232 ",2463,SOUTH,7,5,7,3801,0,0,0,,0,3B12E,"HARRISON ST","3RD ST",15.00,W,N,A,-,N,,,,,,,,,,Y,4,0,1,2,A,-,01,23153,A,F,A,J,F,A,H,-,C,D,0,Y,,,,Y,Y,A,01,0,0,1,0,1,0,0,0,0,"- ","- ",,,"SAN FRANCISCO","SAN FRANCISCO",-122.39743041992188,37.782520294189453
9591078,2023,2023-07-14,3801,2023-06-12,1809,1825,SOUTH,1,5,7,3801,0,0,0,,0,3B12D,"5TH ST","BRYANT ST",119.00,S,N,A,-,N,,,,,,,,,,Y,4,0,1,2,A,-,04,21703,,F,C,C,A,-,A,-,A,D,0,,,Y,,Y,,A,01,0,0,1,0,0,0,0,0,1,"- ","- ",,,"SAN FRANCISCO","SAN FRANCISCO",-122.40000152587891,37.777568817138672
9591079,2023,2023-07-14,3801,2023-06-12,1152,624,NORTH,1,5,7,3801,0,0,0,,0,002,"MCALLISTER ST","FILLMORE ST",12.00,W,N,A,-,N,,,,,,,,,,Y,4,0,1,1,A,-,08,22107,,N,E,I,A,A,H,-,A,A,0,,,,,Y,,A,01,0,0,1,0,0,0,0,0,0,"- ","- ",,,"SAN FRANCISCO","SAN FRANCISCO",-122.43179321289062,37.778633117675781
9591080,2023,2023-07-14,3801,2023-06-12,1204,2315,MISSI,1,5,7,3801,0,0,0,,0,3D14A,"CESAR CHAVEZ ST","FOLSOM ST",170.00,E,N,A,-,N,,,,,,,,,,N,2,0,1,1,A,-,03,22350,,N,B,J,A,A,H,-,A,D,0,,,Y,,Y,,C,02,1,0,0,0,0,0,0,0,1,"- ","- ",,,"SAN FRANCISCO","SAN FRANCISCO",-122.41309356689453,37.748321533203125
9591081,2023,2023-07-19,3801,2023-06-12,1524,1371,NORTH,1,5,7,3801,0,0,0,,0,001,"HAYES ST","VAN NESS AV",114.00,E,N,A,-,N,,,,,,,,,,N,4,0,1,2,A,-,06,21750,A,N,B,J,A,A,H,-,A,A,0,,,,,Y,,M,94,0,0,1,0,0,0,0,0,0,"- ","- ",,,"SAN FRANCISCO","SAN FRANCISCO",-122.41928863525391,37.77734375
9591082,2023,2023-07-19,3801,2023-06-12,2121,359,TARAV,1,5,7,3801,0,0,0,,0,312E,"LINCOLN WY","25TH AV",50.00,W,N,A,-,N,,,,,,,,,,N,4,0,1,3,A,-,03,22350,,N,C,C,A,A,H,-,C,A,0,,,Y,,Y,,C,02,0,0,1,0,0,0,0,0,0,"- ","- ",,,"SAN FRANCISCO","SAN FRANCISCO",-122.48384094238281,37.765151977539062
9591084,2023,2023-07-24,3801,2023-06-06,1612,1857,NORTH,2,5,7,3801,0,0,0,,0,3E61,"MARINA BL","BUCHANAN ST",0.00,,Y,A,-,N,,,,,,,,,,N,3,0,1,2,A,-,08,22107,,N,D,C,A,A,H,-,A,A,0,,Y,,,Y,,A,01,0,1,0,0,0,0,1,0,0,"- ","- ",,,"SAN FRANCISCO","SAN FRANCISCO",-122.43370819091797,37.805038452148438
9591085,2023,2023-07-19,3801,2023-06-04,2006,4178,TRAFF,7,5,7,3801,0,0,0,,0,4B3A,"POWELL ST","WASHINGTON ST",61.00,N,N,A,-,N,,,,,,,,,,Y,4,0,2,2,A,-,03,22350,,N,C,C,A,A,H,-,C,A,0,,,,,Y,Y,A,01,0,0,2,0,0,0,0,0,0,"- ","- ",,,"SAN FRANCISCO","SAN FRANCISCO",-122.40972137451172,37.794914245605469
9591086,2023,2023-07-27,3801,2023-06-13,1040,4267,TARAV,2,5,7,3801,0,0,0,,0,1CAR,"19TH AV","LINCOLN WY",166.00,W,N,A,-,N,,,,,,,,,,Y,4,0,2,3,A,-,03,22350,,N,C,C,A,A,H,-,A,D,0,,,,,Y,,A,01,0,0,2,0,0,0,0,0,0,"- ","- ",,,"SAN FRANCISCO","SAN FRANCISCO",-122.47733306884766,37.76544189453125
9591087,2023,2023-07-20,3801,2023-06-05,"355 ",A2397,MISSI,1,5,7,3801,0,0,0,,0,,"NOE ST","MARKET ST",152.00,S,N,A,-,N,,,,,,,,,,N,3,0,1,3,C,-,18,,,N,-,E,A,A,H,-,C,A,0,,,Y,,Y,,-,"- ",0,1,0,0,0,0,0,0,0,"- ","- ",,,"SAN FRANCISCO","SAN FRANCISCO",-122.43309783935547,37.763824462890625
9591088,2023,2023-07-19,3801,2023-06-02,1331,1693,BAYVI,5,5,7,3801,0,0,0,,0,901,"22ND ST","MINNESOTA ST",0.00,,Y,A,-,N,,,,,,,,,,N,4,0,1,2,A,-,10,21950,A,N,G,B,B,A,A,-,A,D,0,Y,,,,Y,,A,01,0,0,1,0,1,0,0,0,0,"- ","- ",,,"SAN FRANCISCO","SAN FRANCISCO",-122.39020538330078,37.757816314697266
9591089,2023,2023-07-24,3801,2023-06-06,1722,1987,TENDE,2,5,7,3801,0,0,0,,0,3J91D,"TURK ST","JONES ST",0.00,,Y,A,-,N,,,,,,,,,,N,3,0,2,2,A,-,17,21209,,N,A,B,E,A,H,-,A,A,0,Y,,,,Y,Y,M,94,0,2,0,0,1,0,0,0,0,TO,"- ",,,"SAN FRANCISCO","SAN FRANCISCO",-122.41241455078125,37.782997131347656
9591090,2023,2023-07-18,3801,2023-06-01,"854 ",2263,TARAV,4,5,7,3801,0,0,0,,0,311A,"JUDAH ST","11TH AV",0.00,,Y,A,-,N,,,,,,,,,,Y,4,0,1,2,A,-,09,21802,A,N,D,C,A,A,H,-,A,-,0,,,,,Y,,A,01,0,0,1,0,0,0,0,0,0,"- ","- ",,,"SAN FRANCISCO","SAN FRANCISCO",-122.46832275390625,37.762138366699219
9591091,2023,2023-07-18,3801,2023-06-02,1751,1544,CENTR,5,5,7,3801,0,0,0,,0,,POWELL,"JACKSON ST",150.00,S,N,A,-,N,,,,,,,,,,N,3,0,1,2,A,-,11,21954,A,N,G,B,D,A,H,-,A,D,0,Y,,,,Y,,N,60,0,1,0,0,1,0,0,0,0,"- ","- ",,,"SAN FRANCISCO","SAN FRANCISCO",-122.4097900390625,37.795215606689453
9591092,2023,2023-07-24,3801,2023-06-01,1600,2425,TENDE,4,5,7,3801,0,0,0,,0,3J12D,"HYDE ST","GROVE ST",0.00,,Y,A,-,N,,,,,,,,,,N,4,0,1,2,A,-,00,21955,A,F,G,B,D,A,H,-,A,A,0,Y,,,,Y,,N,60,0,0,1,0,1,0,0,0,0,"- ","- ",,,"SAN FRANCISCO","SAN FRANCISCO",-122.41490173339844,37.778858184814453
9591093,2023,2023-07-18,3801,2023-06-01,1638,677,SOUTH,4,5,7,3801,0,0,0,,0,3B45,"MARKET ST",OCTAVIA,0.00,,Y,A,-,N,,,,,,,,,,N,3,0,1,2,A,-,12,21453,,N,D,C,A,A,H,-,A,A,0,,,,,Y,,M,94,0,1,0,0,0,0,0,0,0,"- ","- ",,,"SAN FRANCISCO","SAN FRANCISCO",-122.42359161376953,37.771774291992188
9591094,2023,2023-07-19,3801,2023-06-07,1245,2151,PARK,3,5,7,3801,0,0,0,,0,3F60,"7TH AV","IRVING ST",0.00,,Y,A,-,N,,,,,,,,,,Y,4,0,1,2,A,-,12,21453,A,N,D,C,A,A,H,-,A,A,0,,,,,Y,,A,01,0,0,1,0,0,0,0,0,0,"- ","- ",,,"SAN FRANCISCO","SAN FRANCISCO",-122.46416473388672,37.76416015625
9591095,2023,2023-07-18,3801,2023-06-04,2000,317,CENTR,7,5,7,3801,0,0,0,,0,SECTOR,"POWELL ST","VALLEJO ST",125.00,N,N,A,-,N,,,,,,,,,,Y,4,0,1,2,A,-,08,22107,,F,D,C,A,A,H,-,B,D,0,,,,,Y,Y,A,01,0,0,1,0,0,0,0,0,0,"- ","- ",,,"SAN FRANCISCO","SAN FRANCISCO",-122.41050720214844,37.798709869384766
9591096,2023,2023-07-18,3801,2023-06-04,1849,1696,NORTH,7,5,7,3801,0,0,0,,0,3E14D,"BUCHANAN ST","PINE ST",0.00,,Y,A,-,N,,,,,,,,,,N,4,0,1,2,A,-,12,21453,,N,D,C,A,A,H,-,A,A,0,,,Y,,Y,,C,02,0,0,1,0,0,0,0,0,1,"- ","- ",,,"SAN FRANCISCO","SAN FRANCISCO",-122.43035125732422,37.788372039794922
9591097,2023,2023-07-18,3801,2023-06-03,2158,1620,RICHM,6,5,7,3801,0,0,0,,0,3G15D,"CLEMENT ST","34TH AV",0.00,,Y,A,-,N,,,,,,,,,,N,4,0,1,2,A,-,10,21950,A,F,D,B,B,A,H,-,A,D,0,Y,,,,Y,,A,07,0,0,1,0,1,0,0,0,0,"- ","- ",,,"SAN FRANCISCO","SAN FRANCISCO",-122.49449920654297,37.781566619873047
9591099,2023,2023-07-18,3801,2023-06-05,2249,628,RICHM,1,5,7,3801,0,0,0,,0,,"17TH AV","CALIFORNIA ST",0.00,,Y,A,-,N,,,,,,,,,,Y,4,0,1,4,A,-,03,22350,,N,A,E,A,A,H,-,C,A,0,,,,,Y,Y,A,01,0,0,1,0,0,0,0,0,0,"- ","- ",,,"SAN FRANCISCO","SAN FRANCISCO",-122.4764404296875,37.784248352050781
9591100,2023,2023-07-18,3801,2023-06-05,1630,1251,BAYVI,1,5,7,3801,0,0,0,,0,3C12D,"NEWHALL ST","OAKDALE AV",0.00,,Y,A,-,N,,,,,,,,,,N,3,0,1,2,A,-,09,21801,A,N,B,C,A,A,H,-,A,A,0,,,,,Y,,A,01,0,1,0,0,0,0,0,0,0,"- ","- ",,,"SAN FRANCISCO","SAN FRANCISCO",-122.39218139648438,37.735668182373047
9591101,2023,2023-07-11,3801,2023-06-05,1607,2499,TARAV,1,5,7,3801,0,0,0,,0,311D,"FUNSTON AV","QUINTARA ST",0.00,,Y,A,-,N,,,,,,,,,,Y,3,0,1,2,A,-,21,22106,,N,E,I,A,A,H,-,A,D,0,,,,,Y,,A,01,0,1,0,0,0,0,0,0,0,"- ","- ",,,"SAN FRANCISCO","SAN FRANCISCO",-122.46955108642578,37.748878479003906
9591102,2023,2023-07-11,3801,2023-06-05,1324,4294,NORTH,1,5,7,3801,0,0,0,,0,0E4,"WEBSTER ST","BUSH ST",0.00,,Y,A,-,N,,,,,,,,,,Y,4,0,1,2,A,-,09,21801,,N,A,C,A,A,H,-,A,A,0,,,,,Y,,A,01,0,0,1,0,0,0,0,0,0,"- ","- ",,,"SAN FRANCISCO","SAN FRANCISCO",-122.43186187744141,37.787220001220703
9591103,2023,2023-07-11,3801,2023-06-05,"825 ",4325,TARAV,1,5,7,3801,0,0,0,,0,005,"SKYLINE BL","JOHN MUIR DR",0.00,,Y,A,-,N,,,,,,,,,,Y,3,0,2,2,A,-,03,22350,,N,C,C,A,A,H,-,A,A,0,,,Y,,Y,,C,06,0,1,1,0,0,0,0,0,1,"- ","- ",,,"SAN FRANCISCO","SAN FRANCISCO",-122.50016021728516,37.718944549560547
9591104,2023,2023-07-11,3801,2023-06-08,2235,1463,SOUTH,4,5,7,3801,0,0,0,,0,0B4,"MARKET ST","SOUTH VAN NESS",0.00,,Y,A,-,N,,,,,,,,,,N,3,0,2,2,D,-,00,,,N,D,B,B,A,H,-,C,A,0,Y,,Y,,Y,,-,"- ",0,1,1,0,1,0,0,0,1,"- ","- ",,,"SAN FRANCISCO","SAN FRANCISCO",-122.41925811767578,37.775169372558594
9591105,2023,2023-08-24,3801,2023-06-01,"219 ",1857,NORTH,4,5,7,3801,0,0,0,,0,3E16E,"VAN NESS AV","OFARRELL ST",0.00,,Y,A,-,N,,,,,,,,,,Y,3,0,1,2,A,-,01,23152,A,N,D,D,A,A,H,-,C,A,0,,,,,Y,Y,A,01,0,1,0,0,0,0,0,0,0,"- ","- ",,,"SAN FRANCISCO","SAN FRANCISCO",-122.42111968994141,37.784763336181641
9591106,2023,2023-07-11,3801,2023-06-01,2220,1660,SOUTH,4,5,7,3801,0,0,0,,0,3B11E,"5TH ST","FOLSOM ST",0.00,,Y,A,-,N,,,,,,,,,,Y,4,0,1,2,A,-,09,21800,A,N,D,D,A,A,H,-,C,A,0,,,,,Y,,A,01,0,0,1,0,0,0,0,0,0,"- ","- ",,,"SAN FRANCISCO","SAN FRANCISCO",-122.40340423583984,37.7802734375
9591107,2023,2023-08-08,3801,2023-06-04,1216,1453,CENTR,7,5,7,3801,0,0,0,,0,3A2C,"HYDE ST","LARKIN ST",0.00,,Y,A,-,N,,,,,,,,,,N,4,0,2,2,A,-,12,21453,A,N,D,C,A,A,H,-,A,A,0,,,,,Y,,-,"- ",0,0,2,0,0,0,0,0,0,"- ","- ",,,"SAN FRANCISCO","SAN FRANCISCO",,
9591108,2023,2023-07-11,3801,2023-06-04,1443,2094,TENDE,7,5,7,3801,0,0,0,,0,3J12D,"MARKET ST","4TH ST",1417.00,W,N,A,-,N,,,,,,,,,,N,3,0,1,2,A,-,11,21453,D,F,D,B,B,-,H,-,A,A,0,Y,,,,Y,,N,60,0,1,0,0,1,0,0,0,0,"- ","- ",,,"SAN FRANCISCO","SAN FRANCISCO",-122.40939331054688,37.782974243164062
9591109,2023,2023-07-11,3801,2023-06-01,1348,2196,MISSI,4,5,7,3801,0,0,0,,0,3D14A,"13TH ST","FOLSOM ST",0.00,,Y,A,-,N,,,,,,,,,,N,3,0,1,2,A,-,00,21960,A,N,D,B,B,A,H,-,A,A,0,Y,,,,Y,,A,01,0,1,0,0,1,0,0,0,0,"- ","- ",,,"SAN FRANCISCO","SAN FRANCISCO",-122.41558837890625,37.769515991210938
9591110,2023,2023-07-11,3801,2023-06-02,2343,614,TARAV,5,5,7,3801,0,0,0,,0,3111E,"LINCOLN WY","19TH AV",0.00,,Y,A,-,N,,,,,,,,,,Y,4,0,1,2,A,-,08,22101,D,F,D,C,A,A,H,-,C,A,0,,,,,Y,,A,01,0,0,1,0,0,0,0,0,0,"- ","- ",,,"SAN FRANCISCO","SAN FRANCISCO",-122.47732543945312,37.76544189453125
9591111,2023,2023-07-11,3801,2023-06-01,2239,3498,NORTH,4,5,7,3801,0,0,0,,0,3E11E,"EDDY ST",POLK,0.00,,N,A,-,N,,,,,,,,,,N,4,0,1,2,A,-,03,22350,,N,C,C,A,A,H,-,C,D,0,,,,,Y,,A,07,0,0,1,0,0,0,0,0,0,"- ","- ",,,"SAN FRANCISCO","SAN FRANCISCO",-122.41918182373047,37.7830810546875
9591112,2023,2023-07-11,3801,2023-06-14,2204,1217,MISSI,3,5,7,3801,0,0,0,,0,3CAR,VALENCIA,"23RD ST",50.00,N,N,A,-,N,,,,,,,,,,N,3,0,1,1,A,-,03,22350,,N,E,J,A,A,C,-,C,D,0,,Y,,,Y,,L,04,0,1,0,0,0,0,1,0,0,"- ","- ",,,"SAN FRANCISCO","SAN FRANCISCO",-122.42082214355469,37.753837585449219
9591113,2023,2023-07-11,3801,2023-06-08,"821 ",681,SOUTH,4,5,7,3801,0,0,0,,0,3B13A,"FOLSOM ST","SHERMAN ST",0.00,,Y,A,-,N,,,,,,,,,,N,3,0,1,2,A,-,05,21650,,N,D,G,A,A,H,-,A,D,0,,Y,,,Y,,L,04,0,1,0,0,0,0,1,0,0,"- ","- ",,,"SAN FRANCISCO","SAN FRANCISCO",-122.40702056884766,37.777408599853516
9591114,2023,2023-07-11,3801,2023-06-21,"848 ",2161,MISSI,3,5,7,3801,0,0,0,,0,3D13A,"SOUTH VAN NESS","23RD ST",80.00,N,N,A,-,N,,,,,,,,,,Y,4,0,1,2,A,-,21,22106,,M,D,C,A,A,H,-,A,D,0,,,,,Y,,-,,0,0,1,0,0,0,0,0,0,"- ","- ",,,"SAN FRANCISCO","SAN FRANCISCO",-122.41645812988281,37.754180908203125
9591115,2023,2023-07-11,3801,2023-06-20,"830 ",610,MISSI,2,5,7,3801,0,0,0,,0,3D41A,"17TH ST","BELVEDERE ST",100.00,W,N,A,-,N,,,,,,,,,,N,4,0,1,2,A,-,06,21755,A,F,B,G,A,A,H,-,A,D,0,,Y,,,Y,,A,08,0,0,1,0,0,0,1,0,0,"- ","- ",,,"SAN FRANCISCO","SAN FRANCISCO",-122.44810485839844,37.761695861816406
9591116,2023,2023-07-11,3801,2023-06-11,1324,2341,INGLE,7,5,7,3801,0,0,0,,0,3H15A,"ALEMANY BL","NAGLEE ST",0.00,,Y,A,-,N,,,,,,,,,,N,4,0,1,2,A,-,08,22107,,N,D,G,A,A,H,-,A,D,0,,Y,,,Y,,A,01,0,0,1,0,0,0,1,0,0,"- ","- ",,,"SAN FRANCISCO","SAN FRANCISCO",-122.44901275634766,37.713943481445312
9591117,2023,2023-07-11,3801,2023-06-24,1445,4286,RICHM,6,5,7,3801,0,0,0,,0,0G5,"34TH AV","CLEMENT ST",1850.00,N,N,A,-,N,,,,,,,,,,N,3,0,1,1,A,-,03,22350,,N,H,A,A,A,H,-,A,D,0,,,,,Y,,A,07,0,1,0,0,0,0,0,0,0,"- ","- ",,,"SAN FRANCISCO","SAN FRANCISCO",-122.49449920654297,37.781570434570312
9591118,2023,2023-07-11,3801,2023-06-24,"40  ",839,CENTR,6,5,7,3801,0,0,0,,0,0A2,"KEARNY ST","SACRAMENTO ST",0.00,,Y,A,-,N,,,,,,,,,,Y,4,0,1,2,A,-,12,21453,,F,D,C,A,A,H,-,C,A,0,,,,,Y,,A,01,0,0,1,0,0,0,0,0,0,"- ","- ",,,"SAN FRANCISCO","SAN FRANCISCO",-122.40458679199219,37.793601989746094
9591119,2023,2023-08-08,3801,2023-06-22,1622,1144,RICHM,4,5,7,3801,0,0,0,,0,3G13D,"GEARY BL","20TH AV",0.00,,Y,A,-,N,,,,,,,,,,N,4,0,1,2,D,-,00,,,N,D,C,A,A,H,-,A,A,0,,,,,Y,,-,"- ",0,0,1,0,0,0,0,0,0,"- ","- ",,,"SAN FRANCISCO","SAN FRANCISCO",-122.47938537597656,37.780387878417969
9591225,2023,2023-07-13,3801,2023-05-28,2205,400,SOUTH,7,5,7,3801,0,0,0,,0,3B13E,"FOLSOM ST","LAGTON ST",0.00,,Y,A,-,N,,,,,,,,,,Y,3,0,1,1,C,-,18,,,N,H,J,A,A,G,-,C,A,0,,,Y,,Y,,-,"- ",0,1,0,0,0,0,0,0,1,"- ","- ",,,"SAN FRANCISCO","SAN FRANCISCO",-122.40840148925781,37.776321411132812
9591226,2023,2023-07-13,3801,2023-05-10,"853 ",2059,CENTR,3,5,7,3801,0,0,0,,0,3A13A,MASON,"BROADWAY ST",6.00,S,N,A,-,N,,,,,,,,,,N,3,0,1,2,A,-,10,21950,A,N,A,B,B,A,H,-,A,A,0,Y,,,,Y,,A,01,0,1,0,0,1,0,0,0,0,"- ","- ",,,"SAN FRANCISCO","SAN FRANCISCO",-122.41191864013672,37.797245025634766
9591228,2023,2023-07-13,3801,2023-05-28,1729,1276,SOUTH,7,5,7,3801,0,0,0,,0,3B5D,"BERRY ST","BERRY ST 360",0.00,,Y,A,-,N,,,,,,,,,,N,4,0,1,2,A,-,21,22106,,N,H,B,E,A,H,-,A,A,0,Y,,,,Y,,A,01,0,0,1,0,1,0,0,0,0,"- ","- ",,,"SAN FRANCISCO","SAN FRANCISCO",,
9591229,2023,2023-07-13,3801,2023-05-23,1635,1148,MISSI,2,5,7,3801,0,0,0,,0,3D16D,"16TH ST","FLORIDA ST",7.00,E,N,A,-,N,,,,,,,,,,N,4,0,1,2,A,-,00,28101,A,N,B,C,A,A,H,-,A,A,0,,,,,Y,,B,01,0,0,1,0,0,0,0,0,0,"- ","- ",,,"SAN FRANCISCO","SAN FRANCISCO",-122.41141510009766,37.765552520751953
9591230,2023,2023-07-13,3801,2023-05-19,1815,IMHOFF8,NORTH,5,5,7,3801,0,0,0,,0,3E11A,"SCOTT ST","LOMBARD ST",50.00,S,N,A,-,N,,,,,,,,,,N,4,0,1,2,A,-,21,22106,,F,D,C,A,A,H,-,B,D,0,,,,,Y,,A,01,0,0,1,0,0,0,0,0,0,"- ","- ",,,"SAN FRANCISCO","SAN FRANCISCO",-122.44097137451172,37.799076080322266
9591231,2023,2023-07-13,3801,2023-05-16,1959,812,BAYVI,2,5,7,3801,0,0,0,,0,0C3,"3RD ST","EVANS AV",0.00,,Y,A,-,N,,,,,,,,,,N,3,0,1,2,A,-,12,21453,,F,D,C,A,A,H,-,A,A,0,,,Y,,Y,,A,01,0,1,0,0,0,0,0,0,1,"- ","- ",,,"SAN FRANCISCO","SAN FRANCISCO",-122.38801574707031,37.742733001708984
9591232,2023,2023-07-17,3801,2023-05-21,1536,4119,TRAFF,7,5,7,3801,0,0,0,,0,4B3K,"MENDELL ST","LA SALLE AV",0.00,,Y,A,-,N,,,,,,,,,,Y,3,0,1,4,A,-,03,22350,,F,D,C,A,A,H,-,A,A,0,,,,,Y,Y,A,01,0,1,0,0,0,0,0,0,0,"- ","- ",,,"SAN FRANCISCO","SAN FRANCISCO",-122.38870239257812,37.736431121826172
9591233,2023,2023-07-13,3801,2023-05-01,"621 ",1422,TRAFF,1,5,7,3801,0,0,0,,0,,"BRYANT ST","STERLING ST",0.00,,Y,A,-,N,,,,,,,,,,Y,2,0,2,1,A,-,03,22350,,N,E,I,A,A,H,-,A,A,0,,,,,Y,,A,01,1,0,1,0,0,0,0,0,0,"- ","- ",,,"SAN FRANCISCO","SAN FRANCISCO",,
9591234,2023,2023-07-13,3801,2023-05-31,1703,1523,NORTH,3,5,7,3801,0,0,0,,0,,"BAYT ST","VAN NESS AV",0.00,,Y,A,-,N,,,,,,,,,,N,4,0,1,2,A,-,05,21651,A,N,A,G,A,A,H,-,A,A,0,,Y,,,Y,,L,04,0,0,1,0,0,0,1,0,0,"- ","- ",,,"SAN FRANCISCO","SAN FRANCISCO",-122.42514801025391,37.804130554199219
9591235,2023,2023-07-13,3801,2023-05-08,"810 ",2088,INGLE,1,5,7,3801,0,0,0,,0,3H12A,"MISSION ST","RICHLAND AV",80.00,S,N,A,-,N,,,,,,,,,,N,4,0,1,2,A,-,11,21954,A,M,D,B,D,A,H,-,A,D,0,Y,,,,Y,,N,60,0,0,1,0,1,0,0,0,0,"- ","- ",,,"SAN FRANCISCO","SAN FRANCISCO",-122.42455291748047,37.735725402832031
9591236,2023,2023-07-13,3801,2023-05-26,1859,1994,TRAFF,5,5,7,3801,0,0,0,,0,4B3C,"16TH ST","CAROLINA ST",80.00,E,N,A,-,N,,,,,,,,,,Y,3,0,1,2,A,-,08,22102,,N,D,C,A,A,H,-,A,A,0,,,Y,,Y,,A,01,0,1,0,0,0,0,0,0,1,"- ","- ",,,"SAN FRANCISCO","SAN FRANCISCO",-122.40047454833984,37.766223907470703
9591237,2023,2023-07-13,3801,2023-05-22,2002,380,CENTR,1,5,7,3801,0,0,0,,0,1CAR,"SUTTER ST","TAYLOR ST",0.00,,Y,A,-,N,,,,,,,,,,N,4,0,1,2,A,-,03,22350,,N,H,B,B,A,H,-,A,D,0,Y,,,,Y,,-,,0,0,1,0,1,0,0,0,0,"- ","- ",,,"SAN FRANCISCO","SAN FRANCISCO",-122.41188049316406,37.788814544677734
9591238,2023,2023-07-13,3801,2023-05-31,1730,1810,MISSI,3,5,7,3801,0,0,0,,0,3D13D,"MISSION ST","19TH ST",0.00,,Y,A,-,N,,,,,,,,,,Y,4,0,1,2,A,-,08,22101,D,N,D,C,A,A,H,-,A,-,0,,,,,Y,,A,08,0,0,1,0,0,0,0,0,0,"- ","- ",,,"SAN FRANCISCO","SAN FRANCISCO",-122.41921997070312,37.760219573974609