CASE_ID,ACCIDENT_YEAR,PROC_DATE,JURIS,COLLISION_DATE,COLLISION_TIME,OFFICER_ID,REPORTING_DISTRICT,DAY_OF_WEEK,CHP_SHIFT,POPULATION,CNTY_CITY_LOC,SPECIAL_COND,BEAT_TYPE,CHP_BEAT_TYPE,CITY_DIVISION_LAPD,CHP_BEAT_CLASS,BEAT_NUMBER,PRIMARY_RD,SECONDARY_RD,DISTANCE,DIRECTION,INTERSECTION,WEATHER_1,WEATHER_2,STATE_HWY_IND,CALTRANS_COUNTY,CALTRANS_DISTRICT,STATE_ROUTE,ROUTE_SUFFIX,POSTMILE_PREFIX,POSTMILE,LOCATION_TYPE,RAMP_INTERSECTION,SIDE_OF_HWY,TOW_AWAY,COLLISION_SEVERITY,NUMBER_KILLED,NUMBER_INJURED,PARTY_COUNT,PRIMARY_COLL_FACTOR,PCF_CODE_OF_VIOL,PCF_VIOL_CATEGORY,PCF_VIOLATION,PCF_VIOL_SUBSECTION,HIT_AND_RUN,TYPE_OF_COLLISION,MVIW,PED_ACTION,ROAD_SURFACE,ROAD_COND_1,ROAD_COND_2,LIGHTING,CONTROL_DEVICE,CHP_ROAD_TYPE,PEDESTRIAN_ACCIDENT,BICYCLE_ACCIDENT,MOTORCYCLE_ACCIDENT,TRUCK_ACCIDENT,NOT_PRIVATE_PROPERTY,ALCOHOL_INVOLVED,STWD_VEHTYPE_AT_FAULT,CHP_VEHTYPE_AT_FAULT,COUNT_SEVERE_INJ,COUNT_VISIBLE_INJ,COUNT_COMPLAINT_PAIN,COUNT_PED_KILLED,COUNT_PED_INJURED,COUNT_BICYCLIST_KILLED,COUNT_BICYCLIST_INJURED,COUNT_MC_KILLED,COUNT_MC_INJURED,PRIMARY_RAMP,SECONDARY_RAMP,LATITUDE,LONGITUDE,COUNTY,CITY,POINT_X,POINT_Y
9591740,2023,2023-07-12,3801,2023-06-21,1949,649,INGLE,3,5,7,3801,0,0,0,,0,,"MONTEREY BL","BADEN ST",0.00,,Y,A,-,N,,,,,,,,,,Y,4,0,1,2,A,-,12,22450,A,F,D,C,A,A,H,-,A,A,0,,,,,Y,,A,01,0,0,1,0,0,0,0,0,0,"- ","- ",,,"SAN FRANCISCO","SAN FRANCISCO",-122.43972778320312,37.731609344482422
9591741,2023,2023-07-12,3801,2023-06-21,"148 ",2148,MISSI,3,5,7,3801,0,0,0,,0,3D16E,"NOE ST","18TH ST",16.00,S,N,A,-,N,,,,,,,,,,N,4,0,1,2,A,-,21,22106,,N,D,C,A,A,H,-,C,D,0,,,,,Y,,A,01,0,0,1,0,0,0,0,0,0,"- ","- ",,,"SAN FRANCISCO","SAN FRANCISCO",-122.43277740478516,37.760967254638672
9591742,2023,2023-07-12,3801,2023-06-20,1337,54,TARAV,2,5,7,3801,0,0,0,,0,3115A,"1 HARDING RD","SKYLINE BL",828.00,W,N,A,-,N,,,,,,,,,,N,4,0,1,2,A,-,10,21950,A,N,G,B,C,A,H,-,A,D,0,Y,,,,Y,,A,01,0,0,1,0,1,0,0,0,0,"- ","- ",,,"SAN FRANCISCO","SAN FRANCISCO",-122.50253295898438,37.726619720458984
9591743,2023,2023-07-12,3801,2023-06-18,2242,2098,TENDE,7,5,7,3801,0,0,0,,0,2107,"TURK BL","TAYLOR ST",50.00,,N,A,-,N,,,,,,,,,,N,4,0,1,2,A,-,17,21235,G,N,G,B,F,A,-,-,C,D,0,Y,,,,Y,,-,,0,0,1,0,1,0,0,0,0,"- ","- ",,,"SAN FRANCISCO","SAN FRANCISCO",-122.41078186035156,37.783206939697266
9591744,2023,2023-08-18,3801,2023-06-18,2032,1355,TARAV,7,5,7,3801,0,0,0,,0,3115D,"LAKE MERCED BL","BROTHERHOOD WY",0.00,,Y,A,-,N,,,,,,,,,,Y,4,0,1,3,A,-,03,22350,,N,F,C,A,A,H,-,B,D,0,,,,,Y,,A,07,0,0,1,0,0,0,0,0,0,"- ","- ",,,"SAN FRANCISCO","SAN FRANCISCO",-122.48523712158203,37.714717864990234
9591745,2023,2023-07-12,3801,2023-06-18,2015,2400,BAYVI,7,5,7,3801,0,0,0,,0,2CAR,"WILLIAMS AV","REDDY ST",0.00,,Y,B,-,N,,,,,,,,,,N,4,0,1,2,A,-,12,22450,A,F,B,C,A,A,H,-,A,A,0,,,,,Y,,A,01,0,0,1,0,0,0,0,0,0,"- ","- ",,,"SAN FRANCISCO","SAN FRANCISCO",-122.39539337158203,37.729656219482422
9591746,2023,2023-07-12,3801,2023-06-13,"745 ",392,MISSI,2,5,7,3801,0,0,0,,0,0D6,"SOUTH VAN NESS","17TH ST",20.00,S,N,B,-,N,,,,,,,,,,N,3,0,1,2,A,-,11,21453,D,N,D,B,D,A,H,-,A,A,0,Y,,,,Y,,N,60,0,1,0,0,1,0,0,0,0,"- ","- ",,,"SAN FRANCISCO","SAN FRANCISCO",-122.41733551025391,37.763504028320312
9591747,2023,2023-07-12,3801,2023-06-12,1654,4212,PARK,1,5,7,3801,0,0,0,,0,3F12D,"TWIN PEAKS BL","PORTOLA DR",1584.00,N,N,A,-,N,,,,,,,,,,Y,4,0,1,1,A,-,03,22350,,N,H,A,A,A,B,-,A,D,0,,,Y,,Y,,C,02,0,0,1,0,0,0,0,0,1,"- ","- ",,,"SAN FRANCISCO","SAN FRANCISCO",-122.4478759765625,37.749256134033203
9591748,2023,2023-07-12,3801,2023-06-14,1123,1118,SOUTH,3,5,7,3801,0,0,0,,0,3B14A,"HARRISON ST","4TH ST",178.00,E,N,A,-,N,,,,,,,,,,N,4,0,1,2,A,-,05,21650,1,N,D,G,A,A,H,-,A,D,0,,Y,,,Y,,L,04,0,0,1,0,0,0,1,0,0,"- ","- ",,,"SAN FRANCISCO","SAN FRANCISCO",-122.39919281005859,37.781124114990234
9591749,2023,2023-07-12,3801,2023-06-13,2152,1074,BAYVI,2,5,7,3801,0,0,0,,0,3C13E,"PALOU AV","LANE ST",19.00,N,N,A,-,N,,,,,,,,,,Y,4,0,3,4,A,-,12,22450,A,F,D,D,A,A,H,-,C,A,0,,,,,Y,,A,01,0,0,3,0,0,0,0,0,0,"- ","- ",,,"SAN FRANCISCO","SAN FRANCISCO",-122.38908386230469,37.732959747314453
9591751,2023,2023-07-12,3801,2023-06-13,2120,317,CENTR,2,5,7,3801,0,0,0,,0,SECTOR,"POST ST","TAYLOR ST",180.00,E,N,A,-,N,,,,,,,,,,N,3,0,1,2,A,-,08,22107,,N,B,G,A,A,H,-,C,D,0,,Y,,,Y,,A,01,0,1,0,0,0,0,1,0,0,"- ","- ",,,"SAN FRANCISCO","SAN FRANCISCO",-122.41108703613281,37.787929534912109
9591752,2023,2023-07-12,3801,2023-06-13,1758,893,INGLE,2,5,7,3801,0,0,0,,0,3H14D,"DOLORES ST","VALLEY ST",0.00,,Y,A,-,N,,,,,,,,,,Y,2,0,1,2,A,-,09,21802,A,N,D,C,A,A,H,-,A,A,0,,,Y,,Y,,C,03,1,0,0,0,0,0,0,0,1,"- ","- ",,,"SAN FRANCISCO","SAN FRANCISCO",-122.42451477050781,37.744640350341797
9591753,2023,2023-07-12,3801,2023-06-10,1212,1952,TENDE,6,5,7,3801,0,0,0,,0,201,"GOLDEN GATE AV","LARKIN ST",194.00,W,N,F,-,N,,,,,,,,,,N,3,0,1,1,B,-,22,,,N,E,A,A,-,H,-,A,D,0,,,,,Y,,M,94,0,1,0,0,0,0,0,0,0,"- ","- ",,,"SAN FRANCISCO","SAN FRANCISCO",-122.41781616210938,37.781356811523438
9591755,2023,2023-07-12,3801,2023-06-02,1157,2289,NORTH,5,5,7,3801,0,0,0,,0,3E14A,BROADWAY,"BUCHANAN ST",0.00,,N,A,-,N,,,,,,,,,,N,4,0,1,2,A,-,10,21950,A,N,G,B,B,A,H,-,A,D,0,Y,,,,Y,,A,01,0,0,1,0,1,0,0,0,0,"- ","- ",,,"SAN FRANCISCO","SAN FRANCISCO",-122.43161010742188,37.794681549072266
9591757,2023,2023-08-25,3801,2023-06-14,1330,2715,NORTH,3,5,7,3801,0,0,0,,0,3E16C,"VAN NESS AV","CLAY ST",19.00,N,N,A,-,Y,SF,4,101,-,-,6.070,H,-,S,Y,3,0,1,2,A,-,03,22350,,N,C,C,A,A,H,-,A,A,0,,,,,Y,,A,01,0,1,0,0,0,0,0,0,0,"- ","- ",,,"SAN FRANCISCO","SAN FRANCISCO",-122.42282867431641,37.792282104492188
9591758,2023,2023-08-15,3801,2023-06-12,"155 ",2237,TARAV,1,5,7,3801,0,0,0,,0,3116E,"19TH AV","OCEAN AV",0.00,,Y,A,-,N,,,,,,,,,,Y,3,0,1,2,A,-,01,23152,,N,D,C,A,A,H,-,C,A,0,,,,,Y,Y,A,01,0,1,0,0,0,0,0,0,0,"- ","- ",,,"SAN FRANCISCO","SAN FRANCISCO",-122.47496032714844,37.732437133789062
9591759,2023,2023-07-12,3801,2023-06-08,2033,1620,RICHM,4,5,7,3801,0,0,0,,0,3G13D,"FULTON ST","43RD AV",0.00,,Y,A,-,N,,,,,,,,,,N,4,0,2,2,A,-,12,21453,A,N,D,C,A,A,H,-,A,A,0,,,,,Y,,A,07,0,0,2,0,0,0,0,0,0,"- ","- ",,,"SAN FRANCISCO","SAN FRANCISCO",-122.50345611572266,37.771675109863281
9591760,2023,2023-08-24,3801,2023-06-16,"737 ",1188,INGLE,5,5,7,3801,0,0,0,,0,3H1A,"DIAMOND HEIGHTS BL","DUNCAN ST",0.00,,Y,A,-,N,,,,,,,,,,N,3,0,1,2,A,-,09,21802,A,N,D,C,A,A,H,-,A,A,0,,,Y,,Y,,A,07,0,1,0,0,0,0,0,0,0,"- ","- ",,,"SAN FRANCISCO","SAN FRANCISCO",-122.44339752197266,37.74652099609375
9591814,2023,2023-07-19,3801,2023-05-29,2145,2354,TARAV,1,5,7,3801,0,0,0,,0,31I3D,"JUDAH ST","42ND ST",0.00,,Y,A,-,N,,,,,,,,,,Y,4,0,1,2,A,-,03,22350,,N,B,F,A,A,H,-,C,D,0,,,Y,,Y,,C,02,0,0,1,0,0,0,0,0,1,"- ","- ",,,"SAN FRANCISCO","SAN FRANCISCO",-122.50164031982422,37.760597229003906
9591818,2023,2023-07-19,3801,2023-05-29,"955 ",917,TRAFF,1,5,7,3801,0,0,0,,0,4B2E,"FULTON ST","10TH AV",0.00,,Y,A,-,N,,,,,,,,,,Y,2,0,1,2,A,-,12,21453,A,N,D,C,A,A,H,-,A,A,0,,,Y,,Y,,C,02,1,0,0,0,0,0,0,0,1,"- ","- ",,,"SAN FRANCISCO","SAN FRANCISCO",-122.46804046630859,37.773288726806641
9591819,2023,2023-07-19,3801,2023-05-30,1038,390,PARK,2,5,7,3801,0,0,0,,0,001,"KEZAR DR","MARJTIN LUTHER KING JR DR",483.00,E,N,A,-,N,,,,,,,,,,N,4,0,2,2,A,-,03,22350,,N,C,C,A,A,H,-,A,D,0,,,,,Y,,A,01,0,0,2,0,0,0,0,0,0,"- ","- ",,,"SAN FRANCISCO","SAN FRANCISCO",-122.45712280273438,37.767669677734375
9591832,2023,2023-07-18,3801,2023-05-16,2011,4371,INGLE,2,5,7,3801,0,0,0,,0,3H16D,"PORTOLA DR","LAGUNA HONDA BL",180.00,W,N,E,-,N,,,,,,,,,,N,4,0,1,2,A,-,08,22107,,N,B,C,A,A,H,-,B,D,0,,,,,Y,,A,01,0,0,1,0,0,0,0,0,0,"- ","- ",,,"SAN FRANCISCO","SAN FRANCISCO",-122.45548248291016,37.743198394775391
9591835,2023,2023-07-18,3801,2023-05-22,1726,1061,SOUTH,1,5,7,3801,0,0,0,,0,3B53B,"HOWARD ST","HOWARD ST 750",0.00,,N,A,-,N,,,,,,,,,,Y,4,0,1,2,D,-,00,,,M,B,E,A,A,H,-,A,D,0,,,Y,,Y,,-,"- ",0,0,1,0,0,0,0,0,0,"- ","- ",,,"SAN FRANCISCO","SAN FRANCISCO",-117.68926239013672,34.052200317382812
9591840,2023,2023-07-18,3801,2023-05-16,"800 ",654,PARK,2,5,7,3801,0,0,0,,0,,"THE EMBARCADERO","WASHINGTON ST",0.00,,Y,A,-,N,,,,,,,,,,N,2,0,1,2,A,-,12,21453,A,N,D,-,A,A,H,-,A,A,0,,Y,,,Y,,L,04,1,0,0,0,0,0,1,0,0,"- ","- ",,,"SAN FRANCISCO","SAN FRANCISCO",-122.39556121826172,37.796642303466797
9593741,2023,2023-07-12,3801,2023-06-15,2151,2113,BAYVI,4,5,7,3801,0,0,0,,0,3C15E,"EGBERT AV","PHELPS ST",395.00,E,N,A,-,N,,,,,,,,,,Y,3,0,1,1,A,-,05,21650,,N,E,I,A,A,H,-,C,D,0,,,,,Y,,A,01,0,1,0,0,0,0,0,0,0,"- ","- ",,,"SAN FRANCISCO","SAN FRANCISCO",-122.40084838867188,37.727306365966797
9593754,2023,2023-07-12,3801,2023-06-13,"840 ",1364,NORTH,2,5,7,3801,0,0,0,,0,3E11A,"PAGE ST","OCTAVIA ST",0.00,,Y,A,-,N,,,,,,,,,,N,4,0,4,2,A,-,17,21200,,N,D,G,A,A,H,-,A,A,0,,Y,,,Y,,L,04,0,0,4,0,0,0,4,0,0,"- ","- ",,,"SAN FRANCISCO","SAN FRANCISCO",-122.42411041259766,37.773883819580078
9593802,2023,2023-07-17,3801,2023-06-18,"333 ",1902,INGLE,7,5,7,3801,0,0,0,,0,3H11E,"ALEMANY BL","RT 101",140.00,S,N,A,-,N,,,,,,,,,,N,2,0,1,1,A,-,07,21658,A,N,E,I,A,A,H,-,C,D,0,,,,,Y,,M,96,1,0,0,0,0,0,0,0,0,"- ",SO,,,"SAN FRANCISCO","SAN FRANCISCO",,
9593803,2023,2023-07-17,3801,2023-06-16,"826 ",2150,RICHM,5,5,7,3801,0,0,0,,0,3G13C,"ARGUELLO BL","FULTON ST",0.00,,Y,A,-,N,,,,,,,,,,N,4,0,1,2,A,-,21,22106,,N,C,C,A,A,H,-,A,A,0,,,,,Y,,A,01,0,0,1,0,0,0,0,0,0,"- ","- ",,,"SAN FRANCISCO","SAN FRANCISCO",-122.45835113525391,37.774288177490234
9593805,2023,2023-07-17,3801,2023-06-18,1510,643,TARAV,7,5,7,3801,0,0,0,,0,3I16D,"NORIEGA ST","21ST AV",0.00,,Y,A,-,N,,,,,,,,,,N,4,0,1,2,A,-,00,21954,,N,G,B,D,A,H,-,A,A,0,Y,,,,Y,,N,60,0,0,1,0,1,0,0,0,0,"- ","- ",,,"SAN FRANCISCO","SAN FRANCISCO",-122.47863006591797,37.754127502441406
9593806,2023,2023-07-17,3801,2023-06-18,1130,2210,SOUTH,7,5,7,3801,0,0,0,,0,0B4,"MARKET ST","OCTAVIA ST",0.00,,Y,A,-,N,,,,,,,,,,N,3,0,1,2,A,-,08,22101,D,N,D,G,A,A,H,-,A,A,0,,Y,,,Y,,A,01,0,1,0,0,0,0,1,0,0,"- ","- ",,,"SAN FRANCISCO","SAN FRANCISCO",-122.42359161376953,37.771774291992188
9593807,2023,2023-07-17,3801,2023-06-16,"430 ",2498,NORTH,5,5,7,3801,0,0,0,,0,3E15E,"LOMBARD ST","STEINER ST",0.00,,Y,A,-,N,,,,,,,,,,Y,4,0,1,2,A,-,04,21703,,N,C,C,A,A,H,-,C,D,0,,,,,Y,,A,07,0,0,1,0,0,0,0,0,0,"- ","- ",,,"SAN FRANCISCO","SAN FRANCISCO",-122.43769073486328,37.799640655517578
9593808,2023,2023-07-17,3801,2023-06-15,2245,1123,SOUTH,4,5,7,3801,0,0,0,,0,3B12E,"MISSION ST","5TH ST",0.00,,Y,A,-,N,,,,,,,,,,N,3,0,1,2,A,-,07,21658,A,N,B,G,A,A,H,-,C,A,0,,Y,,,Y,,A,01,0,1,0,0,0,0,1,0,0,"- ","- ",,,"SAN FRANCISCO","SAN FRANCISCO",-122.40648651123047,37.782737731933594
9593809,2023,2023-07-17,3801,2023-06-03,1910,2748,INGLE,6,5,7,3801,0,0,0,,0,3H11D,"GOLD MINE DR","THE REFERENCE POINT",4.00,N,N,A,-,N,,,,,,,,,,Y,4,0,1,2,A,-,03,22350,,N,F,I,A,A,H,-,-,D,0,,,,,Y,,A,01,0,0,1,0,0,0,0,0,0,"- ","- ",,,"SAN FRANCISCO","SAN FRANCISCO",,
9593810,2023,2023-07-17,3801,2023-06-16,"714 ",47,TARAV,5,5,7,3801,0,0,0,,0,3I11A,"19TH AV","ULLOA ST",52.00,S,N,B,-,N,,,,,,,,,,Y,3,0,3,2,A,-,07,21658,A,N,B,C,A,A,H,-,A,A,0,,,,,Y,,A,01,0,1,2,0,0,0,0,0,0,"- ","- ",,,"SAN FRANCISCO","SAN FRANCISCO",-122.47556304931641,37.741046905517578
9593811,2023,2023-07-17,3801,2023-06-26,1553,380,CENTR,1,5,7,3801,0,0,0,,0,,"JACKSON ST","DAVIS ST",0.00,,Y,A,-,N,,,,,,,,,,,4,0,1,2,A,-,10,21950,A,N,G,B,B,-,H,-,A,D,0,Y,,,,Y,,A,01,0,0,1,0,1,0,0,0,0,"- ","- ",,,"SAN FRANCISCO","SAN FRANCISCO",-122.39833068847656,37.797084808349609
9593812,2023,2023-07-17,3801,2023-06-18,1605,2202,INGLE,7,5,7,3801,0,0,0,,0,3H13A,"MISSION ST","AVALON AV",15.00,N,N,A,-,N,,,,,,,,,,N,4,0,2,3,A,-,10,21950,A,N,G,B,B,A,H,-,A,A,0,Y,,,,Y,Y,A,01,0,0,2,0,2,0,0,0,0,"- ","- ",,,"SAN FRANCISCO","SAN FRANCISCO",-122.43230438232422,37.727752685546875
9593813,2023,2023-07-17,3801,2023-06-02,"919 ",2202,INGLE,5,5,7,3801,0,0,0,,0,3H11A,"ALEMANY BL","TINGLEY ST",0.00,,Y,A,-,N,,,,,,,,,,N,4,0,1,2,A,-,09,21804,A,N,D,C,A,A,H,-,A,D,0,,,,,Y,Y,A,01,0,0,1,0,0,0,0,0,0,"- ","- ",,,"SAN FRANCISCO","SAN FRANCISCO",-122.43402099609375,37.729358673095703
9593814,2023,2023-07-17,3801,2023-06-05,1240,4160,MISSI,1,5,7,3801,0,0,0,,0,03D,"24TH ST","YORK ST",13.00,S,N,A,-,N,,,,,,,,,,Y,3,0,1,2,A,-,12,22450,A,N,G,B,B,A,H,-,A,D,0,Y,,,,Y,,A,01,0,1,0,0,1,0,0,0,0,"- ","- ",,,"SAN FRANCISCO","SAN FRANCISCO",-122.40818023681641,37.75286865234375
9593815,2023,2023-07-17,3801,2023-06-14,1747,1666,PARK,3,5,7,3801,0,0,0,,0,4CAR,"STEINER ST","DUBOCE AV",42.00,N,N,A,-,N,,,,,,,,,,N,4,0,1,2,A,-,04,21703,,N,C,G,A,A,H,-,A,A,0,,Y,,,Y,,A,07,0,0,1,0,0,0,1,0,0,"- ","- ",,,"SAN FRANCISCO","SAN FRANCISCO",-122.43160247802734,37.769432067871094
9593816,2023,2023-07-17,3801,2023-06-10,"35  ",1123,SOUTH,6,5,7,3801,0,0,0,,0,3B12E,"MISSION ST","7TH ST",0.00,,Y,A,-,N,,,,,,,,,,N,2,0,1,2,A,-,12,21453,A,F,G,B,-,A,H,-,C,A,0,Y,,,,Y,,A,01,1,0,0,0,1,0,0,0,0,"- ","- ",,,"SAN FRANCISCO","SAN FRANCISCO",-122.41089630126953,37.779209136962891
9595782,2023,2023-07-19,3801,2023-05-12,1144,186,TRAFF,5,5,7,3801,0,0,0,,0,4BIG,"EDDY ST","EDDY ST 301",34.00,N,N,A,-,N,,,,,,,,,,N,4,0,1,2,A,-,09,21801,A,N,D,G,A,A,H,-,A,D,0,,Y,,,Y,,J,48,0,0,1,0,0,0,1,0,0,"- ","- ",,,"SAN FRANCISCO","SAN FRANCISCO",,
9595791,2023,2023-07-19,3801,2023-06-01,1730,1339,TRAFF,4,5,7,3801,0,0,0,,0,4B3D,"24TH AV","TARAVAL ST",0.00,N,N,A,-,N,,,,,,,,,,N,3,0,1,2,A,-,05,21651,B,N,D,C,A,A,H,-,A,A,0,,,,,Y,,M,94,0,1,0,0,0,0,0,0,0,"- ","- ",,,"SAN FRANCISCO","SAN FRANCISCO",-122.48105621337891,37.7427978515625
9595888,2023,2023-07-14,3801,2023-06-01,2309,1706,SOUTH,4,5,7,3801,0,0,0,,0,002,"6TH ST","HOWARD ST",0.00,,Y,A,-,N,,,,,,,,,,N,3,0,1,2,A,-,12,21453,A,F,C,C,-,A,H,-,C,A,0,Y,,,,Y,,A,01,0,1,0,0,1,0,0,0,0,"- ","- ",37.779651641845703,-122.40715026855469,"SAN FRANCISCO","SAN FRANCISCO",-122.40714263916016,37.779750823974609
9596016,2022,2023-07-18,3801,2022-12-03,0047,1574,SOUTH,6,5,7,3801,0,0,0,,0,3B13E,"4TH ST","LONG BRIDGE ST",0.00,,Y,A,-,N,,,,,,,,,,Y,4,0,1,2,A,-,03,22350,,N,C,C,A,A,H,-,C,D,0,,,Y,,Y,,A,07,0,0,1,0,0,0,0,0,1,"- ","- ",,,"SAN FRANCISCO","SAN FRANCISCO",-122.3914794921875,37.773639678955078
9596037,2022,2023-07-18,3801,2022-10-22,2230,392,MISSI,6,5,7,3801,0,0,0,,0,0D4,"YORK ST","25TH ST",0.00,,Y,A,-,N,,,,,,,,,,N,4,0,1,2,A,-,12,22450,A,N,D,C,A,A,H,-,C,A,0,,,,,Y,,D,22,0,0,1,0,0,0,0,0,0,"- ","- ",,,"SAN FRANCISCO","SAN FRANCISCO",-122.4080810546875,37.751247406005859
9596194,2023,2023-07-21,3801,2023-06-15,"130 ",2288,INGLE,4,5,7,3801,0,0,0,,0,3H13E,"MISSION ST","CRESCENT AV",0.00,,Y,A,-,N,,,,,,,,,,N,3,0,1,2,A,-,03,22350,,F,C,G,A,A,H,-,C,A,0,,Y,,,Y,Y,A,01,0,1,0,0,0,0,1,0,0,"- ","- ",,,"SAN FRANCISCO","SAN FRANCISCO",-122.42469024658203,37.735408782958984
9600259,2023,2023-08-11,3801,2023-07-04,1520,2435,BAYVI,2,5,7,3801,0,0,0,,0,004,"SAN BRUNO AV","BURROWS ST",0.00,,Y,A,-,N,,,,,,,,,,Y,4,0,2,2,A,-,08,22102,,N,D,C,A,A,H,-,A,A,0,,,,,Y,,A,01,0,0,2,0,0,0,0,0,0,"- ","- ",,,"SAN FRANCISCO","SAN FRANCISCO",-122.40412139892578,37.728828430175781
9600263,2023,2023-08-11,3801,2023-07-20,"808 ",2195,NORTH,4,5,7,3801,0,0,0,,0,003,"POLK ST","OFARRELL ST",0.00,,Y,A,-,N,,,,,,,,,,N,3,0,1,2,A,-,10,21950,A,N,G,B,B,A,H,-,A,A,0,Y,,,,Y,,A,01,0,1,0,0,1,0,0,0,0,"- ","- ",,,"SAN FRANCISCO","SAN FRANCISCO",-122.41954803466797,37.784969329833984
9600275,2023,2023-08-11,3801,2023-07-21,1040,2372,INGLE,5,5,7,3801,0,0,0,,0,3H11A,"NEVADA ST","NEVADA ST 133",0.00,,Y,A,-,N,,,,,,,,,,N,4,0,1,2,A,-,17,2803,A,N,B,C,A,A,D,-,A,D,0,,,,Y,Y,,F,26,0,0,1,0,0,0,0,0,0,"- ","- ",,,"SAN FRANCISCO","SAN FRANCISCO",,
9600279,2023,2023-08-15,3801,2023-07-19,"846 ",4279,INGLE,3,5,7,3801,0,0,0,,0,,"GENEVA AV","PARIS ST",0.00,,Y,A,-,N,,,,,,,,,,N,4,0,1,2,D,-,00,,,N,G,B,B,A,H,-,A,A,0,Y,,,Y,Y,,-,"- ",0,0,1,0,1,0,0,0,0,"- ","- ",,,"SAN FRANCISCO","SAN FRANCISCO",-122.43943023681641,37.715679168701172
9600287,2023,2023-08-11,3801,2023-07-21,"650 ",1296,INGLE,5,5,7,3801,0,0,0,,0,3H15A,"DELTA ST","ARLETA AV",54.00,N,N,A,-,N,,,,,,,,,,Y,3,0,1,3,A,-,06,21755,A,N,B,C,A,A,H,-,A,D,0,,,,,Y,,A,01,0,1,0,0,0,0,0,0,0,"- ","- ",,,"SAN FRANCISCO","SAN FRANCISCO",-122.40883636474609,37.714618682861328
9600291,2023,2023-08-11,3801,2023-07-07,1358,668,NORTH,5,5,7,3801,0,0,0,,0,3E14C,"POLK ST","EDDY ST",0.00,,Y,A,-,N,,,,,,,,,,N,4,0,1,2,A,-,21,22106,,N,B,C,A,A,H,-,A,-,0,,,,,Y,,D,22,0,0,1,0,0,0,0,0,0,"- ","- ",,,"SAN FRANCISCO","SAN FRANCISCO",-122.41918182373047,37.7830810546875
9600303,2023,2023-08-11,3801,2023-07-09,2121,664,RICHM,7,5,7,3801,0,0,0,,0,3B13E,"MISSION BAY BL S","4TH ST",0.00,,Y,A,-,N,,,,,,,,,,N,4,0,1,2,A,-,05,21650,,N,D,C,A,A,H,-,C,A,0,,Y,,,Y,,L,04,0,0,1,0,0,0,1,0,0,"- ","- ",,,"SAN FRANCISCO","SAN FRANCISCO",-122.39122772216797,37.77056884765625
9600307,2023,2023-08-24,3801,2023-06-27,1618,893,INGLE,2,5,7,3801,0,0,0,,0,3H13D,"GENEVA AV","DELANO AV",0.00,,Y,A,-,N,,,,,,,,,,N,3,0,1,2,A,-,10,21950,A,N,G,B,B,A,H,-,A,A,0,Y,,,,Y,,D,22,0,1,0,0,1,0,0,0,0,"- ","- ",,,"SAN FRANCISCO","SAN FRANCISCO",-122.44512939453125,37.720096588134766
9600311,2023,2023-08-11,3801,2023-07-13,1302,899,NORTH,4,5,7,3801,0,0,0,,0,3E1A,"FILLMORE ST","GEARY BL",0.00,,Y,A,-,N,,,,,,,,,,N,4,0,1,2,A,-,12,21453,A,N,D,C,A,A,H,-,A,A,0,,,Y,,Y,,C,02,0,0,1,0,0,0,0,0,1,"- ","- ",,,"SAN FRANCISCO","SAN FRANCISCO",-122.43294525146484,37.784530639648438
9600315,2023,2023-08-11,3801,2023-07-13,1453,1530,BAYVI,4,5,7,3801,0,0,0,,0,3C11A,"JERROLD AV","BAYSHORE BL",80.00,E,N,A,-,N,,,,,,,,,,N,4,0,2,3,A,-,03,22350,,F,C,C,A,A,H,-,A,A,0,,,Y,,Y,,D,22,0,0,2,0,0,0,0,0,0,"- ","- ",,,"SAN FRANCISCO","SAN FRANCISCO",-122.40336608886719,37.747306823730469
9600318,2023,2023-08-16,3801,2023-05-27,1750,4084,TRAFF,6,5,7,3801,0,0,0,,0,4B4B,OFARRELL,"HYDE ST",58.00,W,N,B,-,N,,,,,,,,,,Y,2,0,1,4,A,-,03,22350,,N,B,C,A,A,H,-,A,A,0,,,Y,,Y,,C,02,1,0,0,0,0,0,0,0,1,"- ","- ",,,"SAN FRANCISCO","SAN FRANCISCO",-122.41645812988281,37.785362243652344
9601168,2023,2023-08-18,3801,2023-05-21,"525 ",2142,NORTH,7,5,7,3801,0,0,0,,0,E00,"MARKET ST","OCTAVIA BL",0.00,,Y,A,-,Y,SF,4,101,-,M,5.450,I,6,S,Y,4,0,1,2,A,-,08,22107,,N,B,C,A,A,H,-,A,A,0,,,Y,,Y,,A,01,0,0,1,0,0,0,0,0,1,"- ","- ",,,"SAN FRANCISCO","SAN FRANCISCO",-122.42344665527344,37.771842956542969
9601791,2023,2023-09-14,3801,2023-08-10,1907,1046,NORTH,4,5,7,3801,0,0,0,,0,3E12D,"VAN NESS AV","EDDY ST",0.00,,Y,A,-,N,,,,,,,,,,N,4,0,1,2,A,-,03,22350,,F,C,C,A,A,H,-,B,A,0,,,,,Y,,D,22,0,0,1,0,0,0,0,0,0,"- ","- ",,,"SAN FRANCISCO","SAN FRANCISCO",-122.42076110839844,37.782890319824219
9601814,2023,2023-09-13,3801,2023-07-29,1120,4275,TARAV,6,5,7,3801,0,0,0,,0,3113A,"GREAT HWY","RIVERA ST",0.00,,Y,A,-,N,,,,,,,,,,N,3,0,2,2,A,-,10,21954,B,N,C,B,E,A,H,-,A,D,0,Y,Y,,,Y,,L,04,0,2,0,0,1,0,1,0,0,"- ","- ",,,"SAN FRANCISCO","SAN FRANCISCO",-122.50746917724609,37.745407104492188
9601816,2023,2023-09-21,3801,2023-08-23,"18  ",359,TARAV,3,5,7,3801,0,0,0,,0,3I60,"JUNIPERO SERRA BL","PALMETTO AV",300.00,S,N,E,-,Y,SF,4,1,-,R,0.120,H,-,N,Y,3,0,1,1,A,-,03,22350,,N,B,I,A,A,H,-,C,D,0,,,,,Y,,A,01,0,1,0,0,0,0,0,0,0,"- ","- ",,,"SAN FRANCISCO","SAN FRANCISCO",-122.47103118896484,37.709865570068359