CASE_ID,ACCIDENT_YEAR,PROC_DATE,JURIS,COLLISION_DATE,COLLISION_TIME,OFFICER_ID,REPORTING_DISTRICT,DAY_OF_WEEK,CHP_SHIFT,POPULATION,CNTY_CITY_LOC,SPECIAL_COND,BEAT_TYPE,CHP_BEAT_TYPE,CITY_DIVISION_LAPD,CHP_BEAT_CLASS,BEAT_NUMBER,PRIMARY_RD,SECONDARY_RD,DISTANCE,DIRECTION,INTERSECTION,WEATHER_1,WEATHER_2,STATE_HWY_IND,CALTRANS_COUNTY,CALTRANS_DISTRICT,STATE_ROUTE,ROUTE_SUFFIX,POSTMILE_PREFIX,POSTMILE,LOCATION_TYPE,RAMP_INTERSECTION,SIDE_OF_HWY,TOW_AWAY,COLLISION_SEVERITY,NUMBER_KILLED,NUMBER_INJURED,PARTY_COUNT,PRIMARY_COLL_FACTOR,PCF_CODE_OF_VIOL,PCF_VIOL_CATEGORY,PCF_VIOLATION,PCF_VIOL_SUBSECTION,HIT_AND_RUN,TYPE_OF_COLLISION,MVIW,PED_ACTION,ROAD_SURFACE,ROAD_COND_1,ROAD_COND_2,LIGHTING,CONTROL_DEVICE,CHP_ROAD_TYPE,PEDESTRIAN_ACCIDENT,BICYCLE_ACCIDENT,MOTORCYCLE_ACCIDENT,TRUCK_ACCIDENT,NOT_PRIVATE_PROPERTY,ALCOHOL_INVOLVED,STWD_VEHTYPE_AT_FAULT,CHP_VEHTYPE_AT_FAULT,COUNT_SEVERE_INJ,COUNT_VISIBLE_INJ,COUNT_COMPLAINT_PAIN,COUNT_PED_KILLED,COUNT_PED_INJURED,COUNT_BICYCLIST_KILLED,COUNT_BICYCLIST_INJURED,COUNT_MC_KILLED,COUNT_MC_INJURED,PRIMARY_RAMP,SECONDARY_RAMP,LATITUDE,LONGITUDE,COUNTY,CITY,POINT_X,POINT_Y
9601820,2023,2023-09-21,3801,2023-08-17,"34  ",359,TARAV,4,5,7,3801,0,0,0,,0,3160,"19TH AV","LINCOLN WY",0.00,,Y,A,-,Y,SF,4,1,-,-,4.050,I,5,N,Y,3,0,1,2,A,-,12,21453,A,N,D,C,A,A,H,-,C,A,0,,,,,Y,,A,01,0,1,0,0,0,0,0,0,0,"- ","- ",,,"SAN FRANCISCO","SAN FRANCISCO",-122.47727966308594,37.765445709228516
9602184,2023,2023-08-14,3801,2023-07-27,1843,2400,BAYVI,4,5,7,3801,0,0,0,,0,5CAR,"INGALLS ST","QUESADA AV",0.00,,Y,A,-,N,,,,,,,,,,Y,3,0,1,4,A,-,12,22450,A,F,D,C,A,A,H,-,A,A,0,,,Y,,Y,,A,42,0,1,0,0,0,0,0,0,0,"- ","- ",,,"SAN FRANCISCO","SAN FRANCISCO",-122.38399505615234,37.729114532470703
9602185,2023,2023-08-11,3801,2023-07-19,1647,1666,PARK,3,5,7,3801,0,0,0,,0,4CAR,"14TH ST","SANCHEZ ST",0.00,,Y,A,-,N,,,,,,,,,,N,4,0,1,2,A,-,00,21212,A,N,D,B,E,A,H,-,A,A,0,Y,,,,Y,,N,60,0,0,1,0,1,0,0,0,0,"- ","- ",,,"SAN FRANCISCO","SAN FRANCISCO",-122.43118286132812,37.767601013183594
9602188,2023,2023-08-11,3801,2023-07-17,"755 ",1906,PARK,1,5,7,3801,0,0,0,,0,3F4,"PAGE ST","DIVISADERO ST",56.00,W,N,A,-,N,,,,,,,,,,,3,0,1,2,A,-,03,22350,,N,C,G,A,A,H,-,A,D,0,,Y,,,Y,,L,04,0,1,0,0,0,0,1,0,0,"- ","- ",,,"SAN FRANCISCO","SAN FRANCISCO",-122.43742370605469,37.772182464599609
9602189,2023,2023-08-14,3801,2023-07-17,1218,1442,NORTH,1,5,7,3801,0,0,0,,0,3E15A,"RICHARDSON ST","CHESTNUT ST",0.00,,Y,A,-,N,,,,,,,,,,Y,3,0,2,3,A,-,03,22350,,N,C,C,A,A,H,-,A,A,0,,,Y,,Y,,A,07,0,2,0,0,0,0,0,0,2,"- ","- ",,,"SAN FRANCISCO","SAN FRANCISCO",-122.44598388671875,37.799575805664062
9602190,2023,2023-08-11,3801,2023-07-19,"853 ",1457,TARAV,3,5,7,3801,0,0,0,,0,001,"JUDAH ST","17TH AV",122.00,E,N,B,-,N,,,,,,,,,,N,4,0,1,2,A,-,04,21703,,N,C,C,A,A,H,-,A,D,0,,,,,Y,,A,01,0,0,1,0,0,0,0,0,0,"- ","- ",,,"SAN FRANCISCO","SAN FRANCISCO",-122.47441101074219,37.761875152587891
9602191,2023,2023-08-11,3801,2023-07-19,1314,1123,SOUTH,3,5,7,3801,0,0,0,,0,3B13A,"MISSION ST","5TH ST",0.00,,Y,A,-,N,,,,,,,,,,N,4,0,1,2,A,-,08,22107,,N,D,C,A,A,H,-,A,A,0,,,,,Y,,A,01,0,0,1,0,0,0,0,0,0,"- ","- ",,,"SAN FRANCISCO","SAN FRANCISCO",-122.40648651123047,37.782737731933594
9602192,2023,2023-08-11,3801,2023-07-19,1310,4156,SOUTH,3,5,7,3801,0,0,0,,0,0B3,"7TH ST","BRYANT ST",0.00,,Y,A,-,N,,,,,,,,,,N,4,0,1,2,D,-,00,,,N,H,J,A,A,H,-,A,A,0,,,Y,,Y,,-,"- ",0,0,1,0,0,0,0,0,1,"- ","- ",,,"SAN FRANCISCO","SAN FRANCISCO",-122.40485382080078,37.774375915527344
9602193,2023,2023-08-11,3801,2023-07-04,2040,233,MISSI,2,5,7,3801,0,0,0,,0,03D,"GUERRERO ST","24TH ST",0.00,,Y,B,-,N,,,,,,,,,,Y,4,0,1,2,A,-,12,21453,,F,D,C,A,A,H,-,C,A,0,,,,,Y,,A,01,0,0,1,0,0,0,0,0,0,"- ","- ",,,"SAN FRANCISCO","SAN FRANCISCO",-122.42286682128906,37.752002716064453
9602194,2023,2023-08-14,3801,2023-07-21,"157 ",1933,TENDE,5,5,7,3801,0,0,0,,0,3J13E,"MCALLISTER ST","POLK ST",0.00,,Y,A,-,N,,,,,,,,,,Y,4,0,1,3,A,-,12,21453,A,F,D,C,A,A,H,-,C,A,0,,,,,Y,,A,01,0,0,1,0,0,0,0,0,0,"- ","- ",,,"SAN FRANCISCO","SAN FRANCISCO",-122.41860198974609,37.7802734375
9602196,2023,2023-08-14,3801,2023-07-18,2137,1144,RICHM,2,5,7,3801,0,0,0,,0,3G12E,"GEARY BL","BAKER ST",0.00,,Y,A,-,N,,,,,,,,,,Y,4,0,2,2,A,-,08,22101,D,N,D,C,A,A,H,-,C,A,0,,,,,Y,,A,01,0,0,2,0,0,0,0,0,0,"- ","- ",,,"SAN FRANCISCO","SAN FRANCISCO",-122.44281005859375,37.782955169677734
9602197,2023,2023-08-14,3801,2023-07-19,"829 ",1188,INGLE,3,5,7,3801,0,0,0,,0,3H4A,"SILVER AV","MISSION ST",10.00,E,N,A,-,N,,,,,,,,,,,4,0,1,2,A,-,10,21950,A,F,A,B,B,A,H,-,A,A,0,Y,,,,Y,Y,-,,0,0,1,0,1,0,0,0,0,"- ","- ",,,"SAN FRANCISCO","SAN FRANCISCO",-122.43124389648438,37.728733062744141
9602198,2023,2023-10-04,3801,2023-07-19,"649 ",2402,TARAV,3,5,7,3801,0,0,0,,0,312A,"TARAVAL ST","28TH AV",0.00,,Y,B,-,N,,,,,,,,,,Y,4,0,2,2,A,-,09,21800,A,N,D,C,A,A,C,D,A,C,0,,,,,Y,,A,01,0,0,2,0,0,0,0,0,0,"- ","- ",,,"SAN FRANCISCO","SAN FRANCISCO",-122.48533630371094,37.742633819580078
9602199,2023,2023-08-14,3801,2023-07-19,2230,1527,NORTH,3,5,7,3801,0,0,0,,0,0E4,"PINE ST","SCOTT ST",0.00,,Y,A,-,N,,,,,,,,,,N,4,0,1,2,A,-,08,22107,,N,D,C,A,A,H,-,C,A,0,,,,,Y,,A,01,0,0,1,0,0,0,0,0,0,"- ","- ",,,"SAN FRANCISCO","SAN FRANCISCO",-122.43856811523438,37.787326812744141
9602200,2023,2023-08-14,3801,2023-07-02,1615,2379,CENTR,7,5,7,3801,0,0,0,,0,3A13D,"BATTERY ST","GREEN ST",0.00,,Y,A,-,N,,,,,,,,,,N,4,0,1,2,A,-,09,21800,C,N,D,C,A,A,H,-,A,A,0,,,,,Y,,A,01,0,0,1,0,0,0,0,0,0,"- ","- ",,,"SAN FRANCISCO","SAN FRANCISCO",-122.40140533447266,37.800460815429688
9602201,2023,2023-08-14,3801,2023-07-12,1358,2195,NORTH,3,5,7,3801,0,0,0,,0,004,"DIVISADERO ST","CALIFORNIA ST",0.00,,Y,A,-,N,,,,,,,,,,Y,2,0,1,2,A,-,09,21801,A,N,D,C,A,A,H,-,A,A,0,,,Y,,Y,,-,,1,0,0,0,0,0,0,0,1,"- ","- ",,,"SAN FRANCISCO","SAN FRANCISCO",-122.44045257568359,37.788082122802734
9602202,2023,2023-10-10,3801,2023-07-17,1038,229,MISSI,1,5,7,3801,0,0,0,,0,3D14A,"17TH ST","S VAN NESS AV",84.00,E,N,A,-,N,,,,,,,,,,N,4,0,1,2,A,-,17,21235,G,N,B,J,A,A,H,-,A,A,0,,,Y,,Y,,C,03,0,0,1,0,0,0,0,0,1,"- ","- ",,,"SAN FRANCISCO","SAN FRANCISCO",-122.41705322265625,37.763576507568359
9602203,2023,2023-08-21,3801,2023-07-19,"40  ",1066,NORTH,3,5,7,3801,0,0,0,,0,,"OCTAVIA ST","OAK ST",0.00,,Y,A,-,N,,,,,,,,,,Y,4,0,2,2,A,-,12,21453,A,N,D,C,A,A,H,-,C,A,0,,,,,Y,,-,"- ",0,0,2,0,0,0,0,0,0,"- ","- ",,,"SAN FRANCISCO","SAN FRANCISCO",-122.42430114746094,37.774799346923828
9602204,2023,2023-08-14,3801,2023-07-25,1221,359,TARAV,2,5,7,3801,0,0,0,,0,3I5E,"JUNIPERO SERRA BL","PALMETTO AV",190.00,S,N,A,-,N,,,,,,,,,,Y,4,0,1,3,A,-,03,22350,,N,C,C,A,A,H,-,A,D,0,,,,,Y,,A,07,0,0,1,0,0,0,0,0,0,"- ","- ",,,"SAN FRANCISCO","SAN FRANCISCO",-122.47104644775391,37.710117340087891
9602205,2023,2023-08-14,3801,2023-07-25,1411,359,TARAV,2,5,7,3801,0,0,0,,0,3I5E,"19TH AV","LAWTON ST",30.00,S,N,A,-,N,,,,,,,,,,N,4,0,1,3,A,-,03,22350,,N,C,C,A,A,H,-,A,D,0,,,,,Y,,A,01,0,0,1,0,0,0,0,0,0,"- ","- ",,,"SAN FRANCISCO","SAN FRANCISCO",-122.47669219970703,37.757858276367188
9602206,2023,2023-08-11,3801,2023-07-25,1702,540,TARAV,2,5,7,3801,0,0,0,,0,016,"ALEMANY BL","CRYSTAL ST",22.00,E,N,A,-,N,,,,,,,,,,Y,3,0,1,2,A,-,09,21800,A,N,F,C,A,A,H,-,A,D,0,,,,,Y,,A,01,0,1,0,0,0,0,0,0,0,"- ","- ",,,"SAN FRANCISCO","SAN FRANCISCO",-122.46042633056641,37.710239410400391
9602207,2023,2023-08-11,3801,2023-07-26,1020,618,TARAV,3,5,7,3801,0,0,0,,0,3I15A,"WINSTON DR","20TH AV",0.00,,Y,B,-,N,,,,,,,,,,Y,4,0,4,2,A,-,09,21801,B,N,-,C,A,A,H,-,A,A,0,,,,,Y,,A,01,0,0,4,0,0,0,0,0,0,"- ","- ",,,"SAN FRANCISCO","SAN FRANCISCO",-122.47597503662109,37.730087280273438
9602208,2023,2023-08-11,3801,2023-07-27,"303 ",2175,BAYVI,4,5,7,3801,0,0,0,,0,3C12E,"BAYSHORE BL","SILVER AV",0.00,,Y,A,-,N,,,,,,,,,,Y,2,0,1,2,A,-,12,21453,A,F,D,C,A,A,H,-,C,A,0,,,,,Y,,A,01,1,0,0,0,0,0,0,0,0,"- ","- ",,,"SAN FRANCISCO","SAN FRANCISCO",-122.40464782714844,37.732959747314453
9602209,2023,2023-08-11,3801,2023-07-04,1308,1058,TENDE,2,5,7,3801,0,0,0,,0,3J90C,"CYRIL MAGNIN ST","MARKET ST",20.00,N,N,A,-,N,,,,,,,,,,N,3,0,1,2,A,-,11,21453,D,N,G,B,B,A,H,-,A,A,0,Y,,,,Y,,N,60,0,1,0,0,1,0,0,0,0,"- ","- ",,,"SAN FRANCISCO","SAN FRANCISCO",-122.40811157226562,37.784038543701172
9602210,2023,2023-08-14,3801,2023-07-06,1214,2108,TENDE,4,5,7,3801,0,0,0,,0,3J90C,"EDDY ST","TAYLOR ST",0.00,,Y,A,-,N,,,,,,,,,,N,4,0,1,2,A,-,10,21950,A,F,G,B,B,A,H,-,A,A,0,Y,,,,Y,,A,01,0,0,1,0,1,0,0,0,0,"- ","- ",,,"SAN FRANCISCO","SAN FRANCISCO",-122.41094970703125,37.784160614013672
9602211,2023,2023-08-23,3801,2023-07-22,1558,1194,TENDE,6,5,7,3801,0,0,0,,0,0J1,"7TH ST","MARKET ST",108.00,S,N,A,-,N,,,,,,,,,,N,3,0,1,2,A,-,17,22517,,N,B,G,A,A,H,-,A,D,0,,Y,,,Y,,A,07,0,1,0,0,0,0,0,0,0,"- ","- ",,,"SAN FRANCISCO","SAN FRANCISCO",-122.41224670410156,37.780269622802734
9602212,2023,2023-08-11,3801,2023-07-28,2230,1463,SOUTH,5,5,7,3801,0,0,0,,0,0J2,"6TH ST","JESSIE ST",0.00,,Y,A,-,N,,,,,,,,,,N,2,0,5,2,A,-,03,22350,A,N,C,C,A,A,H,-,C,A,0,,,,,Y,,A,07,4,0,1,0,0,0,0,0,0,"- ","- ",,,"SAN FRANCISCO","SAN FRANCISCO",-122.40921020507812,37.781398773193359
9602213,2023,2023-08-11,3801,2023-07-08,1547,2355,TARAV,6,5,7,3801,0,0,0,,0,015,"SLOAT BL","34TH AV",0.00,,Y,A,-,N,,,,,,,,,,Y,4,0,1,2,A,-,03,22350,,N,D,C,A,A,H,-,A,A,0,,,,,Y,,A,01,0,0,1,0,0,0,0,0,0,"- ","- ",,,"SAN FRANCISCO","SAN FRANCISCO",-122.49124908447266,37.734130859375
9602214,2023,2023-08-11,3801,2023-07-17,"645 ",1849,TENDE,1,5,7,3801,0,0,0,,0,3J11A,"8TH ST","8TH ST 50",0.00,,Y,A,-,N,,,,,,,,,,N,4,0,1,2,A,-,08,22107,,N,H,J,A,A,H,-,A,D,0,,,Y,,Y,,A,01,0,0,1,0,0,0,0,0,1,"- ","- ",,,"SAN FRANCISCO","SAN FRANCISCO",-121.00348663330078,40.311603546142578
9602215,2023,2023-08-14,3801,2023-07-11,1200,4798,NORTH,2,5,7,3801,0,0,0,,0,3E00,"MARKET ST","POWELL ST",0.00,,Y,A,-,N,,,,,,,,,,N,4,0,1,2,A,-,08,22107,,F,B,C,A,A,H,-,A,A,0,,,,,Y,Y,A,01,0,0,1,0,0,0,0,0,0,"- ","- ",,,"SAN FRANCISCO","SAN FRANCISCO",-122.40756988525391,37.784564971923828
9602216,2023,2023-08-11,3801,2023-07-09,2237,1057,TENDE,7,5,7,3801,0,0,0,,0,3J12E,"HYDE ST","MCALLISTER ST",0.00,,Y,A,-,N,,,,,,,,,,N,3,0,1,2,A,-,17,21235,G,F,D,D,A,A,H,-,C,A,0,,,,,Y,Y,M,94,0,1,0,0,0,0,0,0,0,"- ","- ",,,"SAN FRANCISCO","SAN FRANCISCO",-122.41532135009766,37.780738830566406
9602217,2023,2023-08-11,3801,2023-07-05,1754,1707,NORTH,3,5,7,3801,0,0,0,,0,3E13D,"EDDY ST","VAN NESS AV",115.00,E,N,A,-,N,,,,,,,,,,N,4,0,1,2,A,-,05,21460,A,N,-,G,A,A,H,-,A,D,0,,Y,,,Y,,A,01,0,0,1,0,0,0,1,0,0,"- ","- ",,,"SAN FRANCISCO","SAN FRANCISCO",-122.42036437988281,37.782936096191406
9602218,2023,2023-08-11,3801,2023-07-03,1938,1857,NORTH,1,5,7,3801,0,0,0,,0,3E61,"FRANKLIN ST","TURK ST",0.00,,Y,A,-,N,,,,,,,,,,Y,4,0,1,2,A,-,07,21658,A,F,B,C,A,A,H,-,A,A,0,,,Y,,Y,Y,A,01,0,0,1,0,0,0,0,0,1,"- ","- ",,,"SAN FRANCISCO","SAN FRANCISCO",-122.42224884033203,37.781730651855469
9602219,2023,2023-08-11,3801,2023-07-03,2050,2091,NORTH,1,5,7,3801,0,0,0,,0,3E14D,"FILBERT ST","POLK ST",0.00,,Y,A,-,N,,,,,,,,,,N,3,0,1,2,A,-,12,22450,A,F,G,B,B,A,H,-,C,A,0,Y,,,,Y,,A,01,0,1,0,0,1,0,0,0,0,"- ","- ",,,"SAN FRANCISCO","SAN FRANCISCO",-122.42250823974609,37.799701690673828
9602220,2023,2023-08-23,3801,2023-07-04,1427,1279,BAYVI,2,5,7,3801,0,0,0,,0,3C12D,"EVANS AV","PHELPS ST",0.00,,Y,A,-,N,,,,,,,,,,Y,3,0,8,3,A,-,03,22350,,N,B,C,A,A,-,-,A,D,0,,,,,Y,Y,A,01,0,1,7,0,0,0,0,0,0,"- ","- ",,,"SAN FRANCISCO","SAN FRANCISCO",-122.38845062255859,37.742977142333984
9602221,2023,2023-08-21,3801,2023-07-04,2351,1183,NORTH,2,5,7,3801,0,0,0,,0,3E12E,"GEARY BL","DIVISADERO ST",0.00,,Y,A,-,N,,,,,,,,,,Y,4,0,3,2,D,-,00,,,N,D,C,A,A,H,-,C,A,0,,,,,Y,,-,"- ",0,0,3,0,0,0,0,0,0,"- ","- ",,,"SAN FRANCISCO","SAN FRANCISCO",-122.43947601318359,37.783359527587891
9602222,2023,2023-08-28,3801,2023-07-05,"8   ",1750,NORTH,3,5,7,3801,0,0,0,,0,0E6,"FRANKLIN ST","CALIFORNIA ST",0.00,,Y,A,-,N,,,,,,,,,,,3,0,2,2,A,-,01,23153,A,N,A,C,A,A,H,-,C,A,0,,,,,Y,Y,A,01,0,2,0,0,0,0,0,0,0,"- ","- ",,,"SAN FRANCISCO","SAN FRANCISCO",-122.42397308349609,37.7901611328125
9602223,2023,2023-08-16,3801,2023-07-05,1515,1582,CENTR,3,5,7,3801,0,0,0,,0,3A15D,MONTOGOMERY,"MARKET ST",0.00,,Y,A,-,N,,,,,,,,,,N,4,0,1,2,A,-,00,21633,,F,G,B,F,A,C,-,A,A,0,Y,,,,Y,,A,01,0,0,1,0,1,0,0,0,0,"- ","- ",,,"SAN FRANCISCO","SAN FRANCISCO",-122.40199279785156,37.788768768310547
9602224,2023,2023-08-28,3801,2023-07-05,2100,1827,MISSI,3,5,7,3801,0,0,0,,0,,"S VAN NESS AV","14TH ST",100.00,N,N,A,-,N,,,,,,,,,,Y,2,0,1,3,A,-,03,22350,,F,C,E,A,A,H,-,C,A,0,,,,,Y,,A,07,1,0,0,0,0,0,0,0,0,"- ","- ",,,"SAN FRANCISCO","SAN FRANCISCO",-122.41780853271484,37.768695831298828
9602225,2023,2023-08-16,3801,2023-07-03,"539 ",2157,RICHM,1,5,7,3801,0,0,0,,0,003,"PARK PRESIDIO BYPASS DR","FULTON ST",40.00,S,N,E,-,N,,,,,,,,,,Y,4,0,1,1,A,-,03,22350,,N,B,I,A,B,H,-,B,D,0,,,,,Y,,A,01,0,0,1,0,0,0,0,0,0,"- ","- ",,,"SAN FRANCISCO","SAN FRANCISCO",-122.47177124023438,37.773021697998047
9602226,2023,2023-08-16,3801,2023-07-08,1205,179,NORTH,6,5,7,3801,0,0,0,,0,3E12A,"STEINER ST","GROVE ST",21.00,S,N,A,-,N,,,,,,,,,,N,3,0,1,2,A,-,03,22350,,N,B,E,A,A,H,-,A,D,0,,,Y,,Y,,C,03,0,1,0,0,0,0,0,0,1,"- ","- ",,,"SAN FRANCISCO","SAN FRANCISCO",-122.43303680419922,37.776504516601562
9602227,2023,2023-08-16,3801,2023-07-08,1402,1530,BAYVI,6,5,7,3801,0,0,0,,0,3C12A,"BAYSHORE BL","FLOWER ST",0.00,,Y,A,-,N,,,,,,,,,,Y,3,0,1,2,A,-,09,21801,A,N,A,C,A,A,H,-,A,A,0,,,,,Y,,A,07,0,1,0,0,0,0,0,0,0,"- ","- ",,,"SAN FRANCISCO","SAN FRANCISCO",-122.40565490722656,37.742500305175781
9602228,2023,2023-08-21,3801,2023-07-08,1518,4212,PARK,6,5,7,3801,0,0,0,,0,3F13D,"STANYAN ST","HAIGHT ST",0.00,,Y,A,-,N,,,,,,,,,,Y,3,0,1,2,A,-,09,21801,A,N,D,C,A,A,H,-,A,D,0,,,Y,,Y,,A,01,0,1,0,0,0,0,0,0,1,"- ","- ",,,"SAN FRANCISCO","SAN FRANCISCO",-122.45352935791016,37.769149780273438
9602229,2023,2023-08-16,3801,2023-07-09,"230 ",1857,NORTH,7,5,7,3801,0,0,0,,0,3E4E,"LOMBARD ST","WEBSTER ST",46.00,E,N,A,-,N,,,,,,,,,,N,3,0,1,2,A,-,11,21955,,N,G,B,D,A,H,-,C,A,0,Y,,,,Y,Y,N,60,0,1,0,0,1,0,0,0,0,"- ","- ",,,"SAN FRANCISCO","SAN FRANCISCO",-122.43423461914062,37.800079345703125
9602230,2023,2023-08-21,3801,2023-07-09,2253,1769,BAYVI,7,5,7,3801,0,0,0,,0,3C13E,"LANE ST","PALOU AV",0.00,,Y,A,-,N,,,,,,,,,,Y,4,0,1,2,A,-,12,22450,A,F,D,C,A,A,H,-,C,D,0,,,,,Y,Y,A,01,0,0,1,0,0,0,0,0,0,"- ","- ",,,"SAN FRANCISCO","SAN FRANCISCO",-122.38903045654297,37.732933044433594
9602231,2023,2023-08-16,3801,2023-07-06,1343,2315,MISSI,4,5,7,3801,0,0,0,,0,3D15A,"13TH ST","SOUTH VAN NESS AV",60.00,W,N,A,-,N,,,,,,,,,,N,4,0,1,2,A,-,08,22107,,N,C,C,A,A,H,-,A,A,0,,,Y,,Y,,A,01,0,0,1,0,0,0,0,0,1,"- ","- ",,,"SAN FRANCISCO","SAN FRANCISCO",-122.41798400878906,37.769680023193359
9602232,2023,2023-08-16,3801,2023-07-06,1952,1823,MISSI,4,5,7,3801,0,0,0,,0,004,"POTRERO AV","24TH ST",0.00,,Y,A,-,N,,,,,,,,,,N,3,0,1,2,A,-,12,21453,,F,G,B,B,A,H,-,B,A,0,Y,,,,Y,,A,01,0,1,0,0,1,0,0,0,0,"- ","- ",,,"SAN FRANCISCO","SAN FRANCISCO",-122.40631866455078,37.752994537353516
9602233,2023,2023-08-16,3801,2023-07-05,1110,2474,BAYVI,3,5,7,3801,0,0,0,,0,3C13A,"OAKDALE AV","3RD ST",32.00,E,N,A,-,N,,,,,,,,,,Y,3,0,4,3,A,-,03,22350,,N,A,C,A,A,H,-,A,A,0,,,,,Y,,A,01,0,2,2,0,0,0,0,0,0,"- ","- ",,,"SAN FRANCISCO","SAN FRANCISCO",-122.39067840576172,37.734779357910156
9602234,2023,2023-08-16,3801,2023-07-11,2121,488,INGLE,2,5,7,3801,0,0,0,,0,3H15E,"BRUNSWICK ST","WHITTIER ST",23.00,N,N,A,-,N,,,,,,,,,,Y,4,0,1,3,A,-,01,23152,F,N,A,E,A,A,H,-,C,A,0,,,,,Y,Y,A,07,0,0,1,0,0,0,0,0,0,"- ","- ",,,"SAN FRANCISCO","SAN FRANCISCO",-122.44760894775391,37.709083557128906
9602235,2023,2023-08-21,3801,2023-07-11,2146,460,INGLE,2,5,7,3801,0,0,0,,0,3H16E,"ALEMANY BL","NAGLEE AV",0.00,,Y,E,-,N,,,,,,,,,,Y,4,0,1,3,A,-,09,21802,A,N,D,C,A,A,H,-,C,-,0,,,,,Y,,A,01,0,0,1,0,0,0,0,0,0,"- ","- ",,,"SAN FRANCISCO","SAN FRANCISCO",-122.44901275634766,37.713943481445312
9602236,2023,2023-08-21,3801,2023-07-12,1107,2402,TARAV,3,5,7,3801,0,0,0,,0,3I12A,"LAKE MERCED BL","FONT BL",177.00,S,N,B,-,N,,,,,,,,,,Y,4,0,1,2,A,-,08,22107,,N,-,C,A,A,H,-,A,A,0,,,,,Y,,A,01,0,0,1,0,0,0,0,0,0,"- ","- ",,,"SAN FRANCISCO","SAN FRANCISCO",-122.48513031005859,37.723686218261719
9602237,2023,2023-08-28,3801,2023-07-12,1555,2723,PARK,3,5,7,3801,0,0,0,,0,3F13D,"CROSSOVER DR","TRANSVERSE DR",0.00,,Y,A,-,N,,,,,,,,,,N,4,0,1,2,A,-,03,22350,,N,B,B,A,A,H,-,A,D,0,,Y,,,Y,,A,01,0,0,1,0,0,0,1,0,0,"- ","- ",,,"SAN FRANCISCO","SAN FRANCISCO",-122.48176574707031,37.771884918212891
9602238,2023,2023-08-28,3801,2023-07-13,"623 ",2059,CENTR,4,5,7,3801,0,0,0,,0,3A4A,"SANSOME ST","JACKSON ST",0.00,,Y,A,-,N,,,,,,,,,,N,3,0,1,2,A,-,12,21453,A,N,D,J,A,A,H,-,C,A,0,,,,,Y,,M,94,0,1,0,0,0,0,0,0,0,"- ","- ",,,"SAN FRANCISCO","SAN FRANCISCO",-122.40185546875,37.796634674072266
9602239,2023,2023-08-16,3801,2023-07-14,2120,2457,SOUTH,5,5,7,3801,0,0,0,,0,3B14E,"MISSION ST","9TH ST",0.00,S,Y,A,-,N,,,,,,,,,,N,4,0,1,2,A,-,11,21954,A,N,G,B,D,A,H,-,C,A,0,Y,,,,Y,,N,60,0,0,1,0,1,0,0,0,0,"- ","- ",,,"SAN FRANCISCO","SAN FRANCISCO",-122.41471862792969,37.776241302490234
9602240,2023,2023-08-16,3801,2023-07-10,"737 ",555,MISSI,1,5,7,3801,0,0,0,,0,3D13A,"FOLSOM ST","17TH ST",210.00,N,N,A,-,N,,,,,,,,,,N,4,0,1,2,A,-,17,22517,,N,H,G,A,A,H,-,A,D,0,,Y,,,Y,,A,01,0,0,1,0,0,0,1,0,0,"- ","- ",,,"SAN FRANCISCO","SAN FRANCISCO",-122.41519927978516,37.764266967773438
9602273,2023,2023-08-10,3801,2023-06-28,1514,307,NORTH,3,5,7,3801,0,0,0,,0,3E13D,"OFARRELL ST","POLK ST",151.00,W,N,A,-,N,,,,,,,,,,N,4,0,1,2,A,-,03,22350,,N,D,C,A,A,H,-,A,A,0,,,,,Y,,M,91,0,0,1,0,0,0,0,0,0,"- ","- ",,,"SAN FRANCISCO","SAN FRANCISCO",-122.42006683349609,37.784896850585938
9602274,2023,2023-08-10,3801,2023-06-23,2206,1926,NORTH,5,5,7,3801,0,0,0,,0,3E13E,"OFARRELL ST","VAN NESS AV",0.00,,Y,A,-,N,,,,,,,,,,N,2,0,1,3,A,-,12,21453,A,F,D,B,B,A,H,-,C,-,0,Y,,,,Y,,A,01,1,0,0,0,1,0,0,0,0,"- ","- ",,,"SAN FRANCISCO","SAN FRANCISCO",-122.42111968994141,37.784763336181641
9602275,2023,2023-08-10,3801,2023-06-02,1845,2293,NORTH,5,5,7,3801,0,0,0,,0,0E3,"FRANKLIN ST","REDWOOD ST",0.00,,Y,A,-,N,,,,,,,,,,N,4,0,1,2,A,-,04,21703,,N,C,C,A,A,H,-,A,A,0,,,,,Y,,B,01,0,0,1,0,0,0,0,0,0,"- ","- ",,,"SAN FRANCISCO","SAN FRANCISCO",-122.42198944091797,37.780361175537109
9602276,2023,2023-09-08,3801,2023-06-06,1955,1435,TRAFF,2,5,7,3801,0,0,0,,0,4B4C,"3RD ST","JAMESTOWN AV",0.00,,Y,A,-,N,,,,,,,,,,Y,4,0,1,2,A,-,12,21453,A,N,D,C,A,A,H,-,A,A,0,,,,,Y,,A,01,0,0,1,0,0,0,0,0,0,"- ","- ",,,"SAN FRANCISCO","SAN FRANCISCO",-122.39671325683594,37.720260620117188
9602277,2023,2023-09-08,3801,2023-06-20,"955 ",2750,BAYVI,2,5,7,3801,0,0,0,,0,1CAR,"3RD ST","CESAR CHAVEZ",0.00,,Y,A,-,N,,,,,,,,,,Y,4,0,2,2,A,-,12,21453,A,N,D,C,A,A,H,-,A,A,0,,,,,Y,,A,01,0,0,2,0,0,0,0,0,0,"- ","- ",,,"SAN FRANCISCO","SAN FRANCISCO",-122.38768768310547,37.750228881835938
9602278,2023,2023-08-10,3801,2023-06-29,"834 ",719,CENTR,4,5,7,3801,0,0,0,,0,3A1A,"LARKIN ST","CALIFORNIA ST",0.00,,Y,A,-,N,,,,,,,,,,Y,4,0,2,2,A,-,01,23152,,N,C,C,A,A,H,-,A,A,0,,,,,Y,,B,01,0,0,2,0,0,0,0,0,0,"- ","- ",,,"SAN FRANCISCO","SAN FRANCISCO",-122.41903686523438,37.790794372558594