CASE_ID,ACCIDENT_YEAR,PROC_DATE,JURIS,COLLISION_DATE,COLLISION_TIME,OFFICER_ID,REPORTING_DISTRICT,DAY_OF_WEEK,CHP_SHIFT,POPULATION,CNTY_CITY_LOC,SPECIAL_COND,BEAT_TYPE,CHP_BEAT_TYPE,CITY_DIVISION_LAPD,CHP_BEAT_CLASS,BEAT_NUMBER,PRIMARY_RD,SECONDARY_RD,DISTANCE,DIRECTION,INTERSECTION,WEATHER_1,WEATHER_2,STATE_HWY_IND,CALTRANS_COUNTY,CALTRANS_DISTRICT,STATE_ROUTE,ROUTE_SUFFIX,POSTMILE_PREFIX,POSTMILE,LOCATION_TYPE,RAMP_INTERSECTION,SIDE_OF_HWY,TOW_AWAY,COLLISION_SEVERITY,NUMBER_KILLED,NUMBER_INJURED,PARTY_COUNT,PRIMARY_COLL_FACTOR,PCF_CODE_OF_VIOL,PCF_VIOL_CATEGORY,PCF_VIOLATION,PCF_VIOL_SUBSECTION,HIT_AND_RUN,TYPE_OF_COLLISION,MVIW,PED_ACTION,ROAD_SURFACE,ROAD_COND_1,ROAD_COND_2,LIGHTING,CONTROL_DEVICE,CHP_ROAD_TYPE,PEDESTRIAN_ACCIDENT,BICYCLE_ACCIDENT,MOTORCYCLE_ACCIDENT,TRUCK_ACCIDENT,NOT_PRIVATE_PROPERTY,ALCOHOL_INVOLVED,STWD_VEHTYPE_AT_FAULT,CHP_VEHTYPE_AT_FAULT,COUNT_SEVERE_INJ,COUNT_VISIBLE_INJ,COUNT_COMPLAINT_PAIN,COUNT_PED_KILLED,COUNT_PED_INJURED,COUNT_BICYCLIST_KILLED,COUNT_BICYCLIST_INJURED,COUNT_MC_KILLED,COUNT_MC_INJURED,PRIMARY_RAMP,SECONDARY_RAMP,LATITUDE,LONGITUDE,COUNTY,CITY,POINT_X,POINT_Y
9602279,2023,2023-08-10,3801,2023-06-07,1139,2195,NORTH,3,5,7,3801,0,0,0,,0,007,"GEARY BL","DIVISADERO ST",0.00,,Y,A,-,N,,,,,,,,,,N,3,0,1,2,A,-,10,21950,A,M,G,B,B,A,H,-,A,A,0,Y,,,,Y,,A,01,0,1,0,0,1,0,0,0,0,"- ","- ",,,"SAN FRANCISCO","SAN FRANCISCO",-122.43947601318359,37.783359527587891
9602280,2023,2023-09-08,3801,2023-06-10,1425,311,PARK,6,5,7,3801,0,0,0,,0,3F13A,"WILLARD ST","CARL ST",0.00,,Y,A,-,N,,,,,,,,,,Y,4,0,1,1,A,-,03,22350,,N,H,-,A,A,H,-,A,D,0,,,,,Y,,A,01,0,0,1,0,0,0,0,0,0,"- ","- ",,,"SAN FRANCISCO","SAN FRANCISCO",-122.45439910888672,37.765232086181641
9602281,2023,2023-09-08,3801,2023-06-23,1007,1496,TARAV,5,5,7,3801,0,0,0,,0,0I2,"30TH AV","RIVERA ST",0.00,,Y,A,-,N,,,,,,,,,,Y,3,0,2,3,A,-,12,22450,A,N,D,C,A,A,H,-,A,A,0,,,,,Y,,A,01,0,1,1,0,0,0,0,0,0,"- ","- ",,,"SAN FRANCISCO","SAN FRANCISCO",-122.48773193359375,37.746242523193359
9602282,2023,2023-09-08,3801,2023-06-14,"727 ",1849,TENDE,3,5,7,3801,0,0,0,,0,3J11A,"MARKET ST","10TH ST",0.00,,Y,A,-,N,,,,,,,,,,N,2,0,1,1,C,-,18,,,N,H,A,A,A,H,-,A,A,0,,,Y,,Y,,-,"- ",1,0,0,0,0,0,0,0,1,"- ","- ",,,"SAN FRANCISCO","SAN FRANCISCO",-122.41753387451172,37.776527404785156
9602283,2023,2023-08-10,3801,2023-06-23,1240,8,NORTH,5,5,7,3801,0,0,0,,0,3E11A,"HAIGHT ST","DIVISADERO ST",78.00,E,N,A,-,N,,,,,,,,,,N,4,0,1,2,A,-,08,22107,,F,D,G,A,A,H,-,A,D,0,,Y,,,Y,Y,A,01,0,0,1,0,0,0,1,0,0,"- ","- ",,,"SAN FRANCISCO","SAN FRANCISCO",-122.43677520751953,37.771305084228516
9602284,2023,2023-08-10,3801,2023-06-25,1358,2091,NORTH,7,5,7,3801,0,0,0,,0,3E13D,"DIVISADERO ST","GEARY BL",0.00,,Y,A,-,N,,,,,,,,,,Y,3,0,4,2,A,-,09,21801,,N,D,C,A,-,H,-,A,A,0,,,,,Y,,A,01,0,4,0,0,0,0,0,0,0,"- ","- ",,,"SAN FRANCISCO","SAN FRANCISCO",-122.43947601318359,37.783359527587891
9602285,2023,2023-09-08,3801,2023-06-29,1612,595,NORTH,4,5,7,3801,0,0,0,,0,3E16D,"LOMBARD ST","VAN NESS AV",0.00,,Y,A,-,N,,,,,,,,,,N,3,0,2,2,A,-,03,22350,A,F,C,C,A,A,H,-,A,A,0,,,,,Y,,A,01,0,1,1,0,0,0,0,0,0,"- ","- ",,,"SAN FRANCISCO","SAN FRANCISCO",-122.42446899414062,37.80133056640625
9602286,2023,2023-08-10,3801,2023-06-30,1547,2705,BAYVI,5,5,7,3801,0,0,0,,0,3C11D,"ILLINOIS ST","AMADOR ST",0.00,,N,A,-,N,,,,,,,,,,Y,4,0,1,1,C,-,18,,,N,-,A,A,D,H,-,A,D,0,,,Y,,Y,,-,"- ",0,0,1,0,0,0,0,0,1,"- ","- ",,,"SAN FRANCISCO","SAN FRANCISCO",-122.38603973388672,37.745765686035156
9602287,2023,2023-08-10,3801,2023-06-30,1936,1696,NORTH,5,5,7,3801,0,0,0,,0,3E15D,"DIVISADERO ST","GEARY BL",0.00,,Y,A,-,N,,,,,,,,,,Y,2,0,2,1,A,-,03,22350,,N,H,I,A,A,H,-,A,A,0,,,Y,,Y,,C,02,2,0,0,0,0,0,0,0,2,"- ","- ",,,"SAN FRANCISCO","SAN FRANCISCO",-122.43947601318359,37.783359527587891
9602288,2023,2023-08-10,3801,2023-06-30,2029,2293,NORTH,5,5,7,3801,0,0,0,,0,0E3,"GOUGH ST","BUSH ST",0.00,,Y,A,-,N,,,,,,,,,,Y,4,0,1,2,A,-,12,21453,A,N,D,C,A,A,H,-,C,A,0,,,,,Y,,B,01,0,0,1,0,0,0,0,0,0,"- ","- ",,,"SAN FRANCISCO","SAN FRANCISCO",-122.42523956298828,37.788066864013672
9602289,2023,2023-08-10,3801,2023-06-21,1615,670,INGLE,3,5,7,3801,0,0,0,,0,3H13D,"MONTEREY BL","CIRCULAR ST",0.00,,Y,A,-,N,,,,,,,,,,Y,4,0,1,2,A,-,08,22107,,F,B,C,A,A,H,-,A,A,0,,,,,Y,,A,01,0,0,1,0,0,0,0,0,0,"- ","- ",,,"SAN FRANCISCO","SAN FRANCISCO",-122.4365234375,37.731582641601562
9602290,2023,2023-08-10,3801,2023-06-28,1312,2402,TARAV,3,5,7,3801,0,0,0,,0,3I2A,"ULLOA ST","28TH AV",0.00,,Y,B,-,N,,,,,,,,,,Y,4,0,1,2,A,-,12,22450,A,N,D,C,A,A,H,-,A,A,0,,,,,Y,,A,01,0,0,1,0,0,0,0,0,0,"- ","- ",,,"SAN FRANCISCO","SAN FRANCISCO",-122.48521423339844,37.740760803222656
9602291,2023,2023-08-10,3801,2023-06-28,2130,2354,TARAV,3,5,7,3801,0,0,0,,0,2CAR,"LINCOLN WY","20TH AV",0.00,,Y,A,-,N,,,,,,,,,,N,3,0,1,2,A,-,12,21453,A,N,D,C,A,A,H,-,C,A,0,,,Y,,Y,,A,01,0,1,0,0,0,0,0,0,1,"- ","- ",,,"SAN FRANCISCO","SAN FRANCISCO",-122.47833251953125,37.765403747558594
9602292,2023,2023-09-08,3801,2023-06-30,"908 ",1917,TARAV,5,5,7,3801,0,0,0,,0,3I16A,"PORTOLA DR","14TH AV",0.00,,Y,A,-,N,,,,,,,,,,N,3,0,1,2,A,-,09,21801,A,N,D,C,A,A,H,-,A,A,0,,,,,Y,,A,01,0,1,0,0,0,0,0,0,0,"- ","- ",,,"SAN FRANCISCO","SAN FRANCISCO",-122.46833038330078,37.737415313720703
9602293,2023,2023-08-10,3801,2023-06-04,1337,677,SOUTH,7,5,7,3801,0,0,0,,0,3B3C,"6TH ST","NATOMA ST",0.00,,Y,A,-,N,,,,,,,,,,Y,4,0,1,2,A,-,09,21800,A,N,D,C,A,A,D,-,A,B,0,,,,,Y,,A,01,0,0,1,0,0,0,0,0,0,"- ","- ",,,"SAN FRANCISCO","SAN FRANCISCO",-122.40766906738281,37.780181884765625
9602294,2023,2023-08-10,3801,2023-06-07,1708,1825,SOUTH,3,5,7,3801,0,0,0,,0,3B2A,"OTIS ST","DUBOCE AV",0.00,,Y,A,-,N,,,,,,,,,,N,4,0,1,2,D,-,00,,,N,B,C,A,A,H,-,A,D,0,,,,,Y,,-,"- ",0,0,1,0,0,0,0,0,0,"- ","- ",,,"SAN FRANCISCO","SAN FRANCISCO",-122.42018890380859,37.770130157470703
9602295,2023,2023-08-10,3801,2023-06-18,1853,2305,TRAFF,7,5,7,3801,0,0,0,,0,4B3F,"EMBARCADERO NORTH","KEARNY ST",37.00,S,N,A,-,N,,,,,,,,,,Y,4,0,1,2,A,-,03,22350,,F,D,G,A,A,H,-,A,A,0,,Y,,,Y,,A,01,0,0,1,0,0,0,1,0,0,"- ","- ",,,"SAN FRANCISCO","SAN FRANCISCO",-122.40719604492188,37.807353973388672
9602296,2023,2023-08-10,3801,2023-06-13,"30  ",1709,PARK,2,5,7,3801,0,0,0,,0,002,"TWIN PEAKS BL","PANORAMA DR",14.00,S,N,A,-,N,,,,,,,,,,Y,4,0,1,1,A,-,03,22350,,N,A,I,A,A,H,-,C,D,0,,,,,Y,,-,,0,0,1,0,0,0,0,0,0,"- ","- ",,,"SAN FRANCISCO","SAN FRANCISCO",-122.44956207275391,37.746604919433594
9602297,2023,2023-09-08,3801,2023-06-29,"942 ",2706,MISSI,4,5,7,3801,0,0,0,,0,3D14A,"HARRISON ST","21ST ST",0.00,,Y,A,-,N,,,,,,,,,,N,4,0,1,2,A,-,05,21650,,N,B,D,A,A,H,-,A,A,0,,,Y,,Y,,C,02,0,0,1,0,0,0,0,0,1,"- ","- ",,,"SAN FRANCISCO","SAN FRANCISCO",-122.41237640380859,37.7574462890625
9602298,2023,2023-08-10,3801,2023-06-27,1522,2038,PARK,2,5,7,3801,0,0,0,,0,3F12D,"BOWLING GREEN DR","NANCY PELOSI DR",268.00,N,N,A,-,N,,,,,,,,,,N,3,0,1,2,A,-,03,22350,,F,D,B,D,A,H,-,A,D,0,Y,,,,Y,,M,94,0,1,0,0,1,0,0,0,0,"- ","- ",,,"SAN FRANCISCO","SAN FRANCISCO",-122.46029663085938,37.770378112792969
9602299,2023,2023-09-08,3801,2023-06-30,"924 ",2707,TARAV,5,5,7,3801,0,0,0,,0,2CAR,"TARAVAL ST","TARAVAL ST 2533",0.00,,Y,A,-,N,,,,,,,,,,N,2,0,1,1,A,-,"- ",,,N,H,-,A,A,C,-,A,B,0,,Y,,,Y,,L,04,1,0,0,0,0,0,1,0,0,"- ","- ",,,"SAN FRANCISCO","SAN FRANCISCO",,
9602300,2023,2023-08-10,3801,2023-06-05,"805 ",428,CENTR,1,5,7,3801,0,0,0,,0,,"BUSH ST","BUST ST 453",0.00,,Y,A,-,N,,,,,,,,,,N,3,0,1,2,A,-,17,21235,G,N,G,B,F,A,H,-,A,D,0,Y,,,,Y,,M,94,0,1,0,0,1,0,0,0,0,"- ","- ",,,"SAN FRANCISCO","SAN FRANCISCO",,
9603165,2023,2023-07-28,3801,2023-02-21,2209,2148,MISSI,2,5,7,3801,0,0,0,,0,3D13E,"23RD ST","SOUTH VAN NESS AV",37.00,E,N,A,-,N,,,,,,,,,,N,4,0,2,2,A,-,03,22350,,N,C,C,A,A,H,-,C,A,0,,,,,Y,,A,01,0,0,2,0,0,0,0,0,0,"- ","- ",,,"SAN FRANCISCO","SAN FRANCISCO",-122.41631317138672,37.753971099853516
9603168,2023,2023-07-28,3801,2023-02-09,1500,1620,RICHM,4,5,7,3801,0,0,0,,0,3G13C,"2ND AV","CABRILLO ST",0.00,,Y,A,-,N,,,,,,,,,,Y,4,0,1,2,A,-,09,21802,A,N,D,C,A,A,H,-,A,D,0,,,,,Y,,A,01,0,0,1,0,0,0,0,0,0,"- ","- ",,,"SAN FRANCISCO","SAN FRANCISCO",-122.4595947265625,37.775554656982422
9603195,2023,2023-08-02,3801,2023-04-19,1917,359,TARAV,3,5,7,3801,0,0,0,,0,312E,"VICENTE ST","44TH AV",0.00,,Y,A,-,N,,,,,,,,,,Y,4,0,1,2,A,-,09,21802,A,N,D,C,A,A,H,-,A,A,0,,,,,Y,,A,01,0,0,1,0,0,0,0,0,0,"- ","- ",,,"SAN FRANCISCO","SAN FRANCISCO",-122.50222778320312,37.738132476806641
9603196,2023,2023-08-02,3801,2023-04-16,2203,1466,SOUTH,7,5,7,3801,0,0,0,,0,04B,"BRYANT ST","9TH ST",0.00,,Y,A,-,N,,,,,,,,,,Y,3,0,1,2,A,-,08,22107,,F,B,C,A,A,H,-,C,A,0,,,Y,,Y,,-,,0,1,0,0,0,0,0,0,1,"- ","- ",,,"SAN FRANCISCO","SAN FRANCISCO",-122.40853118896484,37.771289825439453
9603613,2023,2023-08-14,3801,2023-07-09,"647 ",2202,INGLE,7,5,7,3801,0,0,0,,0,3H12A,"MISSION ST","FARRAGUT AV",56.00,S,N,B,F,N,,,,,,,,,,Y,4,0,1,2,A,-,03,22350,,N,E,E,A,B,H,-,A,D,0,,,,,Y,,A,01,0,0,1,0,0,0,0,0,0,"- ","- ",,,"SAN FRANCISCO","SAN FRANCISCO",-122.44956970214844,37.709880828857422
9603614,2023,2023-11-15,3801,2023-06-29,1210,380,CENTR,4,5,7,3801,0,0,0,,0,5CAR,MARKET,BEALE,0.00,,Y,A,-,N,,,,,,,,,,N,4,0,1,2,A,-,03,22350,,M,D,C,A,A,H,-,A,A,0,,,,,Y,Y,B,01,0,0,1,0,0,0,0,0,0,"- ","- ",,,"SAN FRANCISCO","SAN FRANCISCO",-122.3973388671875,37.792495727539062
9603615,2023,2023-08-14,3801,2023-07-06,1934,312,TARAV,4,5,7,3801,0,0,0,,0,3CAR,"39TH AV","JUDAH ST",0.00,,Y,B,-,N,,,,,,,,,,Y,4,0,1,2,A,-,12,22450,A,N,D,C,A,A,-,-,A,D,0,,,,,Y,,A,01,0,0,1,0,0,0,0,0,0,"- ","- ",,,"SAN FRANCISCO","SAN FRANCISCO",-122.49839782714844,37.760761260986328
9603616,2023,2023-08-14,3801,2023-07-08,1652,1666,PARK,6,5,7,3801,0,0,0,,0,4CAR,"CASTRO ST","STATES ST",0.00,,Y,A,G,N,,,,,,,,,,N,4,0,2,2,A,-,09,21801,A,N,D,C,A,A,H,-,A,A,0,,,,,Y,,A,01,0,0,2,0,0,0,0,0,0,"- ","- ",,,"SAN FRANCISCO","SAN FRANCISCO",-122.43527984619141,37.763458251953125
9603681,2023,2023-08-11,3801,2023-07-15,"415 ",4310,TENDE,6,5,7,3801,0,0,0,,0,3J14E,"ELLIS ST","HYDE ST",0.00,,Y,A,-,N,,,,,,,,,,Y,4,0,1,3,A,-,03,22350,,M,E,B,B,A,H,-,C,A,0,Y,,,,Y,,A,01,0,0,1,0,1,0,0,0,0,"- ","- ",,,"SAN FRANCISCO","SAN FRANCISCO",-122.41606140136719,37.784446716308594
9603682,2023,2023-08-11,3801,2023-07-15,"426 ",709,BAYVI,6,5,7,3801,0,0,0,,0,3C11E,"SAN BRUNO AV","OLMSTEAD ST",0.00,,Y,A,-,N,,,,,,,,,,Y,3,0,1,6,A,-,03,22350,,N,A,C,A,A,H,-,C,D,0,,,,,Y,,A,01,0,1,0,0,0,0,0,0,0,"- ","- ",,,"SAN FRANCISCO","SAN FRANCISCO",-122.40163421630859,37.722843170166016
9603683,2023,2023-08-11,3801,2023-07-14,1444,1875,BAYVI,5,5,7,3801,0,0,0,,0,3C15D,"HESTER AV","LAUREN CT",0.00,,Y,A,-,N,,,,,,,,,,N,4,0,1,2,A,-,09,21801,A,N,D,C,A,A,H,-,A,D,0,,,,,Y,,A,01,0,0,1,0,0,0,0,0,0,"- ","- ",,,"SAN FRANCISCO","SAN FRANCISCO",-122.39820861816406,37.714420318603516
9603684,2023,2023-08-11,3801,2023-07-14,1727,1707,NORTH,5,5,7,3801,0,0,0,,0,3E13D,"GROVE ST","FRANKLIN ST",80.00,W,N,A,-,N,,,,,,,,,,N,2,0,1,2,A,-,05,21651,B,F,A,G,A,A,H,-,A,-,0,,Y,,,Y,,L,04,1,0,0,0,0,0,1,0,0,"- ","- ",,,"SAN FRANCISCO","SAN FRANCISCO",-122.42179107666016,37.777984619140625
9603685,2023,2023-08-11,3801,2023-07-14,"815 ",1297,PARK,5,5,7,3801,0,0,0,,0,3F13A,"PAGE ST","CENTRAL AV",0.00,,Y,A,-,N,,,,,,,,,,N,3,0,1,2,A,-,17,22517,,N,E,G,A,A,H,-,A,D,0,,Y,,,Y,,A,01,0,1,0,0,0,0,1,0,0,"- ","- ",,,"SAN FRANCISCO","SAN FRANCISCO",-122.44383239746094,37.7713623046875
9603686,2023,2023-08-11,3801,2023-07-14,"800 ",1967,NORTH,5,5,7,3801,0,0,0,,0,3E12A,"HAYES ST","POLK ST",0.00,,Y,A,-,N,,,,,,,,,,N,4,0,1,2,A,-,21,22106,,N,D,C,A,A,H,-,A,D,0,,,,,Y,,A,01,0,0,1,0,0,0,0,0,0,"- ","- ",,,"SAN FRANCISCO","SAN FRANCISCO",-122.41803741455078,37.777507781982422
9603687,2023,2023-08-11,3801,2023-07-13,1759,1857,NORTH,4,5,7,3801,0,0,0,,0,3E11E,"VAN NESS AV","MARKET ST",0.00,,Y,A,-,N,,,,,,,,,,N,2,0,1,2,A,-,08,22107,,F,D,G,A,A,H,-,A,A,0,,Y,,,Y,,A,01,1,0,0,0,0,0,1,0,0,"- ","- ",,,"SAN FRANCISCO","SAN FRANCISCO",-122.41925811767578,37.775169372558594
9603688,2023,2023-10-05,3801,2023-07-12,2232,1051,NORTH,3,5,7,3801,0,0,0,,0,0E3,"FRANKLIN ST","TURK ST",0.00,,Y,A,-,N,,,,,,,,,,Y,4,0,1,3,A,-,03,22350,,N,C,D,A,A,H,-,C,A,0,,,,,Y,,A,01,0,0,1,0,0,0,0,0,0,"- ","- ",,,"SAN FRANCISCO","SAN FRANCISCO",-122.42224884033203,37.781730651855469
9603689,2023,2023-08-11,3801,2023-07-13,1720,575,CENTR,4,5,7,3801,0,0,0,,0,3A13D,"THE EMBARCADERO","WASHINGTON ST",257.00,N,N,A,-,N,,,,,,,,,,N,4,0,1,2,A,-,09,21804,A,N,G,C,A,A,H,-,A,D,0,,,Y,,Y,,A,01,0,0,1,0,0,0,0,0,1,"- ","- ",,,"SAN FRANCISCO","SAN FRANCISCO",-122.39606475830078,37.797222137451172
9603690,2023,2023-08-11,3801,2023-07-13,1906,171,CENTR,4,5,7,3801,0,0,0,,0,3CAR,"NORTH POINT ST","LEAVENWORTH ST",0.00,,Y,A,-,N,,,,,,,,,,N,2,0,2,3,A,-,10,21950,A,N,G,B,B,A,H,-,A,A,0,Y,,,,Y,,A,07,1,1,0,0,2,0,0,0,0,"- ","- ",,,"SAN FRANCISCO","SAN FRANCISCO",-122.41873168945312,37.805931091308594
9603691,2023,2023-08-11,3801,2023-07-13,"643 ",1118,SOUTH,4,5,7,3801,0,0,0,,0,3B12A,"HARRISON ST","FREMONT ST",77.00,E,N,A,-,N,,,,,,,,,,Y,4,0,1,2,A,-,08,22107,,N,D,C,A,A,H,-,A,D,0,,,,,Y,,A,01,0,0,1,0,0,0,0,0,0,"- ","- ",,,"SAN FRANCISCO","SAN FRANCISCO",-122.39186859130859,37.786937713623047
9603692,2023,2023-09-06,3801,2023-07-13,1700,2400,BAYVI,4,5,7,3801,0,0,0,,0,3CAR,"INGALLS ST","PALOU AV",0.00,,Y,A,-,N,,,,,,,,,,N,2,0,1,2,A,-,05,21752,D,N,D,-,A,A,H,-,A,A,0,,Y,,,Y,,L,04,1,0,0,0,0,0,1,0,0,"- ","- ",,,"SAN FRANCISCO","SAN FRANCISCO",-122.38343811035156,37.729747772216797
9603693,2023,2023-08-11,3801,2023-07-11,"430 ",255,INGLE,2,5,7,3801,0,0,0,,0,3H16E,"ALEMANY BL","NAGLEE AV",135.00,N,N,A,-,N,,,,,,,,,,N,2,0,1,2,A,-,11,21954,A,F,G,B,D,A,H,-,C,D,0,Y,,,,Y,,N,60,1,0,0,0,1,0,0,0,0,"- ","- ",,,"SAN FRANCISCO","SAN FRANCISCO",-122.44860076904297,37.714118957519531
9603694,2023,2023-08-11,3801,2023-07-11,1404,4305,NORTH,2,5,7,3801,0,0,0,,0,,"GOLDEN GATE AV","GOUGH ST",0.00,,Y,A,-,N,,,,,,,,,,Y,3,0,1,2,A,-,03,22350,,M,A,J,A,A,H,-,A,A,0,,,,,Y,,A,01,0,1,0,0,0,0,0,0,0,"- ","- ",,,"SAN FRANCISCO","SAN FRANCISCO",-122.42372894287109,37.780612945556641
9603695,2023,2023-08-11,3801,2023-07-16,1830,986,TARAV,7,5,7,3801,0,0,0,,0,3I15D,"JUNIPERO SERRA BL","THOMAS MORE WY",0.00,,Y,A,-,N,,,,,,,,,,Y,3,0,2,2,A,-,03,22350,,N,C,C,A,A,H,-,A,D,0,,,,,Y,,A,01,0,1,1,0,0,0,0,0,0,"- ","- ",,,"SAN FRANCISCO","SAN FRANCISCO",-122.47329711914062,37.711620330810547
9603696,2023,2023-08-11,3801,2023-07-10,1320,670,INGLE,1,5,7,3801,0,0,0,,0,3H13D,"CRESCENT AV","ANDOVER ST",0.00,,Y,A,-,N,,,,,,,,,,N,4,0,1,2,A,-,10,21950,A,N,G,B,B,A,H,-,A,A,0,Y,,,,Y,,A,01,0,0,1,0,1,0,0,0,0,"- ","- ",,,"SAN FRANCISCO","SAN FRANCISCO",-122.41683959960938,37.734920501708984
9603697,2023,2023-08-11,3801,2023-07-15,2230,740,MISSI,6,5,7,3801,0,0,0,,0,0D6,"13TH ST","FOLSOM ST",0.00,,Y,A,-,N,,,,,,,,,,Y,4,0,2,3,A,-,12,21453,A,N,D,C,A,A,H,-,C,A,0,,,,,Y,,A,01,0,0,2,0,0,0,0,0,0,"- ","- ",,,"SAN FRANCISCO","SAN FRANCISCO",-122.41558837890625,37.769515991210938
9603698,2023,2023-08-11,3801,2023-07-16,"326 ",2741,INGLE,7,5,7,3801,0,0,0,,0,3H14E,"ALEMANY BL","OCEAN AV",0.00,,Y,A,-,N,,,,,,,,,,N,3,0,1,2,A,-,10,21950,A,N,G,B,B,A,H,-,C,A,0,Y,,,,Y,,A,01,0,1,0,0,1,0,0,0,0,"- ","- ",,,"SAN FRANCISCO","SAN FRANCISCO",-122.43753814697266,37.723697662353516
9603699,2023,2023-08-11,3801,2023-07-15,1859,2310,BAYVI,6,5,7,3801,0,0,0,,0,3C12D,"OAKDALE AV","NEWHALL ST",2.00,W,N,A,-,N,,,,,,,,,,N,3,0,1,2,A,-,03,22350,A,N,A,C,A,A,H,-,A,A,0,,,Y,,Y,,C,03,0,1,0,0,0,0,0,0,1,"- ","- ",,,"SAN FRANCISCO","SAN FRANCISCO",-122.39218902587891,37.735671997070312
9603700,2023,2023-08-11,3801,2023-07-15,1820,2487,SOUTH,6,5,7,3801,0,0,0,,0,3B12,"5TH ST","HARRISON ST",0.00,,Y,A,-,N,,,,,,,,,,N,4,0,1,2,A,-,03,22350,,N,B,C,A,A,H,-,A,A,0,,,,,Y,,A,07,0,0,1,0,0,0,0,0,0,"- ","- ",,,"SAN FRANCISCO","SAN FRANCISCO",-122.40187072753906,37.779056549072266
9603719,2023,2023-10-03,3801,2023-07-15,"902 ",2289,NORTH,6,5,7,3801,0,0,0,,0,,"POLK ST","SACRAMENTO ST",0.00,,Y,B,-,N,,,,,,,,,,N,4,0,1,2,A,-,12,21453,A,N,D,G,A,A,H,-,A,A,0,,Y,,,Y,,L,04,0,0,1,0,0,0,1,0,0,"- ","- ",,,"SAN FRANCISCO","SAN FRANCISCO",-122.42086791992188,37.79150390625
9603781,2023,2023-09-25,3801,2023-07-21,1641,964,NORTH,5,5,7,3801,0,0,0,,0,3E13D,"FULTON ST","BUCHANAN ST",0.00,,Y,A,-,N,,,,,,,,,,N,3,0,1,2,A,-,04,21703,,N,C,C,A,-,H,-,A,D,0,,,,,Y,,M,94,0,1,0,0,0,0,0,0,0,"- ","- ",,,"SAN FRANCISCO","SAN FRANCISCO",-122.42838287353516,37.778110504150391
9603782,2023,2023-10-09,3801,2023-07-20,2117,1182,TENDE,4,5,7,3801,0,0,0,,0,3J14E,"LEAVENWORTH ST","MCALLISTER ST",36.00,N,N,A,-,N,,,,,,,,,,N,4,0,2,2,A,-,08,22107,,N,B,C,A,A,H,-,C,A,0,,,,,Y,,A,07,0,0,2,0,0,0,0,0,0,"- ","- ",,,"SAN FRANCISCO","SAN FRANCISCO",-122.41371154785156,37.781028747558594
9603783,2023,2023-09-25,3801,2023-07-22,1542,1582,CENTR,6,5,7,3801,0,0,0,,0,3A4D,"THE EMBARCADERO","BROADWAY ST",0.00,,Y,A,-,N,,,,,,,,,,N,3,0,1,2,A,-,08,22107,,N,H,A,A,A,H,-,A,A,0,,,,,Y,,A,01,0,1,0,0,0,0,0,0,0,"- ","- ",,,"SAN FRANCISCO","SAN FRANCISCO",-122.39775848388672,37.799182891845703
9603784,2023,2023-08-18,3801,2023-07-08,"815 ",1653,INGLE,6,5,7,3801,0,0,0,,0,3H5A,"ALEMANY BL","ONONDAGA AV",0.00,,Y,B,-,N,,,,,,,,,,Y,2,0,1,2,A,-,12,21453,,F,D,C,A,A,H,-,A,A,0,,,,,Y,,A,01,1,0,0,0,0,0,0,0,0,"- ","- ",,,"SAN FRANCISCO","SAN FRANCISCO",-122.43870544433594,37.721645355224609
9603785,2023,2023-08-18,3801,2023-07-10,"747 ",1952,TENDE,1,5,7,3801,0,0,0,,0,901,"HYDE ST","MCALLISTER ST",0.00,,Y,B,-,N,,,,,,,,,,N,2,0,1,2,A,-,12,21453,A,F,G,B,B,A,H,-,-,A,0,Y,,,,Y,,A,01,1,0,0,0,1,0,0,0,0,"- ","- ",,,"SAN FRANCISCO","SAN FRANCISCO",-122.41532135009766,37.780738830566406
9603786,2023,2023-09-06,3801,2023-07-19,1720,1052,RICHM,3,5,7,3801,0,0,0,,0,3G15D,"GEARY BL","26TH AV",14.00,S,N,A,-,N,,,,,,,,,,N,3,0,1,2,A,-,06,21750,A,N,B,J,A,A,H,-,A,D,0,,,,,Y,,M,94,0,1,0,0,0,0,0,0,0,"- ","- ",,,"SAN FRANCISCO","SAN FRANCISCO",-122.48580932617188,37.780101776123047
9603787,2023,2023-08-18,3801,2023-07-06,1210,1273,CENTR,4,5,7,3801,0,0,0,,0,3A2A,"HYDE ST","NORTH POINT ST",0.00,,Y,A,-,N,,,,,,,,,,Y,4,0,2,2,A,-,12,21453,A,N,D,C,A,A,H,-,A,A,0,,,,,Y,,A,07,0,0,2,0,0,0,0,0,0,"- ","- ",,,"SAN FRANCISCO","SAN FRANCISCO",-122.42034912109375,37.805732727050781
9603788,2023,2023-08-18,3801,2023-07-04,1133,1075,SOUTH,2,5,7,3801,0,0,0,,0,3B13A,"KING ST","2ND ST",25.00,E,N,A,-,N,,,,,,,,,,N,3,0,1,2,A,-,03,22350,,N,C,G,A,A,H,-,A,A,0,,Y,,,Y,,L,04,0,1,0,0,0,0,1,0,0,"- ","- ",,,"SAN FRANCISCO","SAN FRANCISCO",-122.38963317871094,37.780006408691406
9603789,2023,2023-08-17,3801,2023-07-05,2056,2400,BAYVI,3,5,7,3801,0,0,0,,0,2CAR,"BAYSHORE BL","SILVER AV",2.00,N,N,A,-,N,,,,,,,,,,N,3,0,2,3,A,-,17,21451,A,N,G,B,B,A,H,-,C,A,0,Y,,,,Y,,A,07,0,2,0,0,2,0,0,0,0,"- ","- ",,,"SAN FRANCISCO","SAN FRANCISCO",-122.40465545654297,37.732963562011719