CASE_ID,ACCIDENT_YEAR,PROC_DATE,JURIS,COLLISION_DATE,COLLISION_TIME,OFFICER_ID,REPORTING_DISTRICT,DAY_OF_WEEK,CHP_SHIFT,POPULATION,CNTY_CITY_LOC,SPECIAL_COND,BEAT_TYPE,CHP_BEAT_TYPE,CITY_DIVISION_LAPD,CHP_BEAT_CLASS,BEAT_NUMBER,PRIMARY_RD,SECONDARY_RD,DISTANCE,DIRECTION,INTERSECTION,WEATHER_1,WEATHER_2,STATE_HWY_IND,CALTRANS_COUNTY,CALTRANS_DISTRICT,STATE_ROUTE,ROUTE_SUFFIX,POSTMILE_PREFIX,POSTMILE,LOCATION_TYPE,RAMP_INTERSECTION,SIDE_OF_HWY,TOW_AWAY,COLLISION_SEVERITY,NUMBER_KILLED,NUMBER_INJURED,PARTY_COUNT,PRIMARY_COLL_FACTOR,PCF_CODE_OF_VIOL,PCF_VIOL_CATEGORY,PCF_VIOLATION,PCF_VIOL_SUBSECTION,HIT_AND_RUN,TYPE_OF_COLLISION,MVIW,PED_ACTION,ROAD_SURFACE,ROAD_COND_1,ROAD_COND_2,LIGHTING,CONTROL_DEVICE,CHP_ROAD_TYPE,PEDESTRIAN_ACCIDENT,BICYCLE_ACCIDENT,MOTORCYCLE_ACCIDENT,TRUCK_ACCIDENT,NOT_PRIVATE_PROPERTY,ALCOHOL_INVOLVED,STWD_VEHTYPE_AT_FAULT,CHP_VEHTYPE_AT_FAULT,COUNT_SEVERE_INJ,COUNT_VISIBLE_INJ,COUNT_COMPLAINT_PAIN,COUNT_PED_KILLED,COUNT_PED_INJURED,COUNT_BICYCLIST_KILLED,COUNT_BICYCLIST_INJURED,COUNT_MC_KILLED,COUNT_MC_INJURED,PRIMARY_RAMP,SECONDARY_RAMP,LATITUDE,LONGITUDE,COUNTY,CITY,POINT_X,POINT_Y
9603790,2023,2023-08-22,3801,2023-07-06,"703 ",54,TARAV,4,5,7,3801,0,0,0,,0,3I15A,"SKYLINE BL","LAKE MERCED BL",292.00,N,N,A,-,N,,,,,,,,,,Y,4,0,2,2,A,-,09,21802,A,N,D,C,A,A,H,-,A,A,0,,,,,Y,,A,01,0,0,2,0,0,0,0,0,0,"- ","- ",,,"SAN FRANCISCO","SAN FRANCISCO",-122.498291015625,37.732147216796875
9603791,2023,2023-09-28,3801,2023-07-02,"453 ",1207,TENDE,7,5,7,3801,0,0,0,,0,0J3,"GOLDEN GATE AV","CONTINUUM WAY",10.00,W,N,A,-,N,,,,,,,,,,Y,4,0,1,5,A,-,04,21703,,N,C,C,A,A,H,-,C,D,0,,,,,Y,Y,A,07,0,0,1,0,0,0,0,0,0,"- ","- ",,,"SAN FRANCISCO","SAN FRANCISCO",,
9603792,2023,2023-08-17,3801,2023-07-02,1939,1804,BAYVI,7,5,7,3801,0,0,0,,0,3C13D,"NEWCOMB AV","LA SALLE AV",0.00,,Y,A,-,N,,,,,,,,,,Y,4,0,1,2,A,-,12,22450,A,F,D,C,A,A,H,-,A,A,0,,,,,Y,,A,01,0,0,1,0,0,0,0,0,0,"- ","- ",,,"SAN FRANCISCO","SAN FRANCISCO",-122.38511657714844,37.733074188232422
9603793,2023,2023-08-17,3801,2023-07-03,1815,2499,TARAV,1,5,7,3801,0,0,0,,0,3I5D,"SUNSET BL","OCEAN AV",0.00,,Y,A,-,N,,,,,,,,,,Y,3,0,2,2,A,-,12,21453,A,N,D,C,A,A,H,-,A,A,0,,,,,Y,,A,01,0,1,1,0,0,0,0,0,0,"- ","- ",,,"SAN FRANCISCO","SAN FRANCISCO",-122.49381256103516,37.731895446777344
9603794,2023,2023-10-30,3801,2023-07-02,"55  ",1326,BAYVI,7,5,7,3801,0,0,0,,0,3C11E,"18TH ST","RT 280",0.00,,Y,A,-,Y,SF,4,280,-,R,6.625,R,4,S,Y,4,0,1,2,A,-,12,22450,,N,D,C,A,A,H,-,C,D,0,,,,,Y,,A,01,0,0,1,0,0,0,0,0,0,"- ",SF,,,"SAN FRANCISCO","SAN FRANCISCO",-122.39278411865234,37.763164520263672
9603795,2023,2023-08-17,3801,2023-07-26,2138,LI1074,BAYVI,3,5,7,3801,0,0,0,,0,3C11E,"ILLINOIS ST","MARIN ST",52.00,S,N,A,-,N,,,,,,,,,,Y,3,0,1,1,A,-,03,22350,,N,F,J,A,A,H,-,C,D,0,,,,,Y,,A,07,0,1,0,0,0,0,0,0,0,"- ","- ",,,"SAN FRANCISCO","SAN FRANCISCO",-122.38649749755859,37.748939514160156
9603796,2023,2023-08-17,3801,2023-07-26,"730 ",2362,PARK,3,5,7,3801,0,0,0,,0,3F1A,"CARL ST","SCHRADER ST",0.00,,Y,B,-,N,,,,,,,,,,N,3,0,1,2,A,-,09,21802,A,N,D,C,A,A,H,-,A,D,0,,,Y,,Y,,A,01,0,1,0,0,0,0,0,0,1,"- ","- ",,,"SAN FRANCISCO","SAN FRANCISCO",-122.45137786865234,37.765602111816406
9603797,2023,2023-09-06,3801,2023-07-14,2125,740,MISSI,5,5,7,3801,0,0,0,,0,0D3,"S VAN NESS AV","21ST ST",0.00,,Y,B,-,N,,,,,,,,,,N,3,0,1,2,A,-,06,21755,,N,D,J,A,A,H,-,C,A,0,,,,,Y,,M,94,0,1,0,0,0,0,0,0,0,"- ","- ",,,"SAN FRANCISCO","SAN FRANCISCO",-122.416748046875,37.757160186767578
9603798,2023,2023-09-27,3801,2023-07-24,1316,1226,SOUTH,1,5,7,3801,0,0,0,,0,0600,"BRYANT ST","4TH ST",400.00,W,N,A,-,N,,,,,,,,,,N,3,0,1,2,A,-,11,21954,A,N,G,B,D,A,-,-,A,D,0,Y,,,,Y,,N,60,0,1,0,0,1,0,0,0,0,"- ","- ",,,"SAN FRANCISCO","SAN FRANCISCO",-122.3990478515625,37.778793334960938
9603799,2023,2023-08-17,3801,2023-07-25,1736,260,SOUTH,2,5,7,3801,0,0,0,,0,3B13D,"HOWARD ST","RUSS ST",0.00,,Y,A,-,N,,,,,,,,,,N,4,0,1,2,A,-,12,21453,A,N,D,G,A,A,H,-,A,A,0,,Y,,,Y,,L,04,0,0,1,0,0,0,1,0,0,"- ","- ",,,"SAN FRANCISCO","SAN FRANCISCO",-122.40824890136719,37.77886962890625
9603802,2023,2023-09-28,3801,2023-07-13,1000,1557,TARAV,4,5,7,3801,0,0,0,,0,003,"SUNSET BL","ORTEGA ST",0.00,,Y,A,-,N,,,,,,,,,,Y,4,0,1,3,A,-,12,21453,A,N,A,D,A,A,H,-,A,A,0,,,,,Y,,A,01,0,0,1,0,0,0,0,0,0,"- ","- ",,,"SAN FRANCISCO","SAN FRANCISCO",-122.49518585205078,37.751544952392578
9603809,2023,2023-08-18,3801,2023-07-24,"626 ",4310,PARK,1,5,7,3801,0,0,0,,0,3F13A,"PAGE ST","ASHBURY ST",0.00,,Y,B,-,N,,,,,,,,,,N,4,0,1,2,A,-,21,22106,,N,D,G,A,A,H,-,A,D,0,,Y,,,Y,,L,04,0,0,1,0,0,0,1,0,0,"- ","- ",,,"SAN FRANCISCO","SAN FRANCISCO",-122.44711303710938,37.770919799804688
9603810,2023,2023-08-31,3801,2023-07-24,2250,916,BAYVI,1,5,7,3801,0,0,0,,0,3C14E,"SAN BRUNO AV","MANSELL ST",0.00,,Y,A,-,Y,SF,4,101,-,-,1.049,R,4,S,Y,4,0,3,2,A,-,12,22450,A,N,D,C,A,A,H,-,C,A,0,,,,,Y,,A,07,0,0,3,0,0,0,0,0,0,"- ","- ",,,"SAN FRANCISCO","SAN FRANCISCO",-122.40093994140625,37.722698211669922
9603811,2023,2023-08-18,3801,2023-07-23,1135,1003,INGLE,7,5,7,3801,0,0,0,,0,1CAR,"TOMPKINS AV","BRADFORD ST",0.00,,Y,A,-,N,,,,,,,,,,N,4,0,1,2,A,-,10,21950,A,N,G,B,B,A,H,-,A,D,0,Y,,,,Y,,A,01,0,0,1,0,1,0,0,0,0,"- ","- ",,,"SAN FRANCISCO","SAN FRANCISCO",-122.40975952148438,37.736892700195312
9603812,2023,2023-08-22,3801,2023-07-23,"950 ",1591,BAYVI,7,5,7,3801,0,0,0,,0,3C11D,"22ND ST","PENNSYLVANIA AV",0.00,,N,A,-,N,,,,,,,,,,N,3,0,1,2,A,-,12,22450,A,N,-,G,A,A,H,-,A,A,0,,Y,,,Y,,A,01,0,1,0,0,0,0,1,0,0,"- ","- ",,,"SAN FRANCISCO","SAN FRANCISCO",-122.39312744140625,37.757682800292969
9603813,2023,2023-08-18,3801,2023-07-09,"108 ",4047,MISSI,7,5,7,3801,0,0,0,,0,3D16D,"GUERRERO ST","17TH ST",88.00,N,N,A,-,N,,,,,,,,,,Y,4,0,1,3,A,-,03,22350,,N,B,E,A,A,H,-,C,D,0,,,,,Y,,A,01,0,0,1,0,0,0,0,0,0,"- ","- ",,,"SAN FRANCISCO","SAN FRANCISCO",-122.42395782470703,37.763412475585938
9603814,2023,2023-09-28,3801,2023-07-16,"226 ",2293,NORTH,7,5,7,3801,0,0,0,,0,0E5,"FILLMORE ST","GREENWICH ST",31.00,S,N,A,-,N,,,,,,,,,,Y,3,0,4,5,A,-,01,23153,A,N,G,B,F,A,H,-,C,D,0,Y,,,,Y,Y,A,01,0,1,3,0,4,0,0,0,0,"- ","- ",,,"SAN FRANCISCO","SAN FRANCISCO",-122.43586730957031,37.798873901367188
9603815,2023,2023-08-18,3801,2023-07-18,2102,835,NORTH,2,5,7,3801,0,0,0,,0,004,"WEBSTER ST","SUTTER ST",0.00,,Y,A,-,N,,,,,,,,,,Y,4,0,1,2,A,-,12,21453,A,N,D,C,A,A,H,-,C,A,0,,,,,Y,,A,01,0,0,1,0,0,0,0,0,0,"- ","- ",,,"SAN FRANCISCO","SAN FRANCISCO",-122.43168640136719,37.786293029785156
9603816,2023,2023-08-18,3801,2023-07-01,1355,1273,CENTR,6,5,7,3801,0,0,0,,0,3A2A,"KEARNY ST","PINE ST",0.00,,Y,A,-,N,,,,,,,,,,N,4,0,1,2,A,-,08,22107,,N,B,C,A,A,H,-,A,A,0,,,Y,,Y,,A,01,0,0,1,0,0,0,0,0,1,"- ","- ",,,"SAN FRANCISCO","SAN FRANCISCO",-122.40421295166016,37.791694641113281
9603817,2023,2023-08-18,3801,2023-07-23,"211 ",2461,MISSI,7,5,7,3801,0,0,0,,0,0D3,"GUERRERO ST","19TH ST",0.00,,Y,A,-,N,,,,,,,,,,Y,4,0,3,3,A,-,12,21453,,N,D,C,A,A,H,-,C,A,0,,,,,Y,,A,01,0,0,3,0,0,0,0,0,0,"- ","- ",,,"SAN FRANCISCO","SAN FRANCISCO",-122.42362976074219,37.759975433349609
9603818,2023,2023-09-28,3801,2023-07-17,1500,624,PARK,1,5,7,3801,0,0,0,,0,001,"MARTIN LUTHER KING JR WY","9TH AV",0.00,,Y,A,-,N,,,,,,,,,,N,4,0,1,2,A,-,10,21950,A,F,G,B,B,A,H,-,A,D,0,Y,,,,Y,,A,07,0,0,1,0,1,0,0,0,0,"- ","- ",,,"SAN FRANCISCO","SAN FRANCISCO",-122.46643829345703,37.766376495361328
9603819,2023,2023-08-18,3801,2023-07-22,1804,307,NORTH,6,5,7,3801,0,0,0,,0,3E13D,BROADWAY,"POLK ST",40.00,W,N,A,-,N,,,,,,,,,,N,4,0,1,2,A,-,03,22350,,N,C,E,A,A,H,-,A,D,0,,,,,Y,,A,01,0,0,1,0,0,0,0,0,0,"- ","- ",,,"SAN FRANCISCO","SAN FRANCISCO",-122.42189788818359,37.795925140380859
9603820,2023,2023-09-05,3801,2023-07-22,2314,317,CENTR,6,5,7,3801,0,0,0,,0,SECTOR,"COLUMBUS AV","JONES ST",0.00,,Y,A,-,N,,,,,,,,,,Y,4,0,1,1,A,-,12,21453,A,F,H,I,A,A,H,-,C,A,0,,,,,Y,,A,01,0,0,1,0,0,0,0,0,0,"- ","- ",,,"SAN FRANCISCO","SAN FRANCISCO",-122.41680908203125,37.804924011230469
9603821,2023,2023-09-12,3801,2023-07-11,1545,1352,MISSI,2,5,7,3801,0,0,0,,0,3D15C,"MARKET ST","VALENCIA ST",0.00,,Y,A,-,N,,,,,,,,,,N,3,0,1,2,A,-,04,21703,,N,A,C,A,A,-,-,A,A,0,,,,,Y,,A,01,0,1,0,0,0,0,0,0,0,"- ","- ",,,"SAN FRANCISCO","SAN FRANCISCO",-122.42262268066406,37.772548675537109
9603822,2023,2023-08-24,3801,2023-07-15,1628,1179,TENDE,6,5,7,3801,0,0,0,,0,3J11D,"EDDY ST","LEAVENWORTH ST",32.00,E,N,A,-,N,,,,,,,,,,N,4,0,1,2,A,-,08,22105,,N,D,C,A,A,H,-,A,A,0,,,,,Y,,A,01,0,0,1,0,0,0,0,0,0,"- ","- ",,,"SAN FRANCISCO","SAN FRANCISCO",-122.41413116455078,37.783744812011719
9603823,2023,2023-09-13,3801,2023-07-01,1300,A22051,CENTR,6,5,7,3801,0,0,0,,0,3A14A,"THE EMBARCADERO","THE EMBARCADERO 614",0.00,,N,A,-,N,,,,,,,,,,N,3,0,1,1,A,-,03,22350,,N,E,-,A,A,H,-,A,D,0,,,,,Y,,M,94,0,1,0,0,0,0,0,0,0,"- ","- ",,,"SAN FRANCISCO","SAN FRANCISCO",-122.38925933837891,37.780281066894531
9603824,2023,2023-08-18,3801,2023-07-01,"700 ",1359,INGLE,6,5,7,3801,0,0,0,,0,3H16A,"BAY SHORE BL","BLANKEN AV",0.00,,Y,A,-,N,,,,,,,,,,N,3,0,1,2,A,-,10,21950,A,N,G,B,B,A,H,-,A,A,0,Y,,,,Y,,-,,0,1,0,0,1,0,0,0,0,"- ","- ",,,"SAN FRANCISCO","SAN FRANCISCO",-122.40158843994141,37.712539672851562
9603825,2023,2023-08-18,3801,2023-07-01,1540,2390,MISSI,6,5,7,3801,0,0,0,,0,3D16D,"SOUTH VAN NESS AVE","18TH ST",0.00,,Y,A,-,N,,,,,,,,,,Y,4,0,1,2,A,-,01,23153,G,N,B,C,A,A,H,-,A,A,0,,,,,Y,,A,01,0,0,1,0,0,0,0,0,0,"- ","- ",,,"SAN FRANCISCO","SAN FRANCISCO",-122.41719818115234,37.761947631835938
9603826,2023,2023-08-18,3801,2023-07-01,"837 ",2712,MISSI,6,5,7,3801,0,0,0,,0,6CAR,"13TH ST","SOUTH VAN NESS AVE",0.00,,Y,A,-,N,,,,,,,,,,N,4,0,1,2,A,-,12,21453,A,N,D,C,A,A,H,-,A,A,0,,,,,Y,,A,01,0,0,1,0,0,0,0,0,0,"- ","- ",,,"SAN FRANCISCO","SAN FRANCISCO",-122.41777801513672,37.7696533203125
9603827,2023,2023-08-24,3801,2023-07-01,1351,1359,INGLE,6,5,7,3801,0,0,0,,0,3H16A,"BAY SHORE BL","SUNNYDALE AV",10.00,S,N,A,-,N,,,,,,,,,,Y,4,0,1,2,A,-,01,23153,A,N,C,C,A,A,H,-,A,A,0,,,,,Y,Y,-,,0,0,1,0,0,0,0,0,0,"- ","- ",,,"SAN FRANCISCO","SAN FRANCISCO",-122.40524291992188,37.708873748779297
9603828,2023,2023-08-18,3801,2023-07-01,1507,2190,INGLE,6,5,7,3801,0,0,0,,0,3H13D,"SAN JOSE AV","RANDALL ST",21.00,S,N,A,-,N,,,,,,,,,,Y,4,0,1,2,A,-,04,21703,,N,C,C,A,A,H,-,A,A,0,,,,,Y,,A,01,0,0,1,0,0,0,0,0,0,"- ","- ",,,"SAN FRANCISCO","SAN FRANCISCO",-122.42427825927734,37.739803314208984
9603829,2023,2023-09-12,3801,2023-07-22,1713,364,SOUTH,6,5,7,3801,0,0,0,,0,3B14D,"10TH ST","HOWARD ST",0.00,,Y,A,-,N,,,,,,,,,,N,3,0,1,2,A,-,04,21703,,N,C,-,A,A,H,-,A,A,0,,,Y,,Y,,A,01,0,1,0,0,0,0,0,0,1,"- ","- ",,,"SAN FRANCISCO","SAN FRANCISCO",-122.41436767578125,37.774024963378906
9603830,2023,2023-08-18,3801,2023-07-01,1307,1304,NORTH,6,5,7,3801,0,0,0,,0,3E12A,"FULTON ST","FILLMORE ST",118.00,E,N,A,-,N,,,,,,,,,,N,3,0,1,2,A,-,03,22350,,N,D,G,A,A,H,-,A,D,0,,Y,,,Y,,L,04,0,1,0,0,0,0,1,0,0,"- ","- ",,,"SAN FRANCISCO","SAN FRANCISCO",-122.43115997314453,37.777744293212891
9603831,2023,2023-08-24,3801,2023-07-22,1148,1825,SOUTH,6,5,7,3801,0,0,0,,0,3B12A,"FOLSOM ST","12TH ST",0.00,,Y,A,-,N,,,,,,,,,,N,4,0,2,3,A,-,12,21453,A,N,D,C,A,A,H,-,A,A,0,,,,,Y,,A,01,0,0,2,0,0,0,0,0,0,"- ","- ",,,"SAN FRANCISCO","SAN FRANCISCO",-122.41500091552734,37.770904541015625
9603832,2023,2023-08-18,3801,2023-07-22,1528,2008,MISSI,6,5,7,3801,0,0,0,,0,3D15D,"VALENCIA ST","24TH ST",5.00,S,N,A,-,N,,,,,,,,,,N,4,0,1,2,A,-,06,21760,B,N,-,G,A,A,H,-,A,D,0,,Y,,,Y,,A,01,0,0,1,0,0,0,1,0,0,"- ","- ",,,"SAN FRANCISCO","SAN FRANCISCO",-122.42064666748047,37.752098083496094
9603833,2023,2023-08-17,3801,2023-07-17,1717,893,INGLE,1,5,7,3801,0,0,0,,0,3H13D,"ALEMANY BLVD","NAGLEE AVE",0.00,,Y,A,-,N,,,,,,,,,,,4,0,1,2,A,-,04,21703,,N,C,D,A,A,H,-,A,A,0,,,,,Y,,A,01,0,0,1,0,0,0,0,0,0,"- ","- ",,,"SAN FRANCISCO","SAN FRANCISCO",-122.44901275634766,37.713943481445312
9603834,2023,2023-08-23,3801,2023-07-21,1710,2139,TARAV,5,5,7,3801,0,0,0,,0,901,"SLOAT BLVD","44TH AV",75.00,E,N,A,-,N,,,,,,,,,,Y,4,0,2,2,C,-,18,,,N,C,E,A,A,H,-,A,A,0,,,,,Y,,-,"- ",0,0,2,0,0,0,0,0,0,"- ","- ",,,"SAN FRANCISCO","SAN FRANCISCO",-122.50175476074219,37.735458374023438
9603835,2023,2023-08-17,3801,2023-07-16,2307,2186,INGLE,7,5,7,3801,0,0,0,,0,3H15E,"MISSION ST","COLLEGE TER",30.00,N,N,A,-,N,,,,,,,,,,Y,2,0,1,4,A,-,01,23153,,N,C,E,A,A,H,-,C,D,0,,,,,Y,Y,A,01,1,0,0,0,0,0,0,0,0,"- ","- ",,,"SAN FRANCISCO","SAN FRANCISCO",-122.42572784423828,37.734344482421875
9603836,2023,2023-09-12,3801,2023-07-17,1053,1944,INGLE,1,5,7,3801,0,0,0,,0,0H4,"CAYUGA AV","LYELL ST",0.00,,Y,A,-,N,,,,,,,,,,N,4,0,1,2,A,-,09,21802,A,N,H,-,A,A,H,-,A,A,0,,,,,Y,,A,01,0,0,1,0,0,0,0,0,0,"- ","- ",,,"SAN FRANCISCO","SAN FRANCISCO",-122.43141937255859,37.731033325195312
9603837,2023,2023-08-24,3801,2023-07-14,1700,2479,BAYVI,5,5,7,3801,0,0,0,,0,3C15E,"LANE ST","REVERE AV",0.00,,Y,A,-,N,,,,,,,,,,N,2,0,1,2,A,-,10,21950,A,F,G,B,B,A,H,-,A,A,0,Y,,,,Y,,-,99,1,0,0,0,1,0,0,0,0,"- ","- ",,,"SAN FRANCISCO","SAN FRANCISCO",-122.39018249511719,37.731670379638672
9603838,2023,2023-08-24,3801,2023-07-16,2141,2735,MISSI,7,5,7,3801,0,0,0,,0,3D13E,"FOLSOM ST","19TH ST",0.00,,Y,A,-,N,,,,,,,,,,Y,4,0,1,2,A,-,01,23153,A,N,D,D,A,A,H,-,C,A,0,,,,,Y,Y,A,01,0,0,1,0,0,0,0,0,0,"- ","- ",,,"SAN FRANCISCO","SAN FRANCISCO",-122.41481781005859,37.760490417480469
9603839,2023,2023-10-03,3801,2023-07-17,1422,1336,NORTH,1,5,7,3801,0,0,0,,0,0E5,"LOMBARD ST","BRODERICK ST",0.00,,Y,A,-,Y,SF,4,101,-,-,7.780,H,-,N,Y,4,0,1,1,A,-,03,22350,,N,E,I,A,A,H,-,A,A,0,,,,,Y,,A,01,0,0,1,0,0,0,0,0,0,"- ","- ",,,"SAN FRANCISCO","SAN FRANCISCO",-122.44423675537109,37.798858642578125
9603840,2023,2023-08-17,3801,2023-07-15,1015,397,CENTR,6,5,7,3801,0,0,0,,0,3A11C,"COLUMBUS AV","VALLEJO ST",133.00,S,N,A,-,N,,,,,,,,,,N,4,0,1,2,A,-,09,21801,A,N,B,C,A,A,H,-,A,A,0,,,,,Y,,A,01,0,0,1,0,0,0,0,0,0,"- ","- ",,,"SAN FRANCISCO","SAN FRANCISCO",-122.40753936767578,37.798480987548828
9604308,2023,2023-12-07,3801,2023-10-26,"800 ",1503,BAYVI,4,5,7,3801,0,0,0,,0,3C11A,"RT 101","CESAR CHAVEZ ST",0.00,,Y,A,-,Y,SF,4,101,-,-,3.113,R,4,N,N,4,0,1,2,A,-,04,21703,,N,C,C,A,A,H,-,A,D,0,,,,,Y,,A,01,0,0,1,0,0,0,0,0,0,NF,"- ",,,"SAN FRANCISCO","SAN FRANCISCO",-122.40313720703125,37.750862121582031
9604401,2023,2023-08-14,3801,2023-07-18,1130,1364,NORTH,2,5,7,3801,0,0,0,,0,3E14A,"GOUGH ST",CLAY,0.00,,Y,A,-,N,,,,,,,,,,N,4,0,1,2,A,-,04,21703,,N,C,C,A,A,H,-,A,D,0,,,,,Y,,A,01,0,0,1,0,0,0,0,0,0,"- ","- ",,,"SAN FRANCISCO","SAN FRANCISCO",-122.42597961425781,37.791774749755859
9604411,2023,2023-08-16,3801,2023-07-03,"912 ",4286,RICH,1,5,7,3801,0,0,0,,0,0G3,"CALIFORNIA ST","8TH AV",0.00,,Y,B,-,N,,,,,,,,,,Y,4,0,1,3,A,-,12,21453,A,N,D,C,A,A,H,-,A,A,0,,,,,Y,,A,01,0,0,1,0,0,0,0,0,0,"- ","- ",,,"SAN FRANCISCO","SAN FRANCISCO",-122.46669006347656,37.784717559814453
9604417,2023,2023-08-16,3801,2023-07-25,1900,577,TARA,2,5,7,3801,0,0,0,,0,0I6,"LOBOS ST","CAPITOL AV",0.00,,Y,A,-,N,,,,,,,,,,N,3,0,1,2,A,-,10,21950,A,N,G,B,B,A,H,-,B,B,0,Y,,,,Y,Y,A,01,0,1,0,0,1,0,0,0,0,"- ","- ",,,"SAN FRANCISCO","SAN FRANCISCO",-122.45906066894531,37.714885711669922
9604420,2023,2023-08-16,3801,2023-07-03,"634 ",4286,RICH,1,5,7,3801,0,0,0,,0,0G3,"GEARY BL","6TH AV",60.00,W,N,B,-,N,,,,,,,,,,Y,4,0,1,3,A,-,03,22350,,N,C,C,A,A,H,-,A,A,0,,,,,Y,,A,01,0,0,1,0,0,0,0,0,0,"- ","- ",,,"SAN FRANCISCO","SAN FRANCISCO",-122.46450042724609,37.781078338623047
9604428,2023,2023-08-14,3801,2023-07-14,"906 ",4275,TARA,5,5,7,3801,0,0,0,,0,,"SKYLINE BL","JOHN MUIR DR",26.00,S,N,A,-,Y,SF,4,35,-,-,0.750,H,-,N,Y,4,0,2,2,A,-,03,22350,,N,C,C,A,A,H,-,A,A,0,,,,,Y,,A,01,0,0,2,0,0,0,0,0,0,"- ","- ",,,"SAN FRANCISCO","SAN FRANCISCO",-122.50015258789062,37.718692779541016
9604431,2022,2023-08-10,3801,2022-12-28,1354,529,CENTR,3,5,7,3801,0,0,0,,0,3A5C,"SANSOME ST","WASHINGTON ST",15.00,,N,A,-,N,,,,,,,,,,N,4,0,1,2,A,-,08,22100,B,N,F,C,A,A,H,-,A,A,0,,,,,Y,,A,01,0,0,1,0,0,0,0,0,0,"- ","- ",,,"SAN FRANCISCO","SAN FRANCISCO",-122.40164947509766,37.79571533203125
9604439,2022,2023-08-10,3801,2022-11-08,1824,2228,CENTR,2,5,7,3801,0,0,0,,0,3A15D,"PINE ST","JONES ST",0.00,,Y,C,-,N,,,,,,,,,,N,4,0,1,2,A,-,10,21950,A,F,G,B,B,B,H,-,C,A,0,Y,,,,Y,,A,01,0,0,1,0,1,0,0,0,0,"- ","- ",,,"SAN FRANCISCO","SAN FRANCISCO",-122.41390228271484,37.790458679199219
9604453,2023,2023-08-11,3801,2023-06-28,1315,1994,TRAFF,3,5,7,3801,0,0,0,,0,4B3C,"JERROLD AV","NAPOLEON ST",37.00,S,N,A,-,N,,,,,,,,,,N,4,0,1,2,A,-,04,21703,,N,C,C,A,A,H,-,A,D,0,,,,,Y,,J,49,0,0,1,0,0,0,0,0,0,"- ","- ",,,"SAN FRANCISCO","SAN FRANCISCO",-122.40190887451172,37.74591064453125
9604457,2023,2023-08-11,3801,2023-06-21,1711,4375,TRAFF,3,5,7,3801,0,0,0,,0,4B1F,"22ND ST","VALENCIA ST",0.00,,Y,A,-,N,,,,,,,,,,Y,2,0,5,5,A,-,00,21056,,N,D,C,F,A,H,-,A,A,0,Y,,Y,,Y,,J,48,1,2,2,0,2,0,0,0,1,"- ","- ",,,"SAN FRANCISCO","SAN FRANCISCO",-122.42096710205078,37.755306243896484
9604478,2023,2023-08-11,3801,2023-07-10,1943,09968,PARK,1,5,7,3801,0,0,0,,0,3F00,"WALLER ST","KEZAR DR",69.00,S,N,B,-,N,,,,,,,,,,N,4,0,1,2,A,-,03,22350,,N,D,G,A,B,H,-,A,A,0,,Y,,,Y,,L,04,0,0,1,0,0,0,1,0,0,"- ","- ",,,"SAN FRANCISCO","SAN FRANCISCO",-122.45494079589844,37.768203735351562
9605304,2023,2024-01-19,3801,2023-11-30,1735,2392,MISSI,4,5,7,3801,0,0,0,,0,,"CESAR CHAVEZ","ALABAMA ST",0.00,,Y,A,-,N,,,,,,,,,,N,3,0,2,2,A,-,09,21801,A,N,A,G,A,A,H,-,C,A,0,,Y,,,Y,,A,07,0,2,0,0,0,0,2,0,0,"- ","- ",,,"SAN FRANCISCO","SAN FRANCISCO",-122.41054534912109,37.748374938964844
9605307,2023,2024-01-19,3801,2023-11-10,1132,1666,PARK,5,5,7,3801,0,0,0,,0,4CAR,"CASTRO ST","14TH ST",0.00,,Y,A,-,N,,,,,,,,,,N,4,0,1,2,A,-,08,22101,D,N,D,G,A,A,H,-,A,A,0,,Y,,,Y,,A,07,0,0,1,0,0,0,1,0,0,"- ","- ",,,"SAN FRANCISCO","SAN FRANCISCO",-122.43562316894531,37.767330169677734
9605308,2023,2024-01-19,3801,2023-11-30,1904,203,MISSI,4,5,7,3801,0,0,0,,0,,"DOLORES ST","15TH ST",0.00,,Y,A,-,N,,,,,,,,,,Y,4,0,1,3,A,-,09,21801,A,N,D,C,F,A,H,-,C,A,0,Y,,,,Y,,A,01,0,0,1,0,1,0,0,0,0,"- ","- ",,,"SAN FRANCISCO","SAN FRANCISCO",-122.42659759521484,37.766258239746094
9605309,2023,2024-01-19,3801,2023-11-29,1343,282,TARAV,3,5,7,3801,0,0,0,,0,3I5B,"LINCOLN WY","11TH AV",0.00,,Y,A,-,N,,,,,,,,,,Y,4,0,2,6,A,-,04,21703,,N,H,C,A,A,H,-,A,D,0,,,,,Y,,D,22,0,0,2,0,0,0,0,0,0,"- ","- ",,,"SAN FRANCISCO","SAN FRANCISCO",-122.46858215332031,37.765827178955078
9605310,2023,2024-01-19,3801,2023-11-27,2328,4136,RICHM,1,5,7,3801,0,0,0,,0,3G12E,"GEARY BL","SPRUCE ST",0.00,,Y,A,-,N,,,,,,,,,,N,4,0,1,2,A,-,12,21453,A,N,D,J,A,A,H,-,C,A,0,,,,,Y,,-,,0,0,1,0,0,0,0,0,0,"- ","- ",,,"SAN FRANCISCO","SAN FRANCISCO",-122.45317840576172,37.781791687011719
9605311,2023,2024-01-19,3801,2023-11-30,2145,1448,CENTR,4,5,7,3801,0,0,0,,0,3A11E,"GEARY ST","HYDE ST",0.00,,Y,B,-,N,,,,,,,,,,N,4,0,2,3,A,-,00,21955,A,N,D,B,D,A,H,-,C,A,0,Y,,,,Y,,N,60,0,0,2,0,2,0,0,0,0,"- ","- ",,,"SAN FRANCISCO","SAN FRANCISCO",-122.41645050048828,37.786319732666016
9605312,2023,2024-01-25,3801,2023-11-30,1400,801,SOUTH,4,5,7,3801,0,0,0,,0,0B2,"4TH ST","HARRISON ST",0.00,,Y,A,-,Y,SF,4,80,-,-,4.914,R,4,W,N,4,0,1,2,A,-,08,22107,,F,D,C,A,A,H,-,A,A,0,,,Y,,Y,,-,99,0,0,1,0,0,0,0,0,1,"- ","- ",,,"SAN FRANCISCO","SAN FRANCISCO",-122.40031433105469,37.779399871826172