CASE_ID,ACCIDENT_YEAR,PROC_DATE,JURIS,COLLISION_DATE,COLLISION_TIME,OFFICER_ID,REPORTING_DISTRICT,DAY_OF_WEEK,CHP_SHIFT,POPULATION,CNTY_CITY_LOC,SPECIAL_COND,BEAT_TYPE,CHP_BEAT_TYPE,CITY_DIVISION_LAPD,CHP_BEAT_CLASS,BEAT_NUMBER,PRIMARY_RD,SECONDARY_RD,DISTANCE,DIRECTION,INTERSECTION,WEATHER_1,WEATHER_2,STATE_HWY_IND,CALTRANS_COUNTY,CALTRANS_DISTRICT,STATE_ROUTE,ROUTE_SUFFIX,POSTMILE_PREFIX,POSTMILE,LOCATION_TYPE,RAMP_INTERSECTION,SIDE_OF_HWY,TOW_AWAY,COLLISION_SEVERITY,NUMBER_KILLED,NUMBER_INJURED,PARTY_COUNT,PRIMARY_COLL_FACTOR,PCF_CODE_OF_VIOL,PCF_VIOL_CATEGORY,PCF_VIOLATION,PCF_VIOL_SUBSECTION,HIT_AND_RUN,TYPE_OF_COLLISION,MVIW,PED_ACTION,ROAD_SURFACE,ROAD_COND_1,ROAD_COND_2,LIGHTING,CONTROL_DEVICE,CHP_ROAD_TYPE,PEDESTRIAN_ACCIDENT,BICYCLE_ACCIDENT,MOTORCYCLE_ACCIDENT,TRUCK_ACCIDENT,NOT_PRIVATE_PROPERTY,ALCOHOL_INVOLVED,STWD_VEHTYPE_AT_FAULT,CHP_VEHTYPE_AT_FAULT,COUNT_SEVERE_INJ,COUNT_VISIBLE_INJ,COUNT_COMPLAINT_PAIN,COUNT_PED_KILLED,COUNT_PED_INJURED,COUNT_BICYCLIST_KILLED,COUNT_BICYCLIST_INJURED,COUNT_MC_KILLED,COUNT_MC_INJURED,PRIMARY_RAMP,SECONDARY_RAMP,LATITUDE,LONGITUDE,COUNTY,CITY,POINT_X,POINT_Y
9605313,2023,2024-01-19,3801,2023-11-30,"711 ",750,TENDE,4,5,7,3801,0,0,0,,0,3J11A,"MARKET ST","7TH ST",0.00,,Y,A,-,N,,,,,,,,,,N,3,0,1,1,A,-,"- ",,,N,H,J,A,A,A,-,A,A,0,,Y,,,Y,,L,04,0,1,0,0,0,0,1,0,0,"- ","- ",,,"SAN FRANCISCO","SAN FRANCISCO",-122.41251373291016,37.780479431152344
9606324,2023,2023-08-15,3801,2023-06-18,1853,4119,TRAFF,7,5,7,3801,0,0,0,,0,4B103,"EMBARCADERO SOUTH","HOWARD ST",0.00,,Y,A,-,N,,,,,,,,,,Y,3,0,2,1,A,-,03,22350,,M,A,I,A,A,H,-,A,A,0,,,,,Y,Y,A,07,0,2,0,0,0,0,0,0,0,"- ","- ",,,"SAN FRANCISCO","SAN FRANCISCO",-122.39119720458984,37.792331695556641
9606334,2023,2023-08-14,3801,2023-06-28,1355,4325,TARAV,3,5,7,3801,0,0,0,,0,005,"FONT BL","ARBALLO DR",0.00,,Y,B,-,N,,,,,,,,,,N,4,0,1,2,A,-,10,21950,A,N,-,B,B,A,H,-,A,A,0,Y,,,,Y,,A,01,0,0,1,0,1,0,0,0,0,"- ","- ",,,"SAN FRANCISCO","SAN FRANCISCO",-122.48244476318359,37.721748352050781
9606346,2023,2023-08-15,3801,2023-05-25,1422,2727,INGLE,4,5,7,3801,0,0,0,,0,3H14D,"CESAR CHAVEZ ST","BRYANT ST",0.00,,Y,F,-,N,,,,,,,,,,N,4,0,1,3,A,-,03,22350,,N,C,C,A,-,G,-,A,A,0,,,,,Y,,D,22,0,0,1,0,0,0,0,0,0,"- ","- ",,,"SAN FRANCISCO","SAN FRANCISCO",-122.40872192382812,37.748401641845703
9606347,2023,2023-08-15,3801,2023-05-10,1157,1396,SOUTH,3,5,7,3801,0,0,0,,0,3B13A,"FOLSOM ST","8TH ST",0.00,,Y,A,-,N,,,,,,,,,,N,3,0,1,2,A,-,03,22350,,N,H,A,A,A,H,-,A,A,0,,Y,Y,,Y,,C,02,0,1,0,0,0,0,0,0,1,"- ","- ",,,"SAN FRANCISCO","SAN FRANCISCO",-122.41004943847656,37.774990081787109
9606961,2023,2023-10-04,3801,2023-07-25,"810 ",156,,2,5,7,3801,0,0,0,,0,3C2A,"BAYSHORE BL","MAIN ST",0.00,,Y,A,-,N,,,,,,,,,,N,4,0,1,2,A,-,03,22350,,N,D,C,A,A,H,-,A,D,0,,,,,Y,,A,01,0,0,1,0,0,0,0,0,0,"- ","- ",,,"SAN FRANCISCO","SAN FRANCISCO",-122.40837860107422,37.700199127197266
9607072,2023,2023-09-06,3801,2023-06-30,1630,171,CENTR,5,5,7,3801,0,0,0,,0,2CAR,"STOCKTON ST","POST ST",24.00,N,N,A,-,N,,,,,,,,,,N,4,0,1,2,A,-,08,22107,,N,B,C,A,A,H,-,A,A,0,,,,,Y,,A,01,0,0,1,0,0,0,0,0,0,"- ","- ",,,"SAN FRANCISCO","SAN FRANCISCO",-122.40678405761719,37.78857421875
9607141,2023,2023-10-02,3801,2023-08-05,1904,4269,INGLE,6,5,7,3801,0,0,0,,0,3H76,"CAYUGA AV","MOUNT VERNON AV",0.00,,Y,A,-,N,,,,,,,,,,N,3,0,1,1,D,-,00,,,N,F,G,A,A,H,-,A,D,0,,Y,,,Y,,-,"- ",0,1,0,0,0,0,1,0,0,"- ","- ",,,"SAN FRANCISCO","SAN FRANCISCO",-122.44581604003906,37.717075347900391
9607142,2023,2023-10-02,3801,2023-08-05,1600,2723,PARK,6,5,7,3801,0,0,0,,0,3F13D,"TURK ST","BEAUMONT AV",0.00,,Y,A,-,N,,,,,,,,,,N,3,0,1,2,A,-,08,22107,,N,B,C,A,A,H,-,A,D,0,,,,,Y,,A,01,0,1,0,0,0,0,0,0,0,"- ","- ",,,"SAN FRANCISCO","SAN FRANCISCO",-122.45433044433594,37.777698516845703
9607143,2023,2023-09-26,3801,2023-08-05,1352,4023,MISSI,6,5,7,3801,0,0,0,,0,006,"17TH ST","UTAH ST",94.00,E,N,A,-,N,,,,,,,,,,N,4,0,1,3,A,-,04,21703,,N,C,C,A,A,H,-,A,D,0,,,,,Y,,A,01,0,0,1,0,0,0,0,0,0,"- ","- ",,,"SAN FRANCISCO","SAN FRANCISCO",-122.40610504150391,37.764575958251953
9607144,2023,2023-10-06,3801,2023-08-05,"141 ",2142,INGLE,6,5,7,3801,0,0,0,,0,3H16E,"GENEVA AV","RT 280",15.00,E,N,A,-,Y,SF,4,280,-,R,1.556,R,4,N,Y,4,0,4,2,A,-,03,22350,,N,A,C,A,B,H,-,C,A,0,,,,,Y,,A,01,0,0,4,0,0,0,0,0,0,"- ","- ",,,"SAN FRANCISCO","SAN FRANCISCO",-122.44822692871094,37.719936370849609
9607145,2023,2023-10-02,3801,2023-08-02,"729 ",917,TRAFF,3,5,7,3801,0,0,0,,0,4B2E,"BAKER ST","FULTON ST",0.00,,Y,B,-,N,,,,,,,,,,Y,3,0,2,3,A,-,12,21453,A,F,D,C,A,B,H,-,A,A,0,,,,,Y,,A,01,0,2,0,0,0,0,0,0,0,"- ","- ",,,"SAN FRANCISCO","SAN FRANCISCO",-122.44149017333984,37.77642822265625
9608145,2023,2023-08-17,3801,2023-03-12,1645,917,NORTH,7,5,7,3801,0,0,0,,0,3E52,"MARINA BL","BUCHANAN ST",0.00,,Y,A,-,N,,,,,,,,,,Y,4,0,1,2,A,-,09,21801,A,N,B,C,A,A,H,-,A,A,0,,,,,Y,,A,01,0,0,1,0,0,0,0,0,0,"- ","- ",,,"SAN FRANCISCO","SAN FRANCISCO",-122.43370819091797,37.805038452148438
9608217,2023,2023-08-16,3801,2023-06-29,2120,1123,SOUTH,4,5,7,3801,0,0,0,,0,3B15E,"5TH ST","HARRISON ST",0.00,,Y,A,-,N,,,,,,,,,,N,3,0,1,2,A,-,11,21453,D,N,G,B,B,A,-,-,C,A,0,Y,,,,Y,,N,60,0,1,0,0,1,0,0,0,0,"- ","- ",,,"SAN FRANCISCO","SAN FRANCISCO",-122.40187072753906,37.779056549072266
9608419,2023,2023-08-17,3801,2023-07-17,1717,260,SOUTH,1,5,7,3801,0,0,0,,0,3B12D,"CLARA ST","6TH ST",0.00,,-,A,-,N,,,,,,,,,,N,4,0,1,2,A,-,06,21750,,F,C,G,A,A,D,-,A,D,0,,Y,,,Y,,A,07,0,0,1,0,0,0,1,0,0,"- ","- ",,,"SAN FRANCISCO","SAN FRANCISCO",-122.40460968017578,37.777706146240234
9608459,2023,2023-08-15,3801,2023-07-17,2309,1709,PARK,1,5,7,3801,0,0,0,,0,003,"FULTON ST","BRODERICK ST",0.00,,Y,A,-,N,,,,,,,,,,N,4,0,1,2,A,-,12,21453,A,N,D,C,A,A,H,-,C,A,0,,,,,Y,,-,,0,0,1,0,0,0,0,0,0,"- ","- ",,,"SAN FRANCISCO","SAN FRANCISCO",-122.43984222412109,37.776634216308594
9608463,2023,2023-08-21,3801,2023-07-15,1720,2017,MISSI,6,5,7,3801,0,0,0,,0,3D11D,"FOLSOM ST","16TH ST",0.00,,Y,A,-,N,,,,,,,,,,Y,2,0,2,2,A,-,08,22107,,N,A,D,A,A,H,-,A,A,0,,,,,Y,,A,01,1,1,0,0,0,0,0,0,0,"- ","- ",,,"SAN FRANCISCO","SAN FRANCISCO",-122.41529846191406,37.765312194824219
9608814,2023,2023-09-01,3801,2023-07-04,"457 ",1183,NORTH,2,5,7,3801,0,0,0,,0,3E12E,"TURK ST","WEBSTER ST",0.00,,Y,A,-,N,,,,,,,,,,Y,4,0,2,2,A,-,01,23153,A,N,D,C,A,A,H,-,C,A,0,,,,,Y,Y,A,01,0,0,2,0,0,0,0,0,0,"- ","- ",,,"SAN FRANCISCO","SAN FRANCISCO",-122.43048858642578,37.780685424804688
9609409,2023,2023-09-21,3801,2023-08-30,1614,1931,NORTH,3,5,7,3801,0,0,0,,0,3E16D,"VAN NESS AV","GREEN ST",0.00,,Y,A,-,Y,SF,4,101,-,-,6.450,I,5,S,N,2,0,1,2,A,-,11,21453,D,N,B,B,B,A,H,-,A,A,0,Y,,,,Y,,N,60,1,0,0,0,1,0,0,0,0,"- ","- ",,,"SAN FRANCISCO","SAN FRANCISCO",-122.42390441894531,37.797611236572266
9609413,2023,2023-09-14,3801,2023-08-28,1540,426,NORTH,1,5,7,3801,0,0,0,,0,3E13D,"EDDY ST","POLK ST",191.00,W,N,A,-,N,,,,,,,,,,,3,0,1,2,A,-,21,22106,,F,G,B,E,A,H,-,A,D,0,Y,,,,Y,,D,22,0,1,0,0,1,0,0,0,0,"- ","- ",,,"SAN FRANCISCO","SAN FRANCISCO",-122.41983032226562,37.783000946044922
9610650,2023,2023-09-08,3801,2023-08-06,1941,2038,PARK,7,5,7,3801,0,0,0,,0,3F12D,LINCOLN,"5TH AV",93.00,E,N,A,-,N,,,,,,,,,,Y,4,0,2,3,A,-,07,21658,A,N,B,C,A,A,H,-,B,D,0,,,,,Y,,A,01,0,0,2,0,0,0,0,0,0,"- ","- ",,,"SAN FRANCISCO","SAN FRANCISCO",-122.46183776855469,37.766124725341797
9610651,2023,2023-09-08,3801,2023-08-06,1550,2139,TARAV,7,5,7,3801,0,0,0,,0,901,"JUDAH ST","17TH AV",0.00,E,N,A,-,N,,,,,,,,,,N,3,0,1,1,A,-,08,22107,,N,E,I,A,A,H,-,A,A,0,,,Y,,Y,,C,02,0,1,0,0,0,0,0,0,1,"- ","- ",,,"SAN FRANCISCO","SAN FRANCISCO",-122.47483062744141,37.761848449707031
9610652,2023,2023-09-28,3801,2023-08-06,1410,905,MISSI,7,5,7,3801,0,0,0,,0,3D3C,"VALENCIA ST","20TH ST",100.00,S,N,A,-,N,,,,,,,,,,N,3,0,1,3,A,-,00,21754,A,N,H,-,A,A,H,-,A,A,0,,,Y,,Y,,C,02,0,1,0,0,0,0,0,0,1,"- ","- ",,,"SAN FRANCISCO","SAN FRANCISCO",-122.42122650146484,37.758235931396484
9610653,2023,2023-09-08,3801,2023-08-06,1234,359,TARAV,7,5,7,3801,0,0,0,,0,312B,"LINCOLN WY","16TH AV",0.00,,Y,A,-,N,,,,,,,,,,Y,3,0,1,2,A,-,08,22107,,N,D,C,A,A,H,-,A,D,0,,,Y,,Y,,A,01,0,1,0,0,0,0,0,0,1,"- ","- ",,,"SAN FRANCISCO","SAN FRANCISCO",-122.47406768798828,37.765594482421875
9610654,2023,2023-09-08,3801,2023-08-06,1035,4267,TARAV,7,5,7,3801,0,0,0,,0,313A,"LINCOLN WY","40TH AV",0.00,,Y,A,-,N,,,,,,,,,,N,3,0,1,2,A,-,03,22350,,N,B,E,A,A,H,-,A,D,0,,,,,Y,,A,01,0,1,0,0,0,0,0,0,0,"- ","- ",,,"SAN FRANCISCO","SAN FRANCISCO",-122.49974822998047,37.764457702636719
9610655,2023,2023-09-28,3801,2023-08-06,"800 ",469,MISSI,7,5,7,3801,0,0,0,,0,32D2D,"VALENCIA ST","18TH ST",0.00,,Y,-,-,N,,,,,,,,,,N,4,0,1,2,A,-,08,22101,,N,D,-,A,-,-,-,-,A,0,,Y,,,Y,,-,,0,0,1,0,0,0,1,0,0,"- ","- ",,,"SAN FRANCISCO","SAN FRANCISCO",-122.42156219482422,37.761714935302734
9610656,2023,2023-09-08,3801,2023-08-07,"815 ",283,MISSI,1,5,7,3801,0,0,0,,0,0D4,"CAPP ST","24TH ST",177.00,N,N,A,-,N,,,,,,,,,,N,4,0,1,2,A,-,04,21703,,N,C,G,A,A,H,-,A,A,0,,Y,,,Y,,L,04,0,0,1,0,0,0,1,0,0,"- ","- ",,,"SAN FRANCISCO","SAN FRANCISCO",-122.41738128662109,37.752796173095703
9610657,2023,2023-09-08,3801,2023-08-07,"830 ",1642,BAYVI,1,5,7,3801,0,0,0,,0,3C13A,"ILLINOIS ST","AMADOR ST",130.00,N,N,A,-,N,,,,,,,,,,N,3,0,2,1,A,-,03,22350,,N,H,J,A,A,G,-,A,D,0,,Y,,,Y,,L,04,0,2,0,0,0,0,2,0,0,"- ","- ",,,"SAN FRANCISCO","SAN FRANCISCO",-122.38607788085938,37.746124267578125
9610658,2023,2023-09-08,3801,2023-08-05,1941,1414,MISSI,6,5,7,3801,0,0,0,,0,3D16D,"MISSION ST","18TH ST",160.00,N,N,A,-,N,,,,,,,,,,N,4,0,1,2,A,-,08,22107,,N,D,C,A,A,H,-,A,D,0,,,,,Y,,A,01,0,0,1,0,0,0,0,0,0,"- ","- ",,,"SAN FRANCISCO","SAN FRANCISCO",-122.41941833496094,37.762279510498047
9610659,2023,2023-09-08,3801,2023-08-04,"744 ",2392,MISSI,5,5,7,3801,0,0,0,,0,03D,"MARKET ST","CHURCH ST",0.00,,Y,B,-,N,,,,,,,,,,N,4,0,1,2,A,-,21,22106,,N,C,C,A,A,H,-,A,A,0,,,,,Y,,A,01,0,0,1,0,0,0,0,0,0,"- ","- ",,,"SAN FRANCISCO","SAN FRANCISCO",-122.42893981933594,37.767608642578125
9610660,2023,2023-09-08,3801,2023-08-03,"800 ",2491,TENDE,4,5,7,3801,0,0,0,,0,3J13A,"HYDE ST","GOLDEN GATE AV",0.00,,Y,A,B,N,,,,,,,,,,,4,0,1,2,A,-,12,21453,A,N,D,C,A,-,-,-,A,A,0,,,Y,,Y,,A,08,0,0,1,0,0,0,0,0,1,"- ","- ",,,"SAN FRANCISCO","SAN FRANCISCO",-122.41549682617188,37.781650543212891
9610661,2023,2023-09-21,3801,2023-08-30,"30  ",2457,SOUTH,3,5,7,3801,0,0,0,,0,3B11E,"HOWARD ST","HAWTHORNE ST",0.00,,Y,A,-,N,,,,,,,,,,N,3,0,1,2,A,-,03,22350,,N,E,E,A,A,H,-,C,D,0,,Y,,,Y,,L,04,0,1,0,0,0,0,1,0,0,"- ","- ",,,"SAN FRANCISCO","SAN FRANCISCO",-122.39937591552734,37.785888671875
9610662,2023,2023-09-14,3801,2023-08-02,2213,1051,NORTH,3,5,7,3801,0,0,0,,0,3E13E,"BUSH ST","POLK ST",0.00,,Y,A,-,N,,,,,,,,,,N,4,0,1,2,A,-,03,22350,,F,C,C,A,A,H,-,C,A,0,,,,,Y,,A,01,0,0,1,0,0,0,0,0,0,"- ","- ",,,"SAN FRANCISCO","SAN FRANCISCO",-122.42029571533203,37.788688659667969
9610663,2023,2023-09-14,3801,2023-08-02,2200,2727,INGLE,3,5,7,3801,0,0,0,,0,3H14E,"ALEMANY BL","COTTER ST",0.00,,Y,A,-,N,,,,,,,,,,Y,4,0,4,3,A,-,00,38300,,N,D,C,A,A,H,-,C,D,0,,,,,Y,,A,01,0,0,4,0,0,0,0,0,0,"- ","- ",,,"SAN FRANCISCO","SAN FRANCISCO",-122.43502044677734,37.728199005126953
9610664,2023,2023-09-14,3801,2023-08-02,"920 ",4333,NORTH,3,5,7,3801,0,0,0,,0,3E15A,"LOMBARD ST","STEINER ST",212.00,E,N,A,-,N,,,,,,,,,,Y,4,0,1,4,A,-,09,21804,A,N,D,C,A,A,H,-,A,A,0,,,,,Y,,A,01,0,0,1,0,0,0,0,0,0,"- ","- ",,,"SAN FRANCISCO","SAN FRANCISCO",-122.43696594238281,37.799732208251953
9610665,2023,2023-09-14,3801,2023-08-01,"650 ",1364,NORTH,2,5,7,3801,0,0,0,,0,3E11A,"FELL ST","GOUGH ST",20.00,E,N,A,-,N,,,,,,,,,,N,4,0,1,2,A,-,04,21703,,N,C,C,A,A,H,-,A,D,0,,,,,Y,,A,01,0,0,1,0,0,0,0,0,0,"- ","- ",,,"SAN FRANCISCO","SAN FRANCISCO",-122.42271423339844,37.775951385498047
9610666,2023,2023-09-21,3801,2023-08-02,"153 ",2288,INGLE,3,5,7,3801,0,0,0,,0,3H11E,"SAN JOSE AV","29TH ST",128.00,N,N,F,-,N,,,,,,,,,,Y,4,0,1,2,A,-,03,22350,,N,F,E,A,B,H,-,C,D,0,,,,,Y,,A,01,0,0,1,0,0,0,0,0,0,"- ","- ",,,"SAN FRANCISCO","SAN FRANCISCO",-122.42263031005859,37.744270324707031
9610667,2023,2023-09-14,3801,2023-08-01,2055,1183,NORTH,2,5,7,3801,0,0,0,,0,3E12E,"OCTAVIA ST","MARKET ST",0.00,,Y,B,-,N,,,,,,,,,,N,4,0,1,2,A,-,00,2800,A,F,G,B,E,A,G,-,C,A,0,Y,,,,Y,,A,01,0,0,1,0,1,0,0,0,0,"- ","- ",,,"SAN FRANCISCO","SAN FRANCISCO",-122.42359161376953,37.771774291992188
9610668,2023,2023-09-14,3801,2023-08-01,1944,704,BAYVI,2,5,7,3801,0,0,0,,0,3C15D,"VAN DYKE AV","KEITH ST",240.00,E,N,A,-,N,,,,,,,,,,Y,3,0,1,2,A,-,21,22106,,N,G,B,E,A,H,-,A,D,0,Y,,,,Y,,A,01,0,1,0,0,1,0,0,0,0,"- ","- ",,,"SAN FRANCISCO","SAN FRANCISCO",-122.38987731933594,37.727710723876953
9610669,2023,2023-09-14,3801,2023-08-01,1505,4212,PARK,2,5,7,3801,0,0,0,,0,3E13D,"ANZA ST","STANYAN ST",0.00,,Y,B,-,N,,,,,,,,,,Y,3,0,3,2,A,-,12,21453,A,N,D,C,A,A,H,-,A,A,0,,,,,Y,,A,01,0,1,2,0,0,0,0,0,0,"- ","- ",,,"SAN FRANCISCO","SAN FRANCISCO",-122.45619201660156,37.779811859130859
9610670,2023,2023-09-22,3801,2023-08-01,1417,877,CENTR,2,5,7,3801,0,0,0,,0,3A44C,"MARKET ST","1ST ST",0.00,,Y,A,-,N,,,,,,,,,,Y,2,0,2,2,A,-,08,22101,D,N,D,B,-,A,H,-,A,A,0,Y,,Y,,Y,,C,02,1,0,1,0,1,0,0,0,1,"- ","- ",,,"SAN FRANCISCO","SAN FRANCISCO",-122.39913940429688,37.791053771972656
9610671,2023,2023-09-14,3801,2023-08-06,1513,364,SOUTH,7,5,7,3801,0,0,0,,0,3B13D,"6TH ST","SHIPLEY ST",0.00,,Y,A,-,N,,,,,,,,,,Y,4,0,1,2,A,-,09,21801,A,N,D,C,A,A,H,-,A,A,0,,,,,Y,,A,01,0,0,1,0,0,0,0,0,0,"- ","- ",,,"SAN FRANCISCO","SAN FRANCISCO",-122.40505218505859,37.778057098388672
9610672,2023,2023-09-14,3801,2023-08-06,2228,2469,SOUTH,7,5,7,3801,0,0,0,,0,3B14E,"DUBOCE AV","GUERRERO ST",0.00,,Y,C,-,N,,,,,,,,,,N,4,0,1,2,A,-,00,21955,A,N,G,B,D,A,-,-,A,A,0,Y,,,,Y,Y,N,60,0,0,1,0,1,0,0,0,0,"- ","- ",,,"SAN FRANCISCO","SAN FRANCISCO",-122.42459106445312,37.769741058349609
9610673,2023,2023-09-14,3801,2023-08-05,1540,LARA,NORTH,6,5,7,3801,0,0,0,,0,002,"GEARY BL","LAGUNA ST",198.00,W,N,A,-,N,,,,,,,,,,N,4,0,1,3,A,-,04,21703,,N,C,C,A,A,H,-,A,A,0,,,,,Y,,A,07,0,0,1,0,0,0,0,0,0,"- ","- ",,,"SAN FRANCISCO","SAN FRANCISCO",-122.42867279052734,37.784950256347656
9610674,2023,2023-09-14,3801,2023-08-05,1334,1226,SOUTH,6,5,7,3801,0,0,0,,0,3B12A,"MISSION ST","JESSIE EAST ST",0.00,,Y,A,-,N,,,,,,,,,,N,4,0,1,2,D,-,00,,,N,D,C,A,A,H,-,A,D,0,,,Y,,Y,,-,"- ",0,0,1,0,0,0,0,0,1,"- ","- ",,,"SAN FRANCISCO","SAN FRANCISCO",-122.40483093261719,37.784053802490234
9610675,2023,2023-09-21,3801,2023-08-04,2337,2030,TARAV,5,5,7,3801,0,0,0,,0,314E,"SLOAT BL","19TH AV",50.00,E,N,A,-,N,,,,,,,,,,N,4,0,2,2,A,-,03,22350,,F,C,C,A,A,H,-,C,A,0,,,,,Y,,A,01,0,0,2,0,0,0,0,0,0,"- ","- ",,,"SAN FRANCISCO","SAN FRANCISCO",-122.47493743896484,37.734561920166016
9610676,2023,2023-09-14,3801,2023-08-04,1641,2017,MISSI,5,5,7,3801,0,0,0,,0,3D11D,"SOUTH VAN NESS AV","18TH ST",25.00,S,N,A,-,N,,,,,,,,,,N,2,0,1,2,A,-,10,21950,,N,G,B,D,A,H,-,A,A,0,Y,,,,Y,,A,01,1,0,0,0,1,0,0,0,0,"- ","- ",,,"SAN FRANCISCO","SAN FRANCISCO",-122.41719055175781,37.761882781982422
9610677,2023,2023-09-14,3801,2023-08-04,1414,1503,BAYVI,5,5,7,3801,0,0,0,,0,3C11C,"INDUSTRIAL ST","BOUTWELL ST",0.00,,Y,A,-,N,,,,,,,,,,Y,4,0,1,2,A,-,09,21801,,N,D,C,A,A,H,-,A,D,0,,,Y,,Y,,A,01,0,0,1,0,0,0,0,0,1,"- ","- ",,,"SAN FRANCISCO","SAN FRANCISCO",-122.40565490722656,37.738376617431641
9610678,2023,2023-09-21,3801,2023-08-04,1322,2453,MISSI,5,5,7,3801,0,0,0,,0,3D13A,"VALENCIA ST","21ST ST",0.00,,Y,A,-,N,,,,,,,,,,N,4,0,1,2,A,-,11,21954,A,N,B,B,E,A,H,-,A,D,0,Y,,,,Y,,N,60,0,0,1,0,1,0,0,0,0,"- ","- ",,,"SAN FRANCISCO","SAN FRANCISCO",-122.42109680175781,37.756908416748047
9610679,2023,2023-09-14,3801,2023-08-04,"34  ",2457,SOUTH,5,5,7,3801,0,0,0,,0,3B14E,"MISSION ST","MISSION ST 1372",0.00,,Y,A,-,N,,,,,,,,,,Y,4,0,3,3,A,-,03,22350,,N,C,C,A,A,H,-,C,D,0,,,,,Y,,A,01,0,0,3,0,0,0,0,0,0,"- ","- ",,,"SAN FRANCISCO","SAN FRANCISCO",-122.41979217529297,37.7705078125
9610680,2023,2023-09-14,3801,2023-08-03,2202,1463,SOUTH,4,5,7,3801,0,0,0,,0,0B2,"BRYANT ST","3RD ST",0.00,,Y,A,-,N,,,,,,,,,,N,3,0,1,2,A,-,10,21950,,F,G,B,B,A,H,-,C,A,0,Y,,,,Y,Y,A,01,0,1,0,0,1,0,0,0,0,"- ","- ",,,"SAN FRANCISCO","SAN FRANCISCO",-122.39585113525391,37.781307220458984
9610681,2023,2023-09-11,3801,2023-08-03,1845,1544,CENTR,4,5,7,3801,0,0,0,,0,3A14D,EMBARCADERO,"LOMBARD ST",0.00,,Y,A,-,N,,,,,,,,,,N,4,0,1,3,A,-,03,22350,,N,C,C,A,A,H,-,A,D,0,,,,,Y,,A,01,0,0,1,0,0,0,0,0,0,"- ","- ",,,"SAN FRANCISCO","SAN FRANCISCO",-122.40220642089844,37.804168701171875
9610711,2023,2023-09-14,3801,2023-07-29,1824,2118,SOUTH,6,5,7,3801,0,0,0,,0,3B12D,"GALLAGHER LN","CLEMENTINA ST",20.00,N,N,A,-,N,,,,,,,,,,N,4,0,1,2,A,-,03,22350,,N,C,C,A,A,H,-,A,D,0,,,,,Y,,A,01,0,0,1,0,0,0,0,0,0,"- ","- ",,,"SAN FRANCISCO","SAN FRANCISCO",-122.40290069580078,37.781597137451172
9610712,2023,2023-09-18,3801,2023-07-29,1616,2118,SOUTH,6,5,7,3801,0,0,0,,0,3B12D,"HOWARD ST","BEALE ST",0.00,,Y,A,-,N,,,,,,,,,,N,4,0,1,2,A,-,08,22107,,N,D,G,A,A,H,-,A,A,0,,Y,,,Y,,A,01,0,0,1,0,0,0,1,0,0,"- ","- ",,,"SAN FRANCISCO","SAN FRANCISCO",-122.39427947998047,37.789920806884766
9610713,2023,2023-09-18,3801,2023-07-28,2112,1706,SOUTH,5,5,7,3801,0,0,0,,0,3B13E,"MINNA ST","6TH ST",0.00,,Y,-,-,N,,,,,,,,,,N,4,0,1,2,A,-,12,21453,A,N,G,B,B,A,H,-,C,A,0,Y,,,,Y,,A,01,0,0,1,0,1,0,0,0,0,"- ","- ",,,"SAN FRANCISCO","SAN FRANCISCO",-122.40813446044922,37.780551910400391
9610714,2023,2023-09-18,3801,2023-07-29,2140,1096,CENTR,6,5,7,3801,0,0,0,,0,3A15E,"3RD ST","STEVENSON ST",0.00,,Y,A,-,N,,,,,,,,,,N,4,0,1,2,A,-,12,21453,A,N,D,C,A,-,H,-,C,A,0,,,,,Y,,A,01,0,0,1,0,0,0,0,0,0,"- ","- ",,,"SAN FRANCISCO","SAN FRANCISCO",-122.40297698974609,37.787040710449219
9610715,2023,2023-09-18,3801,2023-07-29,2043,1215,MISSI,6,5,7,3801,0,0,0,,0,004,"TREAT AV","26TH ST",119.00,N,N,A,-,N,,,,,,,,,,N,4,0,1,2,A,-,09,21804,A,N,D,G,A,A,H,-,D,D,0,,Y,,,Y,,L,04,0,0,1,0,0,0,1,0,0,"- ","- ",,,"SAN FRANCISCO","SAN FRANCISCO",-122.41270446777344,37.749717712402344
9610716,2023,2023-09-18,3801,2023-07-29,1401,282,TARAV,6,5,7,3801,0,0,0,,0,005,"SKYLINE BL","OLYMPIC CLUB ROAD",0.00,,N,A,-,N,,,,,,,,,,Y,4,0,2,2,A,-,09,21802,A,N,D,C,A,A,H,-,A,D,0,,,,,Y,,A,01,0,0,2,0,0,0,0,0,0,"- ","- ",,,"SAN FRANCISCO","SAN FRANCISCO",-122.49658966064453,37.702159881591797
9610717,2023,2023-09-18,3801,2023-07-31,"225 ",1252,RICHM,1,5,7,3801,0,0,0,,0,0G2,"COLLINS ST","GEARY BL",126.00,N,N,A,-,N,,,,,,,,,,Y,3,0,1,2,A,-,01,23153,A,N,B,E,A,A,H,-,C,D,0,,,,,Y,Y,A,01,0,1,0,0,0,0,0,0,0,"- ","- ",,,"SAN FRANCISCO","SAN FRANCISCO",-122.4501953125,37.782520294189453
9610718,2023,2023-09-18,3801,2023-07-31,"58  ",2341,INGLE,1,5,7,3801,0,0,0,,0,3H15E,"SAN JOSE AV","MONTEREY BL",14.00,E,N,A,-,N,,,,,,,,,,Y,3,0,1,1,A,-,01,23152,A,N,E,I,A,A,H,-,D,D,0,,,,,Y,Y,A,01,0,1,0,0,0,0,0,0,0,"- ","- ",,,"SAN FRANCISCO","SAN FRANCISCO",-122.43508911132812,37.732254028320312