CASE_ID,ACCIDENT_YEAR,PROC_DATE,JURIS,COLLISION_DATE,COLLISION_TIME,OFFICER_ID,REPORTING_DISTRICT,DAY_OF_WEEK,CHP_SHIFT,POPULATION,CNTY_CITY_LOC,SPECIAL_COND,BEAT_TYPE,CHP_BEAT_TYPE,CITY_DIVISION_LAPD,CHP_BEAT_CLASS,BEAT_NUMBER,PRIMARY_RD,SECONDARY_RD,DISTANCE,DIRECTION,INTERSECTION,WEATHER_1,WEATHER_2,STATE_HWY_IND,CALTRANS_COUNTY,CALTRANS_DISTRICT,STATE_ROUTE,ROUTE_SUFFIX,POSTMILE_PREFIX,POSTMILE,LOCATION_TYPE,RAMP_INTERSECTION,SIDE_OF_HWY,TOW_AWAY,COLLISION_SEVERITY,NUMBER_KILLED,NUMBER_INJURED,PARTY_COUNT,PRIMARY_COLL_FACTOR,PCF_CODE_OF_VIOL,PCF_VIOL_CATEGORY,PCF_VIOLATION,PCF_VIOL_SUBSECTION,HIT_AND_RUN,TYPE_OF_COLLISION,MVIW,PED_ACTION,ROAD_SURFACE,ROAD_COND_1,ROAD_COND_2,LIGHTING,CONTROL_DEVICE,CHP_ROAD_TYPE,PEDESTRIAN_ACCIDENT,BICYCLE_ACCIDENT,MOTORCYCLE_ACCIDENT,TRUCK_ACCIDENT,NOT_PRIVATE_PROPERTY,ALCOHOL_INVOLVED,STWD_VEHTYPE_AT_FAULT,CHP_VEHTYPE_AT_FAULT,COUNT_SEVERE_INJ,COUNT_VISIBLE_INJ,COUNT_COMPLAINT_PAIN,COUNT_PED_KILLED,COUNT_PED_INJURED,COUNT_BICYCLIST_KILLED,COUNT_BICYCLIST_INJURED,COUNT_MC_KILLED,COUNT_MC_INJURED,PRIMARY_RAMP,SECONDARY_RAMP,LATITUDE,LONGITUDE,COUNTY,CITY,POINT_X,POINT_Y
9625582,2023,2023-10-11,3801,2023-09-16,1530,1251,BAYVI,6,5,7,3801,0,0,0,,0,3C12D,"BAY SHORE BL","3RD ST",0.00,,Y,A,-,N,,,,,,,,,,Y,4,0,2,2,A,-,03,22350,,N,C,C,A,A,H,-,A,D,0,,,,,Y,,A,01,0,0,2,0,0,0,0,0,0,"- ","- ",,,"SAN FRANCISCO","SAN FRANCISCO",-122.39888000488281,37.715229034423828
9625583,2023,2023-10-11,3801,2023-09-16,1241,2348,INGLE,6,5,7,3801,0,0,0,,0,3H15A,"MISSION ST","GENEVA AV",0.00,,Y,A,-,N,,,,,,,,,,Y,4,0,1,2,A,-,09,21801,A,N,D,C,A,A,H,-,A,A,0,,,,,Y,,A,01,0,0,1,0,0,0,0,0,0,"- ","- ",,,"SAN FRANCISCO","SAN FRANCISCO",-122.44100189208984,37.716388702392578
9625584,2023,2023-10-11,3801,2023-09-14,1612,1534,INGLE,4,5,7,3801,0,0,0,,0,3H15D,"GENEVA AV","PARQUE DR",0.00,,Y,A,-,N,,,,,,,,,,N,4,0,1,2,A,-,09,21800,A,N,D,C,A,A,H,-,A,D,0,,,,,Y,,A,01,0,0,1,0,0,0,0,0,0,"- ","- ",,,"SAN FRANCISCO","SAN FRANCISCO",-122.42291259765625,37.709098815917969
9625585,2023,2023-10-16,3801,2023-08-07,1621,2730,INGLE,1,5,7,3801,0,0,0,,0,3H13D,"ALEMANY BL","OCEAN AV",0.00,,Y,A,-,N,,,,,,,,,,Y,4,0,1,2,D,-,00,,,N,F,C,A,A,H,-,A,A,0,,,,,Y,,-,"- ",0,0,1,0,0,0,0,0,0,"- ","- ",,,"SAN FRANCISCO","SAN FRANCISCO",-122.43753814697266,37.723697662353516
9625586,2023,2023-10-16,3801,2023-08-01,1319,2229,TENDE,2,5,7,3801,0,0,0,,0,,"OFARRELL ST","LARKIN ST",0.00,,Y,A,-,N,,,,,,,,,,N,3,0,1,2,A,-,00,21954,,N,G,B,B,A,H,-,A,A,0,Y,,,,Y,Y,N,60,0,1,0,0,1,0,0,0,0,"- ","- ",,,"SAN FRANCISCO","SAN FRANCISCO",-122.41790008544922,37.785167694091797
9625587,2023,2023-10-16,3801,2023-08-24,1600,2401,SOUTH,4,5,7,3801,0,0,0,,0,3B13D,"AHERN WY","6TH ST",0.00,,Y,A,-,N,,,,,,,,,,N,3,0,1,2,A,-,08,22107,,N,D,G,A,A,H,-,A,D,0,,Y,,,Y,,A,01,0,1,0,0,0,0,1,0,0,"- ","- ",,,"SAN FRANCISCO","SAN FRANCISCO",-122.40335845947266,37.776744842529297
9625588,2023,2023-10-16,3801,2023-08-16,1908,2123,BAYVI,3,5,7,3801,0,0,0,,0,3C12D,"PALOU AV","RANKIN ST",0.00,,Y,A,-,N,,,,,,,,,,Y,4,0,1,2,A,-,12,22450,,F,B,C,A,A,H,-,A,A,0,,,,,Y,,A,01,0,0,1,0,0,0,0,0,0,"- ","- ",,,"SAN FRANCISCO","SAN FRANCISCO",-122.39837646484375,37.738224029541016
9625921,2023,2023-10-17,3801,2023-09-18,1347,1572,SOUTH,1,5,7,3801,0,0,0,,0,3B1A,"2ND ST","TEHAMA ST",0.00,,Y,A,-,N,,,,,,,,,,Y,3,0,2,2,A,-,09,21801,A,N,D,C,A,A,H,-,A,D,0,,,,,Y,,D,22,0,1,1,0,0,0,0,0,0,"- ","- ",,,"SAN FRANCISCO","SAN FRANCISCO",-122.39771270751953,37.786346435546875
9625933,2023,2023-10-18,3801,2023-09-11,1800,1447,PARK,1,5,7,3801,0,0,0,,0,003,"HAYES ST","CLAYTON ST",0.00,,Y,A,-,N,,,,,,,,,,N,2,0,1,3,A,-,11,21954,A,N,G,B,E,A,H,-,A,A,0,Y,,,,Y,Y,N,60,1,0,0,0,1,0,0,0,0,"- ","- ",,,"SAN FRANCISCO","SAN FRANCISCO",-122.44936370849609,37.773521423339844
9626021,2023,2023-10-11,3801,2023-09-16,1940,469,MISSI,6,5,7,3801,0,0,0,,0,3D11D,"18TH ST",OAKWOOD,142.00,E,N,A,-,N,,,,,,,,,,N,4,0,1,2,A,-,06,21750,,N,B,G,A,A,H,-,C,D,0,,Y,,,Y,,L,04,0,0,1,0,0,0,1,0,0,"- ","- ",,,"SAN FRANCISCO","SAN FRANCISCO",-122.42452239990234,37.761528015136719
9626028,2023,2023-10-11,3801,2023-09-12,1734,1718,BAYVI,2,5,7,3801,0,0,0,,0,3C90A,"SILVER AV","LEDYARD ST",0.00,,Y,A,-,N,,,,,,,,,,Y,3,0,1,3,A,-,06,21750,A,N,D,C,A,-,H,-,A,D,0,,,,,Y,,A,01,0,1,0,0,0,0,0,0,0,"- ","- ",,,"SAN FRANCISCO","SAN FRANCISCO",-122.40287780761719,37.734066009521484
9626036,2023,2023-10-11,3801,2023-09-15,1921,1021,SOUTH,5,5,7,3801,0,0,0,,0,3B15D,"KING ST","5TH ST",370.00,E,N,A,-,N,,,,,,,,,,Y,4,0,5,3,A,-,03,22350,,N,C,C,A,A,H,-,C,A,0,,,,,Y,,A,01,0,0,5,0,0,0,0,0,0,"- ","- ",,,"SAN FRANCISCO","SAN FRANCISCO",-122.39544677734375,37.775379180908203
9626039,2023,2023-10-11,3801,2023-09-19,2038,988,INGLE,2,5,7,3801,0,0,0,,0,3H113,"GENEVA AV","RT 280",0.00,,Y,A,-,N,,,,,,,,,,Y,4,0,1,2,A,-,12,21453,A,N,D,C,A,A,H,-,C,A,0,,,,,Y,,A,01,0,0,1,0,0,0,0,0,0,"- ",SF,,,"SAN FRANCISCO","SAN FRANCISCO",-122.447998046875,37.721267700195312
9626061,2023,2023-10-11,3801,2023-09-05,1300,1474,RICHM,2,5,7,3801,0,0,0,,0,901,"GEARY ST","16TH AV",0.00,,Y,A,-,N,,,,,,,,,,Y,4,0,1,2,A,-,12,21453,A,N,D,C,A,A,H,-,A,A,0,,,,,Y,,A,07,0,0,1,0,0,0,0,0,0,"- ","- ",,,"SAN FRANCISCO","SAN FRANCISCO",-122.47511291503906,37.78057861328125
9626062,2023,2023-10-11,3801,2023-09-08,1229,1250,SOUTH,5,5,7,3801,0,0,0,,0,3B14A,"HOWARD ST","11TH ST",0.00,,Y,A,-,N,,,,,,,,,,N,4,0,1,2,A,-,10,21950,A,N,G,B,B,A,H,-,A,A,0,Y,,,,Y,,A,01,0,0,1,0,1,0,0,0,0,"- ","- ",,,"SAN FRANCISCO","SAN FRANCISCO",-122.41557312011719,37.773117065429688
9626063,2023,2023-10-11,3801,2023-09-08,"336 ",1350,BAYVI,5,5,7,3801,0,0,0,,0,3C13E,"FAIRFAX AV","KEITH ST",163.00,E,N,A,-,N,,,,,,,,,,N,4,0,1,2,A,-,05,21650,,F,A,G,A,A,H,-,C,A,0,,Y,,,Y,,L,04,0,0,1,0,0,0,1,0,0,"- ","- ",,,"SAN FRANCISCO","SAN FRANCISCO",-122.381103515625,37.737846374511719
9626064,2023,2023-10-11,3801,2023-09-06,2219,2140,MISSI,3,5,7,3801,0,0,0,,0,3D11E,"DUBOCE AV","VALENCIA ST",0.00,,Y,A,-,N,,,,,,,,,,N,2,0,1,2,A,-,12,21453,A,F,A,G,A,A,H,-,C,A,0,,Y,,,Y,,A,01,1,0,0,0,0,0,1,0,0,"- ","- ",,,"SAN FRANCISCO","SAN FRANCISCO",-122.42236328125,37.769866943359375
9626065,2023,2023-10-11,3801,2023-09-05,1335,1003,INGLE,2,5,7,3801,0,0,0,,0,003,"MANSELL ST","VISITACION AV",0.00,,Y,A,-,N,,,,,,,,,,Y,3,0,1,1,A,-,08,22107,,N,B,I,A,A,H,-,A,D,0,,,,,Y,,A,01,0,1,0,0,0,0,0,0,0,"- ","- ",,,"SAN FRANCISCO","SAN FRANCISCO",-122.41164398193359,37.718658447265625
9626066,2023,2023-10-16,3801,2023-09-10,"157 ",2035,MISSI,7,5,7,3801,0,0,0,,0,3B13E,"S VAN NESS AV","19TH ST",168.00,S,N,A,-,N,,,,,,,,,,Y,4,0,1,2,A,-,01,23152,A,N,B,C,A,A,H,-,C,A,0,,,,,Y,Y,A,01,0,0,1,0,0,0,0,0,0,"- ","- ",,,"SAN FRANCISCO","SAN FRANCISCO",-122.41701507568359,37.759899139404297
9626067,2023,2023-10-11,3801,2023-09-10,"145 ",2124,MISSI,7,5,7,3801,0,0,0,,0,3D13E,"MISSION ST","19TH ST",0.00,,Y,A,-,N,,,,,,,,,,N,3,0,4,5,A,-,12,21453,,F,G,B,B,A,H,-,C,A,0,Y,,,,Y,,-,,0,1,3,0,4,0,0,0,0,"- ","- ",,,"SAN FRANCISCO","SAN FRANCISCO",-122.41921997070312,37.760219573974609
9626068,2023,2023-10-11,3801,2023-09-09,2132,2722,CENTR,6,5,7,3801,0,0,0,,0,3A14E,"BAY ST","STOCKTON ST",0.00,,Y,A,-,N,,,,,,,,,,Y,4,0,6,4,A,-,17,23109,C,N,D,C,A,B,H,-,C,A,0,,,,,Y,,A,01,0,0,6,0,0,0,0,0,0,"- ","- ",,,"SAN FRANCISCO","SAN FRANCISCO",-122.41030120849609,37.806037902832031
9626069,2023,2023-10-11,3801,2023-09-07,1510,1825,SOUTH,4,5,7,3801,0,0,0,,0,3B14D,"BRYANT ST","8TH ST",0.00,,Y,A,-,N,,,,,,,,,,N,4,0,2,2,A,-,08,22107,,N,B,C,A,A,H,-,A,A,0,,,,,Y,,A,01,0,0,2,0,0,0,0,0,0,"- ","- ",,,"SAN FRANCISCO","SAN FRANCISCO",-122.406982421875,37.772514343261719
9626070,2023,2023-10-11,3801,2023-09-09,"654 ",4,SOUTH,6,5,7,3801,0,0,0,,0,3B5,"DE HARO ST","DIVISION ST",52.00,S,N,B,-,N,,,,,,,,,,Y,3,0,1,2,A,-,12,22450,A,N,D,E,A,A,H,-,B,A,0,,,,,Y,,A,01,0,1,0,0,0,0,0,0,0,"- ","- ",,,"SAN FRANCISCO","SAN FRANCISCO",-122.40214538574219,37.769874572753906
9626071,2023,2023-10-11,3801,2023-09-09,"20  ",2457,SOUTH,6,5,7,3801,0,0,0,,0,3B14E,"KING ST","TOWNSEND ST",0.00,,Y,A,-,N,,,,,,,,,,Y,4,0,1,1,A,-,03,22350,,N,E,I,A,A,H,-,A,D,0,,,,,Y,Y,A,01,0,0,1,0,0,0,0,0,0,"- ","- ",,,"SAN FRANCISCO","SAN FRANCISCO",,
9626072,2023,2023-10-11,3801,2023-09-09,"6   ",1463,SOUTH,6,5,7,3801,0,0,0,,0,0B2,"MISSION ST","JESSIE EAST ST",0.00,,Y,A,-,N,,,,,,,,,,N,3,0,1,1,D,-,00,,,N,A,I,A,A,H,-,C,D,0,,,Y,,Y,,-,"- ",0,1,0,0,0,0,0,0,1,"- ","- ",,,"SAN FRANCISCO","SAN FRANCISCO",-122.40483093261719,37.784053802490234
9626073,2023,2023-10-16,3801,2023-09-08,2308,2457,SOUTH,5,5,7,3801,0,0,0,,0,3B14E,"HARRISON ST","3RD ST",100.00,W,N,A,-,N,,,,,,,,,,N,3,0,1,2,A,-,17,22517,,N,G,J,A,A,H,-,C,A,0,,,,,Y,,A,08,0,1,0,0,0,0,0,0,0,"- ","- ",,,"SAN FRANCISCO","SAN FRANCISCO",-122.39763641357422,37.782356262207031
9626074,2023,2023-10-11,3801,2023-09-08,1832,203,MISSI,5,5,7,3801,0,0,0,,0,MISSIO,"24TH ST","UTAH ST",118.00,E,N,A,-,N,,,,,,,,,,Y,3,0,1,3,A,-,09,21801,A,N,D,C,A,A,H,-,A,D,0,,,Y,,Y,,A,01,0,1,0,0,0,0,0,0,1,"- ","- ",,,"SAN FRANCISCO","SAN FRANCISCO",-122.40491485595703,37.753108978271484
9626075,2023,2023-10-11,3801,2023-09-11,2114,1857,SOUTH,1,5,7,3801,0,0,0,,0,3B60,"HARRISON ST","4TH ST",0.00,,Y,A,-,N,,,,,,,,,,N,4,0,1,2,D,-,00,,,N,G,C,A,A,H,-,C,A,0,,,,,Y,,-,"- ",0,0,1,0,0,0,0,0,0,"- ","- ",,,"SAN FRANCISCO","SAN FRANCISCO",-122.39962768554688,37.780776977539062
9626076,2023,2023-10-11,3801,2023-09-10,1500,2123,BAYVI,7,5,7,3801,0,0,0,,0,3C11D,"18TH ST","PENNSYLVANIA AV",200.00,E,N,A,-,N,,,,,,,,,,Y,3,0,1,2,A,-,09,21802,A,N,D,C,A,A,H,-,A,A,0,,,Y,,Y,,C,02,0,1,0,0,0,0,0,0,1,"- ","- ",,,"SAN FRANCISCO","SAN FRANCISCO",-122.3929443359375,37.762805938720703
9626077,2023,2023-10-11,3801,2023-09-10,1740,397,CENTR,7,5,7,3801,0,0,0,,0,3A12D,"COLUMBUS AV","STOCKTON ST",0.00,,Y,A,-,N,,,,,,,,,,N,3,0,1,1,A,-,03,22350,,N,E,I,A,A,H,-,A,A,0,,,Y,,Y,,C,02,0,1,0,0,0,0,0,0,1,"- ","- ",,,"SAN FRANCISCO","SAN FRANCISCO",-122.40898132324219,37.799495697021484
9626078,2023,2023-10-11,3801,2023-09-09,1103,1945,BAYVI,6,5,7,3801,0,0,0,,0,3C15A,"INGERSON AV","REDONDO ST",0.00,,Y,A,-,N,,,,,,,,,,N,4,0,3,2,A,-,03,22350,,N,A,C,A,A,H,-,A,A,0,,,,,Y,,A,01,0,0,3,0,0,0,0,0,0,"- ","- ",,,"SAN FRANCISCO","SAN FRANCISCO",-122.39203643798828,37.71856689453125
9626079,2023,2023-10-11,3801,2023-09-06,"434 ",2293,MISSI,3,5,7,3801,0,0,0,,0,0D1,"16TH ST","SANCHEZ ST",0.00,,Y,A,-,N,,,,,,,,,,N,4,0,1,2,A,-,09,21453,B,F,A,B,B,A,H,-,C,A,0,Y,,,,Y,,A,01,0,0,1,0,1,0,0,0,0,"- ","- ",,,"SAN FRANCISCO","SAN FRANCISCO",-122.43087768554688,37.764358520507812
9626080,2023,2023-10-11,3801,2023-09-05,1647,260,SOUTH,2,5,7,3801,0,0,0,,0,3B4D,"ARKANSAS ST","17TH ST",0.00,,Y,A,-,N,,,,,,,,,,Y,4,0,2,2,A,-,03,22350,,N,D,C,A,A,H,-,A,A,0,,,,,Y,,A,08,0,0,2,0,0,0,0,0,0,"- ","- ",,,"SAN FRANCISCO","SAN FRANCISCO",-122.39869689941406,37.765026092529297
9626161,2023,2023-10-11,3801,2023-09-14,1551,1215,MISSI,4,5,7,3801,0,0,0,,0,003,"19TH ST","LINDA ST",0.00,,Y,A,-,N,,,,,,,,,,N,2,0,1,2,A,-,11,21954,A,N,G,B,D,A,H,-,A,D,0,Y,,,,Y,,N,60,1,0,0,0,1,0,0,0,0,"- ","- ",,,"SAN FRANCISCO","SAN FRANCISCO",-122.42285919189453,37.760021209716797
9626162,2023,2023-10-11,3801,2023-09-14,1130,1513,RICHM,4,5,7,3801,0,0,0,,0,3G13A,"BALBOA ST","ARGUELLO BL",0.00,,Y,A,-,N,,,,,,,,,,Y,3,0,1,1,C,-,18,,,N,A,I,A,A,H,-,A,D,0,,,,,Y,,-,"- ",0,1,0,0,0,0,0,0,0,"- ","- ",,,"SAN FRANCISCO","SAN FRANCISCO",-122.45858764648438,37.777248382568359
9626163,2023,2023-10-16,3801,2023-09-14,"809 ",1316,RICHM,4,5,7,3801,0,0,0,,0,3G2A,"ANZA ST","ARGUELLO BL",0.00,,Y,A,-,N,,,,,,,,,,Y,4,0,2,2,A,-,09,21801,A,N,A,C,A,A,H,-,A,A,0,,,,,Y,,A,01,0,0,2,0,0,0,0,0,0,"- ","- ",,,"SAN FRANCISCO","SAN FRANCISCO",-122.45875549316406,37.779354095458984
9626164,2023,2023-10-16,3801,2023-09-14,"8   ",245,"PARK ",4,5,7,3801,0,0,0,,0,04C,"SANCHEZ ST","14TH ST",216.00,N,N,A,-,N,,,,,,,,,,N,3,0,1,2,A,-,"- ",,,N,D,C,A,A,H,-,D,D,0,,,Y,,Y,,C,02,0,1,0,0,0,0,0,0,1,"- ","- ",,,"SAN FRANCISCO","SAN FRANCISCO",-122.43123626708984,37.768192291259766
9626165,2023,2023-10-11,3801,2023-09-13,1905,2107,NORTH,3,5,7,3801,0,0,0,,0,03E,"GOLDEN GATE AV","SCOTT ST",0.00,,Y,A,-,N,,,,,,,,,,N,4,0,1,2,A,-,08,22107,,N,B,D,A,A,H,-,B,A,0,,,Y,,Y,,C,03,0,0,1,0,0,0,0,0,1,"- ","- ",,,"SAN FRANCISCO","SAN FRANCISCO",-122.43688201904297,37.778938293457031
9626166,2023,2023-10-11,3801,2023-09-13,1100,1513,RICHM,3,5,7,3801,0,0,0,,0,3G13A,"BALBOA ST","35TH AV",0.00,,Y,A,-,N,,,,,,,,,,Y,4,0,1,3,A,-,09,21800,A,N,D,C,A,A,H,-,A,D,0,,,,,Y,,A,01,0,0,1,0,0,0,0,0,0,"- ","- ",,,"SAN FRANCISCO","SAN FRANCISCO",-122.49517059326172,37.775825500488281
9626167,2023,2023-10-11,3801,2023-09-12,"957 ",1068,SOUTH,2,5,7,3801,0,0,0,,0,,"MINNA ST","MINNA ST 142",0.00,,-,A,-,N,,,,,,,,,,N,4,0,1,2,D,-,00,,,N,G,B,E,A,H,-,A,D,0,Y,,,,Y,,-,"- ",0,0,1,0,1,0,0,0,0,"- ","- ",,,"SAN FRANCISCO","SAN FRANCISCO",,
9626168,2023,2023-10-11,3801,2023-09-14,1644,537,PARK,4,5,7,3801,0,0,0,,0,3F12D,"KIRKHAM ST","6TH AV",0.00,,Y,A,-,N,,,,,,,,,,N,4,0,1,2,A,-,03,22350,,N,D,C,A,A,H,-,A,D,0,,,Y,,Y,,A,01,0,0,1,0,0,0,0,0,1,"- ","- ",,,"SAN FRANCISCO","SAN FRANCISCO",-122.46283721923828,37.76043701171875
9626169,2023,2023-10-11,3801,2023-09-14,2224,1133,CENTR,4,5,7,3801,0,0,0,,0,04A,"THE EMBARCADERO","WASHINGTON ST",88.00,N,N,A,-,N,,,,,,,,,,N,3,0,4,3,A,-,03,22350,,N,C,C,A,A,H,-,C,A,0,,,,,Y,,A,01,0,1,3,0,0,0,0,0,0,"- ","- ",,,"SAN FRANCISCO","SAN FRANCISCO",-122.39572906494141,37.796840667724609
9626170,2023,2023-10-11,3801,2023-09-14,2049,4276,NORTH,4,5,7,3801,0,0,0,,0,3E15D,"GREEN ST","STEINER ST",0.00,,Y,A,-,N,,,,,,,,,,N,3,0,1,1,C,-,18,,,N,F,A,A,D,B,-,C,D,0,,,Y,,Y,,-,"- ",0,1,0,0,0,0,0,0,1,"- ","- ",,,"SAN FRANCISCO","SAN FRANCISCO",-122.43695068359375,37.795951843261719
9626171,2023,2023-10-11,3801,2023-09-14,1454,1741,RICHM,4,5,7,3801,0,0,0,,0,901,"MARTIN LUTHER KING JR DR","STOW LAKE DR E",0.00,,Y,A,-,N,,,,,,,,,,N,3,0,1,2,A,-,03,22350,,N,E,C,A,A,H,-,A,D,0,,,,,Y,,M,93,0,1,0,0,0,0,0,0,0,"- ","- ",,,"SAN FRANCISCO","SAN FRANCISCO",-122.47264862060547,37.767490386962891
9626172,2023,2023-10-11,3801,2023-09-16,2133,1857,SOUTH,6,5,7,3801,0,0,0,,0,3B60,"EDDY ST","LEAVENWORTH ST",0.00,,Y,A,-,N,,,,,,,,,,N,4,0,1,2,A,-,10,21950,A,F,G,B,B,A,H,-,C,A,0,Y,,,,Y,Y,A,01,0,0,1,0,1,0,0,0,0,"- ","- ",,,"SAN FRANCISCO","SAN FRANCISCO",-122.41423797607422,37.783729553222656
9626173,2023,2023-10-11,3801,2023-09-16,2014,2408,MISSI,6,5,7,3801,0,0,0,,0,3D11D,"18TH ST","VALENCIA ST",50.00,W,N,A,-,N,,,,,,,,,,N,4,0,1,2,A,-,09,21801,A,N,D,G,A,A,H,-,A,A,0,,Y,,,Y,,A,07,0,0,1,0,0,0,1,0,0,"- ","- ",,,"SAN FRANCISCO","SAN FRANCISCO",-122.42173004150391,37.761699676513672
9626174,2023,2023-10-11,3801,2023-09-16,"946 ",1952,TENDE,6,5,7,3801,0,0,0,,0,902,"MARKET ST","7TH ST",0.00,,Y,B,-,N,,,,,,,,,,N,3,0,2,2,A,-,12,21453,A,N,D,G,A,A,H,-,A,A,0,,Y,,,Y,,M,94,0,2,0,0,0,0,1,0,0,"- ","- ",,,"SAN FRANCISCO","SAN FRANCISCO",-122.41251373291016,37.780479431152344
9626175,2023,2023-10-11,3801,2023-09-15,"333 ",2457,SOUTH,5,5,7,3801,0,0,0,,0,3B14E,"VAN NESS AV","HAYES ST",0.00,,Y,A,-,N,,,,,,,,,,N,4,0,1,2,A,-,03,22411,,N,B,J,A,A,H,-,C,D,0,,,,,Y,,M,94,0,0,1,0,0,0,0,0,0,"- ","- ",,,"SAN FRANCISCO","SAN FRANCISCO",-122.419677734375,37.777294158935547
9626176,2023,2023-10-11,3801,2023-09-16,1447,1352,MISSI,6,5,7,3801,0,0,0,,0,3D16C,"CESAR CHAVEZ ST","BRYANT ST",0.00,,Y,A,B,N,,,,,,,,,,Y,4,0,1,3,A,-,03,22350,,N,C,C,A,A,H,-,A,A,0,,,,,Y,,A,01,0,0,1,0,0,0,0,0,0,"- ","- ",,,"SAN FRANCISCO","SAN FRANCISCO",-122.40872192382812,37.748401641845703
9626177,2023,2023-10-11,3801,2023-09-18,1734,260,SOUTH,1,5,7,3801,0,0,0,,0,3B12D,"EMBARCADERO SOUTH","HARRISON ST",122.00,S,N,A,-,N,,,,,,,,,,N,3,0,1,2,A,-,17,22517,,N,-,G,A,A,H,-,A,D,0,,Y,,,Y,,A,01,0,1,0,0,0,0,1,0,0,"- ","- ",,,"SAN FRANCISCO","SAN FRANCISCO",-122.38839721679688,37.789211273193359
9626178,2023,2023-10-11,3801,2023-09-18,1615,1937,PARK,1,5,7,3801,0,0,0,,0,3F13C,"MASONIC AV","FULTON ST",0.00,,Y,A,-,N,,,,,,,,,,N,4,0,1,2,A,-,03,22350,,N,H,G,A,A,H,-,A,A,0,,Y,,,Y,,L,04,0,0,1,0,0,0,1,0,0,"- ","- ",,,"SAN FRANCISCO","SAN FRANCISCO",-122.44647216796875,37.775791168212891
9626179,2023,2023-10-16,3801,2023-09-18,1304,1068,SOUTH,1,5,7,3801,0,0,0,,0,3B14A,"8TH ST","NATOMA ST",0.00,,Y,A,-,N,,,,,,,,,,N,4,0,1,2,A,-,12,21453,A,N,D,D,A,A,H,-,A,A,0,,,,,Y,,A,01,0,0,1,0,0,0,0,0,0,"- ","- ",,,"SAN FRANCISCO","SAN FRANCISCO",-122.41213226318359,37.776664733886719
9626180,2023,2023-10-11,3801,2023-09-18,1145,1580,SOUTH,1,5,7,3801,0,0,0,,0,3B14A,"MISSION ST","GRACE ST",0.00,,Y,A,-,N,,,,,,,,,,N,2,0,1,2,A,-,12,22450,A,N,D,J,A,A,H,-,A,A,0,,,,,Y,,A,01,1,0,0,0,0,0,0,0,0,"- ","- ",,,"SAN FRANCISCO","SAN FRANCISCO",-122.41548919677734,37.775611877441406
9626181,2023,2023-10-11,3801,2023-09-17,1900,837,CENTR,7,5,7,3801,0,0,0,,0,3A12D,"KEARNY ST","VERMEHR PL",31.00,N,N,A,-,N,,,,,,,,,,Y,3,0,1,2,A,-,03,22350,,N,C,C,A,A,H,-,B,A,0,,,Y,,Y,,C,02,0,1,0,0,0,0,0,0,1,"- ","- ",,,"SAN FRANCISCO","SAN FRANCISCO",-122.40377044677734,37.789424896240234
9626182,2023,2023-10-11,3801,2023-09-16,1515,00054,TARAV,6,5,7,3801,0,0,0,,0,3100,"SUNSET BL","ORTEGA ST",0.00,,Y,A,-,N,,,,,,,,,,N,4,0,1,2,A,-,03,22350,,N,C,C,A,A,H,-,A,A,0,,,,,Y,,A,01,0,0,1,0,0,0,0,0,0,"- ","- ",,,"SAN FRANCISCO","SAN FRANCISCO",-122.49518585205078,37.751544952392578
9626183,2023,2023-10-11,3801,2023-09-15,2045,2359,MISSI,5,5,7,3801,0,0,0,,0,0D5,"14TH ST","MINNA ST",0.00,,Y,A,-,N,,,,,,,,,,N,3,0,1,2,A,-,11,21954,A,F,G,B,E,A,H,-,C,D,0,Y,Y,,,Y,,N,60,0,1,0,0,1,0,0,0,0,"- ","- ",,,"SAN FRANCISCO","SAN FRANCISCO",-122.41924285888672,37.768329620361328
9626184,2023,2023-10-11,3801,2023-09-14,1443,2402,TARAV,4,5,7,3801,0,0,0,,0,3I11A,"IRVING ST","30TH AV",0.00,,Y,A,-,N,,,,,,,,,,N,3,0,2,4,A,-,10,21950,A,N,G,B,B,A,H,-,A,A,0,Y,,,,Y,,A,07,0,1,1,0,2,0,0,0,0,"- ","- ",,,"SAN FRANCISCO","SAN FRANCISCO",-122.48889923095703,37.763038635253906
9626185,2023,2023-10-11,3801,2023-09-12,1537,1414,MISSO,2,5,7,3801,0,0,0,,0,3D16D,"CESAR CHAVEZ ST","HAMSHIRE ST",230.00,E,N,A,-,N,,,,,,,,,,N,3,0,1,2,A,-,06,21755,A,N,B,C,A,A,D,-,A,D,0,,,Y,,Y,,C,02,0,1,0,0,0,0,0,0,1,"- ","- ",,,"SAN FRANCISCO","SAN FRANCISCO",-122.40599060058594,37.748935699462891
9626186,2023,2023-10-11,3801,2023-09-12,1449,2707,TARAV,2,5,7,3801,0,0,0,,0,5CAR,"HOLLOWAY AV","ARELLANO AV",0.00,,Y,A,-,N,,,,,,,,,,N,4,0,1,2,A,-,08,22107,,N,D,C,A,A,H,-,A,D,0,,,,,Y,,A,01,0,0,1,0,0,0,0,0,0,"- ","- ",,,"SAN FRANCISCO","SAN FRANCISCO",-122.47900390625,37.720882415771484
9626187,2023,2023-10-11,3801,2023-09-12,1429,364,SOUTH,2,5,7,3801,0,0,0,,0,3B16D,"MISSION ST","MISSION ST 1066",0.00,,Y,A,-,N,,,,,,,,,,N,4,0,1,2,-,-,"- ",,,N,B,G,A,A,H,-,A,D,0,,Y,Y,,Y,,-,"- ",0,0,1,0,0,0,1,0,0,"- ","- ",,,"SAN FRANCISCO","SAN FRANCISCO",-122.41979217529297,37.7705078125