CASE_ID,ACCIDENT_YEAR,PROC_DATE,JURIS,COLLISION_DATE,COLLISION_TIME,OFFICER_ID,REPORTING_DISTRICT,DAY_OF_WEEK,CHP_SHIFT,POPULATION,CNTY_CITY_LOC,SPECIAL_COND,BEAT_TYPE,CHP_BEAT_TYPE,CITY_DIVISION_LAPD,CHP_BEAT_CLASS,BEAT_NUMBER,PRIMARY_RD,SECONDARY_RD,DISTANCE,DIRECTION,INTERSECTION,WEATHER_1,WEATHER_2,STATE_HWY_IND,CALTRANS_COUNTY,CALTRANS_DISTRICT,STATE_ROUTE,ROUTE_SUFFIX,POSTMILE_PREFIX,POSTMILE,LOCATION_TYPE,RAMP_INTERSECTION,SIDE_OF_HWY,TOW_AWAY,COLLISION_SEVERITY,NUMBER_KILLED,NUMBER_INJURED,PARTY_COUNT,PRIMARY_COLL_FACTOR,PCF_CODE_OF_VIOL,PCF_VIOL_CATEGORY,PCF_VIOLATION,PCF_VIOL_SUBSECTION,HIT_AND_RUN,TYPE_OF_COLLISION,MVIW,PED_ACTION,ROAD_SURFACE,ROAD_COND_1,ROAD_COND_2,LIGHTING,CONTROL_DEVICE,CHP_ROAD_TYPE,PEDESTRIAN_ACCIDENT,BICYCLE_ACCIDENT,MOTORCYCLE_ACCIDENT,TRUCK_ACCIDENT,NOT_PRIVATE_PROPERTY,ALCOHOL_INVOLVED,STWD_VEHTYPE_AT_FAULT,CHP_VEHTYPE_AT_FAULT,COUNT_SEVERE_INJ,COUNT_VISIBLE_INJ,COUNT_COMPLAINT_PAIN,COUNT_PED_KILLED,COUNT_PED_INJURED,COUNT_BICYCLIST_KILLED,COUNT_BICYCLIST_INJURED,COUNT_MC_KILLED,COUNT_MC_INJURED,PRIMARY_RAMP,SECONDARY_RAMP,LATITUDE,LONGITUDE,COUNTY,CITY,POINT_X,POINT_Y
9626252,2023,2023-10-11,3801,2023-09-02,2321,308,RICHM,6,5,7,3801,0,0,0,,0,3G15E,"PARK PRESIDIO BL","CLEMENT ST",0.00,,Y,A,-,N,,,,,,,,,,Y,3,0,1,2,A,-,08,22107,,F,B,C,A,A,H,-,C,A,0,,,,,Y,,A,01,0,1,0,0,0,0,0,0,0,"- ","- ",,,"SAN FRANCISCO","SAN FRANCISCO",-122.47246551513672,37.782577514648438
9626253,2023,2023-10-23,3801,2023-09-02,1600,364,SOUTH,6,5,7,3801,0,0,0,,0,3B12D,"5TH ST","CLARA ST",0.00,,N,A,-,N,,,,,,,,,,N,2,0,1,1,A,-,"- ",,,N,E,I,A,A,H,-,A,D,0,,,,,Y,,M,94,1,0,0,0,0,0,0,0,0,"- ","- ",,,"SAN FRANCISCO","SAN FRANCISCO",-122.40238189697266,37.779453277587891
9626254,2023,2023-10-11,3801,2023-09-02,"931 ",1371,NORTH,6,5,7,3801,0,0,0,,0,002,"TURK ST","WEBSTER ST",0.00,,Y,A,-,N,,,,,,,,,,N,4,0,1,2,A,-,12,21453,,N,D,C,A,A,H,-,A,A,0,,,,,Y,,A,01,0,0,1,0,0,0,0,0,0,"- ","- ",,,"SAN FRANCISCO","SAN FRANCISCO",-122.43048858642578,37.780685424804688
9626255,2023,2023-10-11,3801,2023-09-03,1508,327,MISSI,7,5,7,3801,0,0,0,,0,3D11C,"GUERRERO ST","17TH ST",55.00,S,N,A,-,N,,,,,,,,,,N,4,0,1,2,A,-,03,22350,,N,C,C,A,A,H,-,A,A,0,,,,,Y,,A,01,0,0,1,0,0,0,0,0,0,"- ","- ",,,"SAN FRANCISCO","SAN FRANCISCO",-122.42391967773438,37.763019561767578
9626256,2023,2023-10-11,3801,2023-09-03,1200,2310,BAYVI,7,5,7,3801,0,0,0,,0,3C15A,"KEITH ST","VAN DYKE AV",0.00,,Y,A,-,N,,,,,,,,,,Y,4,0,3,2,A,-,12,22450,A,F,D,C,A,A,H,-,A,A,0,,,,,Y,,A,01,0,0,3,0,0,0,0,0,0,"- ","- ",,,"SAN FRANCISCO","SAN FRANCISCO",-122.39055633544922,37.72808837890625
9626257,2023,2023-10-23,3801,2023-09-02,1924,1414,MISSI,6,5,7,3801,0,0,0,,0,3D15D,"VALENCIA ST","SYCAMORE ST",0.00,,Y,B,-,N,,,,,,,,,,N,3,0,1,2,A,-,09,21801,A,N,D,J,A,A,H,-,C,D,0,,,,,Y,Y,A,01,0,1,0,0,0,0,0,0,0,"- ","- ",,,"SAN FRANCISCO","SAN FRANCISCO",-122.42164611816406,37.762550354003906
9626258,2023,2023-10-11,3801,2023-09-01,2239,2237,TARAV,5,5,7,3801,0,0,0,,0,3I16D,"SAGAMORE ST","CAPITOL AV",0.00,,N,A,-,N,,,,,,,,,,Y,4,0,1,3,A,-,03,22350,,F,C,C,A,B,H,-,C,A,0,,,,,Y,,A,01,0,0,1,0,0,0,0,0,0,"- ","- ",,,"SAN FRANCISCO","SAN FRANCISCO",-122.45902252197266,37.711387634277344
9626259,2023,2023-10-11,3801,2023-09-06,2246,2175,BAYVI,3,5,7,3801,0,0,0,,0,3C12E,"BAYSHORE BL","FLOWER ST",0.00,,Y,A,-,N,,,,,,,,,,N,3,0,1,2,C,-,18,,,F,G,B,D,A,H,-,C,A,0,Y,,,,Y,,-,"- ",0,1,0,0,1,0,0,0,0,"- ","- ",,,"SAN FRANCISCO","SAN FRANCISCO",-122.40565490722656,37.742500305175781
9626260,2023,2023-10-11,3801,2023-09-06,1628,798,NORTH,3,5,7,3801,0,0,0,,0,3E12D,"BUSH ST","SCOTT ST",0.00,,Y,A,-,N,,,,,,,,,,N,4,0,1,2,A,-,08,22100,B,N,D,C,A,A,H,-,A,A,0,,,Y,,Y,,A,08,0,0,1,0,0,0,0,0,1,"- ","- ",,,"SAN FRANCISCO","SAN FRANCISCO",-122.43836975097656,37.786399841308594
9626261,2023,2023-10-11,3801,2023-09-03,2030,4292,BAYVI,7,5,7,3801,0,0,0,,0,,"PHELPS ST","OAKDALE ST",0.00,,Y,A,-,N,,,,,,,,,,N,4,0,2,2,A,-,08,22107,,N,-,C,A,A,H,-,C,A,0,,,,,Y,,A,01,0,0,2,0,0,0,0,0,0,"- ","- ",,,"SAN FRANCISCO","SAN FRANCISCO",-122.39408874511719,37.736721038818359
9626262,2023,2023-10-16,3801,2023-09-04,2005,1057,SOUTH,1,5,7,3801,0,0,0,,0,3B13D,"BRYANT ST","8TH ST",0.00,,Y,A,-,N,,,,,,,,,,Y,4,0,2,2,A,-,08,22107,,N,C,D,A,A,H,-,C,A,0,,,,,Y,Y,A,01,0,0,2,0,0,0,0,0,0,"- ","- ",,,"SAN FRANCISCO","SAN FRANCISCO",-122.406982421875,37.772514343261719
9626263,2023,2023-10-11,3801,2023-09-04,1317,1371,NORTH,1,5,7,3801,0,0,0,,0,004,"FILLMORE ST","JACKSON ST",0.00,,Y,A,-,N,,,,,,,,,,N,4,0,1,2,A,-,09,21800,A,N,D,C,A,A,H,-,A,A,0,,,Y,,Y,,C,02,0,0,1,0,0,0,0,0,0,"- ","- ",,,"SAN FRANCISCO","SAN FRANCISCO",-122.43454742431641,37.792465209960938
9626264,2023,2023-10-24,3801,2023-09-04,1030,283,MISSI,1,5,7,3801,0,0,0,,0,0D4,"POTRERO AV","25TH ST",0.00,,Y,A,-,N,,,,,,,,,,N,4,0,1,2,A,-,17,21657,,F,D,C,A,A,H,-,A,A,0,,,,,Y,,M,94,0,0,1,0,0,0,0,0,0,"- ","- ",,,"SAN FRANCISCO","SAN FRANCISCO",-122.40620422363281,37.751743316650391
9626265,2023,2023-10-20,3801,2023-09-01,"938 ",1530,BAYVI,5,5,7,3801,0,0,0,,0,3C67,"PHELPS ST","INNES AV",56.00,N,N,B,-,N,,,,,,,,,,Y,4,0,1,1,A,-,03,22350,,N,F,E,A,B,H,-,A,A,0,,,,,Y,,A,01,0,0,1,0,0,0,0,0,0,"- ","- ",,,"SAN FRANCISCO","SAN FRANCISCO",-122.39057922363281,37.740604400634766
9626266,2023,2023-10-16,3801,2023-09-02,2223,1427,TENDE,6,5,7,3801,0,0,0,,0,3J1D,"MCALLISTER ST","BREEN ALLEY",0.00,,Y,A,-,N,,,,,,,,,,Y,4,0,1,2,A,-,08,22107,,N,C,E,A,A,H,-,C,D,0,,,,,Y,,A,01,0,0,1,0,0,0,0,0,0,"- ","- ",,,"SAN FRANCISCO","SAN FRANCISCO",-122.41593933105469,37.780651092529297
9626267,2023,2023-10-11,3801,2023-09-02,2030,2746,RICHM,6,5,7,3801,0,0,0,,0,3G14E,"PARK PRESIDIO BL","CROSSOVER DR",0.00,,Y,A,-,N,,,,,,,,,,N,4,0,2,2,A,-,04,21703,,M,C,C,A,A,H,-,C,A,0,,,,,Y,,A,01,0,0,2,0,0,0,0,0,0,"- ","- ",,,"SAN FRANCISCO","SAN FRANCISCO",-122.47945404052734,37.771183013916016
9626268,2023,2023-10-11,3801,2023-09-06,2330,1902,MISSI,3,5,7,3801,0,0,0,,0,3D15E,"MISSION ST","18TH ST",0.00,,Y,A,-,N,,,,,,,,,,Y,3,0,1,2,A,-,08,22103,,N,D,C,A,A,H,-,C,A,0,,,,,Y,,A,01,0,1,0,0,0,0,0,0,0,"- ","- ",,,"SAN FRANCISCO","SAN FRANCISCO",-122.41936492919922,37.7618408203125
9626269,2023,2023-10-11,3801,2023-09-06,1145,1580,SOUTH,3,5,7,3801,0,0,0,,0,3B12A,"FOLSOM ST","ESSEX ST",0.00,,Y,A,-,N,,,,,,,,,,N,3,0,1,2,A,-,17,21209,A,N,B,G,A,A,H,-,A,A,0,,Y,,,Y,,A,01,0,1,0,0,0,0,1,0,0,"- ","- ",,,"SAN FRANCISCO","SAN FRANCISCO",-122.39569091796875,37.786384582519531
9626270,2023,2023-10-11,3801,2023-09-06,1147,1937,PARK,3,5,7,3801,0,0,0,,0,3F13C,"OAK ST","BAKER ST",0.00,,Y,A,-,N,,,,,,,,,,N,4,0,1,2,A,-,10,21950,A,N,G,B,B,A,H,-,A,A,0,Y,,,,Y,,A,01,0,0,1,0,1,0,0,0,0,"- ","- ",,,"SAN FRANCISCO","SAN FRANCISCO",-122.44075775146484,37.772701263427734
9626272,2023,2023-10-11,3801,2023-09-06,1505,1184,MISSI,3,5,7,3801,0,0,0,,0,3D16D,"BRYANT ST","16TH ST",110.00,N,N,A,-,N,,,,,,,,,,Y,3,0,2,2,A,-,06,21755,A,N,D,C,A,A,H,-,A,D,0,,,Y,,Y,,C,02,0,1,1,0,0,0,0,0,1,"- ","- ",,,"SAN FRANCISCO","SAN FRANCISCO",-122.41054534912109,37.765892028808594
9626273,2023,2023-10-11,3801,2023-09-06,1511,2407,MISSI,3,5,7,3801,0,0,0,,0,3D14D,"DOLORES ST","25TH ST",0.00,,Y,A,-,N,,,,,,,,,,N,4,0,1,2,A,-,09,21800,A,N,D,C,A,A,H,-,A,A,0,,,,,Y,,B,01,0,0,1,0,0,0,0,0,0,"- ","- ",,,"SAN FRANCISCO","SAN FRANCISCO",-122.42507171630859,37.750240325927734
9626274,2023,2023-10-24,3801,2023-09-06,1913,1987,TENDE,3,5,7,3801,0,0,0,,0,3J15D,"OFARRELL ST","POLK ST",0.00,,N,A,-,N,,,,,,,,,,N,3,0,1,1,A,-,04,21703,,N,H,A,A,A,H,-,A,A,0,,,,,Y,Y,-,,0,1,0,0,0,0,0,0,0,"- ","- ",,,"SAN FRANCISCO","SAN FRANCISCO",-122.41954803466797,37.784969329833984
9626275,2023,2023-10-24,3801,2023-09-06,2002,1823,MISSI,3,5,7,3801,0,0,0,,0,001,"DOLORES ST","18TH ST",0.00,,Y,A,-,N,,,,,,,,,,N,3,0,2,2,A,-,17,21235,G,N,G,B,F,A,H,-,C,D,0,Y,,,,Y,,M,94,0,2,0,0,1,0,0,0,0,"- ","- ",,,"SAN FRANCISCO","SAN FRANCISCO",-122.42615509033203,37.761444091796875
9626276,2023,2023-10-11,3801,2023-09-08,"830 ",1892,BAYVI,5,5,7,3801,0,0,0,,0,3C13A,"INNES AV","GRIFFITH ST",485.00,E,N,A,-,N,,,,,,,,,,N,4,0,1,3,A,-,08,22102,,F,D,C,A,A,H,-,A,A,0,,,,,Y,,B,01,0,0,1,0,0,0,0,0,0,"- ","- ",,,"SAN FRANCISCO","SAN FRANCISCO",-122.37438201904297,37.731227874755859
9626277,2023,2023-10-11,3801,2023-09-06,1645,668,NORTH,3,5,7,3801,0,0,0,,0,3E16D,BROADWAY,"VAN NESS AV",0.00,,Y,A,-,N,,,,,,,,,,Y,4,0,1,3,A,-,12,21453,A,N,B,C,A,A,H,-,A,A,0,,,,,Y,,A,07,0,0,1,0,0,0,0,0,0,"- ","- ",,,"SAN FRANCISCO","SAN FRANCISCO",-122.42332458496094,37.795753479003906
9626278,2023,2023-10-11,3801,2023-09-03,1930,2196,MISSI,7,5,7,3801,0,0,0,,0,3D11A,"HAIGHT ST","STEINER ST",51.00,E,N,A,-,N,,,,,,,,,,,4,0,1,2,A,-,21,22106,,N,-,C,A,B,H,-,B,D,0,,,,,Y,,A,01,0,0,1,0,0,0,0,0,0,"- ","- ",,,"SAN FRANCISCO","SAN FRANCISCO",-122.43190765380859,37.771915435791016
9626279,2023,2023-10-11,3801,2023-09-06,"803 ",1956,TARAV,3,5,7,3801,0,0,0,,0,6CAR,"SERRANO DR","CARDENAS AV",11.00,E,N,A,-,N,,,,,,,,,,,4,0,1,2,A,-,08,22101,D,N,B,C,A,A,-,-,A,D,0,,,,,Y,,A,01,0,0,1,0,0,0,0,0,0,"- ","- ",,,"SAN FRANCISCO","SAN FRANCISCO",-122.47698974609375,37.720069885253906
9626280,2023,2023-10-11,3801,2023-09-06,1858,397,CENTR,3,5,7,3801,0,0,0,,0,3A12D,"CALIFORNIA ST","SANSOME ST",0.00,,Y,A,-,N,,,,,,,,,,N,3,0,1,2,A,-,05,21651,B,N,B,C,A,A,H,-,A,A,0,,,,,Y,,M,94,0,1,0,0,0,0,0,0,0,"- ","- ",,,"SAN FRANCISCO","SAN FRANCISCO",-122.40113830566406,37.793098449707031
9626281,2023,2023-10-13,3801,2023-09-02,"407 ",2735,MISSI,6,5,7,3801,0,0,0,,0,3D13E,"FAIR OAKS ST","22ND ST",161.00,N,N,A,-,N,,,,,,,,,,Y,2,0,2,6,A,-,03,22350,,N,B,E,A,A,H,-,C,B,0,,,,,Y,,A,01,2,0,0,0,0,0,0,0,0,"- ","- ",,,"SAN FRANCISCO","SAN FRANCISCO",-122.42432403564453,37.755550384521484
9626282,2023,2023-10-13,3801,2023-09-01,2100,2153,TARAV,5,5,7,3801,0,0,0,,0,3I5E,"JUNIPERO SERRA BL","19TH AV",0.00,,Y,A,-,N,,,,,,,,,,Y,4,0,4,6,A,-,00,22352,,N,C,C,A,A,-,-,C,A,0,,,,,Y,,A,07,0,0,4,0,0,0,0,0,0,"- ","- ",,,"SAN FRANCISCO","SAN FRANCISCO",-122.47271728515625,37.717182159423828
9626283,2023,2023-10-13,3801,2023-09-01,2051,643,TARAV,5,5,7,3801,0,0,0,,0,3I11D,"17TH AV","SANTIAGO ST",0.00,,Y,A,-,N,,,,,,,,,,Y,3,0,2,2,A,-,12,22450,A,N,D,C,A,A,H,-,C,A,0,,,,,Y,,A,01,0,1,1,0,0,0,0,0,0,"- ","- ",,,"SAN FRANCISCO","SAN FRANCISCO",-122.47369384765625,37.745010375976562
9626284,2023,2023-10-13,3801,2023-09-01,"627 ",2004,TARAV,5,5,7,3801,0,0,0,,0,0I5,"19TH AV","HOLLOWAY AV",278.00,S,N,B,F,N,,,,,,,,,,N,4,0,2,4,A,-,04,21703,,N,C,C,A,B,H,-,A,A,0,,,,,Y,Y,A,01,0,0,2,0,0,0,0,0,0,"- ","- ",,,"SAN FRANCISCO","SAN FRANCISCO",-122.47535705566406,37.720188140869141
9626285,2023,2023-10-13,3801,2023-09-01,2139,1078,NORTH,5,5,7,3801,0,0,0,,0,3E12E,"OAK ST","DIVISADERO ST",0.00,,Y,A,-,N,,,,,,,,,,N,4,0,1,2,A,-,10,21950,A,N,G,B,B,A,H,-,C,A,0,Y,,,,Y,,A,01,0,0,1,0,1,0,0,0,0,"- ","- ",,,"SAN FRANCISCO","SAN FRANCISCO",-122.43743133544922,37.773143768310547
9626286,2023,2023-10-13,3801,2023-09-27,"804 ",1917,TARAV,3,5,7,3801,0,0,0,,0,3I15A,"LAKE MERCED BL","SUNSET BL",0.00,,Y,A,-,N,,,,,,,,,,Y,4,0,2,2,A,-,09,21801,A,N,D,C,A,A,H,-,A,A,0,,,,,Y,,A,01,0,0,2,0,0,0,0,0,0,"- ","- ",,,"SAN FRANCISCO","SAN FRANCISCO",-122.49356079101562,37.729591369628906
9626287,2023,2023-10-13,3801,2023-09-27,1633,2408,MISSI,3,5,7,3801,0,0,0,,0,3D14D,"MARKET ST","NOE ST",0.00,,Y,A,-,N,,,,,,,,,,N,4,0,1,2,A,-,07,21658,A,N,A,C,A,A,H,-,A,A,0,,,,,Y,,A,01,0,0,1,0,0,0,0,0,0,"- ","- ",,,"SAN FRANCISCO","SAN FRANCISCO",-122.43313598632812,37.764244079589844
9626288,2023,2023-10-13,3801,2023-09-26,1531,2487,BAYVI,2,5,7,3801,0,0,0,,0,3C1,"3RD ST","20TH ST",0.00,,Y,A,-,N,,,,,,,,,,Y,4,0,1,2,A,-,08,22107,,N,B,C,A,A,H,-,A,A,0,,,,,Y,,A,07,0,0,1,0,0,0,0,0,0,"- ","- ",,,"SAN FRANCISCO","SAN FRANCISCO",-122.388671875,37.760463714599609
9626289,2023,2023-10-13,3801,2023-09-25,2143,1803,RICHM,1,5,7,3801,0,0,0,,0,3G15E,"FULTON ST","FULTON ST 6544",0.00,,Y,A,-,N,,,,,,,,,,Y,4,0,1,3,B,-,22,,,N,B,E,A,A,H,-,C,A,0,,,,,Y,,A,01,0,0,1,0,0,0,0,0,0,"- ","- ",,,"SAN FRANCISCO","SAN FRANCISCO",-122.41513061523438,37.779811859130859
9626290,2023,2023-10-13,3801,2023-09-25,2024,938,INGLE,1,5,7,3801,0,0,0,,0,3H15D,"PERSIA AV","EDINBURGH ST",0.00,,Y,A,-,N,,,,,,,,,,Y,4,0,2,2,A,-,12,22450,A,N,D,-,A,A,H,-,D,D,0,,,,,Y,,-,,0,0,2,0,0,0,0,0,0,"- ","- ",,,"SAN FRANCISCO","SAN FRANCISCO",-122.43199920654297,37.721233367919922
9626291,2023,2023-10-13,3801,2023-09-25,2003,746,INGLE,1,5,7,3801,0,0,0,,0,,"OSHAUGHNESSY BL","PORTOLA AV",1030.00,S,N,A,-,N,,,,,,,,,,N,3,0,1,2,A,-,09,21661,,N,A,G,A,A,-,-,C,D,0,,Y,,,Y,,L,04,0,1,0,0,0,0,1,0,0,"- ","- ",,,"SAN FRANCISCO","SAN FRANCISCO",-122.44971466064453,37.743190765380859
9626292,2023,2023-10-13,3801,2023-09-25,1620,359,TARAV,1,5,7,3801,0,0,0,,0,3I4B,"SLOAT BL","21ST AV",0.00,,Y,A,-,N,,,,,,,,,,Y,3,0,2,2,A,-,08,22107,,N,D,C,A,A,H,-,A,D,0,,,,,Y,,A,01,0,1,1,0,0,0,0,0,0,"- ","- ",,,"SAN FRANCISCO","SAN FRANCISCO",-122.47707366943359,37.734561920166016
9626293,2023,2023-10-13,3801,2023-09-25,1400,670,INGLE,1,5,7,3801,0,0,0,,0,3H16D,"GIRARD ST","GIRARD ST 948",0.00,,Y,A,-,N,,,,,,,,,,N,4,0,1,2,A,-,08,22108,,N,G,B,E,A,H,-,A,D,0,Y,,,,Y,,A,01,0,0,1,0,1,0,0,0,0,"- ","- ",,,"SAN FRANCISCO","SAN FRANCISCO",,
9626294,2023,2023-10-13,3801,2023-09-25,"854 ",4265,INGLE,1,5,7,3801,0,0,0,,0,3H13A,"SILVER AV","CAMBRIDGE ST",0.00,,Y,A,-,N,,,,,,,,,,Y,3,0,5,2,A,-,09,21800,A,N,A,C,A,A,H,-,A,A,0,,,,,Y,,A,01,0,1,4,0,0,0,0,0,0,"- ","- ",,,"SAN FRANCISCO","SAN FRANCISCO",-122.41951751708984,37.729045867919922
9626295,2023,2023-10-23,3801,2023-09-24,2017,1806,BAYVI,7,5,7,3801,0,0,0,,0,3C13D,"BAYSHORE BL","RT 101",186.00,N,N,A,-,Y,SF,4,101,-,-,0.844,R,1,S,Y,4,0,4,3,A,-,03,22350,,N,C,C,A,A,H,-,D,D,0,,,,,Y,,A,07,0,0,4,0,0,0,0,0,0,"- ",NO,,,"SAN FRANCISCO","SAN FRANCISCO",-122.39992523193359,37.719749450683594
9626296,2023,2023-10-13,3801,2023-09-22,2139,2186,INGLE,5,5,7,3801,0,0,0,,0,3H15E,"SUNNYDALE AV","SUNNYDALE AV 1450",0.00,,Y,A,-,N,,,,,,,,,,N,3,0,1,1,-,-,"- ",,,N,E,A,A,A,G,-,C,A,0,,,,,Y,,-,"- ",0,1,0,0,0,0,0,0,0,"- ","- ",,,"SAN FRANCISCO","SAN FRANCISCO",,
9626297,2023,2023-10-19,3801,2023-09-22,1836,595,INGLE,5,5,7,3801,0,0,0,,0,3H14D,"PORTOLA DR","PORTOLA DR 600",0.00,,Y,A,-,N,,,,,,,,,,N,3,0,1,2,A,-,08,22107,,N,B,C,A,A,H,-,A,A,0,,,Y,,Y,,C,02,0,1,0,0,0,0,0,0,1,"- ","- ",,,"SAN FRANCISCO","SAN FRANCISCO",,
9626298,2023,2023-10-13,3801,2023-09-22,2344,2142,INGLE,5,5,7,3801,0,0,0,,0,3H11E,"MISSION ST","COURTLAND AV",0.00,,Y,A,-,N,,,,,,,,,,N,3,0,1,3,D,-,00,,,F,G,B,E,A,H,-,C,A,0,Y,,,,Y,,-,"- ",0,1,0,0,1,0,0,0,0,"- ","- ",,,"SAN FRANCISCO","SAN FRANCISCO",-122.42284393310547,37.741012573242188
9626299,2023,2023-10-13,3801,2023-09-18,2004,1350,BAYVI,1,5,7,3801,0,0,0,,0,3C90C,"OAKDALE AV","KEITH ST",0.00,,Y,A,-,N,,,,,,,,,,N,4,0,1,2,A,-,12,22450,A,F,G,B,B,A,H,-,C,A,0,Y,,,,Y,,A,01,0,0,1,0,1,0,0,0,0,"- ","- ",,,"SAN FRANCISCO","SAN FRANCISCO",-122.38660430908203,37.732463836669922
9626300,2023,2023-10-13,3801,2023-09-18,1526,1147,TENDE,1,5,7,3801,0,0,0,,0,3J13D,"TURK ST","DODGE PL",0.00,,Y,A,-,N,,,,,,,,,,N,4,0,1,1,A,-,03,22350,,N,H,A,A,A,H,-,A,D,0,,,,,Y,Y,M,94,0,0,1,0,0,0,0,0,0,"- ","- ",,,"SAN FRANCISCO","SAN FRANCISCO",-122.41699981689453,37.782421112060547
9626353,2023,2023-10-17,3801,2023-09-23,"509 ",2153,TARAV,6,5,7,3801,0,0,0,,0,315E,"19TH AV","CRESPI DR",0.00,,Y,A,-,N,,,,,,,,,,Y,4,0,1,2,A,-,00,22352,,N,C,C,A,A,-,-,C,A,0,,,,,Y,,A,01,0,0,1,0,0,0,0,0,0,"- ","- ",,,"SAN FRANCISCO","SAN FRANCISCO",-122.47537231445312,37.720279693603516
9626354,2023,2023-10-17,3801,2023-09-23,"451 ",4040,CENTR,6,5,7,3801,0,0,0,,0,3A14E,"SUTTER ST","STOCKTON ST",0.00,,Y,A,-,N,,,,,,,,,,Y,4,0,1,2,A,-,03,22350,,N,C,C,A,A,H,-,C,A,0,,,,,Y,,A,01,0,0,1,0,0,0,0,0,0,"- ","- ",,,"SAN FRANCISCO","SAN FRANCISCO",-122.40693664550781,37.789417266845703
9626355,2023,2023-10-19,3801,2023-09-23,"42  ",1688,BAYVI,6,5,7,3801,0,0,0,,0,3C11E,"INDUSTRIAL ST","BAY SHORE BL",0.00,,Y,A,-,N,,,,,,,,,,Y,3,0,2,2,A,-,17,21461,A,N,D,C,A,A,H,-,C,A,0,,,,,Y,,-,"- ",0,1,1,0,0,0,0,0,0,"- ","- ",,,"SAN FRANCISCO","SAN FRANCISCO",-122.40695953369141,37.737998962402344
9626356,2023,2023-10-17,3801,2023-09-22,1744,1806,BAYVI,5,5,7,3801,0,0,0,,0,3C11D,"3RD ST","CESAR CHAVEZ ST",0.00,,Y,A,-,N,,,,,,,,,,Y,4,0,5,3,A,-,09,21453,C,N,D,C,A,A,H,-,A,A,0,,,,,Y,,A,01,0,0,5,0,0,0,0,0,0,"- ","- ",,,"SAN FRANCISCO","SAN FRANCISCO",-122.38768768310547,37.750228881835938
9626357,2023,2023-10-17,3801,2023-09-06,1823,AIELLO,RICHM,3,5,7,3801,0,0,0,,0,2G12D,"ARGUELLO BL","ANZA ST",0.00,,Y,A,-,N,,,,,,,,,,N,3,0,1,2,A,-,09,21801,,N,D,G,A,A,-,-,A,A,0,,Y,,,Y,,M,94,0,1,0,0,0,0,1,0,0,"- ","- ",,,"SAN FRANCISCO","SAN FRANCISCO",-122.45875549316406,37.779354095458984
9626358,2023,2023-10-17,3801,2023-09-23,1940,2459,SOUTH,6,5,7,3801,0,0,0,,0,3B14D,"10TH ST","FOLSOM ST",68.00,S,N,A,-,N,,,,,,,,,,N,4,0,1,2,A,-,03,22350,,F,H,B,E,A,H,-,C,A,0,Y,,,,Y,Y,A,01,0,0,1,0,1,0,0,0,0,"- ","- ",,,"SAN FRANCISCO","SAN FRANCISCO",-122.41265106201172,37.772689819335938
9626359,2023,2023-10-19,3801,2023-09-25,1815,2452,CENTR,1,5,7,3801,0,0,0,,0,3AID,"GEARY ST","SHANNON ST",0.00,,-,A,-,N,,,,,,,,,,N,4,0,1,2,A,-,11,21954,A,N,G,C,D,A,H,-,A,D,0,Y,,,,Y,,A,01,0,0,1,0,1,0,0,0,0,"- ","- ",,,"SAN FRANCISCO","SAN FRANCISCO",-122.41233062744141,37.786849975585938
9626360,2023,2023-10-19,3801,2023-09-25,1710,2452,CENTR,1,5,7,3801,0,0,0,,0,3ALD,"SACRAMENTO ST","DAVIS ST",0.00,,Y,A,-,N,,,,,,,,,,N,4,0,1,3,A,-,21,22106,,N,C,C,A,A,H,-,A,D,0,,,Y,,Y,,A,01,0,0,1,0,0,0,0,0,1,"- ","- ",,,"SAN FRANCISCO","SAN FRANCISCO",-122.39778900146484,37.794490814208984
9626361,2023,2023-10-17,3801,2023-09-25,1336,4286,RICHM,1,5,7,3801,0,0,0,,0,0G1,"MARTIN LUTHER KING JR DR","METSON RD",0.00,,Y,A,-,N,,,,,,,,,,N,4,0,1,2,D,-,00,,,N,D,G,A,A,H,-,A,D,0,,Y,,,Y,,-,"- ",0,0,1,0,0,0,1,0,0,"- ","- ",,,"SAN FRANCISCO","SAN FRANCISCO",-122.49089050292969,37.765411376953125
9626362,2023,2023-10-17,3801,2023-09-26,1400,2481,SOUTH,2,5,7,3801,0,0,0,,0,03B,"1ST ST","TAHAMA ST",0.00,,Y,A,-,N,,,,,,,,,,N,4,0,1,2,A,-,17,21235,G,N,B,C,A,A,H,-,A,D,0,,,,,Y,,L,04,0,0,1,0,0,0,0,0,0,"- ","- ",,,"SAN FRANCISCO","SAN FRANCISCO",-122.39549255371094,37.788127899169922
9626363,2023,2023-10-16,3801,2023-09-24,2244,1851,TENDE,7,5,7,3801,0,0,0,,0,3J14E,"GOLDEN GATE AV","LEAVENWORTH ST",0.00,,Y,A,-,N,,,,,,,,,,N,4,0,1,2,A,-,11,21461,5,N,G,B,B,A,H,-,C,A,0,Y,,,,Y,,N,60,0,0,1,0,1,0,0,0,0,"- ","- ",,,"SAN FRANCISCO","SAN FRANCISCO",-122.41385650634766,37.781875610351562
9626399,2023,2023-10-27,3801,2023-08-29,1126,1075,SOUTH,2,5,7,3801,0,0,0,,0,3B3A,"HARRISON ST","10TH ST",0.00,,Y,A,-,N,,,,,,,,,,N,4,0,1,2,A,-,10,21950,A,N,G,B,B,A,H,-,A,A,0,Y,,,,Y,,A,01,0,0,1,0,1,0,0,0,0,"- ","- ",,,"SAN FRANCISCO","SAN FRANCISCO",-122.41124725341797,37.771595001220703