CASE_ID,ACCIDENT_YEAR,PROC_DATE,JURIS,COLLISION_DATE,COLLISION_TIME,OFFICER_ID,REPORTING_DISTRICT,DAY_OF_WEEK,CHP_SHIFT,POPULATION,CNTY_CITY_LOC,SPECIAL_COND,BEAT_TYPE,CHP_BEAT_TYPE,CITY_DIVISION_LAPD,CHP_BEAT_CLASS,BEAT_NUMBER,PRIMARY_RD,SECONDARY_RD,DISTANCE,DIRECTION,INTERSECTION,WEATHER_1,WEATHER_2,STATE_HWY_IND,CALTRANS_COUNTY,CALTRANS_DISTRICT,STATE_ROUTE,ROUTE_SUFFIX,POSTMILE_PREFIX,POSTMILE,LOCATION_TYPE,RAMP_INTERSECTION,SIDE_OF_HWY,TOW_AWAY,COLLISION_SEVERITY,NUMBER_KILLED,NUMBER_INJURED,PARTY_COUNT,PRIMARY_COLL_FACTOR,PCF_CODE_OF_VIOL,PCF_VIOL_CATEGORY,PCF_VIOLATION,PCF_VIOL_SUBSECTION,HIT_AND_RUN,TYPE_OF_COLLISION,MVIW,PED_ACTION,ROAD_SURFACE,ROAD_COND_1,ROAD_COND_2,LIGHTING,CONTROL_DEVICE,CHP_ROAD_TYPE,PEDESTRIAN_ACCIDENT,BICYCLE_ACCIDENT,MOTORCYCLE_ACCIDENT,TRUCK_ACCIDENT,NOT_PRIVATE_PROPERTY,ALCOHOL_INVOLVED,STWD_VEHTYPE_AT_FAULT,CHP_VEHTYPE_AT_FAULT,COUNT_SEVERE_INJ,COUNT_VISIBLE_INJ,COUNT_COMPLAINT_PAIN,COUNT_PED_KILLED,COUNT_PED_INJURED,COUNT_BICYCLIST_KILLED,COUNT_BICYCLIST_INJURED,COUNT_MC_KILLED,COUNT_MC_INJURED,PRIMARY_RAMP,SECONDARY_RAMP,LATITUDE,LONGITUDE,COUNTY,CITY,POINT_X,POINT_Y
9633690,2023,2023-11-21,3801,2023-10-19,1903,2407,MISSI,4,5,7,3801,0,0,0,,0,3D14D,"POTRERO AV","CESAR CHAVEZ ST",0.00,,Y,A,-,N,,,,,,,,,,N,3,0,1,2,A,-,03,22350,,F,D,G,A,A,H,-,C,A,0,,Y,,,Y,Y,A,01,0,1,0,0,0,0,1,0,0,"- ","- ",,,"SAN FRANCISCO","SAN FRANCISCO",-122.40550994873047,37.749168395996094
9633691,2023,2023-11-21,3801,2023-10-07,1705,2147,NORTH,6,5,7,3801,0,0,0,,0,5CAR,"RICHARDSON AV","FRANCISCO ST",0.00,,Y,A,-,N,,,,,,,,,,N,3,0,1,4,A,-,10,21950,A,N,G,B,B,A,H,-,A,A,0,Y,,,,Y,,A,01,0,1,0,0,1,0,0,0,0,"- ","- ",,,"SAN FRANCISCO","SAN FRANCISCO",-122.44715881347656,37.800388336181641
9633692,2023,2023-11-21,3801,2023-10-18,2314,1024,TENDE,3,5,7,3801,0,0,0,,0,3J15E,"ELLIS ST",LARKIN,0.00,,Y,A,-,N,,,,,,,,,,N,3,0,1,2,A,-,10,21950,,N,G,B,B,A,H,-,C,A,0,Y,,,,Y,,A,07,0,1,0,0,1,0,0,0,0,"- ","- ",,,"SAN FRANCISCO","SAN FRANCISCO",-122.417724609375,37.784248352050781
9633693,2023,2023-11-21,3801,2023-10-09,1814,676,NORTH,1,5,7,3801,0,0,0,,0,3J38A,"OCTAVIA ST","PAGE ST",0.00,,Y,B,-,N,,,,,,,,,,N,4,0,1,2,A,-,12,22450,A,N,D,G,A,A,H,-,B,A,0,,Y,,,Y,,L,04,0,0,1,0,0,0,1,0,0,"- ","- ",,,"SAN FRANCISCO","SAN FRANCISCO",-122.42411041259766,37.773883819580078
9633694,2023,2023-11-21,3801,2023-10-10,"442 ",2222,NORTH,2,5,7,3801,0,0,0,,0,3E15E,"OAK ST","OCTAVIA BL",0.00,,Y,C,-,N,,,,,,,,,,Y,4,0,2,2,A,-,12,21453,A,N,D,C,A,B,H,-,C,A,0,,,,,Y,,-,"- ",0,0,2,0,0,0,0,0,0,"- ","- ",,,"SAN FRANCISCO","SAN FRANCISCO",-122.42430114746094,37.774799346923828
9633695,2023,2023-11-21,3801,2023-10-08,2219,1463,SOUTH,7,5,7,3801,0,0,0,,0,3B12E,"DIVISION ST","BRYANT ST",0.00,,Y,A,-,N,,,,,,,,,,Y,4,0,3,2,D,-,00,,,N,A,C,A,A,-,-,B,A,0,,,,,Y,,-,"- ",0,0,3,0,0,0,0,0,0,"- ","- ",,,"SAN FRANCISCO","SAN FRANCISCO",-122.41082000732422,37.769309997558594
9633696,2023,2023-11-21,3801,2023-10-09,"201 ",1897,NORTH,1,5,7,3801,0,0,0,,0,3E13E,"POLK ST","ELLIS ST",0.00,,Y,A,-,N,,,,,,,,,,N,3,0,1,1,A,-,03,22350,,N,H,J,A,A,H,-,C,D,0,,,,,Y,,M,94,0,1,0,0,0,0,0,0,0,"- ","- ",,,"SAN FRANCISCO","SAN FRANCISCO",-122.41934967041016,37.784042358398438
9633697,2023,2023-11-21,3801,2023-10-08,"222 ",1463,SOUTH,7,5,7,3801,0,0,0,,0,0B5,"KING ST","4TH ST",0.00,,Y,A,-,N,,,,,,,,,,Y,4,0,4,2,A,-,01,23152,A,F,D,C,A,A,H,-,D,D,0,,,,,Y,Y,A,01,0,0,4,0,0,0,0,0,0,"- ","- ",,,"SAN FRANCISCO","SAN FRANCISCO",-122.39414978027344,37.77642822265625
9633698,2023,2023-11-21,3801,2023-10-08,1808,2459,SOUTH,7,5,7,3801,0,0,0,,0,3B14D,"TERRY A FRANCOIS BL","MARIPOSA ST",0.00,,N,A,-,N,,,,,,,,,,N,4,0,1,1,D,-,00,,,N,H,A,A,A,H,-,A,D,0,,Y,,,Y,,-,"- ",0,0,1,0,0,0,1,0,0,"- ","- ",,,"SAN FRANCISCO","SAN FRANCISCO",-122.38792419433594,37.764377593994141
9633699,2023,2023-11-21,3801,2023-10-07,2252,1602,BAYVI,6,5,7,3801,0,0,0,,0,3C12E,"PHELPS ST","GALVEZ AV",0.00,,Y,A,-,N,,,,,,,,,,Y,4,0,1,2,A,-,01,23152,A,F,D,E,A,A,H,-,C,A,0,,,,,Y,Y,A,01,0,0,1,0,0,0,0,0,0,"- ","- ",,,"SAN FRANCISCO","SAN FRANCISCO",-122.38954925537109,37.741733551025391
9633700,2023,2023-11-21,3801,2023-10-08,"206 ",2425,TENDE,7,5,7,3801,0,0,0,,0,3J13E,"HYDE ST","GOLDEN GATE AV",0.00,N,N,A,-,N,,,,,,,,,,N,4,0,1,2,A,-,03,22350,,N,B,B,E,A,H,-,C,A,0,Y,,,,Y,,A,07,0,0,1,0,1,0,0,0,0,"- ","- ",,,"SAN FRANCISCO","SAN FRANCISCO",-122.41549682617188,37.781650543212891
9633701,2023,2023-11-13,3801,2023-10-07,2157,4046,INGLE,6,5,7,3801,0,0,0,,0,3H15E,"MISSION ST",ALLISON,65.00,N,N,A,-,N,,,,,,,,,,Y,4,0,1,3,A,-,11,21954,A,N,C,C,D,A,H,-,C,A,0,Y,,Y,,Y,,N,60,0,0,1,0,0,0,0,0,1,"- ","- ",,,"SAN FRANCISCO","SAN FRANCISCO",-122.4425048828125,37.714744567871094
9633702,2023,2023-11-13,3801,2023-10-07,2237,2113,BAYVI,6,5,7,3801,0,0,0,,0,3C15E,"3RD ST","EVANS ST",0.00,,Y,A,-,N,,,,,,,,,,Y,4,0,2,2,A,-,01,23152,A,F,A,C,A,A,H,-,C,A,0,,,,,Y,Y,A,01,0,0,2,0,0,0,0,0,0,"- ","- ",,,"SAN FRANCISCO","SAN FRANCISCO",-122.38801574707031,37.742733001708984
9633703,2023,2023-11-29,3801,2023-10-02,1215,54,TARAV,1,5,7,3801,0,0,0,,0,3115A,"JUNIPERO SERRA BL","19TH AV",0.00,,Y,A,-,N,,,,,,,,,,N,4,0,1,2,A,-,07,21658,A,N,B,C,A,A,H,-,A,B,0,,,,,Y,,-,"- ",0,0,1,0,0,0,0,0,0,"- ","- ",,,"SAN FRANCISCO","SAN FRANCISCO",-122.47271728515625,37.717182159423828
9633704,2023,2023-11-13,3801,2023-10-07,2047,A24552,BAYVI,6,5,7,3801,0,0,0,,0,3C12D,"INDUSTRIAL ST","BARNEVELD AV",0.00,,Y,A,-,N,,,,,,,,,,N,4,0,2,2,A,-,08,22100,B,N,D,C,A,A,H,-,C,D,0,,,,,Y,,A,01,0,0,2,0,0,0,0,0,0,"- ","- ",,,"SAN FRANCISCO","SAN FRANCISCO",-122.40430450439453,37.738735198974609
9633705,2023,2023-11-13,3801,2023-10-16,1330,310,SOUTH,1,5,7,3801,0,0,0,,0,3B49,"HOWARD ST","2ND ST",0.00,,Y,A,-,N,,,,,,,,,,N,3,0,1,2,A,-,12,21453,A,N,D,G,A,A,H,-,A,A,0,,Y,,,Y,,L,04,0,1,0,0,0,0,1,0,0,"- ","- ",,,"SAN FRANCISCO","SAN FRANCISCO",-122.39824676513672,37.786788940429688
9633706,2023,2023-11-13,3801,2023-10-03,1700,1100,TENDE,2,5,7,3801,0,0,0,,0,3J2D,"MARKET ST","4TH ST",50.00,E,N,A,-,N,,,,,,,,,,N,3,0,1,2,A,-,06,21760,,N,B,G,A,A,-,-,A,D,0,,Y,,,Y,,M,94,0,1,0,0,0,0,1,0,0,"- ","- ",,,"SAN FRANCISCO","SAN FRANCISCO",-122.40576934814453,37.785797119140625
9633707,2023,2023-11-13,3801,2023-10-15,1930,2190,INGLE,7,5,7,3801,0,0,0,,0,3H15D,"MANSELL ST","VISITACION AV",0.00,,Y,A,-,N,,,,,,,,,,Y,4,0,2,2,A,-,01,23153,A,N,D,C,A,A,H,-,C,A,0,,,,,Y,Y,A,01,0,0,2,0,0,0,0,0,0,"- ","- ",,,"SAN FRANCISCO","SAN FRANCISCO",-122.41164398193359,37.718658447265625
9633708,2023,2023-11-13,3801,2023-10-16,"948 ",1580,SOUTH,1,5,7,3801,0,0,0,,0,3B4A,"9TH ST","MISSION ST",0.00,,Y,A,-,N,,,,,,,,,,N,3,0,1,1,C,-,18,,,N,H,J,A,A,B,-,A,A,0,,,Y,,Y,,-,"- ",0,1,0,0,0,0,0,0,1,"- ","- ",,,"SAN FRANCISCO","SAN FRANCISCO",-122.41471862792969,37.776241302490234
9633709,2023,2023-11-29,3801,2023-10-17,1714,1533,BAYVI,2,5,7,3801,0,0,0,,0,3C14D,"PAUL AV","SAN BRUNO AV",0.00,,Y,A,-,N,,,,,,,,,,Y,4,0,1,1,A,-,03,22350,,N,F,-,A,A,-,-,A,D,0,,,,,Y,Y,A,01,0,0,1,0,0,0,0,0,0,"- ","- ",,,"SAN FRANCISCO","SAN FRANCISCO",-122.40205383300781,37.723922729492188
9633710,2023,2023-11-13,3801,2023-10-18,2100,396,BAYVI,3,5,7,3801,0,0,0,,0,3C12E,"OAKDALE AV","QUINT ST",0.00,,Y,A,-,N,,,,,,,,,,N,4,0,1,2,A,-,10,21950,A,F,G,B,B,A,H,-,C,A,0,Y,,,,Y,,A,01,0,0,1,0,1,0,0,0,0,"- ","- ",,,"SAN FRANCISCO","SAN FRANCISCO",-122.39596557617188,37.737800598144531
9633711,2023,2023-11-13,3801,2023-10-17,1134,4262,RICHM,2,5,7,3801,0,0,0,,0,3G14A,"CLEMENT ST","20TH AV",0.00,,Y,A,-,N,,,,,,,,,,Y,3,0,1,2,A,-,09,21801,,N,D,C,A,A,H,-,A,A,0,,,,,Y,,A,08,0,1,0,0,0,0,0,0,0,"- ","- ",,,"SAN FRANCISCO","SAN FRANCISCO",-122.47952270507812,37.782241821289062
9633712,2023,2023-11-13,3801,2023-10-17,1255,1771,MISSI,2,5,7,3801,0,0,0,,0,3D3C,"18TH ST","SANCHEZ ST",0.00,,Y,A,-,N,,,,,,,,,,N,4,0,1,2,A,-,21,22106,,N,G,B,D,A,H,-,A,D,0,Y,,,,Y,,A,01,0,0,1,0,1,0,0,0,0,"- ","- ",37.761100769042969,-122.43093872070312,"SAN FRANCISCO","SAN FRANCISCO",-122.43056488037109,37.761146545410156
9633713,2023,2023-11-13,3801,2023-10-16,1830,798,NORTH,1,5,7,3801,0,0,0,,0,,"HAYES ST","STEINER ST",0.00,,Y,A,-,N,,,,,,,,,,N,4,0,1,2,A,-,10,21950,,N,G,B,B,A,H,-,C,A,0,Y,,,,Y,,-,,0,0,1,0,1,0,0,0,0,"- ","- ",,,"SAN FRANCISCO","SAN FRANCISCO",-122.43283081054688,37.775611877441406
9633714,2023,2023-11-13,3801,2023-10-17,"909 ",575,CENTR,2,5,7,3801,0,0,0,,0,3A15A,"WASHINGTON ST","DRUMM ST",126.00,W,N,B,-,N,,,,,,,,,,Y,4,0,1,2,A,-,09,21804,A,N,B,C,A,A,H,-,A,A,0,,,,,Y,,A,01,0,0,1,0,0,0,0,0,0,"- ","- ",,,"SAN FRANCISCO","SAN FRANCISCO",-122.39740753173828,37.796306610107422
9633715,2023,2023-11-30,3801,2023-10-05,1814,2472,SOUTH,4,5,7,3801,0,0,0,,0,5CAR,"MARIPOSA ST","TENNESSEE ST",62.00,W,N,A,-,N,,,,,,,,,,,3,0,1,2,A,-,09,21802,A,N,D,C,A,A,H,-,A,A,0,,,Y,,Y,,C,03,0,1,0,0,0,0,0,0,1,"- ","- ",,,"SAN FRANCISCO","SAN FRANCISCO",-122.39008331298828,37.764259338378906
9633716,2023,2023-11-13,3801,2023-10-16,1749,564,NORTH,1,5,7,3801,0,0,0,,0,3E12D,"WEBSTER ST","FULTON ST",0.00,,Y,A,-,N,,,,,,,,,,N,4,0,1,2,A,-,08,22100,A,F,D,G,A,A,H,-,A,A,0,,Y,,,Y,,A,01,0,0,1,0,0,0,1,0,0,"- ","- ",,,"SAN FRANCISCO","SAN FRANCISCO",-122.42990875244141,37.777912139892578
9633717,2023,2023-11-13,3801,2023-10-12,1541,1931,NORTH,4,5,7,3801,0,0,0,,0,3E13D,"POLK ST","GROVE ST",0.00,,Y,A,-,N,,,,,,,,,,N,4,0,1,2,A,-,08,22107,,N,D,G,A,A,H,-,A,A,0,,Y,,,Y,Y,A,01,0,0,1,0,0,0,1,0,0,"- ","- ",,,"SAN FRANCISCO","SAN FRANCISCO",-122.41822052001953,37.778480529785156
9633718,2023,2023-11-13,3801,2023-10-13,"633 ",IMHOFF,NORTH,5,5,7,3801,0,0,0,,0,3E12A,"DIVISADERO ST","OAK ST",0.00,,Y,A,-,N,,,,,,,,,,Y,4,0,1,2,A,-,12,21453,A,N,D,D,A,A,H,-,B,-,0,,,,,Y,,A,01,0,0,1,0,0,0,0,0,0,"- ","- ",,,"SAN FRANCISCO","SAN FRANCISCO",-122.43743133544922,37.773143768310547
9633719,2023,2023-11-13,3801,2023-10-11,"900 ",1796,RICHM,3,5,7,3801,0,0,0,,0,3G14A,"GEARY BL","26TH AV",0.00,,Y,A,-,N,,,,,,,,,,N,3,0,1,2,A,-,10,21950,,N,G,B,B,A,H,-,A,A,0,Y,,,,Y,,-,,0,1,0,0,1,0,0,0,0,"- ","- ",,,"SAN FRANCISCO","SAN FRANCISCO",-122.48580932617188,37.780101776123047
9633720,2023,2023-11-13,3801,2023-10-12,"820 ",1513,RICHM,4,5,7,3801,0,0,0,,0,3G13A,"GEARY BL","3RD AV",0.00,,Y,A,-,N,,,,,,,,,,N,4,0,3,2,A,-,09,21801,A,N,D,C,A,A,H,-,A,A,0,,,,,Y,,A,01,0,0,3,0,0,0,0,0,0,"- ","- ",,,"SAN FRANCISCO","SAN FRANCISCO",-122.46106719970703,37.781227111816406
9633721,2023,2023-11-21,3801,2023-10-09,1713,1057,SOUTH,1,5,7,3801,0,0,0,,0,3B14D,"VALENCIA ST","MARKET ST",0.00,,Y,A,-,N,,,,,,,,,,N,3,0,1,2,A,-,08,22107,,N,B,C,A,A,H,-,A,A,0,,,,,Y,,A,07,0,1,0,0,0,0,0,0,0,"- ","- ",,,"SAN FRANCISCO","SAN FRANCISCO",-122.42262268066406,37.772548675537109
9633722,2023,2023-11-21,3801,2023-10-10,"942 ",189,NORTH,2,5,7,3801,0,0,0,,0,001,"DIVISADERO ST","HAIGHT ST",0.00,,Y,A,-,N,,,,,,,,,,Y,4,0,1,1,A,-,17,21663,,N,E,I,A,A,H,-,A,A,0,,,,,Y,,A,01,0,0,1,0,0,0,0,0,0,"- ","- ",,,"SAN FRANCISCO","SAN FRANCISCO",-122.43704223632812,37.771270751953125
9633723,2023,2023-11-21,3801,2023-10-15,"49  ",901,INGLE,7,5,7,3801,0,0,0,,0,3H13E,"MISSION ST","PRECITA AV",90.00,N,N,A,-,N,,,,,,,,,,Y,4,0,2,2,A,-,08,22105,,N,D,C,A,A,H,-,C,D,0,,,,,Y,,A,01,0,0,2,0,0,0,0,0,0,"- ","- ",,,"SAN FRANCISCO","SAN FRANCISCO",-122.41897583007812,37.746978759765625
9633724,2023,2023-11-21,3801,2023-10-14,2320,1286,SOUTH,6,5,7,3801,0,0,0,,0,3B2,"MISSION ST","5TH ST",0.00,,Y,A,-,N,,,,,,,,,,N,4,0,1,2,A,-,10,21950,,N,B,J,A,A,H,-,C,A,0,,,,,Y,,A,08,0,0,1,0,0,0,0,0,0,"- ","- ",,,"SAN FRANCISCO","SAN FRANCISCO",-122.40648651123047,37.782737731933594
9633725,2023,2023-11-21,3801,2023-10-14,1600,1251,BAYVI,6,5,7,3801,0,0,0,,0,3C12D,"BARNEVELD AV","MCKINNON AV",0.00,,Y,A,-,N,,,,,,,,,,N,3,0,1,1,A,-,03,22350,,N,H,A,A,A,H,-,A,D,0,,Y,,,Y,,L,04,0,1,0,0,0,0,1,0,0,"- ","- ",,,"SAN FRANCISCO","SAN FRANCISCO",-122.40325927734375,37.743820190429688
9633726,2023,2023-11-21,3801,2023-10-14,2250,141,INGLE,6,5,7,3801,0,0,0,,0,3H15E,"MISSION ST","POPE ST",0.00,,Y,A,-,N,,,,,,,,,,Y,4,0,2,2,A,-,03,22350,,N,-,C,A,A,H,-,C,D,0,,,,,Y,,A,01,0,0,2,0,0,0,0,0,0,"- ","- ",,,"SAN FRANCISCO","SAN FRANCISCO",-122.44183349609375,37.715427398681641
9633727,2023,2023-11-21,3801,2023-10-13,1941,1078,NORTH,5,5,7,3801,0,0,0,,0,3316D,"FRANKLIN ST",BROADWAY,0.00,,Y,A,-,N,,,,,,,,,,N,4,0,1,2,A,-,03,22350,,N,C,C,A,A,H,-,C,A,0,,,Y,,Y,,A,01,0,0,1,0,0,0,0,0,1,"- ","- ",,,"SAN FRANCISCO","SAN FRANCISCO",-122.42502593994141,37.795528411865234
9633728,2023,2023-11-21,3801,2023-10-14,1440,1210,INGLE,6,5,7,3801,0,0,0,,0,0H2,"SAN JOSE AV","RANDALL ST",0.00,,Y,A,-,N,,,,,,,,,,N,3,0,1,2,A,-,08,21717,,N,D,G,A,A,H,-,A,A,0,,Y,,,Y,,A,01,0,1,0,0,0,0,1,0,0,"- ","- ",,,"SAN FRANCISCO","SAN FRANCISCO",-122.42426300048828,37.739860534667969
9633729,2023,2023-11-21,3801,2023-10-16,1650,812,BAYVI,1,5,7,3801,0,0,0,,0,003,"3RD ST","GALVEZ AV",0.00,,Y,A,-,N,,,,,,,,,,N,3,0,1,2,A,-,12,21453,,N,D,C,A,A,H,-,A,A,0,,,,,Y,,M,94,0,1,0,0,0,0,0,0,0,"- ","- ",,,"SAN FRANCISCO","SAN FRANCISCO",-122.38858032226562,37.741165161132812
9633730,2023,2023-11-21,3801,2023-10-13,1648,1845,TARAV,5,5,7,3801,0,0,0,,0,3I16D,"ALEMANY BL","SAN JOSE AV",0.00,,Y,A,-,N,,,,,,,,,,N,4,0,1,2,A,-,04,21703,,N,C,C,A,A,H,-,A,A,0,,,,,Y,,A,01,0,0,1,0,0,0,0,0,0,"- ","- ",,,"SAN FRANCISCO","SAN FRANCISCO",-122.45709991455078,37.710071563720703
9633731,2023,2023-11-21,3801,2023-10-16,1249,50,TENDE,1,5,7,3801,0,0,0,,0,001,"6TH ST","JESSIE ST",0.00,,Y,A,-,N,,,,,,,,,,N,4,0,1,2,A,-,04,21703,,N,C,C,A,A,H,-,A,A,0,,,Y,,Y,,C,02,0,0,1,0,0,0,0,0,1,"- ","- ",,,"SAN FRANCISCO","SAN FRANCISCO",-122.40921020507812,37.781398773193359
9633732,2023,2023-11-21,3801,2023-10-16,1739,1454,NORTH,1,5,7,3801,0,0,0,,0,3E15D,"FILBERT ST","WEBSTER ST",0.00,,Y,A,-,N,,,,,,,,,,N,4,0,1,2,A,-,10,21950,A,N,G,B,B,A,H,-,A,D,0,Y,,,,Y,,A,01,0,0,1,0,1,0,0,0,0,"- ","- ",,,"SAN FRANCISCO","SAN FRANCISCO",-122.43402862548828,37.798225402832031
9633733,2023,2023-11-21,3801,2023-10-16,"545 ",488,INGLE,1,5,7,3801,0,0,0,,0,3H13E,"CIRCULAR AV","MONTEREY BL",0.00,,Y,A,-,N,,,,,,,,,,N,4,0,1,2,A,-,09,21453,B,N,D,G,A,A,H,-,C,A,0,,Y,,,Y,,A,07,0,0,1,0,0,0,1,0,0,"- ","- ",,,"SAN FRANCISCO","SAN FRANCISCO",-122.4365234375,37.731582641601562
9633734,2023,2023-11-21,3801,2023-10-16,"134 ",4125,RICHM,1,5,7,3801,0,0,0,,0,3G12E,"PARK PRESIDIO BL","FULTON ST",10.00,N,N,E,-,N,,,,,,,,,,Y,4,0,1,3,A,-,03,22350,,N,C,C,A,A,H,-,C,A,0,,,,,Y,,A,01,0,0,1,0,0,0,0,0,0,"- ","- ",,,"SAN FRANCISCO","SAN FRANCISCO",-122.47177886962891,37.773159027099609
9633735,2023,2023-11-21,3801,2023-10-15,1733,1582,CENTR,7,5,7,3801,0,0,0,,0,3A14D,"TELEGRAPH HILL",KEARNY,0.00,,N,A,-,N,,,,,,,,,,N,4,0,1,2,A,-,21,22106,,N,G,B,F,A,H,-,A,D,0,Y,,,,Y,,A,01,0,0,1,0,1,0,0,0,0,"- ","- ",,,"SAN FRANCISCO","SAN FRANCISCO",-122.40650939941406,37.803295135498047
9633736,2023,2023-11-21,3801,2023-10-15,1840,1961,TENDE,7,5,7,3801,0,0,0,,0,3J13D,"EDDY ST","LARKIN ST",0.00,,Y,A,-,N,,,,,,,,,,N,3,0,1,2,A,-,03,22350,,N,D,C,A,A,H,-,A,A,0,,,Y,,Y,,C,03,0,1,0,0,0,0,0,0,1,"- ","- ",,,"SAN FRANCISCO","SAN FRANCISCO",-122.41751861572266,37.783294677734375
9633737,2023,2023-11-21,3801,2023-10-10,1616,2704,SOUTH,2,5,7,3801,0,0,0,,0,0B4,"S VAN NESS AV","12TH ST",0.00,,Y,A,-,N,,,,,,,,,,N,3,0,2,2,A,-,08,22107,,N,D,C,A,A,H,-,A,D,0,,,,,Y,,A,07,0,2,0,0,0,0,0,0,0,"- ","- ",,,"SAN FRANCISCO","SAN FRANCISCO",-122.41876983642578,37.773540496826172
9633738,2023,2023-11-21,3801,2023-10-08,1339,2379,CENTR,7,5,7,3801,0,0,0,,0,3A11A,"TAYLOR ST","POST ST",0.00,,Y,A,-,N,,,,,,,,,,N,3,0,1,2,A,-,12,21453,A,N,D,C,A,A,H,-,A,A,0,,,Y,,Y,,A,01,0,1,0,0,0,0,0,0,1,"- ","- ",,,"SAN FRANCISCO","SAN FRANCISCO",-122.41169738769531,37.787860870361328
9633739,2023,2023-11-21,3801,2023-10-01,1017,1457,TARAV,7,5,7,3801,0,0,0,,0,3I11A,"JUDAH ST","SUNSET BL",0.00,,Y,A,-,N,,,,,,,,,,N,4,0,1,2,A,-,12,21453,A,N,D,G,A,A,H,-,A,A,0,,Y,,,Y,,L,04,0,0,1,0,0,0,1,0,0,"- ","- ",,,"SAN FRANCISCO","SAN FRANCISCO",-122.49583435058594,37.760860443115234
9633740,2023,2023-11-21,3801,2023-10-10,1952,221,RICHM,2,5,7,3801,0,0,0,,0,3G15D,"47TH AV","FULTON ST",0.00,,Y,C,-,N,,,,,,,,,,Y,4,0,2,2,A,-,03,22350,,N,C,C,A,B,H,-,C,A,0,,,,,Y,,A,01,0,0,2,0,0,0,0,0,0,"- ","- ",,,"SAN FRANCISCO","SAN FRANCISCO",-122.50775909423828,37.771488189697266
9633741,2023,2023-11-22,3801,2023-10-10,1210,93,NORTH,2,5,7,3801,0,0,0,,0,3E76,"FILLMORE ST","GOLDEN GATE AV",117.00,N,N,A,-,N,,,,,,,,,,N,4,0,1,3,A,-,09,21804,A,N,D,C,A,A,H,-,A,A,0,,,,,Y,,A,07,0,0,1,0,0,0,0,0,0,"- ","- ",,,"SAN FRANCISCO","SAN FRANCISCO",-122.4320068359375,37.779876708984375
9633742,2023,2023-11-22,3801,2023-10-10,1525,1194,TENDE,2,5,7,3801,0,0,0,,0,0J2,"6TH ST","MARKET ST",0.00,,Y,A,-,N,,,,,,,,,,N,3,0,1,2,A,-,11,21954,A,N,G,B,D,A,D,-,A,A,0,Y,,,,Y,,N,60,0,1,0,0,1,0,0,0,0,"- ","- ",,,"SAN FRANCISCO","SAN FRANCISCO",-122.41030120849609,37.782241821289062
9633743,2023,2023-11-22,3801,2023-10-12,1218,1428,MISS,4,5,7,3801,0,0,0,,0,1CAR,"16TH ST","DOLORES ST",0.00,,Y,A,-,N,,,,,,,,,,N,3,0,1,2,A,-,09,21801,A,N,A,C,A,A,H,-,A,A,0,,,Y,,Y,,A,01,0,1,0,0,0,0,0,0,1,"- ","- ",,,"SAN FRANCISCO","SAN FRANCISCO",-122.42644500732422,37.764640808105469
9633744,2023,2023-11-22,3801,2023-10-10,"938 ",2039,TARA,2,5,7,3801,0,0,0,,0,005,"FONT BL","JUNIPERO SERRA",146.00,W,N,A,-,N,,,,,,,,,,N,4,0,1,2,A,-,08,22107,,N,D,C,A,A,H,-,A,D,0,,,,,Y,,A,01,0,0,1,0,0,0,0,0,0,"- ","- ",,,"SAN FRANCISCO","SAN FRANCISCO",-122.47223663330078,37.714565277099609
9633745,2023,2023-11-22,3801,2023-10-11,2106,2459,SOUTH,3,5,7,3801,0,0,0,,0,3B12D,"6TH ST","FOLSOM ST",25.00,W,N,A,-,N,,,,,,,,,,N,4,0,1,2,A,-,03,22350,,F,-,C,A,A,H,-,C,A,0,,,,,Y,,A,01,0,0,1,0,0,0,0,0,0,"- ","- ",,,"SAN FRANCISCO","SAN FRANCISCO",-122.40566253662109,37.778549194335938
9633746,2023,2023-11-22,3801,2023-10-12,"834 ",1118,SOUTH,4,5,7,3801,0,0,0,,0,3B14A,"DORE ST","FOLSOM ST",0.00,,Y,A,-,N,,,,,,,,,,N,3,0,1,2,A,-,10,21950,A,N,G,B,C,A,H,-,A,D,0,Y,,,,Y,,A,01,0,1,0,0,1,0,0,0,0,"- ","- ",,,"SAN FRANCISCO","SAN FRANCISCO",-122.41220092773438,37.773323059082031
9633747,2023,2023-11-22,3801,2023-10-10,1735,1631,SOUTH,2,5,7,3801,0,0,0,,0,3B47,"MARKET ST","OCTAVIA ST",0.00,,Y,A,-,N,,,,,,,,,,N,4,0,1,2,A,-,08,22101,D,F,D,C,A,A,H,-,A,A,0,,,,,Y,,-,99,0,0,1,0,0,0,0,0,0,"- ","- ",,,"SAN FRANCISCO","SAN FRANCISCO",-122.42359161376953,37.771774291992188
9633748,2023,2023-11-22,3801,2023-10-11,1305,1394,MISS,3,5,7,3801,0,0,0,,0,001,"MARKET ST","SANCHEZ ST",0.00,,Y,A,-,N,,,,,,,,,,N,4,0,1,2,A,-,09,21801,A,N,H,A,A,A,H,-,A,A,0,,,Y,,Y,,A,01,0,0,1,0,0,0,0,0,1,"- ","- ",,,"SAN FRANCISCO","SAN FRANCISCO",-122.43100738525391,37.765979766845703
9633749,2023,2023-11-21,3801,2023-10-13,1000,2728,TENDE,5,5,7,3801,0,0,0,,0,908,"ELLIS ST","LARKIN ST",121.00,W,N,A,-,N,,,,,,,,,,N,3,0,1,2,A,-,17,22517,,N,B,G,A,A,H,-,A,D,0,,Y,,,Y,,A,07,0,1,0,0,0,0,1,0,0,"- ","- ",,,"SAN FRANCISCO","SAN FRANCISCO",-122.41813659667969,37.784198760986328
9633750,2023,2023-11-22,3801,2023-10-07,1226,748,CENTR,6,5,7,3801,0,0,0,,0,0A2,"POWELL ST","CLAY ST",0.00,,Y,A,-,N,,,,,,,,,,N,4,0,1,2,D,-,00,,,N,G,B,B,A,H,-,A,A,0,Y,,,,Y,,-,"- ",0,0,1,0,1,0,0,0,0,"- ","- ",,,"SAN FRANCISCO","SAN FRANCISCO",-122.40953063964844,37.793880462646484