CASE_ID,ACCIDENT_YEAR,PROC_DATE,JURIS,COLLISION_DATE,COLLISION_TIME,OFFICER_ID,REPORTING_DISTRICT,DAY_OF_WEEK,CHP_SHIFT,POPULATION,CNTY_CITY_LOC,SPECIAL_COND,BEAT_TYPE,CHP_BEAT_TYPE,CITY_DIVISION_LAPD,CHP_BEAT_CLASS,BEAT_NUMBER,PRIMARY_RD,SECONDARY_RD,DISTANCE,DIRECTION,INTERSECTION,WEATHER_1,WEATHER_2,STATE_HWY_IND,CALTRANS_COUNTY,CALTRANS_DISTRICT,STATE_ROUTE,ROUTE_SUFFIX,POSTMILE_PREFIX,POSTMILE,LOCATION_TYPE,RAMP_INTERSECTION,SIDE_OF_HWY,TOW_AWAY,COLLISION_SEVERITY,NUMBER_KILLED,NUMBER_INJURED,PARTY_COUNT,PRIMARY_COLL_FACTOR,PCF_CODE_OF_VIOL,PCF_VIOL_CATEGORY,PCF_VIOLATION,PCF_VIOL_SUBSECTION,HIT_AND_RUN,TYPE_OF_COLLISION,MVIW,PED_ACTION,ROAD_SURFACE,ROAD_COND_1,ROAD_COND_2,LIGHTING,CONTROL_DEVICE,CHP_ROAD_TYPE,PEDESTRIAN_ACCIDENT,BICYCLE_ACCIDENT,MOTORCYCLE_ACCIDENT,TRUCK_ACCIDENT,NOT_PRIVATE_PROPERTY,ALCOHOL_INVOLVED,STWD_VEHTYPE_AT_FAULT,CHP_VEHTYPE_AT_FAULT,COUNT_SEVERE_INJ,COUNT_VISIBLE_INJ,COUNT_COMPLAINT_PAIN,COUNT_PED_KILLED,COUNT_PED_INJURED,COUNT_BICYCLIST_KILLED,COUNT_BICYCLIST_INJURED,COUNT_MC_KILLED,COUNT_MC_INJURED,PRIMARY_RAMP,SECONDARY_RAMP,LATITUDE,LONGITUDE,COUNTY,CITY,POINT_X,POINT_Y
9633813,2023,2023-11-22,3801,2023-10-28,1830,2107,NORTH,6,5,7,3801,0,0,0,,0,03E,"POST ST","LAGUNA ST",25.00,W,N,A,-,N,,,,,,,,,,N,4,0,1,2,A,-,07,21658,A,N,B,C,A,A,H,-,C,D,0,,,Y,,Y,,A,01,0,0,1,0,0,0,0,0,1,"- ","- ",,,"SAN FRANCISCO","SAN FRANCISCO",-122.42824554443359,37.785789489746094
9633814,2023,2023-11-22,3801,2023-10-28,2002,260,SOUTH,6,5,7,3801,0,0,0,,0,3B13D,"MARKET ST","GOUGH ST",0.00,,Y,A,-,N,,,,,,,,,,Y,3,0,1,2,A,-,08,22107,,N,D,C,A,A,H,-,C,A,0,,,Y,,Y,,A,07,0,1,0,0,0,0,0,0,1,"- ","- ",,,"SAN FRANCISCO","SAN FRANCISCO",-122.42221069335938,37.772872924804688
9633815,2023,2023-11-22,3801,2023-10-28,"700 ",1580,SOUTH,6,5,7,3801,0,0,0,,0,3B14A,"15TH ST","UTAH ST",0.00,,Y,A,-,N,,,,,,,,,,N,3,0,1,2,A,-,04,21703,,F,C,G,A,A,A,-,B,A,0,,Y,,,Y,,-,,0,1,0,0,0,0,1,0,0,"- ","- ",,,"SAN FRANCISCO","SAN FRANCISCO",-122.40666198730469,37.76715087890625
9633816,2023,2023-11-22,3801,2023-10-28,1121,1243,PARK,6,5,7,3801,0,0,0,,0,3F12C,"STANYAN ST","17TH ST",0.00,,Y,A,-,N,,,,,,,,,,N,3,0,1,2,A,-,12,22450,A,N,D,G,A,A,H,-,A,D,0,,Y,,,Y,,L,04,0,1,0,0,0,0,1,0,0,"- ","- ",,,"SAN FRANCISCO","SAN FRANCISCO",-122.45192718505859,37.761470794677734
9633817,2023,2023-11-22,3801,2023-10-25,1648,2459,SOUTH,3,5,7,3801,0,0,0,,0,3B13D,"8TH ST","NATOMA ST",9.00,E,N,A,-,N,,,,,,,,,,N,4,0,1,2,A,-,12,21453,,N,D,C,-,A,H,-,A,D,0,Y,,,,Y,,N,60,0,0,1,0,1,0,0,0,0,"- ","- ",,,"SAN FRANCISCO","SAN FRANCISCO",-122.412109375,37.776641845703125
9633818,2023,2023-11-22,3801,2023-10-28,1720,469,MISSI,6,5,7,3801,0,0,0,,0,3D2D,"19TH ST","FOLSOM ST",0.00,,Y,A,-,N,,,,,,,,,,Y,4,0,2,2,A,-,12,21453,A,F,B,C,A,A,H,-,A,A,0,,,,,Y,,A,01,0,0,2,0,0,0,0,0,0,"- ","- ",,,"SAN FRANCISCO","SAN FRANCISCO",-122.41481781005859,37.760490417480469
9633819,2023,2023-12-04,3801,2023-10-02,1747,1119,SOUTH,1,5,7,3801,0,0,0,,0,BAYVIE,"17TH ST","CAROLINA ST",0.00,,N,A,-,N,,,,,,,,,,N,4,0,1,2,D,-,00,,,N,H,-,A,A,H,-,A,A,0,,,,,Y,,-,"- ",0,0,1,0,0,0,0,0,0,"- ","- ",,,"SAN FRANCISCO","SAN FRANCISCO",-122.40061950683594,37.764907836914062
9633820,2023,2023-11-22,3801,2023-10-25,1012,2722,CENTR,3,5,7,3801,0,0,0,,0,3A61,"SACRAMENTO ST","KEARNY ST",127.00,,N,A,-,N,,,,,,,,,,N,3,0,1,2,A,-,08,22107,,F,G,B,E,A,H,-,A,D,0,Y,,,,Y,Y,A,01,0,1,0,0,1,0,0,0,0,"- ","- ",,,"SAN FRANCISCO","SAN FRANCISCO",-122.40458679199219,37.793601989746094
9633821,2023,2023-11-22,3801,2023-10-24,1658,2704,SOUTH,2,5,7,3801,0,0,0,,0,0B4,"HOWARD ST","11TH ST",0.00,,Y,A,-,N,,,,,,,,,,N,4,0,1,2,A,-,00,22210,B,N,D,G,A,A,H,-,A,A,0,,Y,,,Y,,L,04,0,0,1,0,0,0,1,0,0,"- ","- ",,,"SAN FRANCISCO","SAN FRANCISCO",-122.41557312011719,37.773117065429688
9633822,2023,2023-11-22,3801,2023-10-24,2345,400,SOUTH,2,5,7,3801,0,0,0,,0,3B12E,"MARKET S","FRANKLIN ST",0.00,,Y,A,-,N,,,,,,,,,,N,2,0,1,2,A,-,12,21453,A,F,B,J,A,A,H,-,C,A,0,,Y,,,Y,,L,04,1,0,0,0,0,0,1,0,0,"- ","- ",,,"SAN FRANCISCO","SAN FRANCISCO",-122.42070770263672,37.774017333984375
9633823,2023,2023-11-22,3801,2023-10-23,2108,255,INGLE,1,5,7,3801,0,0,0,,0,3H15E,"ALEMANY BL","SAN JOSE AV",160.00,W,N,A,-,N,,,,,,,,,,Y,4,0,1,2,A,-,04,21703,,F,C,C,A,A,H,-,C,A,0,,,,,Y,,A,01,0,0,1,0,0,0,0,0,0,"- ","- ",,,"SAN FRANCISCO","SAN FRANCISCO",-122.45764923095703,37.71002197265625
9633824,2023,2023-11-22,3801,2023-10-24,1400,1242,CENTR,2,5,7,3801,0,0,0,,0,3A12A,"BUSH ST","MONTGOMERY ST",0.00,,Y,A,-,N,,,,,,,,,,N,4,0,1,2,A,-,09,21804,A,N,B,C,A,A,H,-,A,D,0,,,,,Y,,A,08,0,0,1,0,0,0,0,0,0,"- ","- ",,,"SAN FRANCISCO","SAN FRANCISCO",-122.40235900878906,37.790973663330078
9633825,2023,2023-11-22,3801,2023-10-24,1319,4307,NORTH,2,5,7,3801,0,0,0,,0,3E15A,"BAY ST","LAGUNA ST",0.00,,Y,A,-,N,,,,,,,,,,Y,4,0,2,2,A,-,12,21453,A,N,A,C,A,A,H,-,A,A,0,,,,,Y,,-,"- ",0,0,2,0,0,0,0,0,0,"- ","- ",,,"SAN FRANCISCO","SAN FRANCISCO",-122.43167877197266,37.803276062011719
9633826,2023,2023-11-22,3801,2023-10-21,1708,1907,INGLE,6,5,7,3801,0,0,0,,0,3H15D,"MISSION ST","PERSIA AV",0.00,,Y,A,-,N,,,,,,,,,,N,2,0,1,2,A,-,08,22107,,N,D,C,A,A,H,-,A,D,0,,,,,Y,,A,07,1,0,0,0,0,0,0,0,0,"- ","- ",,,"SAN FRANCISCO","SAN FRANCISCO",-122.43596649169922,37.723140716552734
9633827,2023,2023-11-22,3801,2023-10-24,2036,1147,TENDE,2,5,7,3801,0,0,0,,0,3J13D,"EDDY ST","HYDE ST",0.00,,N,A,-,N,,,,,,,,,,N,4,0,1,2,A,-,21,22106,,N,H,B,E,A,H,-,C,D,0,Y,,,,Y,,A,01,0,0,1,0,1,0,0,0,0,"- ","- ",,,"SAN FRANCISCO","SAN FRANCISCO",-122.41588592529297,37.783512115478516
9633828,2023,2023-11-22,3801,2023-10-24,"10  ",1066,NORTH,2,5,7,3801,0,0,0,,0,3E11,"OAK ST","STEINER ST",0.00,,Y,A,-,N,,,,,,,,,,N,4,0,1,2,A,-,12,21453,A,N,D,C,A,A,H,-,C,A,0,,,Y,,Y,,C,03,0,0,1,0,0,0,0,0,1,"- ","- ",,,"SAN FRANCISCO","SAN FRANCISCO",-122.43245697021484,37.773746490478516
9633830,2023,2023-11-22,3801,2023-10-24,1701,837,CENTR,2,5,7,3801,0,0,0,,0,3A12D,"POWELL ST","SUTTER ST",24.00,S,N,A,-,N,,,,,,,,,,N,3,0,1,1,A,-,07,21658,A,N,H,A,A,A,H,-,A,A,0,,Y,,,Y,,L,04,0,1,0,0,0,0,1,0,0,"- ","- ",,,"SAN FRANCISCO","SAN FRANCISCO",-122.40859222412109,37.789165496826172
9633831,2023,2023-11-22,3801,2023-10-23,1521,1723,CENTR,1,5,7,3801,0,0,0,,0,001,"CALIFORNIA ST","LARKIN ST",0.00,,Y,A,-,N,,,,,,,,,,N,2,0,1,2,A,-,10,21950,A,N,A,B,B,A,H,-,A,A,0,Y,,,,Y,,A,01,1,0,0,0,1,0,0,0,0,"- ","- ",,,"SAN FRANCISCO","SAN FRANCISCO",-122.41903686523438,37.790794372558594
9633832,2023,2023-11-22,3801,2023-10-24,1448,4292,BAY,2,5,7,3801,0,0,0,,0,3C11D,"20TH ST","GEORGIA ST",0.00,,Y,A,-,N,,,,,,,,,,N,3,0,1,1,A,-,13,22515,A,N,E,I,A,A,H,-,A,A,0,,,,,Y,,A,01,0,1,0,0,0,0,0,0,0,"- ","- ",,,"SAN FRANCISCO","SAN FRANCISCO",-122.385617,37.760674000000002
9633833,2023,2023-11-22,3801,2023-10-23,1003,610,MISSI,1,5,7,3801,0,0,0,,0,3D41A,"MISSION ST","ERIE ST",0.00,,Y,A,-,N,,,,,,,,,,N,4,0,1,2,A,-,09,21801,A,N,D,C,A,A,H,-,A,D,0,,,Y,,Y,,A,07,0,0,1,0,0,0,0,0,1,"- ","- ",,,"SAN FRANCISCO","SAN FRANCISCO",-122.42003631591797,37.769065856933594
9633834,2023,2023-11-22,3801,2023-10-23,1430,817,TENDE,1,5,7,3801,0,0,0,,0,3J13A,"OFARRELL ST","LARKIN ST",0.00,,N,A,-,N,,,,,,,,,,Y,4,0,2,2,A,-,03,22350,,N,B,E,A,A,H,-,A,A,0,,,,,Y,,A,01,0,0,2,0,0,0,0,0,0,"- ","- ",,,"SAN FRANCISCO","SAN FRANCISCO",-122.41790008544922,37.785167694091797
9633835,2023,2023-11-22,3801,2023-10-23,2121,2488,NORTH,1,5,7,3801,0,0,0,,0,3E13E,"MARKET ST","VAN NESS AV",0.00,,Y,C,-,N,,,,,,,,,,N,3,0,1,2,A,-,12,21453,,F,G,J,A,B,H,-,C,A,0,,,,,Y,,A,08,0,1,0,0,0,0,0,0,0,"- ","- ",,,"SAN FRANCISCO","SAN FRANCISCO",-122.41925811767578,37.775169372558594
9633836,2023,2023-11-22,3801,2023-10-23,"914 ",390,PARK,1,5,7,3801,0,0,0,,0,002,"CLAYTON ST","CARMEL ST",0.00,,N,A,-,N,,,,,,,,,,N,4,0,1,2,A,-,09,21801,A,F,F,A,A,A,H,-,A,A,0,,,Y,,Y,,A,01,0,0,1,0,0,0,0,0,1,"- ","- ",,,"SAN FRANCISCO","SAN FRANCISCO",-122.44644927978516,37.761028289794922
9633837,2023,2023-11-22,3801,2023-10-25,2134,2249,PARK,3,5,7,3801,0,0,0,,0,3F13E,"MASONIC AV","OAK ST",0.00,,Y,A,-,N,,,,,,,,,,Y,4,0,1,2,A,-,08,22107,,N,A,-,A,A,H,-,C,A,0,,,,,Y,,A,01,0,0,1,0,0,0,0,0,0,"- ","- ",,,"SAN FRANCISCO","SAN FRANCISCO",-122.44575500488281,37.772083282470703
9633838,2023,2023-11-22,3801,2023-10-22,1514,1337,NORTH,7,5,7,3801,0,0,0,,0,0E3,"POST ST","POLK ST",150.00,W,N,B,-,N,,,,,,,,,,N,4,0,1,2,A,-,03,22350,,N,C,C,A,B,H,-,A,A,0,,,,,Y,,A,07,0,0,1,0,0,0,0,0,0,"- ","- ",,,"SAN FRANCISCO","SAN FRANCISCO",-122.42041015625,37.786766052246094
9633839,2023,2023-11-22,3801,2023-10-23,"230 ",2498,NORTH,1,5,7,3801,0,0,0,,0,3E12E,"DIVISADERO ST",MCALLISTER,0.00,,Y,B,-,N,,,,,,,,,,Y,2,0,1,2,A,-,01,23152,A,N,C,E,A,B,H,-,C,D,0,,,,,Y,Y,A,01,1,0,0,0,0,0,0,0,0,"- ","- ",,,"SAN FRANCISCO","SAN FRANCISCO",-122.4383544921875,37.777786254882812
9633840,2023,2023-12-05,3801,2023-10-23,1710,19,BAYV,1,5,7,3801,0,0,0,,0,901,"SHAFTER AV","JENNINGS ST",0.00,,N,-,-,N,,,,,,,,,,Y,4,0,1,2,A,-,03,22350,,N,D,C,A,A,H,-,A,D,0,,,,,Y,,A,01,0,0,1,0,0,0,0,0,0,"- ","- ",,,"SAN FRANCISCO","SAN FRANCISCO",-122.38697814941406,37.728908538818359
9633841,2023,2023-11-20,3801,2023-10-03,1733,577,TARAV,2,5,7,3801,0,0,0,,0,014,"OCEAN AV","VICTORIA ST",85.00,W,N,A,-,N,,,,,,,,,,N,4,0,1,2,A,-,08,22107,,N,B,C,A,A,C,-,A,A,0,,,Y,,Y,,C,03,0,0,1,0,0,0,0,0,1,"- ","- ",,,"SAN FRANCISCO","SAN FRANCISCO",-122.46451568603516,37.726123809814453
9633842,2023,2023-11-28,3801,2023-10-12,1900,2400,BAYVI,4,5,7,3801,0,0,0,,0,3CAR,"3RD ST","PALOU AV",0.00,,Y,A,-,N,,,,,,,,,,Y,4,0,2,2,A,-,08,22107,,N,D,F,A,A,H,-,C,A,0,,,,,Y,,A,01,0,0,2,0,0,0,0,0,0,"- ","- ",,,"SAN FRANCISCO","SAN FRANCISCO",-122.39105987548828,37.734039306640625
9633843,2023,2023-11-17,3801,2023-10-21,1857,2704,MISSI,6,5,7,3801,0,0,0,,0,,"SOUTH VAN NESS AVE","13TH ST",0.00,,Y,A,-,N,,,,,,,,,,,3,0,1,2,A,-,08,22107,,F,D,G,A,A,H,-,C,A,0,,Y,,,Y,Y,A,01,0,1,0,0,0,0,1,0,0,"- ","- ",,,"SAN FRANCISCO","SAN FRANCISCO",-122.41777801513672,37.7696533203125
9633844,2023,2023-11-16,3801,2023-10-03,1723,2154,TARAV,2,5,7,3801,0,0,0,,0,014,"OCEAN AV","VICTORIA AVE",50.00,W,N,A,-,N,,,,,,,,,,N,2,0,2,2,A,-,00,21955,A,N,G,-,D,A,-,-,A,A,0,Y,Y,,,Y,,N,60,2,0,0,0,1,0,1,0,0,"- ","- ",,,"SAN FRANCISCO","SAN FRANCISCO",-122.46440124511719,37.726081848144531
9633845,2023,2023-11-28,3801,2023-10-21,1622,1454,NORTH,6,5,7,3801,0,0,0,,0,3E13D,"TURK ST","POLK ST",0.00,,Y,A,-,N,,,,,,,,,,N,4,0,1,2,A,-,12,21453,A,N,D,C,A,A,H,-,A,A,0,,,Y,,Y,,A,01,0,0,1,0,0,0,0,0,1,"- ","- ",,,"SAN FRANCISCO","SAN FRANCISCO",-122.41899871826172,37.782169342041016
9633846,2023,2023-11-20,3801,2023-10-21,1658,1825,SOUTH,6,5,7,3801,0,0,0,,0,3B13D,"MISSION ST","7TH ST",0.00,,Y,A,-,N,,,,,,,,,,N,3,0,1,2,A,-,11,21456,A,N,D,B,B,-,H,-,A,A,0,Y,,,,Y,,N,60,0,1,0,0,1,0,0,0,0,"- ","- ",,,"SAN FRANCISCO","SAN FRANCISCO",-122.41089630126953,37.779209136962891
9633847,2023,2023-11-17,3801,2023-10-20,1925,1337,NORTH,5,5,7,3801,0,0,0,,0,0E2,"MCALLISTER ST","WEBSTER ST",0.00,,Y,A,-,N,,,,,,,,,,N,4,0,1,2,D,-,00,,,N,G,B,E,A,H,-,C,A,0,Y,,,,Y,,-,"- ",0,0,1,0,1,0,0,0,0,"- ","- ",,,"SAN FRANCISCO","SAN FRANCISCO",-122.43010711669922,37.778839111328125
9633848,2023,2023-11-20,3801,2023-10-21,"837 ",2059,CENTR,6,5,7,3801,0,0,0,,0,3A14A,"HARRISON ST","2ND ST",13.00,E,N,A,-,N,,,,,,,,,,Y,4,0,2,3,A,-,03,22350,A,N,D,C,A,A,H,-,A,A,0,,,,,Y,,A,01,0,0,2,0,0,0,0,0,0,"- ","- ",,,"SAN FRANCISCO","SAN FRANCISCO",-122.39514923095703,37.784355163574219
9633849,2023,2023-11-20,3801,2023-10-20,1506,118,PARK,5,5,7,3801,0,0,0,,0,3F13D,"HAIGHT ST","CENTRAL AV",5.00,S,N,A,-,N,,,,,,,,,,N,3,0,1,2,A,-,06,21755,A,N,D,-,A,A,H,-,A,A,0,,,Y,,Y,,O,05,0,1,0,0,0,0,0,0,1,"- ","- ",,,"SAN FRANCISCO","SAN FRANCISCO",-122.44367980957031,37.770416259765625
9633850,2023,2023-11-17,3801,2023-10-20,1751,4239,PARK,5,5,7,3801,0,0,0,,0,3F14D,"17TH ST","17TH ST 4084",0.00,,N,A,-,N,,,,,,,,,,N,3,0,1,2,A,-,17,21209,,N,D,C,A,A,H,-,A,D,0,,,Y,,Y,,C,02,0,1,0,0,0,0,0,0,1,"- ","- ",,,"SAN FRANCISCO","SAN FRANCISCO",-122.437032,37.762382000000002
9633851,2023,2023-11-20,3801,2023-10-19,1407,668,NORTH,4,5,7,3801,0,0,0,,0,3E56,"FILLMORE ST","SACRAMENTO ST",0.00,,Y,A,-,N,,,,,,,,,,N,4,0,1,2,A,-,10,21950,A,N,A,B,B,A,H,-,A,A,0,Y,,,,Y,,A,01,0,0,1,0,1,0,0,0,0,"- ","- ",,,"SAN FRANCISCO","SAN FRANCISCO",-122.43401336669922,37.789840698242188
9633852,2023,2023-11-20,3801,2023-10-20,1021,1304,NORTH,5,5,7,3801,0,0,0,,0,3E13A,"GOUGH ST","FULTON ST",0.00,,Y,A,-,N,,,,,,,,,,N,3,0,1,2,A,-,08,22107,,N,-,C,A,A,-,-,A,A,0,,,Y,,Y,,A,01,0,1,0,0,0,0,0,0,1,"- ","- ",,,"SAN FRANCISCO","SAN FRANCISCO",-122.42334747314453,37.778751373291016
9633853,2023,2023-11-20,3801,2023-10-18,1649,82,MISSI,3,5,7,3801,0,0,0,,0,3D14D,"CESAR CHAVEZ ST","HARRISON ST",0.00,,Y,A,-,N,,,,,,,,,,N,4,0,1,2,A,-,04,21703,,N,C,C,A,A,H,-,A,A,0,,,,,Y,,A,01,0,0,1,0,0,0,0,0,0,"- ","- ",,,"SAN FRANCISCO","SAN FRANCISCO",-122.41151428222656,37.748359680175781
9633854,2023,2023-11-28,3801,2023-10-19,1021,1695,NORTH,4,5,7,3801,0,0,0,,0,3E14A,"WEBSTER ST","MCALLISTER ST",0.00,,Y,A,-,N,,,,,,,,,,Y,4,0,1,2,A,-,09,21801,A,N,D,C,A,A,H,-,A,A,0,,,,,Y,,-,"- ",0,0,1,0,0,0,0,0,0,"- ","- ",,,"SAN FRANCISCO","SAN FRANCISCO",-122.43010711669922,37.778839111328125
9633855,2023,2023-11-16,3801,2023-10-13,1230,8,NORTH,5,5,7,3801,0,0,0,,0,3E12A,"WEBSTER ST","GEARY BL",0.00,,Y,A,-,N,,,,,,,,,,N,3,0,1,2,A,-,08,22107,,N,-,C,A,-,H,-,A,A,0,,,,,Y,,A,01,0,1,0,0,0,0,0,0,0,"- ","- ",,,"SAN FRANCISCO","SAN FRANCISCO",-122.43130493164062,37.784725189208984
9633856,2023,2023-11-20,3801,2023-10-18,"815 ",899,NORTH,3,5,7,3801,0,0,0,,0,3E12A,"DIVISADERO ST","OFARRELL ST",12.00,S,N,A,-,N,,,,,,,,,,N,2,0,1,2,A,-,12,21453,A,N,D,G,A,A,H,-,A,A,0,,Y,,,Y,,L,04,1,0,0,0,0,0,1,0,0,"- ","- ",,,"SAN FRANCISCO","SAN FRANCISCO",-122.43929290771484,37.782398223876953
9633857,2023,2023-11-16,3801,2023-10-20,2300,367,CENTR,5,5,7,3801,0,0,0,,0,3A13E,BROADWAY,"STOCKTON ST",0.00,,Y,A,-,N,,,,,,,,,,N,3,0,1,2,A,-,10,21950,A,N,G,B,B,A,H,-,C,A,0,Y,,,,Y,Y,A,01,0,1,0,0,1,0,0,0,0,"- ","- ",,,"SAN FRANCISCO","SAN FRANCISCO",-122.40859985351562,37.797660827636719
9633858,2023,2023-11-20,3801,2023-10-20,2253,2724,BAYVI,5,5,7,3801,0,0,0,,0,3C15E,"BAYSHORE BL","SILVER AVE",0.00,,Y,A,-,N,,,,,,,,,,N,2,0,1,2,A,-,03,22350,,F,G,B,B,A,H,-,C,A,0,Y,,,,Y,,-,99,1,0,0,0,1,0,0,0,0,"- ","- ",,,"SAN FRANCISCO","SAN FRANCISCO",-122.40464782714844,37.732959747314453
9633859,2023,2023-11-20,3801,2023-10-20,1515,1467,SOUTH,5,5,7,3801,0,0,0,,0,3B13D,"3RD ST","3RD ST 973",0.00,,N,A,-,N,,,,,,,,,,,3,0,1,1,A,-,03,22411,,N,H,A,A,A,H,-,A,A,0,,,,,Y,,M,94,0,1,0,0,0,0,0,0,0,"- ","- ",,,"SAN FRANCISCO","SAN FRANCISCO",-122.39085388183594,37.777347564697266
9633860,2023,2023-11-20,3801,2023-10-20,1836,1453,CENTR,5,5,7,3801,0,0,0,,0,3A2C,"CLAY ST","MONTGOMERY ST",0.00,,Y,A,-,N,,,,,,,,,,N,3,0,1,1,A,-,03,22350,,N,H,J,A,A,A,-,C,A,0,,,,,Y,,M,94,0,1,0,0,0,0,0,0,0,"- ","- ",,,"SAN FRANCISCO","SAN FRANCISCO",-122.40312194824219,37.794681549072266
9633863,2023,2023-11-08,3801,2023-10-19,2130,2094,TENDE,4,5,7,3801,0,0,0,,0,,"HYDE ST","MCALLISTER ST",0.00,,Y,B,-,N,,,,,,,,,,N,4,0,1,2,A,-,09,21804,A,N,-,J,A,A,H,-,C,A,0,,,,,Y,,A,01,0,0,1,0,0,0,0,0,0,"- ","- ",,,"SAN FRANCISCO","SAN FRANCISCO",-122.41532135009766,37.780738830566406
9633874,2023,2023-11-08,3801,2023-10-17,2200,451,MISSI,2,5,7,3801,0,0,0,,0,3D15E,"MISISON ST","SYCAMORE ST",0.00,,Y,A,-,N,,,,,,,,,,N,3,0,1,2,A,-,08,22107,,N,B,C,A,A,H,-,C,D,0,,,Y,,Y,,A,01,0,1,0,0,0,0,0,0,1,"- ","- ",,,"SAN FRANCISCO","SAN FRANCISCO",-122.41945648193359,37.762722015380859
9633879,2023,2023-11-09,3801,2023-10-13,1525,938,INGLE,5,5,7,3801,0,0,0,,0,3H11D,"MISSION ST","29TH ST",145.00,N,N,A,-,N,,,,,,,,,,N,3,0,1,2,A,-,00,21655,1,N,A,C,A,A,H,-,A,D,0,,,,,Y,,M,94,0,1,0,0,0,0,0,0,0,"- ","- ",,,"SAN FRANCISCO","SAN FRANCISCO",-122.42068481445312,37.744430541992188
9633901,2023,2023-11-08,3801,2023-10-26,"630 ",4356,INGLE,4,5,7,3801,0,0,0,,0,INGLES,"ALEMANY BL","FOOTE AV",0.00,,Y,A,-,N,,,,,,,,,,N,3,0,1,1,A,-,03,22411,,N,F,J,A,A,G,-,C,D,0,,,Y,,Y,,C,03,0,1,0,0,0,0,0,0,1,"- ","- ",,,"SAN FRANCISCO","SAN FRANCISCO",-122.44731903076172,37.714672088623047
9634241,2023,2023-11-13,3801,2023-09-25,1200,979,TENDE,1,5,7,3801,0,0,0,,0,3J12E,"13TH ST","HARRISON ST",0.00,,Y,A,-,,,,,,,,,,,,4,0,1,2,A,-,10,21950,A,N,G,B,B,A,H,-,A,A,0,Y,,,,Y,,-,,0,0,1,0,1,0,0,0,0,"- ","- ",,,"SAN FRANCISCO","SAN FRANCISCO",-122.41340637207031,37.769454956054688
9634242,2023,2023-11-13,3801,2023-09-29,2144,2157,RICHM,5,5,7,3801,0,0,0,,0,001,"PARK PRESIDIO BYPASS DR","CROSSOVER DR",10.00,S,N,A,-,N,,,,,,,,,,Y,3,0,1,2,A,-,04,21703,,F,C,C,A,A,H,-,C,A,0,,,,,Y,,A,01,0,1,0,0,0,0,0,0,0,"- ","- ",,,"SAN FRANCISCO","SAN FRANCISCO",-122.47944641113281,37.77117919921875
9634243,2023,2023-11-13,3801,2023-09-29,2020,2238,BAYVI,5,5,7,3801,0,0,0,,0,3C12D,"PAUL AV","BAYSHORE BL",17.00,E,N,A,-,N,,,,,,,,,,N,4,0,1,2,A,-,03,22350,,M,C,C,A,A,H,-,C,A,0,,,,,Y,,A,01,0,0,1,0,0,0,0,0,0,"- ","- ",,,"SAN FRANCISCO","SAN FRANCISCO",-122.40073394775391,37.723594665527344
9634244,2023,2023-11-13,3801,2023-09-25,1257,1832,TENDE,1,5,7,3801,0,0,0,,0,,"TURK ST","HYDE ST",0.00,,Y,A,-,N,,,,,,,,,,N,3,0,1,2,A,-,05,21651,B,N,A,C,A,A,H,-,A,D,0,,,Y,,Y,,C,03,0,1,0,0,0,0,0,0,1,"- ","- ",,,"SAN FRANCISCO","SAN FRANCISCO",-122.41569519042969,37.782566070556641
9634245,2023,2023-11-13,3801,2023-09-30,1330,1214,CENTR,6,5,7,3801,0,0,0,,0,3A42C,"BEACH ST","STOCKTON ST",123.00,S,N,A,-,N,,,,,,,,,,N,2,0,1,2,B,-,22,,,N,B,G,A,A,H,-,A,D,0,,Y,,,Y,,L,04,1,0,0,0,0,0,1,0,0,"- ","- ",,,"SAN FRANCISCO","SAN FRANCISCO",-122.41114044189453,37.807857513427734
9634246,2023,2023-11-13,3801,2023-09-23,"630 ",5,NORTH,6,5,7,3801,0,0,0,,0,3E12A,"WEBSTER ST","MCALLISTER ST",0.00,,Y,A,-,N,,,,,,,,,,Y,4,0,2,2,D,-,00,,,N,D,C,A,A,H,-,B,A,0,,,,,Y,,-,"- ",0,0,2,0,0,0,0,0,0,"- ","- ",,,"SAN FRANCISCO","SAN FRANCISCO",-122.43010711669922,37.778839111328125
9634247,2023,2023-11-13,3801,2023-09-27,1536,334,BAYVI,3,5,7,3801,0,0,0,,0,005,"3RD ST","ARMSTRONG AV",0.00,,Y,A,-,N,,,,,,,,,,Y,4,0,2,2,A,-,12,21453,A,N,D,C,A,A,H,-,A,A,0,,,,,Y,,A,01,0,0,2,0,0,0,0,0,0,"- ","- ",,,"SAN FRANCISCO","SAN FRANCISCO",-122.39366912841797,37.727035522460938
9634248,2023,2023-11-13,3801,2023-09-27,1841,1046,NORTH,3,5,7,3801,0,0,0,,0,3E13D,"CALIFORNIA ST","GOUGH ST",0.00,,Y,A,-,N,,,,,,,,,,N,4,0,1,2,A,-,03,22350,,F,C,C,A,A,H,-,B,A,0,,,,,Y,,A,08,0,0,1,0,0,0,0,0,0,"- ","- ",,,"SAN FRANCISCO","SAN FRANCISCO",-122.42559814453125,37.789939880371094
9634249,2023,2023-11-13,3801,2023-09-30,"128 ",2035,MISSI,6,5,7,3801,0,0,0,,0,,"POTRERO AV","20TH ST",75.00,N,N,A,-,N,,,,,,,,,,Y,4,0,1,2,A,-,03,22350,,F,C,C,A,A,H,-,C,D,0,,,,,Y,,-,,0,0,1,0,0,0,0,0,0,"- ","- ",,,"SAN FRANCISCO","SAN FRANCISCO",-122.406982421875,37.759574890136719