CASE_ID,ACCIDENT_YEAR,PROC_DATE,JURIS,COLLISION_DATE,COLLISION_TIME,OFFICER_ID,REPORTING_DISTRICT,DAY_OF_WEEK,CHP_SHIFT,POPULATION,CNTY_CITY_LOC,SPECIAL_COND,BEAT_TYPE,CHP_BEAT_TYPE,CITY_DIVISION_LAPD,CHP_BEAT_CLASS,BEAT_NUMBER,PRIMARY_RD,SECONDARY_RD,DISTANCE,DIRECTION,INTERSECTION,WEATHER_1,WEATHER_2,STATE_HWY_IND,CALTRANS_COUNTY,CALTRANS_DISTRICT,STATE_ROUTE,ROUTE_SUFFIX,POSTMILE_PREFIX,POSTMILE,LOCATION_TYPE,RAMP_INTERSECTION,SIDE_OF_HWY,TOW_AWAY,COLLISION_SEVERITY,NUMBER_KILLED,NUMBER_INJURED,PARTY_COUNT,PRIMARY_COLL_FACTOR,PCF_CODE_OF_VIOL,PCF_VIOL_CATEGORY,PCF_VIOLATION,PCF_VIOL_SUBSECTION,HIT_AND_RUN,TYPE_OF_COLLISION,MVIW,PED_ACTION,ROAD_SURFACE,ROAD_COND_1,ROAD_COND_2,LIGHTING,CONTROL_DEVICE,CHP_ROAD_TYPE,PEDESTRIAN_ACCIDENT,BICYCLE_ACCIDENT,MOTORCYCLE_ACCIDENT,TRUCK_ACCIDENT,NOT_PRIVATE_PROPERTY,ALCOHOL_INVOLVED,STWD_VEHTYPE_AT_FAULT,CHP_VEHTYPE_AT_FAULT,COUNT_SEVERE_INJ,COUNT_VISIBLE_INJ,COUNT_COMPLAINT_PAIN,COUNT_PED_KILLED,COUNT_PED_INJURED,COUNT_BICYCLIST_KILLED,COUNT_BICYCLIST_INJURED,COUNT_MC_KILLED,COUNT_MC_INJURED,PRIMARY_RAMP,SECONDARY_RAMP,LATITUDE,LONGITUDE,COUNTY,CITY,POINT_X,POINT_Y
9634250,2023,2023-11-13,3801,2023-09-28,1543,1021,SOUTH,4,5,7,3801,0,0,0,,0,,"FOLSOM ST","11TH ST",0.00,,Y,A,-,N,,,,,,,,,,Y,3,0,1,2,A,-,08,22107,,F,B,C,A,A,H,-,A,A,0,,,Y,,Y,,-,,0,1,0,0,0,0,0,0,1,"- ","- ",,,"SAN FRANCISCO","SAN FRANCISCO",-122.41400909423828,37.771884918212891
9634251,2023,2023-11-13,3801,2023-09-29,1711,4239,PARK,5,5,7,3801,0,0,0,,0,3F13D,"FELL ST","BRODERICK ST",132.00,E,N,B,-,N,,,,,,,,,,Y,4,0,1,3,A,-,21,22106,,N,B,D,A,A,H,-,A,D,0,,,,,Y,,A,01,0,0,1,0,0,0,0,0,0,"- ","- ",,,"SAN FRANCISCO","SAN FRANCISCO",-122.4388427734375,37.773899078369141
9634252,2023,2023-11-13,3801,2023-09-29,1910,964,NORTH,5,5,7,3801,0,0,0,,0,3E13D,"HAIGHT ST","LAGUNA ST",0.00,,Y,A,-,N,,,,,,,,,,Y,4,0,1,2,A,-,09,21802,A,N,D,C,A,A,H,-,C,A,0,,,,,Y,,A,01,0,0,1,0,0,0,0,0,0,"- ","- ",,,"SAN FRANCISCO","SAN FRANCISCO",-122.42551422119141,37.772739410400391
9634253,2023,2023-11-13,3801,2023-09-29,1608,1925,CENTR,5,5,7,3801,0,0,0,,0,901,"POST ST","POWELL ST",0.00,,Y,A,-,N,,,,,,,,,,N,4,0,1,2,A,-,10,21950,A,N,B,B,B,A,H,-,A,A,0,Y,,,,Y,,A,01,0,0,1,0,1,0,0,0,0,"- ","- ",,,"SAN FRANCISCO","SAN FRANCISCO",-122.40840148925781,37.788291931152344
9634254,2023,2023-11-13,3801,2023-09-29,1640,2380,SOUTH,5,5,7,3801,0,0,0,,0,0B4,"GOUGH ST","STEVENSON ST",0.00,,Y,A,-,N,,,,,,,,,,Y,4,0,1,2,A,-,08,22107,,N,D,C,A,A,H,-,A,A,0,,,,,Y,,A,01,0,0,1,0,0,0,0,0,0,"- ","- ",,,"SAN FRANCISCO","SAN FRANCISCO",-122.42143249511719,37.772659301757812
9634255,2023,2023-11-13,3801,2023-09-30,"55  ",2748,INGLE,6,5,7,3801,0,0,0,,0,3H11E,"SAN JOSE AV","RANDALL ST",0.00,,Y,C,-,N,,,,,,,,,,Y,3,0,1,1,A,-,01,23152,A,N,F,I,A,B,H,-,C,A,0,,,,,Y,Y,A,01,0,1,0,0,0,0,0,0,0,"- ","- ",,,"SAN FRANCISCO","SAN FRANCISCO",-122.42426300048828,37.739860534667969
9634256,2023,2023-11-13,3801,2023-09-30,1601,364,SOUTH,6,5,7,3801,0,0,0,,0,3B16D,"TOWNSEND ST","4TH ST",0.00,,Y,A,-,N,,,,,,,,,,N,2,0,1,1,A,-,03,22350,,N,H,-,A,A,H,-,A,D,0,,,Y,,Y,,C,03,1,0,0,0,0,0,0,0,1,"- ","- ",,,"SAN FRANCISCO","SAN FRANCISCO",-122.39498901367188,37.777114868164062
9634257,2023,2023-11-13,3801,2023-09-29,1604,2493,PARK,5,5,7,3801,0,0,0,,0,3F13D,"FULTON ST","DIVISADERO ST",0.00,,Y,B,-,N,,,,,,,,,,N,3,0,1,2,A,-,08,22107,,N,D,C,A,A,H,-,A,D,0,,,,,Y,,A,01,0,1,0,0,0,0,0,0,0,"- ","- ",,,"SAN FRANCISCO","SAN FRANCISCO",-122.43816375732422,37.776859283447266
9634258,2023,2023-11-13,3801,2023-09-29,1718,2407,MISSI,5,5,7,3801,0,0,0,,0,3D14D,"SAN BRUNO AV","16TH ST",33.00,N,N,A,-,N,,,,,,,,,,N,3,0,1,2,A,-,03,22350,,N,D,C,A,A,H,-,A,A,0,,,,,Y,,A,01,0,1,0,0,0,0,0,0,0,"- ","- ",,,"SAN FRANCISCO","SAN FRANCISCO",-122.40557861328125,37.765979766845703
9634259,2023,2023-11-13,3801,2023-09-27,1206,4265,INGLE,3,5,7,3801,0,0,0,,0,3H13A,"MISSION ST","EXCELSIOR AV",0.00,,Y,A,-,N,,,,,,,,,,N,3,0,1,2,A,-,09,21801,B,N,D,-,A,A,H,-,A,A,0,,Y,,,Y,,L,04,0,1,0,0,0,0,1,0,0,"- ","- ",,,"SAN FRANCISCO","SAN FRANCISCO",-122.43363952636719,37.726234436035156
9634260,2023,2023-11-13,3801,2023-09-30,1243,54,TARAV,6,5,7,3801,0,0,0,,0,3I15A,"HOLLOWAY AV","VARELA AV",0.00,,Y,A,-,N,,,,,,,,,,N,4,0,1,2,A,-,10,21950,A,N,G,B,B,A,H,-,A,A,0,Y,,,,Y,,A,01,0,0,1,0,1,0,0,0,0,"- ","- ",,,"SAN FRANCISCO","SAN FRANCISCO",-122.47608184814453,37.72076416015625
9634261,2023,2023-11-14,3801,2023-09-02,2350,4156,SOUTH,6,5,7,3801,0,0,0,,0,3B30,"MCALLISTER ST","JONES ST",0.00,,Y,A,-,N,,,,,,,,,,N,4,0,1,2,A,-,00,21450,,F,G,B,B,A,H,-,C,A,0,Y,,,,Y,,A,07,0,0,1,0,1,0,0,0,0,"- ","- ",,,"SAN FRANCISCO","SAN FRANCISCO",-122.41202545166016,37.7811279296875
9634262,2023,2023-11-14,3801,2023-09-29,1100,504,NORTH,5,5,7,3801,0,0,0,,0,3E15A,"LOMBARD ST","SCOTT ST",0.00,,Y,A,-,N,,,,,,,,,,N,4,0,2,2,A,-,04,21703,,N,C,C,A,A,H,-,B,A,0,,,,,Y,,A,07,0,0,2,0,0,0,0,0,0,"- ","- ",,,"SAN FRANCISCO","SAN FRANCISCO",-122.44100189208984,37.799209594726562
9634263,2023,2023-11-14,3801,2023-09-25,2214,2391,NORTH,1,5,7,3801,0,0,0,,0,3E12E,"MCALLISTER ST","WEBSTER ST",0.00,,Y,A,-,N,,,,,,,,,,N,3,0,1,2,A,-,12,21453,A,N,D,G,A,A,H,-,C,A,0,,Y,,,Y,,L,04,0,1,0,0,0,0,1,0,0,"- ","- ",,,"SAN FRANCISCO","SAN FRANCISCO",-122.43010711669922,37.778839111328125
9634264,2023,2023-11-14,3801,2023-09-27,"540 ",1066,NORTH,3,5,7,3801,0,0,0,,0,3E11E,"OAK ST","WEBSTER ST",0.00,,Y,A,-,N,,,,,,,,,,Y,4,0,1,2,A,-,12,21453,A,F,F,D,A,A,H,-,C,A,0,,,,,Y,,A,01,0,0,1,0,0,0,0,0,0,"- ","- ",,,"SAN FRANCISCO","SAN FRANCISCO",-122.42913055419922,37.774169921875
9634265,2023,2023-11-20,3801,2023-09-25,"705 ",1364,NORTH,1,5,7,3801,0,0,0,,0,3E1A,"DIVISADERO ST","HAIGHT ST",220.00,S,N,A,-,N,,,,,,,,,,Y,4,0,1,4,A,-,08,22107,,N,B,E,A,A,H,-,A,D,0,,,,,Y,,A,01,0,0,1,0,0,0,0,0,0,"- ","- ",,,"SAN FRANCISCO","SAN FRANCISCO",-122.43692016601562,37.770671844482422
9634266,2023,2023-11-14,3801,2023-09-25,1427,798,NORTH,1,5,7,3801,0,0,0,,0,3E12D,"HAIGHT ST","SCOTT ST",167.00,E,N,A,-,N,,,,,,,,,,,3,0,1,2,A,-,03,22350,,N,C,E,A,A,H,-,A,D,0,,Y,,,Y,,L,04,0,1,0,0,0,0,1,0,0,"- ","- ",,,"SAN FRANCISCO","SAN FRANCISCO",-122.43482208251953,37.771553039550781
9634267,2023,2023-11-14,3801,2023-09-25,"210 ",2498,NORTH,1,5,7,3801,0,0,0,,0,3E13E,"POLK ST","EDDY ST",0.00,,Y,A,-,N,,,,,,,,,,N,2,0,1,1,A,-,03,22350,,N,H,-,A,A,H,-,C,D,0,,Y,,,Y,,L,04,1,0,0,0,0,0,1,0,0,"- ","- ",,,"SAN FRANCISCO","SAN FRANCISCO",-122.41918182373047,37.7830810546875
9634268,2023,2023-11-14,3801,2023-09-25,"612 ",624,NORTH,1,5,7,3801,0,0,0,,0,002,"GEARY BL","FILLMORE ST",0.00,,Y,A,-,N,,,,,,,,,,Y,4,0,1,2,A,-,12,21453,A,F,E,I,A,A,H,-,B,A,0,,,,,Y,,A,01,0,0,1,0,0,0,0,0,0,"- ","- ",,,"SAN FRANCISCO","SAN FRANCISCO",-122.43294525146484,37.784530639648438
9634269,2023,2023-11-14,3801,2023-09-22,1952,2046,NORTH,5,5,7,3801,0,0,0,,0,3E15D,"LAGUNA ST","BAY ST",0.00,,Y,A,-,N,,,,,,,,,,Y,4,0,1,2,A,-,17,21657,,N,G,B,B,A,-,-,C,A,0,Y,,,,Y,,A,01,0,0,1,0,1,0,0,0,0,"- ","- ",,,"SAN FRANCISCO","SAN FRANCISCO",-122.43167877197266,37.803276062011719
9634270,2023,2023-11-14,3801,2023-09-24,1700,4187,NORTH,7,5,7,3801,0,0,0,,0,3E11D,"FRANKLIN ST","ELLIS ST",150.00,S,N,A,-,N,,,,,,,,,,N,4,0,2,2,A,-,03,22350,,N,C,C,A,A,H,-,A,D,0,,,,,Y,,A,07,0,0,2,0,0,0,0,0,0,"- ","- ",,,"SAN FRANCISCO","SAN FRANCISCO",-122.42254638671875,37.783206939697266
9634271,2023,2023-11-14,3801,2023-09-28,1215,2728,TENDE,4,5,7,3801,0,0,0,,0,908,"TAYLOR ST","OFARRELL ST",0.00,,Y,A,-,N,,,,,,,,,,Y,4,0,1,3,A,-,00,28002,A,F,B,C,A,A,H,-,A,A,0,,,,,Y,,A,01,0,0,1,0,0,0,0,0,0,"- ","- ",,,"SAN FRANCISCO","SAN FRANCISCO",-122.41132354736328,37.786022186279297
9634272,2023,2023-11-14,3801,2023-09-28,1412,668,NORTH,4,5,7,3801,0,0,0,,0,3E15D,"TURK ST","VAN NESS AV",0.00,,Y,A,-,N,,,,,,,,,,N,4,0,1,2,A,-,10,21950,,N,G,B,B,A,H,-,A,A,0,Y,,,,Y,,A,08,0,0,1,0,1,0,0,0,0,"- ","- ",,,"SAN FRANCISCO","SAN FRANCISCO",-122.42057800292969,37.781936645507812
9634273,2023,2023-11-14,3801,2023-09-28,"804 ",1513,RICHM,4,5,7,3801,0,0,0,,0,3G13A,"BALBOA ST","4TH AV",0.00,,Y,A,-,N,,,,,,,,,,N,4,0,1,1,A,-,08,22100,B,N,A,I,A,A,H,-,A,D,0,,,Y,,Y,,C,03,0,0,1,0,0,0,0,0,1,"- ","- ",,,"SAN FRANCISCO","SAN FRANCISCO",-122.46189117431641,37.777320861816406
9634274,2023,2023-11-14,3801,2023-09-28,1152,2126,CENTR,4,5,7,3801,0,0,0,,0,3A5A,"DRUMM ST","CLAY ST",0.00,,Y,A,-,N,,,,,,,,,,Y,4,0,3,2,A,-,09,21800,A,N,D,C,A,A,H,-,A,A,0,,,,,Y,,A,01,0,0,3,0,0,0,0,0,0,"- ","- ",,,"SAN FRANCISCO","SAN FRANCISCO",-122.39676666259766,37.795463562011719
9634275,2023,2023-11-20,3801,2023-09-29,1403,764,PARK,5,5,7,3801,0,0,0,,0,3F13C,"IRVING ST","6TH AV",0.00,,Y,B,C,N,,,,,,,,,,N,4,0,2,1,A,-,03,22350,,N,E,I,A,B,H,-,A,A,0,,,,,Y,,A,01,0,0,2,0,0,0,0,0,0,"- ","- ",,,"SAN FRANCISCO","SAN FRANCISCO",-122.46309661865234,37.764190673828125
9634276,2023,2023-11-14,3801,2023-09-05,1324,1951,SOUTH,2,5,7,3801,0,0,0,,0,0B3,"HOWARD ST","7TH ST",0.00,,Y,A,-,N,,,,,,,,,,,4,0,1,3,A,-,04,21703,,N,C,C,A,A,H,-,A,A,0,,,,,Y,,A,01,0,0,1,0,0,0,0,0,0,"- ","- ",,,"SAN FRANCISCO","SAN FRANCISCO",-122.40940093994141,37.777976989746094
9634277,2023,2023-11-14,3801,2023-09-29,"227 ",2098,TENDE,5,5,7,3801,0,0,0,,0,3J14E,"MISSION ST","8TH ST",0.00,,Y,A,-,N,,,,,,,,,,Y,4,0,1,2,A,-,12,21453,A,F,B,C,A,A,H,-,C,A,0,,,,,Y,,A,01,0,0,1,0,0,0,0,0,0,"- ","- ",,,"SAN FRANCISCO","SAN FRANCISCO",-122.41315460205078,37.7774658203125
9634278,2023,2023-11-14,3801,2023-09-29,1229,1118,SOUTH,5,5,7,3801,0,0,0,,0,3B14A,"BRANNAN ST","DIVISION ST",0.00,,Y,A,-,N,,,,,,,,,,N,4,0,1,2,A,-,07,21658,A,N,B,C,A,A,H,-,A,A,0,,,,,Y,,A,01,0,0,1,0,0,0,0,0,0,"- ","- ",,,"SAN FRANCISCO","SAN FRANCISCO",-122.40788269042969,37.769218444824219
9634279,2023,2023-11-14,3801,2023-09-29,1241,4370,INGLE,5,5,7,3801,0,0,0,,0,3H15A,"MISSION ST","ACTON ST",0.00,,Y,B,-,N,,,,,,,,,,Y,4,0,1,2,A,-,12,21453,A,N,D,C,A,A,H,-,A,A,0,,,Y,,Y,,C,03,0,0,1,0,0,0,0,0,1,"- ","- ",,,"SAN FRANCISCO","SAN FRANCISCO",-122.4527587890625,37.70880126953125
9634280,2023,2023-11-09,3801,2023-05-16,"750 ",1474,BAYVI,2,5,7,3801,0,0,0,,0,901,"NEWHALL ST","BAYVIEW ST",0.00,,Y,A,-,N,,,,,,,,,,Y,4,0,3,2,A,-,09,21802,A,N,D,C,A,A,H,-,A,D,0,,,,,Y,,A,01,0,0,3,0,0,0,0,0,0,"- ","- ",,,"SAN FRANCISCO","SAN FRANCISCO",-122.39464569091797,37.732940673828125
9634291,2023,2023-11-13,3801,2023-09-28,1218,190,SOUTH,4,5,7,3801,0,0,0,,0,3B26,"MINNA ST","3RD ST",0.00,,Y,A,-,N,,,,,,,,,,Y,4,0,1,2,A,-,00,20001,,F,C,E,A,A,H,-,A,A,0,,,,,Y,,A,01,0,0,1,0,0,0,0,0,0,"- ","- ",,,"SAN FRANCISCO","SAN FRANCISCO",-122.40148162841797,37.785842895507812
9634295,2023,2023-11-13,3801,2023-09-28,2005,654,PARK,4,5,7,3801,0,0,0,,0,3F13D,"MASONIC AV","OAK ST",0.00,N,N,A,-,N,,,,,,,,,,N,4,0,1,2,A,-,10,21950,A,N,B,B,B,A,H,-,C,A,0,Y,,,,Y,,A,01,0,0,1,0,1,0,0,0,0,"- ","- ",,,"SAN FRANCISCO","SAN FRANCISCO",-122.44575500488281,37.772083282470703
9634300,2023,2024-01-10,3801,2023-10-22,"213 ",2488,NORTH,7,5,7,3801,0,0,0,,0,E313E,"POLK ST","FERN ST",0.00,,Y,A,-,N,,,,,,,,,,Y,4,0,1,2,A,-,21,22106,,M,B,E,A,A,H,-,C,D,0,,,,,Y,,A,01,0,0,1,0,0,0,0,0,0,"- ","- ",,,"SAN FRANCISCO","SAN FRANCISCO",-122.42018890380859,37.788211822509766
9634303,2023,2024-02-09,3801,2023-10-20,1455,1428,MISSI,5,5,7,3801,0,0,0,,0,"1 CAR","VALENCIA ST","SYCAMORE ST",0.00,,Y,A,-,N,,,,,,,,,,N,4,0,1,2,A,-,08,22102,,N,D,C,A,A,H,-,A,A,0,,,,,Y,,A,01,0,0,1,0,0,0,0,0,0,"- ","- ",,,"SAN FRANCISCO","SAN FRANCISCO",-122.42164611816406,37.762550354003906
9634313,2023,2023-11-09,3801,2023-08-21,"853 ",2476,SOUTH,1,5,7,3801,0,0,0,,0,3B14A,"MARKET ST","OCTAVIA BL",0.00,,Y,A,-,N,,,,,,,,,,N,4,0,1,2,A,-,08,22101,D,F,G,J,A,A,-,-,A,A,0,,,,,Y,,A,01,0,0,1,0,0,0,0,0,0,"- ","- ",,,"SAN FRANCISCO","SAN FRANCISCO",-122.42359161376953,37.771774291992188
9634315,2023,2023-11-09,3801,2023-10-01,"200 ",469,MISSI,7,5,7,3801,0,0,0,,0,3D12D,"POTRERO AV","24TH ST",0.00,,Y,A,-,N,,,,,,,,,,Y,3,0,3,4,A,-,12,21453,A,F,D,C,A,A,H,-,C,A,0,,,,,Y,,A,01,0,1,2,0,0,0,0,0,0,"- ","- ",,,"SAN FRANCISCO","SAN FRANCISCO",-122.40631866455078,37.752994537353516
9634316,2023,2023-11-09,3801,2023-10-01,"157 ",2222,NORTH,7,5,7,3801,0,0,0,,0,3E15E,"LOMBARD ST","FILLMORE ST",4.00,W,N,A,-,N,,,,,,,,,,N,3,0,1,2,A,-,11,21955,,N,G,B,D,A,H,-,C,A,0,Y,,,,Y,Y,N,60,0,1,0,0,1,0,0,0,0,"- ","- ",,,"SAN FRANCISCO","SAN FRANCISCO",-122.43606567382812,37.799846649169922
9634317,2023,2023-11-09,3801,2023-08-07,1152,1496,INGLE,1,5,7,3801,0,0,0,,0,001,"MISSION ST","MISSION ST 3263",0.00,,-,A,-,N,,,,,,,,,,N,4,0,1,2,A,-,00,21954,,N,G,B,D,A,H,-,A,D,0,Y,,,,Y,,N,60,0,0,1,0,1,0,0,0,0,"- ","- ",,,"SAN FRANCISCO","SAN FRANCISCO",-122.41979217529297,37.7705078125
9634318,2023,2023-11-09,3801,2023-08-24,2054,1148,MISSI,4,5,7,3801,0,0,0,,0,3D15D,"CAPP ST","17TH ST",249.00,S,N,A,-,N,,,,,,,,,,N,4,0,1,2,A,-,21,22106,,N,D,B,D,A,H,-,E,A,0,Y,,,,Y,,A,01,0,0,1,0,1,0,0,0,0,"- ","- ",,,"SAN FRANCISCO","SAN FRANCISCO",-122.41853332519531,37.763481140136719
9634516,2023,2024-01-20,3801,2023-11-24,1348,2499,TARAV,5,5,7,3801,0,0,0,,0,313A,"NORIEGA ST","44TH AV",0.00,,Y,A,-,N,,,,,,,,,,N,4,0,1,2,A,-,03,22350,,N,D,G,A,A,H,-,A,D,0,,Y,,,Y,,A,01,0,0,1,0,0,0,1,0,0,"- ","- ",,,"SAN FRANCISCO","SAN FRANCISCO",-122.50325775146484,37.753036499023438
9634521,2023,2024-01-20,3801,2023-11-23,"200 ",451,MISSI,4,5,7,3801,0,0,0,,0,3D15E,"S VAN NESS AV","18TH ST",0.00,,Y,A,-,N,,,,,,,,,,N,4,0,1,2,A,-,12,21453,A,N,D,C,A,A,H,-,C,A,0,,,,,Y,,A,08,0,0,1,0,0,0,0,0,0,"- ","- ",,,"SAN FRANCISCO","SAN FRANCISCO",-122.41719818115234,37.761947631835938
9634539,2023,2024-01-20,3801,2023-11-20,"159 ",1480,MISSI,1,5,7,3801,0,0,0,,0,3D15E,"BRYANT ST","25TH ST",58.00,N,N,A,-,N,,,,,,,,,,Y,2,0,1,3,A,-,03,22350,,N,A,I,A,A,H,-,C,D,0,,,,,Y,Y,A,01,1,0,0,0,0,0,0,0,0,"- ","- ",,,"SAN FRANCISCO","SAN FRANCISCO",-122.40901184082031,37.751350402832031
9634543,2023,2024-01-11,3801,2023-11-18,"130 ",2147,NORTH,6,5,7,3801,0,0,0,,0,4CAR,BROADWAY,"OCTAVIA ST",0.00,,Y,C,-,N,,,,,,,,,,Y,4,0,3,2,A,-,12,22450,A,N,D,C,A,B,H,-,C,A,0,,,,,Y,,-,"- ",0,0,3,0,0,0,0,0,0,"- ","- ",,,"SAN FRANCISCO","SAN FRANCISCO",-122.4283447265625,37.795112609863281
9634547,2023,2024-01-11,3801,2023-11-15,1540,1372,INGLE,3,5,7,3801,0,0,0,,0,3H60,"SUNNYDALE AV","LIGHT STANDARD 17/1",30.00,W,N,B,-,N,,,,,,,,,,N,4,0,1,2,A,-,21,22106,,N,D,C,A,A,H,-,A,D,0,,,,,Y,,A,01,0,0,1,0,0,0,0,0,0,"- ","- ",,,"SAN FRANCISCO","SAN FRANCISCO",,
9634569,2023,2024-01-12,3801,2023-11-09,1100,1501,INGLE,4,5,7,3801,0,0,0,,0,,"MONTEREY BL","FOERSTER ST",32.00,E,N,A,-,N,,,,,,,,,,Y,4,0,1,2,A,-,03,22350,,N,C,C,A,A,H,-,A,A,0,,,,,Y,,A,01,0,0,1,0,0,0,0,0,0,"- ","- ",,,"SAN FRANCISCO","SAN FRANCISCO",-122.44876098632812,37.731548309326172
9634570,2023,2024-01-12,3801,2023-11-03,1718,1166,INGLE,5,5,7,3801,0,0,0,,0,3H13D,"MISSION ST","SILVER AV",0.00,,Y,A,-,N,,,,,,,,,,N,3,0,1,2,A,-,10,21950,A,F,G,B,B,A,H,-,A,A,0,Y,,,,Y,,A,01,0,1,0,0,1,0,0,0,0,"- ","- ",,,"SAN FRANCISCO","SAN FRANCISCO",-122.43128204345703,37.728736877441406
9634691,2023,2024-01-22,3801,2023-11-25,"39  ",367,CENTR,6,5,7,3801,0,0,0,,0,3A13E,"PACIFIC AV","POWELL ST",0.00,,Y,A,-,N,,,,,,,,,,Y,4,0,1,3,A,-,03,22350,,N,F,E,A,A,H,-,C,A,0,,,,,Y,,A,01,0,0,1,0,0,0,0,0,0,"- ","- ",,,"SAN FRANCISCO","SAN FRANCISCO",-122.41006469726562,37.7965087890625
9634692,2023,2024-01-23,3801,2023-11-24,1827,1931,NORTH,5,5,7,3801,0,0,0,,0,3E16D,"FELL ST","VAN NESS AV",0.00,,Y,A,-,N,,,,,,,,,,N,4,0,1,2,A,-,08,22107,,N,B,C,A,A,H,-,C,A,0,,,Y,,Y,,-,,0,0,1,0,0,0,0,0,0,"- ","- ",,,"SAN FRANCISCO","SAN FRANCISCO",-122.41950225830078,37.776382446289062
9634693,2023,2024-01-23,3801,2023-11-24,1500,158,NORTH,5,5,7,3801,0,0,0,,0,3E14D,"SACRAMENTO ST","FILLMORE ST",115.00,W,N,A,-,N,,,,,,,,,,N,4,0,1,2,A,-,21,22106,,N,B,C,A,A,H,-,A,D,0,,,,,Y,,A,07,0,0,1,0,0,0,0,0,0,"- ","- ",,,"SAN FRANCISCO","SAN FRANCISCO",-122.43440246582031,37.789787292480469
9634694,2023,2024-01-23,3801,2023-11-24,2200,1851,TENDE,5,5,7,3801,0,0,0,,0,3J14E,"EDDY ST","TAYLOR ST",0.00,,Y,A,-,N,,,,,,,,,,Y,3,0,1,2,A,-,03,22350,A,F,B,E,A,A,H,-,C,A,0,,,,,Y,,A,01,0,1,0,0,0,0,0,0,0,"- ","- ",,,"SAN FRANCISCO","SAN FRANCISCO",-122.41094970703125,37.784160614013672
9634695,2023,2024-01-23,3801,2023-11-24,"600 ",1892,BAYVI,5,5,7,3801,0,0,0,,0,3C15A,"GILMAN AV","ARELIOUS WALKER DR",388.00,W,N,A,-,N,,,,,,,,,,Y,4,0,1,2,A,-,07,21658,A,M,C,E,A,A,H,-,C,A,0,,,,,Y,,A,01,0,0,1,0,0,0,0,0,0,"- ","- ",,,"SAN FRANCISCO","SAN FRANCISCO",-122.38735198974609,37.717788696289062
9634696,2023,2024-01-23,3801,2023-11-23,2330,637,MISSI,4,5,7,3801,0,0,0,,0,3D15E,"DUBOCE AV","GUERRERO ST",0.00,,Y,A,-,N,,,,,,,,,,N,4,0,1,2,A,-,10,21950,A,N,G,B,B,A,H,-,C,A,0,Y,,,,Y,,A,01,0,0,1,0,1,0,0,0,0,"- ","- ",,,"SAN FRANCISCO","SAN FRANCISCO",-122.42459106445312,37.769741058349609
9634697,2023,2024-01-23,3801,2023-11-23,"820 ",2263,TARAV,4,5,7,3801,0,0,0,,0,3I15A,"JUNIPERO SERRA","BROTHERHOOD WY",0.00,,Y,A,-,N,,,,,,,,,,Y,3,0,1,2,-,-,"- ",,,N,H,I,A,A,H,-,A,D,0,,,,,Y,,-,"- ",0,1,0,0,0,0,0,0,0,"- ","- ",,,"SAN FRANCISCO","SAN FRANCISCO",-122.47118377685547,37.712699890136719
9634698,2023,2024-01-23,3801,2023-11-22,2254,524,INGLE,3,5,7,3801,0,0,0,,0,3H15E,"OCEAN AV","OTSEGO AV",0.00,,Y,A,-,N,,,,,,,,,,Y,4,0,1,2,A,-,05,21650,A,F,D,D,A,A,H,-,C,A,0,,,,,Y,,A,01,0,0,1,0,0,0,0,0,0,"- ","- ",,,"SAN FRANCISCO","SAN FRANCISCO",-122.44104766845703,37.72332763671875
9634700,2023,2024-01-23,3801,2023-11-27,"826 ",1224,MISSI,1,5,7,3801,0,0,0,,0,0D4,"CESAR CHAVEZ ST","VALENCIA ST",0.00,,Y,A,-,N,,,,,,,,,,N,3,0,1,2,A,-,10,21950,A,N,G,B,B,A,H,-,A,A,0,Y,,,,Y,,A,01,0,1,0,0,1,0,0,0,0,"- ","- ",,,"SAN FRANCISCO","SAN FRANCISCO",-122.42025756835938,37.748161315917969
9634701,2023,2024-01-26,3801,2023-11-26,2145,2139,TARAV,7,5,7,3801,0,0,0,,0,901,"45TH AV","ORTEGA ST",50.00,N,N,A,-,N,,,,,,,,,,Y,3,0,1,2,A,-,01,23152,A,N,B,E,A,A,H,-,C,A,0,,,,,Y,Y,A,01,0,1,0,0,0,0,0,0,0,"- ","- ",,,"SAN FRANCISCO","SAN FRANCISCO",-122.50422668457031,37.751266479492188
9634702,2023,2024-01-26,3801,2023-11-26,1830,1251,BAYVI,7,5,7,3801,0,0,0,,0,3C12D,"BAY SHORE BL","SILVER AV",0.00,,Y,A,-,N,,,,,,,,,,N,4,0,1,2,A,-,10,21950,A,N,G,B,B,A,H,-,C,A,0,Y,,,,Y,,A,01,0,0,1,0,1,0,0,0,0,"- ","- ",,,"SAN FRANCISCO","SAN FRANCISCO",-122.40464782714844,37.732959747314453
9634703,2023,2024-01-26,3801,2023-11-26,1216,189,NORTH,7,5,7,3801,0,0,0,,0,001,"PAGE ST","LAGUNA ST",0.00,,Y,A,-,N,,,,,,,,,,N,2,0,1,2,A,-,03,22350,A,N,F,-,A,A,H,-,A,D,0,,Y,,,Y,,L,04,1,0,0,0,0,0,1,0,0,"- ","- ",,,"SAN FRANCISCO","SAN FRANCISCO",-122.42569732666016,37.773658752441406
9634704,2023,2024-09-24,3801,2023-11-25,1515,2439,CENTR,6,5,7,3801,0,0,0,,0,3A46,"JEFFERSON ST","JONES ST",23.00,E,N,A,-,N,,,,,,,,,,Y,3,0,1,1,D,-,00,,,N,H,-,A,A,H,-,A,D,0,,Y,,,Y,,-,"- ",0,1,0,0,0,0,1,0,0,"- ","- ",,,"SAN FRANCISCO","SAN FRANCISCO",-122.41734313964844,37.808021545410156
9634705,2023,2024-01-26,3801,2023-11-25,1324,1906,PARK,6,5,7,3801,0,0,0,,0,3F1A,"6TH AV","IRVING ST",6.00,,N,A,-,N,,,,,,,,,,N,2,0,1,2,A,-,10,21950,A,N,G,B,B,A,H,-,A,A,0,Y,,,,Y,,A,01,1,0,0,0,1,0,0,0,0,"- ","- ",,,"SAN FRANCISCO","SAN FRANCISCO",-122.46309661865234,37.764190673828125