CASE_ID,ACCIDENT_YEAR,PROC_DATE,JURIS,COLLISION_DATE,COLLISION_TIME,OFFICER_ID,REPORTING_DISTRICT,DAY_OF_WEEK,CHP_SHIFT,POPULATION,CNTY_CITY_LOC,SPECIAL_COND,BEAT_TYPE,CHP_BEAT_TYPE,CITY_DIVISION_LAPD,CHP_BEAT_CLASS,BEAT_NUMBER,PRIMARY_RD,SECONDARY_RD,DISTANCE,DIRECTION,INTERSECTION,WEATHER_1,WEATHER_2,STATE_HWY_IND,CALTRANS_COUNTY,CALTRANS_DISTRICT,STATE_ROUTE,ROUTE_SUFFIX,POSTMILE_PREFIX,POSTMILE,LOCATION_TYPE,RAMP_INTERSECTION,SIDE_OF_HWY,TOW_AWAY,COLLISION_SEVERITY,NUMBER_KILLED,NUMBER_INJURED,PARTY_COUNT,PRIMARY_COLL_FACTOR,PCF_CODE_OF_VIOL,PCF_VIOL_CATEGORY,PCF_VIOLATION,PCF_VIOL_SUBSECTION,HIT_AND_RUN,TYPE_OF_COLLISION,MVIW,PED_ACTION,ROAD_SURFACE,ROAD_COND_1,ROAD_COND_2,LIGHTING,CONTROL_DEVICE,CHP_ROAD_TYPE,PEDESTRIAN_ACCIDENT,BICYCLE_ACCIDENT,MOTORCYCLE_ACCIDENT,TRUCK_ACCIDENT,NOT_PRIVATE_PROPERTY,ALCOHOL_INVOLVED,STWD_VEHTYPE_AT_FAULT,CHP_VEHTYPE_AT_FAULT,COUNT_SEVERE_INJ,COUNT_VISIBLE_INJ,COUNT_COMPLAINT_PAIN,COUNT_PED_KILLED,COUNT_PED_INJURED,COUNT_BICYCLIST_KILLED,COUNT_BICYCLIST_INJURED,COUNT_MC_KILLED,COUNT_MC_INJURED,PRIMARY_RAMP,SECONDARY_RAMP,LATITUDE,LONGITUDE,COUNTY,CITY,POINT_X,POINT_Y
9634706,2023,2024-01-26,3801,2023-11-28,2254,246,TARAV,2,5,7,3801,0,0,0,,0,4CAR,"19TH AV","SLOAT AV",0.00,,Y,C,-,N,,,,,,,,,,Y,4,0,1,2,A,-,09,21801,A,N,A,C,A,B,H,-,C,A,0,,,,,Y,Y,A,01,0,0,1,0,0,0,0,0,0,"- ","- ",,,"SAN FRANCISCO","SAN FRANCISCO",-122.47511291503906,37.734561920166016
9634707,2023,2024-01-26,3801,2023-11-27,1934,4041,TARAV,1,5,7,3801,0,0,0,,0,3I13D,"SUNSET BL","VICENTE ST",0.00,,Y,A,-,N,,,,,,,,,,N,4,0,1,2,A,-,04,21703,,N,C,C,A,A,H,-,C,A,0,,,,,Y,,A,01,0,0,1,0,0,0,0,0,0,"- ","- ",,,"SAN FRANCISCO","SAN FRANCISCO",-122.49427032470703,37.738502502441406
9634708,2023,2024-01-26,3801,2023-11-22,1039,2495,BAYVI,3,5,7,3801,0,0,0,,0,3C12A,"OAKDALE AV","LOOMIS ST",0.00,,Y,A,-,N,,,,,,,,,,Y,4,0,1,2,A,-,12,22450,A,N,D,C,A,A,H,-,A,A,0,,,,,Y,,A,01,0,0,1,0,0,0,0,0,0,"- ","- ",,,"SAN FRANCISCO","SAN FRANCISCO",-122.40431213378906,37.742527008056641
9634709,2023,2024-01-26,3801,2023-11-22,"952 ",1951,SOUTH,3,5,7,3801,0,0,0,,0,0B4,"S VAN NESS AV","MARKET ST",0.00,,Y,A,-,N,,,,,,,,,,Y,4,0,1,2,A,-,07,21658,,N,B,C,A,A,H,-,A,A,0,,,,,Y,,A,01,0,0,1,0,0,0,0,0,0,"- ","- ",,,"SAN FRANCISCO","SAN FRANCISCO",-122.41925811767578,37.775169372558594
9634710,2023,2024-01-26,3801,2023-11-22,"951 ",1150,PARK,3,5,7,3801,0,0,0,,0,3F3,OAK,"SHRADER ST",27.00,E,N,A,-,N,,,,,,,,,,Y,4,0,1,2,A,-,08,22107,,N,B,C,A,A,H,-,A,D,0,,,Y,,Y,,A,01,0,0,1,0,0,0,0,0,1,"- ","- ",,,"SAN FRANCISCO","SAN FRANCISCO",-122.45212554931641,37.771244049072266
9634711,2023,2024-01-26,3801,2023-11-21,1655,445,INGLE,2,5,7,3801,0,0,0,,0,3H16D,"LONDON ST","RUSSIA AV",0.00,,Y,A,-,N,,,,,,,,,,N,3,0,1,2,A,-,10,21950,A,N,G,B,B,A,H,-,B,D,0,Y,,,,Y,Y,-,,0,1,0,0,1,0,0,0,0,"- ","- ",,,"SAN FRANCISCO","SAN FRANCISCO",-122.43637084960938,37.721195220947266
9634712,2023,2024-02-07,3801,2023-11-21,1354,4279,INGLE,2,5,7,3801,0,0,0,,0,3H14A,"ALEMANY BL","SANTA ROSA AV",0.00,,Y,A,-,N,,,,,,,,,,Y,3,0,3,2,A,-,08,22107,,N,A,C,A,A,H,-,A,A,0,,,,,Y,,A,01,0,1,2,0,0,0,0,0,0,"- ","- ",,,"SAN FRANCISCO","SAN FRANCISCO",-122.43605804443359,37.726757049560547
9634713,2023,2024-01-26,3801,2023-11-20,1954,104,TRAFF,1,5,7,3801,0,0,0,,0,104,"JONES ST","GOLDEN GATE AV",65.00,S,N,A,-,N,,,,,,,,,,Y,4,0,2,5,A,-,03,22350,,F,B,C,A,A,H,-,C,A,0,,,,,Y,,A,07,0,0,2,0,0,0,0,0,0,"- ","- ",,,"SAN FRANCISCO","SAN FRANCISCO",-122.41219329833984,37.781902313232422
9634714,2023,2024-02-23,3801,2023-11-20,1734,2154,TARAV,1,5,7,3801,0,0,0,,0,3I2D,"ULLOA ST","32ND AV",0.00,,Y,A,-,N,,,,,,,,,,N,3,0,1,2,A,-,11,21954,A,N,-,B,E,A,H,-,C,D,0,Y,,,,Y,,N,60,0,1,0,0,1,0,0,0,0,"- ","- ",,,"SAN FRANCISCO","SAN FRANCISCO",-122.48947143554688,37.740581512451172
9634715,2023,2024-01-26,3801,2023-11-20,1310,4305,NORTH,1,5,7,3801,0,0,0,,0,3CAR,"POST ST","GOUGH ST",0.00,,Y,A,-,N,,,,,,,,,,N,4,0,1,2,A,-,03,22350,,N,B,C,A,A,H,-,A,A,0,,,,,Y,,A,01,0,0,1,0,0,0,0,0,0,"- ","- ",,,"SAN FRANCISCO","SAN FRANCISCO",-122.42484283447266,37.78619384765625
9634716,2023,2024-09-24,3801,2023-11-19,2050,2455,CENTR,7,5,7,3801,0,0,0,,0,,"SACRAMENTO ST","BATTERY ST",0.00,,Y,A,-,N,,,,,,,,,,Y,4,0,2,2,A,-,12,21453,A,N,D,C,A,A,H,-,C,A,0,,,,,Y,,-,"- ",0,0,2,0,0,0,0,0,0,"- ","- ",,,"SAN FRANCISCO","SAN FRANCISCO",-122.40016174316406,37.794178009033203
9634717,2023,2024-02-23,3801,2023-11-08,1418,4275,TARAV,3,5,7,3801,0,0,0,,0,3I13A,"SLOAT BL","41ST AV",0.00,,Y,A,-,N,,,,,,,,,,N,3,0,1,2,A,-,09,21802,A,N,D,C,A,A,H,-,A,A,0,,,,,Y,,A,01,0,1,0,0,0,0,0,0,0,"- ","- ",,,"SAN FRANCISCO","SAN FRANCISCO",-122.49923706054688,37.734264373779297
9634718,2023,2024-01-26,3801,2023-11-07,1651,4175,TRAFF,2,5,7,3801,0,0,0,,0,4B4D,"VAN NESS AV","BUSH ST",84.00,S,N,A,-,N,,,,,,,,,,Y,2,0,1,2,D,-,00,,,N,B,C,A,A,H,-,B,A,0,,,,,Y,,-,"- ",1,0,0,0,0,0,0,0,0,"- ","- ",,,"SAN FRANCISCO","SAN FRANCISCO",-122.42186737060547,37.788261413574219
9634719,2023,2024-01-26,3801,2023-11-03,2121,2157,RICHM,5,5,7,3801,0,0,0,,0,003,"ANZA ST","FUNSTON AV",0.00,,Y,A,-,N,,,,,,,,,,Y,4,0,2,2,A,-,09,21804,B,N,D,C,A,A,H,-,C,A,0,,,,,Y,,A,01,0,0,2,0,0,0,0,0,0,"- ","- ",,,"SAN FRANCISCO","SAN FRANCISCO",-122.47164154052734,37.778743743896484
9634720,2023,2024-01-26,3801,2023-11-18,2207,1602,BAYVI,6,5,7,3801,0,0,0,,0,3C12E,"BAY SHORE BL","FLOWER ST",516.00,S,N,A,-,N,,,,,,,,,,Y,4,0,1,3,A,-,03,22350,,N,F,E,A,B,H,-,C,A,0,,,,,Y,,A,01,0,0,1,0,0,0,0,0,0,"- ","- ",,,"SAN FRANCISCO","SAN FRANCISCO",-122.40654754638672,37.741275787353516
9634721,2023,2024-01-20,3801,2023-11-18,"238 ",524,INGLE,6,5,7,3801,0,0,0,,0,3H16E,"BAYSHORE BL","SUNNYDALE AV",248.00,N,N,C,-,N,,,,,,,,,,Y,3,0,1,2,A,-,08,22107,,N,E,I,A,B,H,-,C,D,0,,,,,Y,,-,,0,1,0,0,0,0,0,0,0,"- ","- ",,,"SAN FRANCISCO","SAN FRANCISCO",-122.40494537353516,37.709545135498047
9634722,2023,2024-01-20,3801,2023-11-17,2140,623,BAYVI,5,5,7,3801,0,0,0,,0,,"SAN BRUNO AV","BACON ST",0.00,,Y,C,-,N,,,,,,,,,,N,2,0,1,2,A,-,09,21804,,N,D,J,A,B,H,-,C,A,0,,,,,Y,,A,01,1,0,0,0,0,0,0,0,0,"- ","- ",,,"SAN FRANCISCO","SAN FRANCISCO",-122.40361022949219,37.727638244628906
9634723,2023,2024-01-20,3801,2023-11-17,"750 ",1593,PARK,5,5,7,3801,0,0,0,,0,,"COLE ST","WALLER ST",0.00,,Y,A,-,N,,,,,,,,,,Y,4,0,1,2,A,-,12,22450,A,N,D,C,A,A,H,-,A,A,0,,,,,Y,,A,01,0,0,1,0,0,0,0,0,0,"- ","- ",,,"SAN FRANCISCO","SAN FRANCISCO",-122.45053863525391,37.768589019775391
9634724,2023,2024-01-20,3801,2023-11-17,"125 ",2035,MISSI,5,5,7,3801,0,0,0,,0,,"18TH ST","GUERRERO ST",0.00,,Y,A,-,N,,,,,,,,,,Y,3,0,1,2,A,-,01,23152,A,N,D,C,A,B,H,-,C,A,0,,,Y,,Y,Y,C,02,0,1,0,0,0,0,0,0,1,"- ","- ",,,"SAN FRANCISCO","SAN FRANCISCO",-122.42379760742188,37.761577606201172
9634725,2023,2024-01-20,3801,2023-11-16,1400,156,BAYVI,4,5,7,3801,0,0,0,,0,3C15A,"CARROLL AV","KEITH ST",0.00,W,N,A,-,N,,,,,,,,,,Y,4,0,2,3,A,-,05,21650,,F,D,E,A,A,H,-,A,D,0,,,,,Y,,A,01,0,0,2,0,0,0,0,0,0,"- ","- ",,,"SAN FRANCISCO","SAN FRANCISCO",-122.39335632324219,37.724956512451172
9634727,2023,2024-01-20,3801,2023-11-22,"18  ",1750,NORTH,3,5,7,3801,0,0,0,,0,0E5,"LOMBARD ST","BUCHANAN ST",20.00,W,N,A,-,N,,,,,,,,,,N,4,0,1,2,A,-,11,21954,A,N,G,B,D,A,H,-,C,A,0,Y,,,,Y,Y,N,60,0,0,1,0,1,0,0,0,0,"- ","- ",,,"SAN FRANCISCO","SAN FRANCISCO",-122.43283081054688,37.800251007080078
9634728,2023,2024-01-20,3801,2023-11-21,1736,1572,SOUTH,2,5,7,3801,0,0,0,,0,3B2,"MISSION ST","MISSION ST 980",0.00,,-,A,-,N,,,,,,,,,,N,3,0,1,2,A,-,17,22517,,N,B,G,A,A,H,-,C,A,0,,Y,,,Y,,A,07,0,1,0,0,0,0,1,0,0,"- ","- ",,,"SAN FRANCISCO","SAN FRANCISCO",-122.41979217529297,37.7705078125
9634729,2023,2024-01-20,3801,2023-11-18,2240,2488,NORTH,6,5,7,3801,0,0,0,,0,3E15E,"LOMBARD ST","STEINER ST",0.00,,Y,A,-,N,,,,,,,,,,N,4,0,1,2,A,-,11,21456,C,N,G,B,B,A,H,-,C,A,0,Y,,,,Y,Y,N,60,0,0,1,0,1,0,0,0,0,"- ","- ",,,"SAN FRANCISCO","SAN FRANCISCO",-122.43769073486328,37.799640655517578
9634730,2023,2024-01-20,3801,2023-11-17,1120,1796,RICHM,5,5,7,3801,0,0,0,,0,3G14A,"GEARY BL","31ST AV",0.00,,Y,B,C,N,,,,,,,,,,Y,4,0,2,2,A,-,09,21801,,N,D,C,A,B,G,-,C,D,0,,,,,Y,,A,01,0,0,2,0,0,0,0,0,0,"- ","- ",,,"SAN FRANCISCO","SAN FRANCISCO",-122.49118041992188,37.779865264892578
9634731,2023,2024-01-20,3801,2023-11-16,1659,1909,NORTH,4,5,7,3801,0,0,0,,0,NORTHE,"LAGUNA ST","ELLIS ST",0.00,,Y,A,-,N,,,,,,,,,,Y,4,0,1,2,A,-,10,21950,A,N,G,B,B,A,H,-,C,D,0,Y,,,,Y,,A,01,0,0,1,0,1,0,0,0,0,"- ","- ",,,"SAN FRANCISCO","SAN FRANCISCO",-122.42758178710938,37.782981872558594
9634732,2023,2024-01-20,3801,2023-11-15,"754 ",1351,MISSI,3,5,7,3801,0,0,0,,0,3D11A,"MARKET ST","OCTAVIA BL",0.00,,Y,-,-,N,,,,,,,,,,N,3,0,1,2,A,-,08,22101,D,N,-,-,A,-,-,-,-,-,0,,Y,,,Y,,A,01,0,1,0,0,0,0,1,0,0,"- ","- ",,,"SAN FRANCISCO","SAN FRANCISCO",-122.42359161376953,37.771774291992188
9634733,2023,2024-01-20,3801,2023-11-07,1758,2222,NORTH,2,5,7,3801,0,0,0,,0,3E11D,"GROVE ST","GOUGH ST",0.00,,Y,A,-,N,,,,,,,,,,N,4,0,1,2,A,-,06,21751,,M,H,A,A,A,H,-,C,A,0,,,Y,,Y,,A,01,0,0,1,0,0,0,0,0,1,"- ","- ",,,"SAN FRANCISCO","SAN FRANCISCO",-122.42316436767578,37.777805328369141
9634734,2023,2024-01-20,3801,2023-11-17,1853,2222,NORTH,5,5,7,3801,0,0,0,,0,3E13E,"GOUGH ST","MCALLISTER ST",14.00,N,N,C,-,N,,,,,,,,,,N,4,0,1,2,A,-,10,21950,A,N,G,B,B,B,H,-,C,A,0,Y,,,,Y,,A,01,0,0,1,0,1,0,0,0,0,"- ","- ",,,"SAN FRANCISCO","SAN FRANCISCO",-122.42354583740234,37.779708862304688
9634735,2023,2024-01-20,3801,2023-11-13,2134,2222,NORTH,1,5,7,3801,0,0,0,,0,3E13E,"FRANKLIN ST","POST ST",0.00,,Y,A,-,N,,,,,,,,,,Y,4,0,1,2,A,-,12,21453,A,N,D,C,A,A,H,-,C,A,0,,,,,Y,,A,01,0,0,1,0,0,0,0,0,0,"- ","- ",,,"SAN FRANCISCO","SAN FRANCISCO",-122.42320251464844,37.786399841308594
9634736,2023,2024-01-20,3801,2023-11-13,2107,307,NORTH,1,5,7,3801,0,0,0,,0,3E11D,"FELL ST","BUCHANAN ST",0.00,,Y,A,-,N,,,,,,,,,,N,4,0,2,3,A,-,08,22107,,N,D,C,A,A,H,-,C,A,0,,,,,Y,,A,01,0,0,2,0,0,0,0,0,0,"- ","- ",,,"SAN FRANCISCO","SAN FRANCISCO",-122.42771148681641,37.77532958984375
9634737,2023,2024-01-20,3801,2023-11-13,2045,2380,SOUTH,1,5,7,3801,0,0,0,,0,0B4,"12TH ST","BERNICE ST",0.00,,Y,A,-,N,,,,,,,,,,N,4,0,1,2,D,-,00,,,N,A,B,E,A,H,-,C,A,0,Y,,,,Y,,-,"- ",0,0,1,0,1,0,0,0,0,"- ","- ",,,"SAN FRANCISCO","SAN FRANCISCO",-122.41374206542969,37.770355224609375
9634738,2023,2024-01-20,3801,2023-11-13,1823,364,SOUTH,1,5,7,3801,0,0,0,,0,3B13E,"7TH ST","MISSION ST",0.00,,Y,A,-,N,,,,,,,,,,N,3,0,1,2,A,-,08,22107,,N,B,C,A,A,H,-,C,D,0,,,Y,,Y,,C,02,0,1,0,0,0,0,0,0,1,"- ","- ",,,"SAN FRANCISCO","SAN FRANCISCO",-122.41089630126953,37.779209136962891
9634739,2023,2024-01-20,3801,2023-11-13,1707,1825,SOUTH,1,5,7,3801,0,0,0,,0,3B12A,"HARRISON ST","9TH ST",117.00,E,N,A,-,N,,,,,,,,,,N,4,0,1,2,A,-,17,21235,G,N,D,C,A,A,H,-,C,D,0,,,,,Y,,-,,0,0,1,0,0,0,0,0,0,"- ","- ",,,"SAN FRANCISCO","SAN FRANCISCO",-122.40975189208984,37.772750854492188
9634740,2023,2024-01-20,3801,2023-11-13,1605,172,NORTH,1,5,7,3801,0,0,0,,0,003,"POLK ST","POST ST",0.00,,Y,-,-,N,,,,,,,,,,N,4,0,1,2,A,-,17,22517,,F,B,G,A,A,H,-,A,A,0,,Y,,,Y,,A,01,0,0,1,0,0,0,1,0,0,"- ","- ",,,"SAN FRANCISCO","SAN FRANCISCO",-122.41989898681641,37.786834716796875
9634741,2023,2023-12-20,3801,2023-11-13,1255,1530,BAYVI,1,5,7,3801,0,0,0,,0,3C2A,"BAYSHORE BL","INDUSTRIAL ST",0.00,,Y,A,-,N,,,,,,,,,,N,2,0,1,1,C,-,18,,,N,H,J,A,A,G,-,A,A,0,,Y,,,Y,,-,"- ",1,0,0,0,0,0,1,0,0,"- ","- ",,,"SAN FRANCISCO","SAN FRANCISCO",-122.40695953369141,37.737998962402344
9634742,2023,2023-12-20,3801,2023-11-11,2211,2222,NORTH,6,5,7,3801,0,0,0,,0,3E13E,"BUCHANAN ST","PACIFIC AV",0.00,,Y,A,-,N,,,,,,,,,,Y,3,0,2,3,A,-,12,22450,A,N,D,C,A,A,H,-,C,A,0,,,,,Y,,A,01,0,1,1,0,0,0,0,0,0,"- ","- ",,,"SAN FRANCISCO","SAN FRANCISCO",-122.43144226074219,37.793773651123047
9634743,2023,2023-12-20,3801,2023-11-09,"5   ",2705,BAYVI,4,5,7,3801,0,0,0,,0,3C13E,"OAKDALE AV","BARNEVELD AV",0.00,,Y,F,-,N,,,,,,,,,,N,3,0,1,2,A,-,08,22107,,F,D,C,A,-,G,-,D,D,0,,,Y,,Y,,A,01,0,1,0,0,0,0,0,0,1,"- ","- ",,,"SAN FRANCISCO","SAN FRANCISCO",-122.40349578857422,37.742057800292969
9634744,2023,2023-12-20,3801,2023-11-15,1945,1096,CENTR,3,5,7,3801,0,0,0,,0,3A12D,"POST ST","GRANT AV",0.00,,Y,C,-,N,,,,,,,,,,N,4,0,1,2,A,-,03,22350,,N,C,G,A,B,H,-,C,A,0,,Y,,,Y,,A,01,0,0,1,0,0,0,1,0,0,"- ","- ",,,"SAN FRANCISCO","SAN FRANCISCO",-122.40522003173828,37.7886962890625
9634745,2023,2023-12-20,3801,2023-11-15,1109,2408,MISSI,3,5,7,3801,0,0,0,,0,3D16A,"BRYANT ST","15TH ST",40.00,N,N,A,-,N,,,,,,,,,,N,4,0,1,2,A,-,00,21955,A,N,G,B,D,A,H,-,A,A,0,Y,,,,Y,,N,60,0,0,1,0,1,0,0,0,0,"- ","- ",,,"SAN FRANCISCO","SAN FRANCISCO",-122.41062927246094,37.767009735107422
9634746,2023,2023-12-20,3801,2023-11-15,1057,618,TARAV,3,5,7,3801,0,0,0,,0,3I11A,"30TH AV","IRVING ST",0.00,,Y,A,-,N,,,,,,,,,,Y,3,0,1,2,A,-,00,23103,A,N,F,E,A,A,H,-,A,D,0,,,,,Y,,-,,0,1,0,0,0,0,0,0,0,"- ","- ",,,"SAN FRANCISCO","SAN FRANCISCO",-122.48889923095703,37.763038635253906
9634747,2023,2023-12-20,3801,2023-11-15,1047,1653,INGLE,3,5,7,3801,0,0,0,,0,,"CONGDON ST","MAYNARD ST",0.00,,Y,A,-,N,,,,,,,,,,N,3,0,1,2,A,-,09,21802,A,N,D,G,A,A,H,-,A,A,0,,Y,,,Y,,A,01,0,1,0,0,0,0,1,0,0,"- ","- ",,,"SAN FRANCISCO","SAN FRANCISCO",-122.42604064941406,37.729412078857422
9634748,2023,2023-12-20,3801,2023-11-14,1848,1101,PARK,2,5,7,3801,0,0,0,,0,,"MASONIC AV","OAK ST",0.00,,Y,A,-,N,,,,,,,,,,N,4,0,1,2,A,-,09,21801,A,N,A,G,A,A,H,-,C,A,0,,Y,,,Y,,A,01,0,0,1,0,0,0,1,0,0,"- ","- ",,,"SAN FRANCISCO","SAN FRANCISCO",-122.44575500488281,37.772083282470703
9634749,2023,2023-12-20,3801,2023-11-10,2351,882,TENDE,5,5,7,3801,0,0,0,,0,,"HYDE ST","HYDE ST 100",0.00,,Y,A,-,N,,,,,,,,,,Y,4,0,1,2,A,-,06,21760,C,N,C,C,A,A,H,-,C,D,0,,,,,Y,,A,01,0,0,1,0,0,0,0,0,0,"- ","- ",,,"SAN FRANCISCO","SAN FRANCISCO",,
9634750,2023,2023-12-20,3801,2023-11-06,"815 ",621,CENTR,1,5,7,3801,0,0,0,,0,3A13A,"PACIFIC AV","LEAVENWORTH ST",88.00,E,N,B,-,N,,,,,,,,,,N,3,0,1,2,A,-,17,22517,,N,H,G,A,B,H,-,A,D,0,,Y,,,Y,,A,01,0,1,0,0,0,0,1,0,0,"- ","- ",,,"SAN FRANCISCO","SAN FRANCISCO",-122.41633605957031,37.795719146728516
9634751,2023,2023-12-20,3801,2023-11-20,"48  ",1602,BAYVI,1,5,7,3801,0,0,0,,0,3C12E,"OAKDALE AV","LOOMIS ST",0.00,,Y,A,-,N,,,,,,,,,,Y,4,0,1,2,A,-,12,22450,A,F,D,C,A,A,H,-,C,A,0,,,,,Y,,-,99,0,0,1,0,0,0,0,0,0,"- ","- ",,,"SAN FRANCISCO","SAN FRANCISCO",-122.40431213378906,37.742527008056641
9634752,2023,2023-12-20,3801,2023-11-19,2330,2113,BAYVI,7,5,7,3801,0,0,0,,0,3C12E,"MISSION ST","24TH ST",0.00,,Y,A,-,N,,,,,,,,,,N,4,0,1,2,A,-,04,21703,,F,C,C,A,A,H,-,D,D,0,,,,,Y,,A,01,0,0,1,0,0,0,0,0,0,"- ","- ",,,"SAN FRANCISCO","SAN FRANCISCO",-122.41848754882812,37.752262115478516
9634753,2023,2023-12-20,3801,2023-11-17,1613,2008,MISSI,5,5,7,3801,0,0,0,,0,3D14A,"24TH ST","HARRISON ST",116.00,E,N,C,-,N,,,,,,,,,,,3,0,1,2,A,-,17,22517,,N,-,E,A,B,H,-,A,D,0,,,,,Y,,A,07,0,1,0,0,0,0,0,0,0,"- ","- ",,,"SAN FRANCISCO","SAN FRANCISCO",-122.41149139404297,37.752674102783203
9634754,2023,2023-12-20,3801,2023-11-16,2500,1148,MISSI,4,5,7,3801,0,0,0,,0,3D16E,"16TH ST","POTRERO AV",231.00,N,N,A,C,N,,,,,,,,,,N,3,0,1,2,A,-,00,21953,C,F,G,B,D,B,H,-,C,D,0,Y,,,,Y,,-,,0,1,0,0,1,0,0,0,0,"- ","- ",,,"SAN FRANCISCO","SAN FRANCISCO",-122.40676116943359,37.765827178955078
9634755,2023,2023-12-20,3801,2023-11-19,1309,359,TARAV,7,5,7,3801,0,0,0,,0,3I4B,"LAKE MERCED BL","FONT BL",805.00,S,N,A,-,N,,,,,,,,,,Y,3,0,3,2,A,-,08,22107,,N,D,C,A,A,H,-,A,D,0,,,,,Y,,A,07,0,1,2,0,0,0,0,0,0,"- ","- ",,,"SAN FRANCISCO","SAN FRANCISCO",-122.48513793945312,37.721958160400391
9634756,2023,2023-12-20,3801,2023-11-16,1410,4286,RICHM,4,5,7,3801,0,0,0,,0,0G3,"GEARY BL","9TH AV",0.00,,Y,B,-,N,,,,,,,,,,N,3,0,2,2,C,-,18,,,N,G,B,F,A,H,-,A,A,0,Y,,,,Y,,-,"- ",0,1,1,0,1,0,0,0,0,"- ","- ",,,"SAN FRANCISCO","SAN FRANCISCO",-122.46750640869141,37.780937194824219
9634757,2023,2023-12-20,3801,2023-11-16,1234,54,TARAV,4,5,7,3801,0,0,0,,0,3E13A,"PORTOLA DR","14TH AV",0.00,,Y,A,B,N,,,,,,,,,,N,4,0,1,3,A,-,09,21801,A,N,D,C,A,A,H,-,A,A,0,,,Y,,Y,,A,01,0,0,1,0,0,0,0,0,1,"- ","- ",,,"SAN FRANCISCO","SAN FRANCISCO",-122.46833038330078,37.737415313720703
9634758,2023,2023-12-20,3801,2023-11-11,1939,233,MISSI,6,5,7,3801,0,0,0,,0,03D,"VALENCIA ST","21ST ST",0.00,,Y,A,-,N,,,,,,,,,,N,4,0,1,2,A,-,08,22101,D,N,D,G,A,A,H,-,C,A,0,,Y,,,Y,,A,01,0,0,1,0,0,0,1,0,0,"- ","- ",,,"SAN FRANCISCO","SAN FRANCISCO",-122.42109680175781,37.756908416748047
9634759,2023,2023-12-20,3801,2023-11-11,1117,1514,MISSI,6,5,7,3801,0,0,0,,0,004,"S VAN NESS AV","S VAN NESS AV 1500",0.00,,Y,-,-,N,,,,,,,,,,N,4,0,1,2,A,-,21,22106,,N,-,B,B,-,H,-,-,A,0,Y,,,,Y,,A,01,0,0,1,0,1,0,0,0,0,"- ","- ",,,"SAN FRANCISCO","SAN FRANCISCO",-122.41783142089844,37.769374847412109
9634760,2023,2023-12-20,3801,2023-11-10,1816,2392,MISSI,5,5,7,3801,0,0,0,,0,MISSIO,"POTRERO AV","MARIPOSA ST",0.00,,Y,A,-,N,,,,,,,,,,N,2,0,1,2,A,-,11,21453,D,F,G,B,B,A,H,-,C,A,0,Y,,,,Y,Y,N,60,1,0,0,0,1,0,0,0,0,"- ","- ",,,"SAN FRANCISCO","SAN FRANCISCO",-122.40734100341797,37.763206481933594
9634761,2023,2023-12-19,3801,2023-11-09,2130,1480,MISSI,4,5,7,3801,0,0,0,,0,3D15E,"MISSION ST","24TH ST",7.00,S,N,A,-,N,,,,,,,,,,N,4,0,1,2,A,-,11,21453,D,N,G,B,B,A,H,-,C,A,0,Y,,,,Y,,N,60,0,0,1,0,1,0,0,0,0,"- ","- ",,,"SAN FRANCISCO","SAN FRANCISCO",-122.41848754882812,37.752239227294922
9634762,2023,2024-01-05,3801,2023-11-13,"256 ",2476,SOUTH,1,5,7,3801,0,0,0,,0,001,"THE EMBARCADERO SOUTH","HARRISON ST",0.00,,Y,A,-,N,,,,,,,,,,Y,4,0,2,2,A,-,12,21453,A,F,D,C,A,A,H,-,C,A,0,,,,,Y,,A,01,0,0,2,0,0,0,0,0,0,"- ","- ",,,"SAN FRANCISCO","SAN FRANCISCO",-122.38861083984375,37.789497375488281
9634763,2023,2023-12-19,3801,2023-11-12,1835,2085,RICHM,7,5,7,3801,0,0,0,,0,3G15D,"GEARY BL","43RD AV",6.00,W,N,A,-,N,,,,,,,,,,N,3,0,2,3,A,-,10,21950,A,N,G,H,B,A,H,-,C,D,0,Y,,,,Y,,A,01,0,1,1,0,2,0,0,0,0,"- ","- ",,,"SAN FRANCISCO","SAN FRANCISCO",-122.50399780273438,37.779209136962891
9634764,2023,2023-12-19,3801,2023-11-12,1812,933,INGLE,7,5,7,3801,0,0,0,,0,0H5,"ONONDAGA AV","ALEMANY BL",25.00,S,N,A,-,N,,,,,,,,,,N,3,0,1,2,A,-,11,21954,A,N,G,B,D,A,H,-,C,A,0,Y,,,,Y,,N,60,0,1,0,0,1,0,0,0,0,"- ","- ",,,"SAN FRANCISCO","SAN FRANCISCO",-122.43862915039062,37.721622467041016
9634765,2023,2023-12-19,3801,2023-11-12,1726,2440,CENTR,7,5,7,3801,0,0,0,,0,3A15A,"THE EMBARCADERO",BROADWAY,0.00,,Y,A,-,N,,,,,,,,,,N,2,0,1,2,A,-,12,21453,A,F,G,B,B,A,E,-,C,A,0,Y,,,,Y,,-,,1,0,0,0,1,0,0,0,0,"- ","- ",,,"SAN FRANCISCO","SAN FRANCISCO",-122.39775848388672,37.799182891845703
9634766,2023,2023-12-27,3801,2023-11-12,1038,156,BAYVI,7,5,7,3801,0,0,0,,0,3C15A,"THOMAS MELLON CIR","GIANTS EXPRESSWAY",0.00,,N,A,-,N,,,,,,,,,,Y,3,0,1,1,A,-,13,22515,A,N,H,J,A,A,H,-,A,-,0,,,,,Y,,A,01,0,1,0,0,0,0,0,0,0,"- ","- ",,,"SAN FRANCISCO","SAN FRANCISCO",,
9634767,2023,2023-12-19,3801,2023-11-11,2312,308,RICHM,6,5,7,3801,0,0,0,,0,3G15E,"GEARY BL","10TH AV",0.00,,Y,A,-,N,,,,,,,,,,Y,2,0,2,2,A,-,12,21453,A,N,D,C,A,A,H,-,C,A,0,,,Y,,Y,,C,02,1,0,1,0,0,0,0,0,1,"- ","- ",,,"SAN FRANCISCO","SAN FRANCISCO",-122.46858215332031,37.780891418457031