CASE_ID,ACCIDENT_YEAR,PROC_DATE,JURIS,COLLISION_DATE,COLLISION_TIME,OFFICER_ID,REPORTING_DISTRICT,DAY_OF_WEEK,CHP_SHIFT,POPULATION,CNTY_CITY_LOC,SPECIAL_COND,BEAT_TYPE,CHP_BEAT_TYPE,CITY_DIVISION_LAPD,CHP_BEAT_CLASS,BEAT_NUMBER,PRIMARY_RD,SECONDARY_RD,DISTANCE,DIRECTION,INTERSECTION,WEATHER_1,WEATHER_2,STATE_HWY_IND,CALTRANS_COUNTY,CALTRANS_DISTRICT,STATE_ROUTE,ROUTE_SUFFIX,POSTMILE_PREFIX,POSTMILE,LOCATION_TYPE,RAMP_INTERSECTION,SIDE_OF_HWY,TOW_AWAY,COLLISION_SEVERITY,NUMBER_KILLED,NUMBER_INJURED,PARTY_COUNT,PRIMARY_COLL_FACTOR,PCF_CODE_OF_VIOL,PCF_VIOL_CATEGORY,PCF_VIOLATION,PCF_VIOL_SUBSECTION,HIT_AND_RUN,TYPE_OF_COLLISION,MVIW,PED_ACTION,ROAD_SURFACE,ROAD_COND_1,ROAD_COND_2,LIGHTING,CONTROL_DEVICE,CHP_ROAD_TYPE,PEDESTRIAN_ACCIDENT,BICYCLE_ACCIDENT,MOTORCYCLE_ACCIDENT,TRUCK_ACCIDENT,NOT_PRIVATE_PROPERTY,ALCOHOL_INVOLVED,STWD_VEHTYPE_AT_FAULT,CHP_VEHTYPE_AT_FAULT,COUNT_SEVERE_INJ,COUNT_VISIBLE_INJ,COUNT_COMPLAINT_PAIN,COUNT_PED_KILLED,COUNT_PED_INJURED,COUNT_BICYCLIST_KILLED,COUNT_BICYCLIST_INJURED,COUNT_MC_KILLED,COUNT_MC_INJURED,PRIMARY_RAMP,SECONDARY_RAMP,LATITUDE,LONGITUDE,COUNTY,CITY,POINT_X,POINT_Y
9634768,2023,2023-12-26,3801,2023-11-11,2137,382,NORTH,6,5,7,3801,0,0,0,,0,3E15E,"RICHARDSON AV","LYON ST",0.00,S,N,A,-,Y,SF,4,101,-,-,8.042,I,5,N,Y,3,0,1,2,A,-,03,22350,,N,C,C,A,A,H,-,C,A,0,,,Y,,Y,,C,02,0,1,0,0,0,0,0,0,1,"- ","- ",,,"SAN FRANCISCO","SAN FRANCISCO",-122.44780731201172,37.800899505615234
9634769,2023,2023-12-19,3801,2023-11-11,2039,1499,MISSI,6,5,7,3801,0,0,0,,0,3801,"CESAR CHAVEZ ST","GUERRERO ST",65.00,S,N,A,-,N,,,,,,,,,,N,4,0,2,2,A,-,03,22350,,F,C,C,A,A,H,-,C,A,0,,,,,Y,,A,01,0,0,2,0,0,0,0,0,0,"- ","- ",,,"SAN FRANCISCO","SAN FRANCISCO",-122.42270660400391,37.748004913330078
9634770,2023,2024-01-05,3801,2023-11-11,1855,2380,SOUTH,6,5,7,3801,0,0,0,,0,0B4,"SOUTH VAN NESS","MISSION ST",30.00,N,N,A,-,N,,,,,,,,,,N,4,0,1,2,A,-,08,22107,,N,B,C,A,A,H,-,C,A,0,,,,,Y,,A,01,0,0,1,0,0,0,0,0,0,"- ","- ",,,"SAN FRANCISCO","SAN FRANCISCO",-122.41865539550781,37.773189544677734
9634771,2023,2023-12-19,3801,2023-11-11,1812,2407,MISSI,6,5,7,3801,0,0,0,,0,3D90,"MISSION ST","25TH ST",148.00,N,N,A,-,N,,,,,,,,,,N,4,0,1,2,A,-,09,21804,A,N,B,G,A,A,H,-,C,A,0,,Y,,,Y,,A,01,0,0,1,0,0,0,1,0,0,"- ","- ",,,"SAN FRANCISCO","SAN FRANCISCO",-122.41835021972656,37.751064300537109
9634772,2023,2023-12-19,3801,2023-11-01,1237,2088,INGLE,3,5,7,3801,0,0,0,,0,3H12A,"CONGDON ST","MAYNARD ST",0.00,,Y,A,-,N,,,,,,,,,,Y,3,0,1,2,A,-,03,22350,,N,C,E,A,A,H,-,A,D,0,,,,,Y,,A,01,0,1,0,0,0,0,0,0,0,"- ","- ",,,"SAN FRANCISCO","SAN FRANCISCO",-122.42604064941406,37.729412078857422
9634773,2023,2023-12-19,3801,2023-11-14,1844,246,TARAV,2,5,7,3801,0,0,0,,0,4CAR,"WEST PORTAL AV","VICENTE ST",0.00,,Y,A,-,N,,,,,,,,,,N,4,0,1,2,A,-,10,21950,A,F,-,B,B,A,H,-,C,A,0,Y,,,,Y,Y,A,01,0,0,1,0,1,0,0,0,0,"- ","- ",,,"SAN FRANCISCO","SAN FRANCISCO",-122.46701812744141,37.739734649658203
9634774,2023,2024-01-10,3801,2023-11-14,1655,905,MISSI,2,5,7,3801,0,0,0,,0,3D90B,"17TH ST","HOFF ST",0.00,,Y,A,-,N,,,,,,,,,,N,4,0,1,2,A,-,09,21801,,N,D,-,A,A,H,-,B,A,0,,Y,,,Y,,A,01,0,0,1,0,0,0,1,0,0,"- ","- ",,,"SAN FRANCISCO","SAN FRANCISCO",-122.42041778564453,37.763370513916016
9634775,2023,2023-12-19,3801,2023-11-14,1600,4294,NORTH,2,5,7,3801,0,0,0,,0,0E3,"GEARY BL","FRANKLIN ST",0.00,,Y,A,-,N,,,,,,,,,,N,4,0,1,2,A,-,08,22100,B,N,D,C,A,A,H,-,A,A,0,,,Y,,Y,,A,01,0,0,1,0,0,0,0,0,1,"- ","- ",,,"SAN FRANCISCO","SAN FRANCISCO",-122.42301940917969,37.785484313964844
9634776,2023,2023-12-19,3801,2023-11-14,1317,2180,BAYVI,2,5,7,3801,0,0,0,,0,3C13A,"FELTON ST","CAMBRIDGE ST",0.00,,Y,A,-,N,,,,,,,,,,Y,3,0,2,2,A,-,12,22450,A,F,D,C,A,A,H,-,A,A,0,,,,,Y,,A,01,0,1,1,0,0,0,0,0,0,"- ","- ",,,"SAN FRANCISCO","SAN FRANCISCO",-122.41840362548828,37.726432800292969
9634777,2023,2024-01-09,3801,2023-11-14,1003,1580,SOUTH,2,5,7,3801,0,0,0,,0,3B1A,"WARRIORS WY","3RD ST",0.00,,Y,A,-,N,,,,,,,,,,N,4,0,1,2,D,-,00,,,N,H,A,A,A,H,-,A,D,0,,,Y,,Y,,-,"- ",0,0,1,0,0,0,0,0,1,"- ","- ",,,"SAN FRANCISCO","SAN FRANCISCO",-122.38920593261719,37.768798828125
9634778,2023,2023-12-19,3801,2023-11-14,"650 ",1614,MISSI,2,5,7,3801,0,0,0,,0,,"DUBOCE AV","MISSION ST",0.00,,Y,B,-,N,,,,,,,,,,Y,4,0,1,2,A,-,08,22107,,N,B,D,A,A,H,-,A,A,0,,,,,Y,,A,01,0,0,1,0,0,0,0,0,0,"- ","- ",,,"SAN FRANCISCO","SAN FRANCISCO",-122.42018127441406,37.769992828369141
9634779,2023,2023-12-19,3801,2023-11-11,1634,2186,INGLE,6,5,7,3801,0,0,0,,0,3H15A,"MISSION ST","MISSION ST 5750",0.00,,N,A,-,N,,,,,,,,,,N,4,0,1,2,A,-,00,21954,,N,G,B,B,A,H,-,B,A,0,Y,,,,Y,Y,N,60,0,0,1,0,1,0,0,0,0,"- ","- ",,,"SAN FRANCISCO","SAN FRANCISCO",-122.41979217529297,37.7705078125
9634780,2023,2024-01-05,3801,2023-11-11,1257,2289,NORTH,6,5,7,3801,0,0,0,,0,,"DIVISADERO ST","BUSH ST",26.00,S,N,A,-,N,,,,,,,,,,N,3,0,1,2,A,-,08,22107,,N,C,C,A,A,H,-,A,A,0,,,Y,,Y,,C,03,0,1,0,0,0,0,0,0,1,"- ","- ",,,"SAN FRANCISCO","SAN FRANCISCO",-122.44003295898438,37.786117553710938
9634781,2023,2024-01-20,3801,2023-11-11,1126,54,TARAV,6,5,7,3801,0,0,0,,0,3I13A,"42ND AV","ULLOA ST",55.00,N,N,A,-,N,,,,,,,,,,N,4,0,1,2,A,-,03,22350,,N,E,E,A,A,-,-,A,D,0,,,,,Y,,A,01,0,0,1,0,0,0,0,0,0,"- ","- ",,,"SAN FRANCISCO","SAN FRANCISCO",-122.50019836425781,37.740261077880859
9634782,2023,2024-01-20,3801,2023-11-11,1115,1825,SOUTH,6,5,7,3801,0,0,0,,0,3B14A,"S VAN NESS AV","13TH ST",0.00,,Y,A,-,N,,,,,,,,,,Y,4,0,1,2,A,-,08,22107,,N,B,D,A,A,H,-,A,A,0,,,,,Y,,A,01,0,0,1,0,0,0,0,0,0,"- ","- ",,,"SAN FRANCISCO","SAN FRANCISCO",-122.41777801513672,37.7696533203125
9634783,2023,2024-01-20,3801,2023-11-11,"229 ",2451,TARAV,6,5,7,3801,0,0,0,,0,3I13E,"47TH AV","IRVING ST",0.00,,N,A,-,N,,,,,,,,,,Y,4,0,1,5,A,-,01,23152,F,N,F,E,A,A,H,-,C,A,0,,,,,Y,,A,01,0,0,1,0,0,0,0,0,0,"- ","- ",,,"SAN FRANCISCO","SAN FRANCISCO",-122.50714111328125,37.762218475341797
9634784,2023,2024-01-20,3801,2023-11-10,2150,4140,TENDE,5,5,7,3801,0,0,0,,0,3J12E,"4TH ST","STEVENSON ST",0.00,,Y,A,-,N,,,,,,,,,,Y,3,0,1,2,A,-,17,21235,G,N,D,-,A,A,H,-,C,D,0,,,,,Y,Y,M,94,0,1,0,0,0,0,0,0,0,"- ","- ",,,"SAN FRANCISCO","SAN FRANCISCO",-122.40518951416016,37.785293579101562
9634785,2023,2024-01-20,3801,2023-11-10,1827,933,INGLE,5,5,7,3801,0,0,0,,0,0H5,"OCEAN AV","SAN JOSE AV",0.00,,Y,A,-,N,,,,,,,,,,N,3,0,1,2,A,-,10,21950,A,N,G,B,B,B,H,-,C,A,0,Y,,,,Y,Y,A,01,0,1,0,0,1,0,0,0,0,"- ","- ",,,"SAN FRANCISCO","SAN FRANCISCO",-122.44480895996094,37.722934722900391
9634786,2023,2024-01-20,3801,2023-11-10,1510,2363,RICHM,5,5,7,3801,0,0,0,,0,3G12A,"CALIFORNIA ST","LAUREL ST",145.00,W,N,A,-,N,,,,,,,,,,N,3,0,1,2,A,-,08,22107,,N,B,C,A,A,H,-,A,D,0,,,,,Y,,A,01,0,1,0,0,0,0,0,0,0,"- ","- ",,,"SAN FRANCISCO","SAN FRANCISCO",-122.45063018798828,37.786758422851562
9634787,2023,2024-01-20,3801,2023-11-10,"740 ",1372,INGLE,5,5,7,3801,0,0,0,,0,3H60,"BAYSHORE BL","BLANKEN AV",150.00,S,N,A,-,N,,,,,,,,,,N,3,0,1,2,A,-,17,21209,A,N,B,C,A,A,H,-,A,D,0,,,Y,,Y,,C,03,0,1,0,0,0,0,0,0,1,"- ","- ",,,"SAN FRANCISCO","SAN FRANCISCO",-122.40208435058594,37.712417602539062
9634788,2023,2024-01-20,3801,2023-11-10,"57  ",1688,BAYVI,5,5,7,3801,0,0,0,,0,3C13E,"HUNTERS POINT BL","HAWES ST",80.00,N,N,A,-,N,,,,,,,,,,N,4,0,2,2,A,-,05,21651,A,N,B,C,A,A,H,-,C,A,0,,,,,Y,,A,01,0,0,2,0,0,0,0,0,0,"- ","- ",,,"SAN FRANCISCO","SAN FRANCISCO",-122.376953125,37.733844757080078
9634789,2023,2024-01-20,3801,2023-11-09,2317,2150,RICHM,4,5,7,3801,0,0,0,,0,3G3,"GEARY BL","PARK PRESIDIO BL",35.00,W,N,A,-,N,,,,,,,,,,N,3,0,2,3,A,-,03,22350,,N,C,C,A,A,H,-,C,A,0,,,,,Y,,A,01,0,1,1,0,0,0,0,0,0,"- ","- ",,,"SAN FRANCISCO","SAN FRANCISCO",-122.47245788574219,37.780712127685547
9634790,2023,2024-01-20,3801,2023-11-09,1435,750,TENDE,4,5,7,3801,0,0,0,,0,,"9TH ST","MARKET ST",0.00,,Y,A,-,N,,,,,,,,,,,4,0,1,2,A,-,"- ",,,N,G,J,A,A,H,-,A,A,0,,,,,Y,Y,-,,0,0,1,0,0,0,0,0,0,"- ","- ",,,"SAN FRANCISCO","SAN FRANCISCO",-122.41632843017578,37.777500152587891
9634791,2023,2024-01-20,3801,2023-11-09,1406,1669,TENDE,4,5,7,3801,0,0,0,,0,3J92C,"OFARRELL ST","TAYLOR ST",0.00,,Y,A,-,N,,,,,,,,,,N,4,0,1,2,A,-,10,21950,A,N,G,B,B,A,H,-,A,A,0,Y,,,,Y,Y,A,01,0,0,1,0,1,0,0,0,0,"- ","- ",,,"SAN FRANCISCO","SAN FRANCISCO",-122.41132354736328,37.786022186279297
9634792,2023,2024-01-20,3801,2023-11-03,1121,A20952,INGLE,5,5,7,3801,0,0,0,,0,3H11A,"MISSION ST","29TH ST",0.00,,Y,A,-,N,,,,,,,,,,N,3,0,1,2,A,-,21,22106,,N,G,B,E,A,H,-,A,D,0,Y,,,,Y,,A,01,0,1,0,0,1,0,0,0,0,"- ","- ",,,"SAN FRANCISCO","SAN FRANCISCO",-122.42092132568359,37.744083404541016
9634794,2023,2024-01-20,3801,2023-11-04,1506,1534,INGLE,6,5,7,3801,0,0,0,,0,3H11D,"CESAR CHAVEZ ST","HARRISON ST",0.00,,Y,A,-,N,,,,,,,,,,N,4,0,1,2,A,-,03,22350,,N,C,C,A,A,H,-,A,A,0,,,,,Y,,A,01,0,0,1,0,0,0,0,0,0,"- ","- ",,,"SAN FRANCISCO","SAN FRANCISCO",-122.41151428222656,37.748359680175781
9634795,2023,2024-01-20,3801,2023-11-04,2500,746,INGLE,6,5,7,3801,0,0,0,,0,3H11C,"17TH ST","ARKANSAS ST",0.00,,Y,F,-,N,,,,,,,,,,N,3,0,1,2,D,-,00,,,N,H,-,A,-,H,-,A,-,0,,,,,Y,,-,"- ",0,1,0,0,0,0,0,0,0,"- ","- ",,,"SAN FRANCISCO","SAN FRANCISCO",-122.39869689941406,37.765026092529297
9634796,2023,2024-01-20,3801,2023-11-05,1823,2190,INGLE,7,5,7,3801,0,0,0,,0,3H14D,"BOSWORTH ST","DIAMOND ST",0.00,,Y,C,-,N,,,,,,,,,,N,3,0,1,2,A,-,11,21950,B,N,G,B,B,B,H,-,C,A,0,Y,,,,Y,,N,60,0,1,0,0,1,0,0,0,0,"- ","- ",,,"SAN FRANCISCO","SAN FRANCISCO",-122.43415069580078,37.733497619628906
9634797,2023,2024-02-07,3801,2023-11-06,"829 ",1131,BAYVI,1,5,7,3801,0,0,0,,0,3C11A,"IOWA ST","23RD ST",259.00,S,N,B,-,N,,,,,,,,,,N,3,0,1,2,A,-,06,21755,A,N,D,C,A,B,H,-,A,D,0,,,Y,,Y,Y,C,02,0,1,0,0,0,0,0,0,1,"- ","- ",,,"SAN FRANCISCO","SAN FRANCISCO",-122.39180755615234,37.754486083984375
9634798,2023,2024-01-20,3801,2023-11-06,1545,1251,BAYVI,1,5,7,3801,0,0,0,,0,3C12D,"BAYSHORE BL","CORTLAND AV",23.00,S,N,A,-,N,,,,,,,,,,N,4,0,1,2,A,-,04,21703,,N,C,C,A,A,H,-,A,A,0,,,,,Y,,-,,0,0,1,0,0,0,0,0,0,"- ","- ",,,"SAN FRANCISCO","SAN FRANCISCO",-122.40699005126953,37.739517211914062
9634799,2023,2024-01-20,3801,2023-11-03,"811 ",1003,INGLE,5,5,7,3801,0,0,0,,0,2CAR,"MISSION ST","VALENCIA ST",0.00,,Y,A,-,N,,,,,,,,,,N,3,0,1,2,A,-,11,21456,,N,D,C,A,A,H,-,A,A,0,,,Y,,Y,,C,02,0,1,0,0,0,0,0,0,1,"- ","- ",,,"SAN FRANCISCO","SAN FRANCISCO",-122.41986846923828,37.745586395263672
9634800,2023,2024-01-20,3801,2023-11-06,1500,1057,SOUTH,1,5,7,3801,0,0,0,,0,3B12D,"FOLSOM ST","4TH ST",0.00,,Y,A,-,N,,,,,,,,,,N,4,0,1,2,A,-,12,21453,A,N,D,-,A,A,H,-,A,A,0,,Y,,,Y,,L,04,0,0,1,0,0,0,1,0,0,"- ","- ",,,"SAN FRANCISCO","SAN FRANCISCO",-122.40116119384766,37.782035827636719
9634801,2023,2024-01-20,3801,2023-11-07,"750 ",2180,BAYVI,2,5,7,3801,0,0,0,,0,3C11A,"MISSOURI ST","MARIPOSA ST",0.00,,Y,A,-,N,,,,,,,,,,N,4,0,1,2,A,-,12,22450,A,F,D,C,A,A,H,-,A,A,0,,,,,Y,,A,01,0,0,1,0,0,0,0,0,0,"- ","- ",,,"SAN FRANCISCO","SAN FRANCISCO",-122.39665985107422,37.763847351074219
9634802,2023,2024-01-20,3801,2023-11-07,"845 ",4267,TARAV,2,5,7,3801,0,0,0,,0,3I11A,"17TH AV","LAWTON ST",0.00,,Y,A,-,N,,,,,,,,,,N,4,0,1,2,D,-,00,,,F,G,B,B,A,H,-,A,A,0,Y,,,,Y,,-,"- ",0,0,1,0,1,0,0,0,0,"- ","- ",,,"SAN FRANCISCO","SAN FRANCISCO",-122.47459411621094,37.758060455322266
9634803,2023,2024-01-20,3801,2023-11-07,1535,2733,TARAV,2,5,7,3801,0,0,0,,0,0I5,"19TH AV","JUNIPERO SERRA BL",0.00,,Y,A,-,N,,,,,,,,,,N,4,0,4,3,A,-,04,21703,,N,C,C,A,A,H,-,A,A,0,,,,,Y,,A,01,0,0,4,0,0,0,0,0,0,"- ","- ",,,"SAN FRANCISCO","SAN FRANCISCO",-122.47271728515625,37.717182159423828
9634804,2023,2024-01-20,3801,2023-11-07,1500,359,TARAV,2,5,7,3801,0,0,0,,0,3I3B,"MARKET ST","GOUGH ST",0.00,,Y,A,-,N,,,,,,,,,,Y,4,0,1,2,A,-,03,22350,,N,C,C,A,A,H,-,A,A,0,,,,,Y,,A,07,0,0,1,0,0,0,0,0,0,"- ","- ",,,"SAN FRANCISCO","SAN FRANCISCO",-122.42221069335938,37.772872924804688
9634805,2023,2024-01-20,3801,2023-11-08,"914 ",2384,TARAV,3,5,7,3801,0,0,0,,0,3I15A,"20TH AV","OCEAN AV",0.00,,Y,A,-,N,,,,,,,,,,N,4,0,1,2,A,-,12,22450,,N,D,C,A,A,H,-,A,A,0,,,,,Y,,A,01,0,0,1,0,0,0,0,0,0,"- ","- ",,,"SAN FRANCISCO","SAN FRANCISCO",-122.47604370117188,37.732688903808594
9634848,2023,2023-12-07,3801,2023-10-22,1551,274,MISSI,7,5,7,3801,0,0,0,,0,,"GUERRERO ST","26TH ST",0.00,,Y,C,-,N,,,,,,,,,,,4,0,1,1,D,-,00,,,N,H,A,A,B,-,-,A,A,0,,,Y,,Y,,-,"- ",0,0,1,0,0,0,0,0,1,"- ","- ",,,"SAN FRANCISCO","SAN FRANCISCO",-122.42256927490234,37.748790740966797
9634850,2023,2023-12-13,3801,2023-10-28,1759,2459,CENTR,6,5,7,3801,0,0,0,,0,3A91E,"GEARY ST","GRANT AV",0.00,,Y,A,-,N,,,,,,,,,,Y,3,0,1,2,A,-,10,21950,A,N,G,B,B,A,H,-,-,A,0,Y,,,,Y,Y,A,01,0,1,0,0,1,0,0,0,0,"- ","- ",,,"SAN FRANCISCO","SAN FRANCISCO",-122.40503692626953,37.787742614746094
9634851,2023,2023-12-07,3801,2023-10-27,"839 ",764,PARK,5,5,7,3801,0,0,0,,0,3F13A,"HAIGHT ST","LYON ST",0.00,,Y,A,-,N,,,,,,,,,,Y,2,0,1,2,A,-,04,21703,,N,C,C,A,A,H,-,A,A,0,,,Y,,Y,,C,02,1,0,0,0,0,0,0,0,1,"- ","- ",,,"SAN FRANCISCO","SAN FRANCISCO",-122.44200897216797,37.770641326904297
9634852,2023,2023-12-07,3801,2023-10-12,2140,821,SOUTH,4,5,7,3801,0,0,0,,0,0B1,"MISSION ST","MAIN ST",0.00,,Y,A,-,N,,,,,,,,,,N,4,0,1,2,A,-,17,21657,,N,E,C,A,A,-,-,C,A,0,,,,,Y,,-,,0,0,1,0,0,0,0,0,0,"- ","- ",,,"SAN FRANCISCO","SAN FRANCISCO",-122.39496612548828,37.791862487792969
9634853,2023,2023-12-07,3801,2023-10-26,1222,917,TRAFF,4,5,7,3801,0,0,0,,0,3G11A,"GEARY BL","LYON ST",164.00,E,N,A,-,N,,,,,,,,,,N,3,0,1,2,A,-,03,22350,,N,C,C,A,A,H,-,A,D,0,,,,,Y,,A,01,0,1,0,0,0,0,0,0,0,"- ","- ",,,"SAN FRANCISCO","SAN FRANCISCO",-122.44390869140625,37.782810211181641
9634854,2023,2023-12-22,3801,2023-10-13,1034,4375,TRAFF,5,5,7,3801,0,0,0,,0,4B1F,"MCALLISTER ST","LAGUNA ST",0.00,,N,A,-,N,,,,,,,,,,Y,2,0,3,3,A,-,12,21453,A,N,D,C,A,A,H,-,A,A,0,,,Y,,Y,Y,A,08,1,1,1,0,0,0,0,0,2,"- ","- ",,,"SAN FRANCISCO","SAN FRANCISCO",-122.42681884765625,37.779262542724609
9634855,2023,2023-12-07,3801,2023-10-23,1153,1500,CENTR,1,5,7,3801,0,0,0,,0,3A14A,"SANSOME ST","JACKSON ST",143.00,N,N,A,-,N,,,,,,,,,,N,3,0,1,2,A,-,17,22517,,N,H,G,A,A,H,-,A,D,0,,Y,,,Y,,A,01,0,1,0,0,0,0,1,0,0,"- ","- ",,,"SAN FRANCISCO","SAN FRANCISCO",-122.40193939208984,37.797019958496094
9635306,2023,2024-01-18,3801,2023-11-11,1921,2130,RICHM,6,5,7,3801,0,0,0,,0,3G14D,"21ST AV","CALIFORNIA ST",0.00,,Y,A,-,N,,,,,,,,,,Y,4,0,1,4,A,-,09,21800,A,N,D,D,A,A,H,-,C,D,0,,,,,Y,,A,01,0,0,1,0,0,0,0,0,0,"- ","- ",,,"SAN FRANCISCO","SAN FRANCISCO",-122.48072052001953,37.784069061279297
9635310,2023,2024-01-22,3801,2023-11-11,1927,2443,BAYVI,6,5,7,3801,0,0,0,,0,3C15D,"3RD ST","VAN DYKE AV",0.00,,Y,A,-,N,,,,,,,,,,Y,4,0,3,2,A,-,12,21453,,N,D,C,A,A,H,-,C,A,0,,,,,Y,,D,22,0,0,3,0,0,0,0,0,0,"- ","- ",,,"SAN FRANCISCO","SAN FRANCISCO",-122.39257049560547,37.729206085205078
9635311,2023,2024-01-22,3801,2023-11-16,2215,1871,INGLE,4,5,7,3801,0,0,0,,0,901,"MISSION ST","SAINT MARYS AV",0.00,,Y,C,-,N,,,,,,,,,,Y,4,0,3,2,A,-,04,21703,,F,C,-,A,B,H,-,C,A,0,,,,,Y,,A,01,0,0,3,0,0,0,0,0,0,"- ","- ",,,"SAN FRANCISCO","SAN FRANCISCO",-122.42611694335938,37.73394775390625
9635318,2023,2024-01-22,3801,2023-11-12,1905,2157,RICHM,7,5,7,3801,0,0,0,,0,001,"PARK PRESIDIO BY PASS DR","FULTON ST",65.00,S,N,A,-,N,,,,,,,,,,Y,4,0,1,4,A,-,03,22350,,N,C,C,A,A,H,-,C,A,0,,,,,Y,,D,22,0,0,1,0,0,0,0,0,0,"- ","- ",,,"SAN FRANCISCO","SAN FRANCISCO",-122.47177124023438,37.772953033447266
9635319,2023,2024-01-18,3801,2023-11-20,1030,1580,SOUTH,1,5,7,3801,0,0,0,,0,3B4A,"HOWARD ST","3RD ST",0.00,,Y,A,-,N,,,,,,,,,,N,4,0,1,3,A,-,12,21453,A,F,B,C,A,A,H,-,A,A,0,,,,,Y,,D,22,0,0,1,0,0,0,0,0,0,"- ","- ",,,"SAN FRANCISCO","SAN FRANCISCO",-122.40049743652344,37.785007476806641
9635490,2023,2023-12-13,3801,2023-01-04,1755,2113,BAYVI,3,5,7,3801,0,0,0,,0,3C12E,"BAYSHORE BL","JERROLD AV",460.00,S,N,C,G,N,,,,,,,,,,N,4,0,1,2,D,-,00,,,F,B,C,A,B,H,-,C,D,0,,,,,Y,,-,"- ",0,0,1,0,0,0,0,0,0,"- ","- ",,,"SAN FRANCISCO","SAN FRANCISCO",-122.40381622314453,37.746139526367188
9635495,2023,2024-01-02,3801,2023-08-09,"930 ",455,SOUTH,3,5,7,3801,0,0,0,,0,03B,"BRANNAN ST","5TH ST",87.00,W,N,A,-,N,,,,,,,,,,N,4,0,1,2,A,-,06,21755,A,N,D,G,A,A,H,-,A,D,0,,,Y,,Y,,C,02,0,0,1,0,0,0,0,0,0,"- ","- ",,,"SAN FRANCISCO","SAN FRANCISCO",-122.39898681640625,37.776412963867188
9635500,2023,2023-12-13,3801,2023-09-26,1834,1226,SOUTH,2,5,7,3801,0,0,0,,0,150001,"BRANNAN ST","4TH ST",0.00,,Y,A,-,N,,,,,,,,,,N,4,0,1,2,A,-,09,21801,A,N,D,G,A,A,H,-,A,A,0,,Y,,,Y,,A,01,0,0,1,0,0,0,1,0,0,"- ","- ",,,"SAN FRANCISCO","SAN FRANCISCO",-122.39653778076172,37.778327941894531
9635980,2023,2024-03-02,3801,2023-12-26,1700,4314,RICHM,2,5,7,3801,0,0,0,,0,0G3,"GEARY BL","2ND AV",20.00,W,N,B,-,N,,,,,,,,,,N,4,0,1,2,A,-,08,22100,A,N,B,C,A,A,H,-,C,D,0,,,Y,,Y,,A,07,0,0,1,0,0,0,0,0,1,"- ","- ",,,"SAN FRANCISCO","SAN FRANCISCO",-122.46009063720703,37.781276702880859
9635981,2023,2024-02-12,3801,2023-12-25,2047,469,MISSI,1,5,7,3801,0,0,0,,0,3D12D,VALENCIA,"17TH ST",0.00,,Y,A,-,N,,,,,,,,,,N,3,0,1,2,A,-,12,21453,,N,D,G,A,A,H,-,C,A,0,,Y,,,Y,,L,04,0,1,0,0,0,0,1,0,0,"- ","- ",,,"SAN FRANCISCO","SAN FRANCISCO",-122.42173767089844,37.763298034667969
9635982,2023,2024-02-12,3801,2023-12-25,1630,426,NORTH,1,5,7,3801,0,0,0,,0,3E13D,"GOUGH ST","VALLEJO ST",0.00,,Y,A,-,N,,,,,,,,,,,4,0,1,2,A,-,12,22450,A,N,D,C,A,A,H,-,A,A,0,,,,,Y,,A,01,0,0,1,0,0,0,0,0,0,"- ","- ",,,"SAN FRANCISCO","SAN FRANCISCO",-122.4268798828125,37.796291351318359
9635983,2023,2024-02-12,3801,2023-12-21,2022,2222,NORTH,4,5,7,3801,0,0,0,,0,3E12D,"TURK ST","FILLMORE ST",15.00,E,N,A,-,N,,,,,,,,,,N,4,0,1,2,A,-,04,21703,,F,C,C,A,A,H,-,C,A,0,,,,,Y,,A,01,0,0,1,0,0,0,0,0,0,"- ","- ",,,"SAN FRANCISCO","SAN FRANCISCO",-122.43207550048828,37.780494689941406
9635984,2023,2024-09-03,3801,2023-12-19,1756,1066,NORTH,2,5,7,3801,0,0,0,,0,3E5,"LOMBARD ST","BRODERICK ST",0.00,,Y,A,-,N,,,,,,,,,,Y,4,0,6,5,A,-,12,21453,A,N,D,-,A,A,H,-,C,A,0,,,,,Y,,A,07,0,0,6,0,0,0,0,0,0,"- ","- ",,,"SAN FRANCISCO","SAN FRANCISCO",-122.44432830810547,37.798801422119141
9635985,2023,2024-02-12,3801,2023-12-12,1530,A09968,PARK,2,5,7,3801,0,0,0,,0,3F1D,"6TH AV","IRVING ST",0.00,,Y,A,-,N,,,,,,,,,,N,3,0,1,2,A,-,12,21453,A,N,D,G,A,A,H,-,A,A,0,,Y,,,Y,,L,04,0,1,0,0,0,0,1,0,0,"- ","- ",,,"SAN FRANCISCO","SAN FRANCISCO",-122.46309661865234,37.764190673828125
9635986,2023,2024-09-03,3801,2023-12-06,2144,141,INGLE,3,5,7,3801,0,0,0,,0,3H14E,"MONTEREY BL","ACADIA ST",0.00,,Y,A,C,N,,,,,,,,,,Y,4,0,1,2,A,-,08,22107,,N,D,C,A,B,H,-,C,D,0,,,,,Y,,A,07,0,0,1,0,0,0,0,0,0,"- ","- ",,,"SAN FRANCISCO","SAN FRANCISCO",-122.43744659423828,37.731590270996094
9635987,2023,2024-02-12,3801,2023-12-24,1600,2452,CENTR,7,5,7,3801,0,0,0,,0,,"HYDE ST","MCALLISTER ST",0.00,,Y,F,-,N,,,,,,,,,,N,4,0,1,2,A,-,06,21750,,N,D,G,A,-,H,-,B,D,0,,Y,,,Y,,L,04,0,0,1,0,0,0,1,0,0,"- ","- ",,,"SAN FRANCISCO","SAN FRANCISCO",-122.41532135009766,37.780738830566406