CASE_ID,ACCIDENT_YEAR,PROC_DATE,JURIS,COLLISION_DATE,COLLISION_TIME,OFFICER_ID,REPORTING_DISTRICT,DAY_OF_WEEK,CHP_SHIFT,POPULATION,CNTY_CITY_LOC,SPECIAL_COND,BEAT_TYPE,CHP_BEAT_TYPE,CITY_DIVISION_LAPD,CHP_BEAT_CLASS,BEAT_NUMBER,PRIMARY_RD,SECONDARY_RD,DISTANCE,DIRECTION,INTERSECTION,WEATHER_1,WEATHER_2,STATE_HWY_IND,CALTRANS_COUNTY,CALTRANS_DISTRICT,STATE_ROUTE,ROUTE_SUFFIX,POSTMILE_PREFIX,POSTMILE,LOCATION_TYPE,RAMP_INTERSECTION,SIDE_OF_HWY,TOW_AWAY,COLLISION_SEVERITY,NUMBER_KILLED,NUMBER_INJURED,PARTY_COUNT,PRIMARY_COLL_FACTOR,PCF_CODE_OF_VIOL,PCF_VIOL_CATEGORY,PCF_VIOLATION,PCF_VIOL_SUBSECTION,HIT_AND_RUN,TYPE_OF_COLLISION,MVIW,PED_ACTION,ROAD_SURFACE,ROAD_COND_1,ROAD_COND_2,LIGHTING,CONTROL_DEVICE,CHP_ROAD_TYPE,PEDESTRIAN_ACCIDENT,BICYCLE_ACCIDENT,MOTORCYCLE_ACCIDENT,TRUCK_ACCIDENT,NOT_PRIVATE_PROPERTY,ALCOHOL_INVOLVED,STWD_VEHTYPE_AT_FAULT,CHP_VEHTYPE_AT_FAULT,COUNT_SEVERE_INJ,COUNT_VISIBLE_INJ,COUNT_COMPLAINT_PAIN,COUNT_PED_KILLED,COUNT_PED_INJURED,COUNT_BICYCLIST_KILLED,COUNT_BICYCLIST_INJURED,COUNT_MC_KILLED,COUNT_MC_INJURED,PRIMARY_RAMP,SECONDARY_RAMP,LATITUDE,LONGITUDE,COUNTY,CITY,POINT_X,POINT_Y
9636293,2023,2024-02-29,3801,2023-12-13,2200,1605,NORTH,3,5,7,3801,0,0,0,,0,3E11D,"FILLMORE ST","HAYES ST",0.00,,Y,A,-,N,,,,,,,,,,N,3,0,1,2,A,-,08,22107,,N,D,G,A,A,H,-,C,A,0,,Y,,,Y,,A,01,0,1,0,0,0,0,1,0,0,"- ","- ",,,"SAN FRANCISCO","SAN FRANCISCO",-122.43118286132812,37.775825500488281
9636294,2023,2024-02-28,3801,2023-12-16,1135,2124,MISSI,6,5,7,3801,0,0,0,,0,3D3A,"18TH ST","CHURCH ST",0.00,,Y,A,-,N,,,,,,,,,,N,3,0,1,2,A,-,09,21801,A,N,D,G,A,A,H,-,A,D,0,,Y,,,Y,,A,01,0,1,0,0,0,0,1,0,0,"- ","- ",,,"SAN FRANCISCO","SAN FRANCISCO",-122.42838287353516,37.761299133300781
9636295,2023,2024-03-05,3801,2023-12-15,1835,2147,NORTH,5,5,7,3801,0,0,0,,0,"1 CAR","LAGUNA ST","WALLER ST",150.00,N,N,A,-,Y,,,,,,,,,,N,4,0,1,2,A,-,11,21954,A,N,G,B,E,A,H,-,C,D,0,Y,,,,Y,,N,60,0,0,1,0,1,0,0,0,0,"- ","- ",,,"SAN FRANCISCO","SAN FRANCISCO",-122.42539215087891,37.772197723388672
9636296,2023,2024-06-21,3801,2023-12-14,2000,899,RICHM,4,5,7,3801,0,0,0,,0,3G15A,"TOWNSEND ST","6TH ST",64.00,W,N,-,-,N,,,,,,,,,,N,3,0,1,2,A,-,09,21801,A,N,D,G,A,A,H,-,C,D,0,,Y,Y,,Y,,-,"- ",0,1,0,0,0,0,1,0,0,"- ","- ",,,"SAN FRANCISCO","SAN FRANCISCO",-122.39958190917969,37.773483276367188
9636297,2023,2024-02-29,3801,2023-12-15,1050,2195,NORTH,5,5,7,3801,0,0,0,,0,001,"HAYES ST","OCTAVIA ST",0.00,,Y,A,-,N,,,,,,,,,,N,4,0,2,2,A,-,08,22107,,N,C,C,A,A,H,-,A,D,0,,,,,Y,,A,07,0,0,2,0,0,0,0,0,0,"- ","- ",,,"SAN FRANCISCO","SAN FRANCISCO",-122.42466735839844,37.776664733886719
9636298,2023,2024-02-29,3801,2023-12-14,1859,2222,NORTH,4,5,7,3801,0,0,0,,0,3E12D,"FRANKLIN ST","GROVE ST",15.00,S,N,A,-,N,,,,,,,,,,Y,4,0,1,2,A,-,04,21703,,N,C,C,A,A,H,-,C,A,0,,,,,Y,,-,,0,0,1,0,0,0,0,0,0,"- ","- ",,,"SAN FRANCISCO","SAN FRANCISCO",-122.4215087890625,37.777980804443359
9636299,2023,2024-02-29,3801,2023-12-13,1835,438,NORTH,3,5,7,3801,0,0,0,,0,3E14D,"BUSH ST","SCOTT ST",0.00,,Y,A,-,N,,,,,,,,,,N,3,0,1,2,A,-,10,21950,A,N,G,B,B,A,H,-,C,A,0,Y,,,,Y,,A,01,0,1,0,0,1,0,0,0,0,"- ","- ",,,"SAN FRANCISCO","SAN FRANCISCO",-122.43836975097656,37.786399841308594
9636300,2023,2024-02-29,3801,2023-12-15,2310,2113,BAYVI,5,5,7,3801,0,0,0,,0,3C11E,"26TH ST","TENNESSEE ST",0.00,,Y,A,-,N,,,,,,,,,,Y,4,0,1,2,A,-,12,22450,A,N,D,C,A,A,H,-,C,C,0,,,,,Y,,A,01,0,0,1,0,0,0,0,0,0,"- ","- ",,,"SAN FRANCISCO","SAN FRANCISCO",-122.38864898681641,37.751499176025391
9636301,2023,2024-02-14,3801,2023-12-15,1917,2705,BAYVI,5,5,7,3801,0,0,0,,0,3C11D,"ILLINOIS ST","20TH ST",290.00,S,N,A,-,N,,,,,,,,,,N,3,0,1,2,A,-,08,22107,,N,D,C,A,A,H,-,D,D,0,,,,,Y,,A,01,0,1,0,0,0,0,0,0,0,"- ","- ",,,"SAN FRANCISCO","SAN FRANCISCO",-122.38750457763672,37.759765625
9636302,2023,2024-02-14,3801,2023-12-15,1504,2722,MISSI,5,5,7,3801,0,0,0,,0,3D14D,"MISSION ST","23RD ST",287.00,S,N,A,-,N,,,,,,,,,,N,4,0,1,2,A,-,03,22350,,N,B,-,A,A,H,-,A,A,0,,,,,Y,Y,A,01,0,0,1,0,0,0,0,0,0,"- ","- ",,,"SAN FRANCISCO","SAN FRANCISCO",-122.41854095458984,37.753044128417969
9636303,2023,2024-02-14,3801,2023-12-15,1056,2124,MISSI,5,5,7,3801,0,0,0,,0,3D13A,"FOLSOM ST","16TH ST",0.00,,Y,A,-,N,,,,,,,,,,N,3,0,1,2,A,-,09,21801,A,N,D,G,A,A,H,-,A,A,0,,Y,,,Y,,A,01,0,1,0,0,0,0,1,0,0,"- ","- ",,,"SAN FRANCISCO","SAN FRANCISCO",-122.41529846191406,37.765312194824219
9636304,2023,2024-02-14,3801,2023-12-15,"808 ",1457,TARAV,5,5,7,3801,0,0,0,,0,002,"IRVING ST","22ND AV",0.00,,Y,A,-,N,,,,,,,,,,Y,4,0,1,2,D,-,00,,,N,D,-,A,A,H,-,A,A,0,,,,,Y,,-,"- ",0,0,1,0,0,0,0,0,0,"- ","- ",,,"SAN FRANCISCO","SAN FRANCISCO",-122.48035430908203,37.763423919677734
9636305,2023,2024-03-06,3801,2023-12-15,"401 ",2730,TENDE,5,5,7,3801,0,0,0,,0,3J11E,"MARKET ST","FELL ST",0.00,,Y,A,-,N,,,,,,,,,,N,4,0,1,2,A,-,12,21453,A,N,D,C,A,A,H,-,C,A,0,,,,,Y,,-,"- ",0,0,1,0,0,0,0,0,0,"- ","- ",,,"SAN FRANCISCO","SAN FRANCISCO",-122.41753387451172,37.776527404785156
9636306,2023,2024-02-14,3801,2023-12-14,1514,2400,BAYVI,4,5,7,3801,0,0,0,,0,002,"TOLAND ST","EVANS AV",26.00,S,N,A,-,N,,,,,,,,,,N,4,0,1,2,A,-,12,21453,A,F,D,G,A,A,H,-,A,A,0,,Y,,,Y,,L,04,0,0,1,0,0,0,1,0,0,"- ","- ",,,"SAN FRANCISCO","SAN FRANCISCO",-122.39598083496094,37.747161865234375
9636307,2023,2024-02-14,3801,2023-12-14,"832 ",1457,TARAV,4,5,7,3801,0,0,0,,0,001,"17TH AV","RIVERA ST",0.00,,Y,A,-,N,,,,,,,,,,N,4,0,1,2,A,-,10,21950,A,F,G,B,B,A,H,-,A,D,0,Y,,,,Y,,A,01,0,0,1,0,1,0,0,0,0,"- ","- ",,,"SAN FRANCISCO","SAN FRANCISCO",-122.47383880615234,37.746845245361328
9636308,2023,2024-02-14,3801,2023-12-13,2200,2354,TARAV,3,5,7,3801,0,0,0,,0,001,"VICENTE ST","19TH AV",0.00,,Y,A,-,N,,,,,,,,,,N,4,0,1,2,A,-,12,21453,A,N,D,C,A,A,H,-,C,A,0,,,Y,,Y,,A,01,0,0,1,0,0,0,0,0,1,"- ","- ",,,"SAN FRANCISCO","SAN FRANCISCO",-122.47542572021484,37.739311218261719
9636309,2023,2024-02-14,3801,2023-12-13,1601,82,MISSI,3,5,7,3801,0,0,0,,0,3D13D,"21ST ST","S VAN NESS AV",121.00,E,N,A,-,N,,,,,,,,,,Y,4,0,1,2,A,-,03,22350,,N,C,C,A,A,H,-,A,A,0,,,,,Y,,A,01,0,0,1,0,0,0,0,0,0,"- ","- ",,,"SAN FRANCISCO","SAN FRANCISCO",-122.41633605957031,37.757194519042969
9636310,2023,2024-02-15,3801,2023-12-12,1215,2348,INGLE,2,5,7,3801,0,0,0,,0,3H16A,"SCHWERIN ST","SUNNYDALE AV",0.00,,Y,A,-,N,,,,,,,,,,Y,4,0,1,2,A,-,08,22107,,F,D,C,A,A,H,-,A,A,0,,,,,Y,,A,01,0,0,1,0,0,0,0,0,0,"- ","- ",,,"SAN FRANCISCO","SAN FRANCISCO",-122.41134643554688,37.710567474365234
9636311,2023,2024-02-15,3801,2023-12-13,1700,1740,CENTR,3,5,7,3801,0,0,0,,0,3A13D,"BAY ST","TAYLOR ST",0.00,,Y,A,-,N,,,,,,,,,,N,4,0,1,2,A,-,11,21955,,N,G,B,D,A,H,-,A,D,0,Y,,,,Y,,N,60,0,0,1,0,1,0,0,0,0,"- ","- ",,,"SAN FRANCISCO","SAN FRANCISCO",-122.41525268554688,37.805408477783203
9636312,2023,2024-02-15,3801,2023-12-14,"636 ",2124,MISSI,4,5,7,3801,0,0,0,,0,3D13A,"POTRERO AV","25TH ST",26.00,E,N,A,-,N,,,,,,,,,,Y,4,0,2,2,A,-,08,22107,,N,A,C,A,A,H,-,B,A,0,,,,,Y,Y,A,01,0,0,2,0,0,0,0,0,0,"- ","- ",,,"SAN FRANCISCO","SAN FRANCISCO",-122.40618896484375,37.751667022705078
9636313,2023,2024-02-15,3801,2023-12-13,"700 ",4132,MISSI,3,5,7,3801,0,0,0,,0,006,"POTRERO AV","ALAMEDA ST",0.00,,Y,A,-,N,,,,,,,,,,N,3,0,1,2,A,-,04,21703,,N,C,C,A,A,H,-,B,A,0,,,Y,,Y,,A,01,0,1,0,0,0,0,0,0,1,"- ","- ",,,"SAN FRANCISCO","SAN FRANCISCO",-122.40779113769531,37.768383026123047
9636314,2023,2024-02-15,3801,2023-12-12,1545,746,INGLE,2,5,7,3801,0,0,0,,0,,"GENEBERN WY","BENTON AV",0.00,,Y,A,-,N,,,,,,,,,,N,3,0,1,2,A,-,08,22107,,N,G,B,B,A,-,-,A,D,0,Y,,,,Y,,A,01,0,1,0,0,1,0,0,0,0,"- ","- ",,,"SAN FRANCISCO","SAN FRANCISCO",-122.42511749267578,37.732879638671875
9636316,2023,2024-02-15,3801,2023-12-11,1747,141,INGLE,1,5,7,3801,0,0,0,,0,3H12D,"MISSION ST","29TH ST",0.00,,Y,A,-,N,,,,,,,,,,N,4,0,1,2,A,-,08,22107,,N,D,C,A,A,H,-,C,A,0,,,,,Y,,-,"- ",0,0,1,0,0,0,0,0,0,"- ","- ",,,"SAN FRANCISCO","SAN FRANCISCO",-122.42092132568359,37.744083404541016
9636318,2023,2024-02-15,3801,2023-12-14,1723,1185,TENDE,4,5,7,3801,0,0,0,,0,,"GEARY ST","HYDE ST",0.00,,Y,A,-,N,,,,,,,,,,N,4,0,1,2,A,-,10,21950,A,N,G,B,B,A,-,-,C,A,0,Y,,,,Y,,A,01,0,0,1,0,1,0,0,0,0,"- ","- ",,,"SAN FRANCISCO","SAN FRANCISCO",-122.41645050048828,37.786319732666016
9636319,2023,2024-02-15,3801,2023-12-14,1620,1856,INGLE,4,5,7,3801,0,0,0,,0,0H5,"SENECA AV","MISSION ST",62.00,W,N,A,-,N,,,,,,,,,,N,4,0,1,2,D,-,00,,,N,B,C,A,A,H,-,A,D,0,,,,,Y,,-,"- ",0,0,1,0,0,0,0,0,0,"- ","- ",,,"SAN FRANCISCO","SAN FRANCISCO",-122.44027709960938,37.717784881591797
9636320,2023,2024-02-15,3801,2023-12-14,1343,788,SOUTH,4,5,7,3801,0,0,0,,0,005,"15TH ST","HENRY ADAMS ST",0.00,,Y,A,-,N,,,,,,,,,,N,4,0,1,2,A,-,10,21950,A,N,G,B,B,A,H,-,A,A,0,Y,,,,Y,,A,01,0,0,1,0,1,0,0,0,0,"- ","- ",,,"SAN FRANCISCO","SAN FRANCISCO",-122.43732452392578,37.766189575195312
9636343,2023,2023-11-15,3801,2023-10-18,1503,1263,BAYVI,3,5,7,3801,0,0,0,,0,0C3,"ILLINOIS ST","AMADOR ST",0.00,,Y,A,-,N,,,,,,,,,,N,4,0,1,2,A,-,04,21703,,F,C,D,A,A,H,-,A,D,0,,,Y,,Y,,A,01,0,0,1,0,0,0,0,0,1,"- ","- ",,,"SAN FRANCISCO","SAN FRANCISCO",-122.38603973388672,37.745765686035156
9636344,2023,2023-11-15,3801,2023-10-27,2253,1988,INGLE,5,5,7,3801,0,0,0,,0,3H16E,"SICKLES AV","HURON AV",0.00,,Y,A,-,N,,,,,,,,,,Y,4,0,1,2,A,-,09,21801,A,M,H,C,A,A,H,-,C,D,0,,,,,Y,,A,01,0,0,1,0,0,0,0,0,0,"- ","- ",,,"SAN FRANCISCO","SAN FRANCISCO",-122.45323944091797,37.709182739257812
9636505,2023,2023-12-12,3801,2023-10-19,1656,1460,,4,5,7,3801,0,0,0,,0,003,"VALLEY BL","LIVE OAK",60.00,W,N,A,-,N,,,,,,,,,,Y,3,0,3,3,A,-,08,22107,,N,C,C,A,A,H,-,B,A,0,,,,,Y,,D,22,0,1,2,0,0,0,0,0,0,"- ","- ",,,"SAN FRANCISCO","SAN FRANCISCO",-123.31015014648438,39.4132080078125
9636606,2023,2023-11-14,3801,2023-09-27,1459,1263,BAYVI,3,5,7,3801,0,0,0,,0,0C#,"3RD ST","EVANS AV",0.00,,Y,A,-,N,,,,,,,,,,N,4,0,3,2,A,-,12,21453,A,N,B,C,A,A,H,-,A,A,0,,,,,Y,Y,A,01,0,0,3,0,0,0,0,0,0,"- ","- ",,,"SAN FRANCISCO","SAN FRANCISCO",-122.38801574707031,37.742733001708984
9636607,2023,2023-11-20,3801,2023-09-30,"28  ",1988,INGLE,6,5,7,3801,0,0,0,,0,3H13E,"OCEAN AV","RT 280",0.00,,Y,C,-,Y,SF,4,280,-,R,1.852,R,4,N,Y,3,0,1,2,A,-,12,21453,A,F,D,C,A,B,H,-,C,A,0,,,,,Y,,A,01,0,1,0,0,0,0,0,0,0,"- ",NO,,,"SAN FRANCISCO","SAN FRANCISCO",-122.44725036621094,37.724140167236328
9636608,2023,2023-11-14,3801,2023-09-29,1420,A23982,PARK,5,5,7,3801,0,0,0,,0,3F13A,"HILLWAY AV","CARL ST",0.00,,Y,B,-,N,,,,,,,,,,Y,3,0,3,3,A,-,09,21802,A,N,D,C,A,A,H,-,A,D,0,,,,,Y,,A,01,0,1,2,0,0,0,0,0,0,"- ","- ",,,"SAN FRANCISCO","SAN FRANCISCO",-122.45680236816406,37.764919281005859
9636609,2023,2023-11-14,3801,2023-09-28,1430,2202,INGLE,4,5,7,3801,0,0,0,,0,3H13A,"ALEMANY BL","CONGDON ST",0.00,,Y,A,-,N,,,,,,,,,,Y,3,0,1,2,A,-,08,22101,D,N,D,C,A,A,H,-,A,A,0,,,,,Y,,A,07,0,1,0,0,0,0,0,0,0,"- ","- ",,,"SAN FRANCISCO","SAN FRANCISCO",-122.42619323730469,37.731166839599609
9637524,2023,2023-12-22,3801,2023-11-19,"4   ",312,TARAV,7,5,7,3801,0,0,0,,0,4CAR,"19TH AV","SLOAT BL",0.00,,Y,B,-,Y,SF,4,1,-,-,1.897,I,5,N,Y,4,0,1,2,A,-,03,22350,,N,A,C,A,B,H,-,C,A,0,,,,,Y,,A,01,0,0,1,0,0,0,0,0,0,"- ","- ",,,"SAN FRANCISCO","SAN FRANCISCO",-122.47508239746094,37.734642028808594
9637528,2023,2023-12-22,3801,2023-11-21,1725,312,TARAV,2,5,7,3801,0,0,0,,0,1CAR,"19TH AV","JUDAH ST",248.00,S,N,A,-,Y,SF,4,1,-,-,3.740,H,-,S,N,4,0,1,1,A,-,03,22350,,N,F,A,A,-,H,-,A,D,0,,,Y,,Y,,C,02,0,0,1,0,0,0,0,0,1,"- ","- ",,,"SAN FRANCISCO","SAN FRANCISCO",-122.47704315185547,37.761104583740234
9637571,2023,2023-12-13,3801,2023-10-29,1150,4267,TARAV,7,5,7,3801,0,0,0,,0,3I15A,"SKYLINE BL","HARDING RD",0.00,,Y,A,-,N,,,,,,,,,,Y,4,0,3,2,A,-,09,21802,A,N,D,C,A,A,H,-,A,A,0,,,,,Y,,A,01,0,0,3,0,0,0,0,0,0,"- ","- ",,,"SAN FRANCISCO","SAN FRANCISCO",-122.50252532958984,37.72662353515625
9637583,2023,2023-12-13,3801,2023-11-20,"840 ",4267,TARAV,1,5,7,3801,0,0,0,,0,3I3A,"IRVING ST","IRVING ST 2228",0.00,,N,A,-,N,,,,,,,,,,N,3,0,1,2,A,-,21,22106,,F,G,B,F,A,H,-,A,D,0,Y,,,,Y,,A,01,0,1,0,0,1,0,0,0,0,"- ","- ",,,"SAN FRANCISCO","SAN FRANCISCO",,
9638017,2023,2023-11-28,3800,2023-10-25,1030,2397,PARK,3,5,7,3801,0,0,0,,0,,"WOODSIDE AV","PORTOLA DR",0.00,,N,A,-,N,,,,,,,,,,Y,4,0,1,3,A,-,07,21658,A,N,B,E,A,A,H,-,A,A,0,,,,,Y,,A,01,0,0,1,0,0,0,0,0,0,"- ","- ",,,"SAN FRANCISCO","SAN FRANCISCO",-122.4517822265625,37.745586395263672
9638048,2023,2024-01-09,3801,2023-10-25,1018,1936,TRAFF,3,5,7,3801,0,0,0,,0,4B1D,"CONGO ST","MELROSE AV",0.00,,Y,A,-,N,,,,,,,,,,N,4,0,1,2,A,-,04,21703,,N,-,-,A,A,H,-,A,-,0,,,,,Y,,A,01,0,0,1,0,0,0,0,0,0,"- ","- ",,,"SAN FRANCISCO","SAN FRANCISCO",-122.44202423095703,37.733833312988281
9638064,2023,2023-12-08,3801,2023-11-24,"637 ",2728,TEND,5,5,7,3801,0,0,0,,0,908,"GOLDEN GATE AV","LEAVENWORTH ST",0.00,,Y,A,-,N,,,,,,,,,,N,4,0,1,2,A,-,17,21657,,N,F,C,A,A,H,-,B,A,0,,,,,Y,,M,94,0,0,1,0,0,0,0,0,0,"- ","- ",,,"SAN FRANCISCO","SAN FRANCISCO",-122.41385650634766,37.781875610351562
9638094,2023,2023-12-07,3801,2023-11-05,"717 ",2379,CENTR,7,5,7,3801,0,0,0,,0,3A11A,"OFARRELL ST","CYRIL MAGNIN ST",0.00,,Y,A,-,N,,,,,,,,,,N,4,0,1,2,A,-,08,22100,A,N,B,D,A,A,H,-,A,B,0,,,,,Y,,A,07,0,0,1,0,0,0,0,0,0,"- ","- ",,,"SAN FRANCISCO","SAN FRANCISCO",-122.40894317626953,37.786312103271484
9638510,2023,2024-03-01,3801,2023-12-14,1403,1249,,4,5,7,3801,0,0,0,,0,3A91E,"POWELL ST","OFARRELL ST",0.00,,N,A,-,N,,,,,,,,,,N,3,0,1,2,A,-,11,21950,B,N,G,B,D,A,H,-,A,A,0,Y,,,,Y,,N,60,0,1,0,0,1,0,0,0,0,"- ","- ",,,"SAN FRANCISCO","SAN FRANCISCO",-122.40802764892578,37.78643798828125
9638521,2023,2024-01-18,3801,2023-12-08,"249 ",2457,SOUTH,5,5,7,3801,0,0,0,,0,3B4E,"LEAVENWORTH ST","MCALLISTER ST",0.00,,Y,A,-,N,,,,,,,,,,N,4,0,3,4,A,-,13,22515,A,N,H,B,F,A,H,-,C,D,0,Y,,,,Y,,J,48,0,0,3,0,3,0,0,0,0,"- ","- ",,,"SAN FRANCISCO","SAN FRANCISCO",-122.41368865966797,37.780929565429688
9638530,2023,2024-01-18,3801,2023-11-05,1641,707,,7,5,7,3801,0,0,0,,0,4B3G,"EDDY ST","HYDE ST",25.00,W,N,B,-,N,,,,,,,,,,N,4,0,1,2,A,-,11,21954,A,N,G,B,E,A,H,-,B,D,0,Y,,,,Y,,N,60,0,0,1,0,1,0,0,0,0,"- ","- ",,,"SAN FRANCISCO","SAN FRANCISCO",-122.41597747802734,37.783500671386719
9638534,2023,2024-01-18,3801,2023-12-04,1255,1819,,1,5,7,3801,0,0,0,,0,3CAR,"VAN NESS AV","GOLDEN GATE AV",0.00,,Y,A,-,N,,,,,,,,,,Y,4,0,2,3,A,-,03,22350,,N,C,C,A,A,H,-,A,D,0,,,,,Y,,A,01,0,0,2,0,0,0,0,0,0,"- ","- ",,,"SAN FRANCISCO","SAN FRANCISCO",-122.42038726806641,37.781028747558594
9639715,2023,2023-11-20,3800,2023-10-18,"958 ",2445,NORTH,3,5,7,3801,0,0,0,,0,,"POLK ST","REDWOOD ST",0.00,,Y,A,-,N,,,,,,,,,,N,4,0,1,2,A,-,05,21460,A,N,D,C,A,A,H,-,A,D,0,,,Y,,Y,,A,01,0,0,1,0,0,0,0,0,1,"- ","- ",,,"SAN FRANCISCO","SAN FRANCISCO",-122.41868591308594,37.780750274658203
9639718,2023,2024-01-17,3800,2023-10-11,1730,2445,SOUTH,3,5,7,3801,0,0,0,,0,,"4TH ST","BERRY ST",0.00,,Y,-,-,N,,,,,,,,,,N,2,0,1,2,A,-,00,21235,I,N,-,-,F,-,-,-,-,-,0,Y,,,,Y,,M,94,1,0,0,0,1,0,0,0,0,"- ","- ",,,"SAN FRANCISCO","SAN FRANCISCO",-122.39334106445312,37.775779724121094
9640212,2024,2024-07-31,3801,2024-01-01,2026,1435,TRAFF,1,5,7,3801,0,0,0,,0,4B4C,"RT 1","PALMETTO AV",601.00,S,N,A,-,Y,SF,4,1,-,R,0.050,H,-,N,Y,1,1,2,1,A,-,01,23152,G,N,E,I,A,A,H,-,C,D,0,,,,,Y,Y,A,01,1,1,0,0,0,0,0,0,0,"- ","- ",,,"SAN FRANCISCO","SAN FRANCISCO",-122.47102355957031,37.708942413330078
9640225,2023,2024-02-27,3801,2023-12-11,1450,104,TRAFF,1,5,7,3801,0,0,0,,0,4B4F,"13TH ST","TRAINOR ST",89.00,W,N,A,-,N,,,,,,,,,,Y,1,1,1,5,A,-,21,22106,,N,G,B,F,A,H,-,A,D,0,Y,,Y,,Y,,A,01,0,0,1,1,0,0,0,0,0,"- ","- ",,,"SAN FRANCISCO","SAN FRANCISCO",-122.41477966308594,37.769496917724609
9640485,2023,2025-06-30,3801,2023-10-28,1053,1422,TRAFF,6,5,7,3801,0,0,0,,0,4B2F,"POST ST","HYDE ST",0.00,,Y,A,-,N,,,,,,,,,,Y,1,1,1,3,A,-,01,23152,F,N,D,C,B,A,H,-,A,A,0,Y,,,,Y,,A,01,0,0,1,1,0,0,0,0,0,"- ","- ",,,"SAN FRANCISCO","SAN FRANCISCO",-122.41661834716797,37.787246704101562
9641590,2023,2024-03-30,3801,2023-11-07,"320 ",A22887,CENTR,2,5,7,3801,0,0,0,,0,3A13E,"JEFFERSON ST","JONES ST",169.00,W,N,A,-,N,,,,,,,,,,N,4,0,1,2,D,-,00,,,F,C,E,A,A,H,-,C,D,0,,,,,Y,,-,"- ",0,0,1,0,0,0,0,0,0,"- ","- ",,,"SAN FRANCISCO","SAN FRANCISCO",-122.41799926757812,37.807937622070312
9641594,2023,2024-01-18,3801,2023-11-07,1545,334,BAYVI,2,5,7,3801,0,0,0,,0,0C3,"PALOU AV","CRISP RD",0.00,,Y,A,-,N,,,,,,,,,,N,3,0,1,2,A,-,05,21650,,N,A,C,A,A,H,-,A,D,0,,,Y,,Y,,C,03,0,1,0,0,0,0,0,0,1,"- ","- ",,,"SAN FRANCISCO","SAN FRANCISCO",-122.37989807128906,37.727756500244141
9641598,2023,2023-12-26,3801,2023-11-08,2054,788,CENTR,3,5,7,3801,0,0,0,,0,3A11D,"LEAVENWORTH ST","POST ST",30.00,S,N,A,-,N,,,,,,,,,,N,4,0,1,2,A,-,08,22107,,N,B,C,A,A,H,-,C,A,0,,,,,Y,,A,01,0,0,1,0,0,0,0,0,0,"- ","- ",,,"SAN FRANCISCO","SAN FRANCISCO",-122.41497039794922,37.787368774414062
9641803,2023,2023-12-11,3801,2023-10-31,"919 ",1511,BAYVI,2,5,7,3801,0,0,0,,0,3C11A,"DE HARO ST","DE HARO ST 1322",0.00,,Y,A,-,N,,,,,,,,,,Y,4,0,1,2,A,-,03,22350,,N,F,A,A,A,E,-,A,D,0,,,,,Y,,A,01,0,0,1,0,0,0,0,0,0,"- ","- ",,,"SAN FRANCISCO","SAN FRANCISCO",,
9641804,2023,2023-12-15,3801,2023-10-31,"830 ",1224,MISSI,2,5,7,3801,0,0,0,,0,0D4,"26TH ST","CAPP ST",27.00,E,N,A,-,N,,,,,,,,,,Y,4,0,1,2,A,-,04,21703,,N,C,C,A,A,H,-,B,A,0,,,,,Y,,A,01,0,0,1,0,0,0,0,0,0,"- ","- ",,,"SAN FRANCISCO","SAN FRANCISCO",-122.41695404052734,37.749114990234375
9641805,2023,2023-12-11,3801,2023-10-18,1111,1936,TRAFF,3,5,7,3801,0,0,0,,0,4B1D,BROADWAY,"EASTBOUND TUNNEL ENTRANCE",334.00,E,N,A,-,N,,,,,,,,,,Y,2,0,1,1,A,-,03,22350,,N,F,I,A,A,H,-,A,A,0,,,,,Y,,M,96,1,0,0,0,0,0,0,0,0,"- ","- ",,,"SAN FRANCISCO","SAN FRANCISCO",,
9641806,2023,2023-12-11,3801,2023-10-12,2230,1994,TRAFF,4,5,7,3801,0,0,0,,0,4B3C,"GROVE ST","LARKIN ST",78.00,W,N,A,-,N,,,,,,,,,,N,2,0,1,2,A,-,11,21954,A,N,G,B,E,A,H,-,C,D,0,Y,,,,Y,Y,N,60,1,0,0,0,1,0,0,0,0,"- ","- ",,,"SAN FRANCISCO","SAN FRANCISCO",-122.41685485839844,37.77862548828125
9641807,2023,2023-12-11,3801,2023-10-31,1948,1157,SOUTH,2,5,7,3801,0,0,0,,0,3B5,"TOWNSEND ST","4TH ST",130.00,W,N,A,-,N,,,,,,,,,,N,4,0,1,2,A,-,08,22107,,N,D,G,A,A,H,-,C,A,0,,Y,,,Y,,L,04,0,0,1,0,0,0,1,0,0,"- ","- ",,,"SAN FRANCISCO","SAN FRANCISCO",-122.39530944824219,37.77685546875
9641808,2023,2023-12-11,3801,2023-10-31,1446,1157,BAYVI,2,5,7,3801,0,0,0,,0,3C15A,"CARGO WY","ILLINOIS ST",0.00,,Y,A,-,N,,,,,,,,,,,4,0,1,2,A,-,12,21453,A,N,D,C,A,A,H,-,A,A,0,,,,,Y,,A,01,0,0,1,0,0,0,0,0,0,"- ","- ",,,"SAN FRANCISCO","SAN FRANCISCO",-122.3861083984375,37.745704650878906
9641809,2023,2023-12-11,3801,2023-10-31,1706,649,INGLE,2,5,7,3801,0,0,0,,0,3H13D,"ALEMANY BL","SICKLES AV",0.00,,Y,A,-,N,,,,,,,,,,Y,4,0,2,2,A,-,09,21801,A,N,D,C,A,A,H,-,A,A,0,,,,,Y,,A,01,0,0,2,0,0,0,0,0,0,"- ","- ",,,"SAN FRANCISCO","SAN FRANCISCO",-122.45491790771484,37.710514068603516