CASE_ID,ACCIDENT_YEAR,PROC_DATE,JURIS,COLLISION_DATE,COLLISION_TIME,OFFICER_ID,REPORTING_DISTRICT,DAY_OF_WEEK,CHP_SHIFT,POPULATION,CNTY_CITY_LOC,SPECIAL_COND,BEAT_TYPE,CHP_BEAT_TYPE,CITY_DIVISION_LAPD,CHP_BEAT_CLASS,BEAT_NUMBER,PRIMARY_RD,SECONDARY_RD,DISTANCE,DIRECTION,INTERSECTION,WEATHER_1,WEATHER_2,STATE_HWY_IND,CALTRANS_COUNTY,CALTRANS_DISTRICT,STATE_ROUTE,ROUTE_SUFFIX,POSTMILE_PREFIX,POSTMILE,LOCATION_TYPE,RAMP_INTERSECTION,SIDE_OF_HWY,TOW_AWAY,COLLISION_SEVERITY,NUMBER_KILLED,NUMBER_INJURED,PARTY_COUNT,PRIMARY_COLL_FACTOR,PCF_CODE_OF_VIOL,PCF_VIOL_CATEGORY,PCF_VIOLATION,PCF_VIOL_SUBSECTION,HIT_AND_RUN,TYPE_OF_COLLISION,MVIW,PED_ACTION,ROAD_SURFACE,ROAD_COND_1,ROAD_COND_2,LIGHTING,CONTROL_DEVICE,CHP_ROAD_TYPE,PEDESTRIAN_ACCIDENT,BICYCLE_ACCIDENT,MOTORCYCLE_ACCIDENT,TRUCK_ACCIDENT,NOT_PRIVATE_PROPERTY,ALCOHOL_INVOLVED,STWD_VEHTYPE_AT_FAULT,CHP_VEHTYPE_AT_FAULT,COUNT_SEVERE_INJ,COUNT_VISIBLE_INJ,COUNT_COMPLAINT_PAIN,COUNT_PED_KILLED,COUNT_PED_INJURED,COUNT_BICYCLIST_KILLED,COUNT_BICYCLIST_INJURED,COUNT_MC_KILLED,COUNT_MC_INJURED,PRIMARY_RAMP,SECONDARY_RAMP,LATITUDE,LONGITUDE,COUNTY,CITY,POINT_X,POINT_Y
9641810,2023,2023-12-11,3801,2023-10-29,1408,2268,INGLE,7,5,7,3801,0,0,0,,0,3H12D,"ELIZABETH ST","DIAMOND ST",0.00,,Y,A,-,N,,,,,,,,,,N,3,0,1,2,A,-,10,21950,,N,B,B,B,A,H,-,A,D,0,Y,,,,Y,,A,01,0,1,0,0,1,0,0,0,0,"- ","- ",,,"SAN FRANCISCO","SAN FRANCISCO",-122.43637084960938,37.751976013183594
9641811,2023,2023-12-11,3801,2023-10-29,"601 ",1068,SOUTH,7,5,7,3801,0,0,0,,0,,"16TH ST","RHODE ISLAND ST",0.00,,Y,A,-,N,,,,,,,,,,Y,4,0,2,2,A,-,12,21453,A,F,D,C,A,A,H,-,C,A,0,,,,,Y,,A,01,0,0,2,0,0,0,0,0,0,"- ","- ",,,"SAN FRANCISCO","SAN FRANCISCO",-122.40267944335938,37.766098022460938
9641812,2023,2023-12-18,3801,2023-10-30,1611,746,INGLE,1,5,7,3801,0,0,0,,0,3H13D,"SAN JOSE AV","SANTA ROSA AV",0.00,,Y,A,-,N,,,,,,,,,,N,4,0,1,2,A,-,10,21950,A,N,G,B,B,A,-,-,A,A,0,Y,,,,Y,,A,07,0,0,1,0,0,0,0,0,0,"- ","- ",,,"SAN FRANCISCO","SAN FRANCISCO",-122.44010162353516,37.728954315185547
9641813,2023,2023-12-11,3801,2023-10-14,1435,1562,INGLE,6,5,7,3801,0,0,0,,0,3H11A,"ALEMANY BL","PUTNAM ST",0.00,,Y,A,-,N,,,,,,,,,,Y,2,0,1,2,A,-,09,21800,A,N,B,-,A,A,H,-,A,A,0,,,Y,,Y,,C,02,1,0,0,0,0,0,0,0,1,"- ","- ",,,"SAN FRANCISCO","SAN FRANCISCO",-122.41084289550781,37.734832763671875
9641814,2023,2023-12-11,3801,2023-10-28,1812,1825,SOUTH,6,5,7,3801,0,0,0,,0,3B3D,"7TH ST","TOWNSEND ST",0.00,,Y,A,-,N,,,,,,,,,,N,3,0,1,2,A,-,03,22350,,N,D,G,A,A,H,-,B,A,0,,Y,,,Y,,L,04,0,1,0,0,0,0,1,0,0,"- ","- ",,,"SAN FRANCISCO","SAN FRANCISCO",-122.40165710449219,37.771831512451172
9641821,2023,2023-12-08,3801,2023-10-31,1745,233,MISSI,2,5,7,3801,0,0,0,,0,03D,"18TH ST","DIAMOND ST",0.00,,Y,A,-,N,,,,,,,,,,N,3,0,1,2,A,-,10,21950,A,N,G,B,B,A,H,-,A,A,0,Y,,,,Y,,A,01,0,1,0,0,1,0,0,0,0,"- ","- ",,,"SAN FRANCISCO","SAN FRANCISCO",-122.43718719482422,37.7607421875
9641823,2023,2023-12-08,3801,2023-10-20,1843,1994,TRAFF,5,5,7,3801,0,0,0,,0,4B3C,"BRANNAN ST","9TH ST",243.00,E,N,A,-,N,,,,,,,,,,N,4,0,1,2,A,-,09,21801,A,N,D,C,A,A,H,-,B,D,0,,,,,Y,,A,01,0,0,1,0,0,0,0,0,0,"- ","- ",,,"SAN FRANCISCO","SAN FRANCISCO",-122.40638732910156,37.770523071289062
9641824,2023,2023-12-08,3801,2023-10-31,1442,2398,NORTH,2,5,7,3801,0,0,0,,0,0IE,"FRANKLIN ST","LINDEN ST",3.00,N,N,A,-,N,,,,,,,,,,N,2,0,1,2,A,-,17,21657,,N,A,G,A,A,H,-,A,A,0,,Y,,,Y,,L,04,1,0,0,0,0,0,1,0,0,"- ","- ",,,"SAN FRANCISCO","SAN FRANCISCO",-122.42124176025391,37.776626586914062
9641825,2023,2023-12-08,3801,2023-10-30,1721,1057,SOUTH,1,5,7,3801,0,0,0,,0,3B13D,"THE EMBARCADERO SOUTH","BRYANT ST",0.00,,Y,A,-,N,,,,,,,,,,N,2,0,1,1,A,-,17,21663,,N,E,A,A,A,G,-,A,A,0,,Y,,,Y,,L,04,1,0,0,0,0,0,1,0,0,"- ","- ",,,"SAN FRANCISCO","SAN FRANCISCO",-122.38801574707031,37.787094116210938
9641826,2023,2023-12-19,3801,2023-10-19,2130,2445,MISSI,4,5,7,3801,0,0,0,,0,001,"MARKET ST","NOE ST",0.00,,Y,A,-,N,,,,,,,,,,N,4,0,2,5,A,-,22,23123,A,N,C,C,A,A,H,-,C,A,0,,,,,Y,,A,01,0,0,2,0,0,0,0,0,0,"- ","- ",,,"SAN FRANCISCO","SAN FRANCISCO",-122.43313598632812,37.764244079589844
9641827,2023,2023-12-13,3801,2023-10-30,1133,2180,BAYVI,1,5,7,3801,0,0,0,,0,3C4A,"SHAFTER AV","ELMIRA ST",0.00,,Y,A,-,N,,,,,,,,,,Y,4,0,2,2,A,-,12,22450,A,N,D,C,A,A,H,-,A,A,0,,,,,Y,,A,01,0,0,2,0,0,0,0,0,0,"- ","- ",,,"SAN FRANCISCO","SAN FRANCISCO",-122.40393829345703,37.738529205322266
9641829,2023,2023-12-13,3801,2023-10-29,2209,400,SOUTH,7,5,7,3801,0,0,0,,0,3B14E,"BRYANT ST","9TH ST",0.00,,Y,A,-,N,,,,,,,,,,N,4,0,3,2,A,-,08,22100,B,N,D,C,A,A,H,-,C,A,0,,,,,Y,,A,01,0,0,3,0,0,0,0,0,0,"- ","- ",,,"SAN FRANCISCO","SAN FRANCISCO",-122.40853118896484,37.771289825439453
9641830,2023,2023-12-08,3801,2023-10-30,"529 ",2293,MISSI,1,5,7,3801,0,0,0,,0,,"CAPP ST","16TH ST",0.00,,Y,A,-,N,,,,,,,,,,N,4,0,1,2,A,-,12,21453,A,F,G,B,B,A,H,-,C,A,0,Y,,,,Y,,A,01,0,0,1,0,1,0,0,0,0,"- ","- ",,,"SAN FRANCISCO","SAN FRANCISCO",-122.418701171875,37.765098571777344
9641831,2023,2023-12-08,3801,2023-10-29,1522,2139,TARAV,7,5,7,3801,0,0,0,,0,3801,"OCEAN AV","BRIGHTON AV",0.00,,Y,A,-,N,,,,,,,,,,N,4,0,1,2,D,-,00,,,N,G,B,B,A,H,-,A,A,0,Y,,,,Y,,-,"- ",0,0,1,0,1,0,0,0,0,"- ","- ",,,"SAN FRANCISCO","SAN FRANCISCO",-122.45513916015625,37.723697662353516
9641832,2023,2023-12-08,3801,2023-10-29,2100,1447,PARK,7,5,7,3801,0,0,0,,0,003,"MASONIC AV","OAK ST",0.00,,Y,A,-,N,,,,,,,,,,N,4,0,1,2,A,-,09,21453,C,N,G,B,B,A,H,-,C,A,0,Y,,,,Y,,A,01,0,0,1,0,1,0,0,0,0,"- ","- ",,,"SAN FRANCISCO","SAN FRANCISCO",-122.44575500488281,37.772083282470703
9641833,2023,2023-12-08,3801,2023-10-29,"32  ",2237,TARAV,7,5,7,3801,0,0,0,,0,001,"19TH AV","BYXBEE ST",0.00,,Y,A,-,N,,,,,,,,,,Y,4,0,4,2,A,-,09,21804,,N,D,C,A,A,H,-,C,A,0,,,,,Y,,A,01,0,0,4,0,0,0,0,0,0,"- ","- ",,,"SAN FRANCISCO","SAN FRANCISCO",-122.46976470947266,37.714267730712891
9641834,2023,2023-12-08,3801,2023-10-29,1455,2210,SOUTH,7,5,7,3801,0,0,0,,0,0B4,"10TH ST","MISSION ST",0.00,,Y,A,-,N,,,,,,,,,,N,4,0,1,2,A,-,12,21453,A,F,D,G,A,A,-,-,A,A,0,,Y,Y,,Y,,L,04,0,0,1,0,0,0,0,0,1,"- ","- ",,,"SAN FRANCISCO","SAN FRANCISCO",-122.41590881347656,37.775276184082031
9641835,2023,2023-12-08,3801,2023-10-31,"1   ",1982,MISSI,2,5,7,3801,0,0,0,,0,3D14E,"MARKET ST","EUREKA ST",0.00,,Y,A,-,N,,,,,,,,,,Y,4,0,1,1,A,-,03,22350,,N,E,I,A,A,H,-,C,A,0,,,,,Y,,A,01,0,0,1,0,0,0,0,0,0,"- ","- ",,,"SAN FRANCISCO","SAN FRANCISCO",-122.43834686279297,37.761722564697266
9641836,2023,2023-12-08,3801,2023-10-29,"43  ",1123,SOUTH,7,5,7,3801,0,0,0,,0,3B60,"6TH ST","BRYANT ST",0.00,,Y,A,-,N,,,,,,,,,,Y,3,0,1,2,A,-,09,21801,A,N,D,C,A,A,H,-,C,A,0,,,Y,,Y,,A,01,0,1,0,0,0,0,0,0,1,"- ","- ",,,"SAN FRANCISCO","SAN FRANCISCO",-122.40250396728516,37.776058197021484
9641837,2023,2023-12-08,3801,2023-10-30,"707 ",428,CENTR,1,5,7,3801,0,0,0,,0,,"SACRAMENTO ST","SANSOME ST",0.00,,Y,A,-,N,,,,,,,,,,Y,4,0,2,2,A,-,12,21453,A,N,D,C,A,A,-,-,A,A,0,,,,,Y,,A,08,0,0,2,0,0,0,0,0,0,"- ","- ",,,"SAN FRANCISCO","SAN FRANCISCO",-122.40132141113281,37.79400634765625
9641838,2023,2023-12-18,3801,2023-10-24,1248,1068,SOUTH,2,5,7,3801,0,0,0,,0,3B12A,"6TH ST","BRANNAN ST",0.00,,Y,A,-,N,,,,,,,,,,,4,0,1,2,A,-,09,21801,A,N,A,C,A,A,H,-,A,A,0,,,,,Y,,A,01,0,0,1,0,0,0,0,0,0,"- ","- ",,,"SAN FRANCISCO","SAN FRANCISCO",-122.40095520019531,37.774826049804688
9641839,2023,2023-12-08,3801,2023-10-30,1250,390,PARK,1,5,7,3801,0,0,0,,0,001,"LINCOLN WY","LINCOLN WY 243",0.00,,N,A,-,N,,,,,,,,,,Y,4,0,2,2,A,-,03,22350,,N,C,C,A,A,H,-,A,D,0,,,,,Y,,-,,0,0,2,0,0,0,0,0,0,"- ","- ",37.455799102783203,-122.27391815185547,"SAN FRANCISCO","SAN FRANCISCO",,
9641840,2023,2023-12-13,3801,2023-10-28,2015,1784,TENDE,6,5,7,3801,0,0,0,,0,3J15D,"TURK ST","POLK ST",200.00,E,N,A,-,N,,,,,,,,,,Y,4,0,1,2,C,-,18,,,N,-,E,A,A,H,-,C,A,0,,,,,Y,Y,-,"- ",0,0,1,0,0,0,0,0,0,"- ","- ",,,"SAN FRANCISCO","SAN FRANCISCO",-122.41831970214844,37.782257080078125
9641867,2023,2024-01-23,3801,2023-11-03,1045,1337,NORTH,5,5,7,3801,0,0,0,,0,0E2,"DIVISADERO ST","GEARY BL",0.00,,Y,A,-,N,,,,,,,,,,N,2,0,1,2,A,-,03,22350,,N,C,G,A,A,H,-,A,A,0,,Y,,,Y,,A,01,1,0,0,0,0,0,1,0,0,"- ","- ",,,"SAN FRANCISCO","SAN FRANCISCO",-122.43947601318359,37.783359527587891
9641869,2023,2024-01-23,3801,2023-11-04,"236 ",1406,CENTR,6,5,7,3801,0,0,0,,0,3A1,"BUSH ST","LEAVENWORTH ST",8.00,E,N,A,-,N,,,,,,,,,,N,2,0,1,2,D,-,00,,,N,G,B,D,A,H,-,C,A,0,Y,,,,Y,,-,"- ",1,0,0,0,1,0,0,0,0,"- ","- ",,,"SAN FRANCISCO","SAN FRANCISCO",-122.41535186767578,37.789344787597656
9641870,2023,2024-01-23,3801,2023-11-04,2205,2307,NORTH,6,5,7,3801,0,0,0,,0,3E12E,"HAYES ST","LAGUNA ST",0.00,,Y,A,-,N,,,,,,,,,,N,4,0,2,2,A,-,12,22450,A,F,D,C,A,A,-,-,C,A,0,,,,,Y,,A,01,0,0,2,0,0,0,0,0,0,"- ","- ",,,"SAN FRANCISCO","SAN FRANCISCO",-122.42626190185547,37.776473999023438
9641871,2023,2024-01-23,3801,2023-11-04,1615,1337,NORTH,6,5,7,3801,0,0,0,,0,3E12D,"STEINER ST","FELL ST",0.00,,Y,A,-,N,,,,,,,,,,Y,4,0,1,2,A,-,09,21801,A,N,-,C,A,A,H,-,A,A,0,,,,,Y,,A,01,0,0,1,0,0,0,0,0,0,"- ","- ",,,"SAN FRANCISCO","SAN FRANCISCO",-122.43265533447266,37.774684906005859
9641872,2023,2024-01-23,3801,2023-11-04,"7   ",1133,CENTR,6,5,7,3801,0,0,0,,0,04A,"COLUMBUS AV","PACIFIC AV",0.00,,Y,A,-,N,,,,,,,,,,N,3,0,1,2,A,-,03,22350,,N,C,-,A,A,H,-,C,A,0,,,,,Y,,-,,0,1,0,0,0,0,0,0,0,"- ","- ",,,"SAN FRANCISCO","SAN FRANCISCO",-122.40538787841797,37.79705810546875
9641873,2023,2024-01-23,3801,2023-11-07,"900 ",4286,RICHM,2,5,7,3801,0,0,0,,0,0G3,"CLEMENT ST","4TH AV",0.00,,Y,A,-,N,,,,,,,,,,N,4,0,1,2,A,-,10,21950,A,N,G,B,B,A,H,-,A,D,0,Y,,,,Y,,A,07,0,0,1,0,1,0,0,0,0,"- ","- ",,,"SAN FRANCISCO","SAN FRANCISCO",-122.4622802734375,37.783042907714844
9641874,2023,2024-01-23,3801,2023-11-05,"111 ",2445,MISSI,7,5,7,3801,0,0,0,,0,3D14E,"15TH ST","GUERRERO ST",0.00,,Y,A,-,N,,,,,,,,,,Y,4,0,2,4,A,-,12,21453,A,N,D,C,A,A,H,-,C,A,0,,,,,Y,,A,01,0,0,2,0,0,0,0,0,0,"- ","- ",,,"SAN FRANCISCO","SAN FRANCISCO",-122.42424011230469,37.766403198242188
9641875,2023,2024-02-23,3801,2023-11-03,"850 ",2402,TARAV,5,5,7,3801,0,0,0,,0,3I1A,"KIRKHAM ST","10TH AV",0.00,,Y,A,-,N,,,,,,,,,,N,4,0,1,2,D,-,00,,,N,D,-,A,A,H,-,A,A,0,,,,,Y,,-,"- ",0,0,1,0,0,0,0,0,0,"- ","- ",,,"SAN FRANCISCO","SAN FRANCISCO",-122.46714019775391,37.760246276855469
9641876,2023,2024-01-23,3801,2023-11-03,"621 ",2059,CENTR,5,5,7,3801,0,0,0,,0,3A4A,"THE EMBARCADERO","WASHINGTON ST",620.00,S,N,A,-,N,,,,,,,,,,N,3,0,1,2,A,-,12,21453,A,F,D,G,A,A,H,-,C,A,0,,Y,,,Y,,A,07,0,1,0,0,0,0,1,0,0,"- ","- ",,,"SAN FRANCISCO","SAN FRANCISCO",-122.39446258544922,37.795185089111328
9641877,2023,2024-01-23,3801,2023-11-02,1741,1823,MISSI,4,5,7,3801,0,0,0,,0,004,"MISSION ST","25TH ST",205.00,S,N,A,-,N,,,,,,,,,,N,3,0,1,2,A,-,08,22102,,N,D,C,A,A,H,-,A,D,0,,,Y,,Y,,A,01,0,1,0,0,0,0,0,0,1,"- ","- ",,,"SAN FRANCISCO","SAN FRANCISCO",-122.41824340820312,37.750099182128906
9641878,2023,2024-01-23,3801,2023-11-03,"139 ",1207,TENDE,5,5,7,3801,0,0,0,,0,,"MARKET ST","3RD ST",0.00,,-,A,-,N,,,,,,,,,,N,3,0,1,1,A,-,17,21235,G,N,E,A,A,A,H,-,C,D,0,,,Y,,Y,Y,C,03,0,1,0,0,0,0,0,0,1,"- ","- ",,,"SAN FRANCISCO","SAN FRANCISCO",-122.40345764160156,37.787662506103516
9641879,2023,2024-01-23,3801,2023-11-01,1937,2487,BAYVI,3,5,7,3801,0,0,0,,0,3C1,"25TH ST","ILLINOIS ST",0.00,,Y,A,-,N,,,,,,,,,,Y,3,0,1,2,A,-,01,23152,A,M,B,E,A,A,H,-,C,A,0,,,,,Y,Y,A,01,0,1,0,0,0,0,0,0,0,"- ","- ",,,"SAN FRANCISCO","SAN FRANCISCO",-122.38686370849609,37.752902984619141
9641880,2023,2024-01-23,3801,2023-11-02,"720 ",1428,MISSI,4,5,7,3801,0,0,0,,0,03D,"CHURCH ST","JERSEY ST",0.00,,Y,A,-,N,,,,,,,,,,Y,4,0,2,2,A,-,21,22106,,N,D,C,A,A,H,-,A,D,0,,,,,Y,,A,01,0,0,2,0,0,0,0,0,0,"- ","- ",,,"SAN FRANCISCO","SAN FRANCISCO",-122.42736053466797,37.750877380371094
9641890,2023,2023-12-08,3801,2023-10-31,2140,1836,TARAV,2,5,7,3801,0,0,0,,0,1CAR,"LINCOLN WY","11TH AV",0.00,,Y,A,-,N,,,,,,,,,,N,4,0,1,2,A,-,08,22107,,N,B,C,A,A,H,-,C,D,0,,,,,Y,,A,07,0,0,1,0,0,0,0,0,0,"- ","- ",,,"SAN FRANCISCO","SAN FRANCISCO",-122.46858215332031,37.765827178955078
9642009,2023,2024-01-05,3801,2023-11-06,"233 ",2142,INGLE,1,5,7,3801,0,0,0,,0,3H15E,"ALEMANY BL","HARRINGTON ST",0.00,,Y,C,-,N,,,,,,,,,,Y,3,0,1,2,A,-,07,21658,A,M,-,E,A,B,H,-,C,A,0,,,,,Y,,A,01,0,1,0,0,0,0,0,0,0,"- ","- ",,,"SAN FRANCISCO","SAN FRANCISCO",-122.43630218505859,37.726055145263672
9642013,2023,2024-01-17,3801,2023-11-01,1931,540,,3,5,7,3801,0,0,0,,0,016,"ASHTON AVE","GRAFTON AVE",201.00,S,N,A,-,N,,,,,,,,,,Y,4,0,1,3,A,-,21,22106,,N,D,C,A,A,H,-,C,D,0,,,,,Y,,A,07,0,0,1,0,0,0,0,0,0,"- ","- ",,,"SAN FRANCISCO","SAN FRANCISCO",-122.46225738525391,37.719459533691406
9642021,2023,2024-01-17,3801,2023-11-04,2234,2718,,6,5,7,3801,0,0,0,,0,3C11D,"RD ST","WALLACE AVE",0.00,,Y,A,-,N,,,,,,,,,,N,3,0,1,1,A,-,00,21221,,N,H,A,A,A,H,-,C,A,0,,,Y,,Y,,C,03,0,1,0,0,0,0,0,0,1,"- ","- ",,,"SAN FRANCISCO","SAN FRANCISCO",,
9642022,2023,2024-01-17,3801,2023-11-01,1305,2366,,3,5,7,3801,0,0,0,,0,3E6C,"FRANKLIN ST","VALLEJO ST",0.00,,Y,A,-,N,,,,,,,,,,Y,4,0,1,3,A,-,03,22350,,N,C,C,A,A,H,-,A,A,0,,,,,Y,,A,01,0,0,1,0,0,0,0,0,0,"- ","- ",,,"SAN FRANCISCO","SAN FRANCISCO",-122.42523956298828,37.796489715576172
9642023,2023,2024-01-17,3801,2023-11-04,2010,2459,,6,5,7,3801,0,0,0,,0,3B14D,"9TH ST","HOFF ST",0.00,,Y,A,-,N,,,,,,,,,,Y,4,0,1,2,A,-,12,21453,A,N,D,B,B,A,H,-,C,A,0,Y,,,,Y,Y,A,01,0,0,1,0,1,0,0,0,0,"- ","- ",,,"SAN FRANCISCO","SAN FRANCISCO",,
9642024,2023,2024-01-17,3801,2023-11-05,2330,2724,,7,5,7,3801,0,0,0,,0,3C15E,"BRIDGEVIEW DR","BRIDGEVIEW DR 146",0.00,,-,A,-,N,,,,,,,,,,Y,4,0,1,7,C,-,18,,,N,E,E,A,A,H,-,C,D,0,,,,,Y,,-,"- ",0,0,1,0,0,0,0,0,0,"- ","- ",,,"SAN FRANCISCO","SAN FRANCISCO",-121.08625793457031,38.676544189453125
9642025,2023,2024-01-17,3801,2023-11-03,1834,582,,5,5,7,3801,0,0,0,,0,3A12E,"GEARY ST","LARKIN ST",0.00,,Y,A,-,N,,,,,,,,,,N,4,0,1,2,A,-,10,21950,A,N,G,B,B,A,H,-,C,A,0,Y,,,,Y,,A,01,0,0,1,0,1,0,0,0,0,"- ","- ",,,"SAN FRANCISCO","SAN FRANCISCO",-122.41810607910156,37.786113739013672
9642026,2023,2024-01-17,3801,2023-11-04,1734,2443,,6,5,7,3801,0,0,0,,0,3C13D,"LA ALAMEDA","CASHMERE ST",0.00,,Y,B,-,N,,,,,,,,,,Y,3,0,1,3,A,-,00,20461,A,N,C,E,A,A,H,-,A,A,0,,,,,Y,,A,01,0,1,0,0,0,0,0,0,0,"- ","- ",,,"SAN FRANCISCO","SAN FRANCISCO",,
9642027,2023,2024-01-17,3801,2023-11-04,1306,484,,6,5,7,3801,0,0,0,,0,3E15A,"LAGUNA ST","UNION ST",0.00,,Y,A,-,N,,,,,,,,,,N,3,0,1,2,A,-,03,22350,,N,G,B,C,A,H,-,A,-,0,Y,,,,Y,,A,01,0,1,0,0,1,0,0,0,0,"- ","- ",,,"SAN FRANCISCO","SAN FRANCISCO",-122.4305419921875,37.797714233398438
9642028,2023,2024-01-17,3801,2023-11-03,1628,577,,5,5,7,3801,0,0,0,,0,015,"JUNIPERO SERRA BL","WINSTON DR",15.00,S,N,A,-,N,,,,,,,,,,Y,4,0,1,2,A,-,03,22350,,N,B,E,A,A,D,-,A,D,0,,,,,Y,,A,01,0,0,1,0,0,0,0,0,0,"- ","- ",,,"SAN FRANCISCO","SAN FRANCISCO",-122.47237396240234,37.726799011230469
9642030,2023,2024-01-17,3801,2023-11-04,2055,664,,6,5,7,3801,0,0,0,,0,3CAR,"ANZA ST","3RD AVE",51.00,E,N,A,-,N,,,,,,,,,,Y,4,0,1,4,A,-,03,22350,,N,C,E,-,A,H,-,C,A,0,Y,,,,Y,Y,A,01,0,0,1,0,1,0,0,0,0,"- ","- ",,,"SAN FRANCISCO","SAN FRANCISCO",-122.46075439453125,37.77923583984375
9642031,2023,2024-01-17,3801,2023-11-01,"652 ",1210,,3,5,7,3801,0,0,0,,0,0H3,"PERALTA AV","LISBON ST",0.00,,Y,A,-,N,,,,,,,,,,N,4,0,1,2,A,-,10,21950,A,N,G,B,B,A,H,-,C,A,0,Y,,,,Y,,A,01,0,0,1,0,1,0,0,0,0,"- ","- ",,,"SAN FRANCISCO","SAN FRANCISCO",,
9642032,2023,2024-01-25,3801,2023-11-01,"730 ",1511,,3,5,7,3801,0,0,0,,0,3C11A,"RT 280","CEASAR CHAVEZ ST",0.00,,Y,A,-,Y,SF,4,280,-,R,5.182,R,1,N,N,3,0,1,2,D,-,00,,,N,G,B,E,A,H,-,B,D,0,Y,,,,Y,,-,"- ",0,1,0,0,1,0,0,0,0,NF,"- ",,,"SAN FRANCISCO","SAN FRANCISCO",-122.39566802978516,37.744182586669922
9642033,2023,2024-01-17,3801,2023-11-03,1900,158,,5,5,7,3801,0,0,0,,0,3E14D,"GREEN ST","LARKIN ST",135.00,W,N,A,-,N,,,,,,,,,,N,4,0,1,2,A,-,09,21804,A,N,D,C,A,A,H,-,C,A,0,,,Y,,Y,,A,01,0,0,1,0,0,0,0,0,1,"- ","- ",,,"SAN FRANCISCO","SAN FRANCISCO",-122.42095184326172,37.797996520996094
9642034,2023,2024-01-17,3801,2023-11-04,1328,282,,6,5,7,3801,0,0,0,,0,3I2B,"IRVING ST","20TH AVE",0.00,,Y,A,-,N,,,,,,,,,,Y,4,0,1,2,A,-,12,21453,A,N,D,C,A,A,H,-,A,A,0,,,,,Y,,A,01,0,0,1,0,0,0,0,0,0,"- ","- ",,,"SAN FRANCISCO","SAN FRANCISCO",-122.47821044921875,37.763515472412109
9642036,2023,2024-01-17,3801,2023-11-03,1349,1250,,5,5,7,3801,0,0,0,,0,3B12A,"3RD ST","BRYANT ST",0.00,,Y,A,-,N,,,,,,,,,,Y,4,0,1,2,A,-,12,21453,A,N,D,C,A,A,H,-,A,A,0,,,,,Y,,A,01,0,0,1,0,0,0,0,0,0,"- ","- ",,,"SAN FRANCISCO","SAN FRANCISCO",-122.39585113525391,37.781307220458984
9642043,2023,2024-01-23,3801,2023-11-08,1731,364,SOUTH,3,5,7,3801,0,0,0,,0,3B12D,"BRANNAN ST","4TH ST",0.00,,Y,A,-,N,,,,,,,,,,N,3,0,1,1,C,-,18,,,N,H,A,A,A,H,-,C,D,0,,,Y,,Y,,-,"- ",0,1,0,0,0,0,0,0,1,"- ","- ",,,"SAN FRANCISCO","SAN FRANCISCO",-122.39653778076172,37.778327941894531
9642045,2023,2024-01-23,3801,2023-11-09,1004,1696,NORTH,4,5,7,3801,0,0,0,,0,3E13A,"TURK ST","POLK ST",0.00,,Y,A,-,N,,,,,,,,,,N,2,0,1,2,A,-,11,21453,D,N,G,B,-,A,H,-,A,A,0,Y,,,,Y,,N,60,1,0,0,0,1,0,0,0,0,"- ","- ",,,"SAN FRANCISCO","SAN FRANCISCO",-122.41899871826172,37.782169342041016
9642046,2023,2024-01-23,3801,2023-11-09,1004,484,NORTH,4,5,7,3801,0,0,0,,0,3E15A,"LOMBARD ST","FRANKLIN ST",0.00,,Y,A,-,N,,,,,,,,,,N,4,0,1,2,A,-,12,21453,A,N,D,-,A,A,H,-,A,A,0,,,Y,,Y,,A,01,0,0,1,0,0,0,0,0,1,"- ","- ",,,"SAN FRANCISCO","SAN FRANCISCO",-122.42620086669922,37.801105499267578
9642047,2023,2024-01-23,3801,2023-11-08,1115,4294,NORTH,3,5,7,3801,0,0,0,,0,0E2,"DIVISADERO ST","GOLDEN GATE AV",0.00,,Y,A,-,N,,,,,,,,,,N,4,0,1,2,A,-,10,21950,A,N,G,B,B,A,H,-,A,A,0,Y,,,,Y,,A,07,0,0,1,0,1,0,0,0,0,"- ","- ",,,"SAN FRANCISCO","SAN FRANCISCO",-122.43853759765625,37.778732299804688
9642048,2023,2024-01-23,3801,2023-11-08,1530,1374,TARAV,3,5,7,3801,0,0,0,,0,3I16D,"SAN JOSE AV","SICKLES AV",0.00,,Y,A,-,N,,,,,,,,,,N,4,0,2,3,A,-,04,21703,,N,C,C,A,A,H,-,A,A,0,,,,,Y,,A,01,0,0,2,0,0,0,0,0,0,"- ","- ",,,"SAN FRANCISCO","SAN FRANCISCO",-122.45581817626953,37.71124267578125
9642049,2023,2024-01-23,3801,2023-11-07,1456,2222,NORTH,2,5,7,3801,0,0,0,,0,3E11D,"LAGUNA ST","GREEN ST",0.00,,Y,A,-,N,,,,,,,,,,N,2,0,1,2,A,-,10,21950,A,F,G,B,B,A,H,-,A,A,0,Y,,,,Y,,A,01,1,0,0,0,1,0,0,0,0,"- ","- ",,,"SAN FRANCISCO","SAN FRANCISCO",-122.43035125732422,37.796787261962891
9642050,2023,2024-01-23,3801,2023-11-07,1611,893,INGLE,2,5,7,3801,0,0,0,,0,3H13D,"FRIDA KAHLO WY","JUDSON AV",0.00,,Y,A,-,N,,,,,,,,,,N,4,0,1,2,A,-,21,22106,,N,H,E,A,A,H,-,A,D,0,,,,,Y,,A,07,0,0,1,0,0,0,0,0,0,"- ","- ",,,"SAN FRANCISCO","SAN FRANCISCO",-122.45243072509766,37.728504180908203
9642051,2023,2024-01-23,3801,2023-11-06,1720,1909,NORTH,1,5,7,3801,0,0,0,,0,NORTHE,"LOMBARD ST","LAGUNA ST",0.00,,Y,A,-,N,,,,,,,,,,N,3,0,1,2,A,-,10,21950,A,N,G,B,B,A,H,-,C,A,0,Y,,,,Y,,A,01,0,1,0,0,1,0,0,0,0,"- ","- ",,,"SAN FRANCISCO","SAN FRANCISCO",-122.43110656738281,37.80047607421875
9642052,2023,2024-01-23,3801,2023-11-06,1902,2222,NORTH,1,5,7,3801,0,0,0,,0,3E11D,"EDDY ST","VAN NESS AV",0.00,,Y,A,-,N,,,,,,,,,,N,4,0,1,2,A,-,11,21453,D,N,G,B,B,A,H,-,C,A,0,Y,,,,Y,,N,60,0,0,1,0,1,0,0,0,0,"- ","- ",,,"SAN FRANCISCO","SAN FRANCISCO",-122.42076110839844,37.782890319824219