CASE_ID,ACCIDENT_YEAR,PROC_DATE,JURIS,COLLISION_DATE,COLLISION_TIME,OFFICER_ID,REPORTING_DISTRICT,DAY_OF_WEEK,CHP_SHIFT,POPULATION,CNTY_CITY_LOC,SPECIAL_COND,BEAT_TYPE,CHP_BEAT_TYPE,CITY_DIVISION_LAPD,CHP_BEAT_CLASS,BEAT_NUMBER,PRIMARY_RD,SECONDARY_RD,DISTANCE,DIRECTION,INTERSECTION,WEATHER_1,WEATHER_2,STATE_HWY_IND,CALTRANS_COUNTY,CALTRANS_DISTRICT,STATE_ROUTE,ROUTE_SUFFIX,POSTMILE_PREFIX,POSTMILE,LOCATION_TYPE,RAMP_INTERSECTION,SIDE_OF_HWY,TOW_AWAY,COLLISION_SEVERITY,NUMBER_KILLED,NUMBER_INJURED,PARTY_COUNT,PRIMARY_COLL_FACTOR,PCF_CODE_OF_VIOL,PCF_VIOL_CATEGORY,PCF_VIOLATION,PCF_VIOL_SUBSECTION,HIT_AND_RUN,TYPE_OF_COLLISION,MVIW,PED_ACTION,ROAD_SURFACE,ROAD_COND_1,ROAD_COND_2,LIGHTING,CONTROL_DEVICE,CHP_ROAD_TYPE,PEDESTRIAN_ACCIDENT,BICYCLE_ACCIDENT,MOTORCYCLE_ACCIDENT,TRUCK_ACCIDENT,NOT_PRIVATE_PROPERTY,ALCOHOL_INVOLVED,STWD_VEHTYPE_AT_FAULT,CHP_VEHTYPE_AT_FAULT,COUNT_SEVERE_INJ,COUNT_VISIBLE_INJ,COUNT_COMPLAINT_PAIN,COUNT_PED_KILLED,COUNT_PED_INJURED,COUNT_BICYCLIST_KILLED,COUNT_BICYCLIST_INJURED,COUNT_MC_KILLED,COUNT_MC_INJURED,PRIMARY_RAMP,SECONDARY_RAMP,LATITUDE,LONGITUDE,COUNTY,CITY,POINT_X,POINT_Y
9642053,2023,2024-01-23,3801,2023-11-04,2300,2035,MISSI,6,5,7,3801,0,0,0,,0,3D13E,"15TH ST","RAMONA AV",0.00,,Y,A,-,N,,,,,,,,,,N,4,0,1,2,A,-,06,21750,A,N,B,C,A,A,H,-,C,D,0,,,Y,,Y,,C,03,0,0,1,0,0,0,0,0,1,"- ","- ",,,"SAN FRANCISCO","SAN FRANCISCO",-122.42517852783203,37.766349792480469
9642054,2023,2024-01-23,3801,2023-11-09,"721 ",101,INGLE,4,5,7,3801,0,0,0,,0,3H11A,"CORTLAND AV","ELSIE ST",0.00,,N,A,F,N,,,,,,,,,,N,3,0,1,2,A,-,04,21703,,F,C,G,A,A,H,-,A,D,0,,Y,,,Y,,D,22,0,1,0,0,0,0,1,0,0,"- ","- ",,,"SAN FRANCISCO","SAN FRANCISCO",-122.41973876953125,37.739761352539062
9642055,2023,2024-01-23,3801,2023-11-04,"758 ",2124,MISSI,6,5,7,3801,0,0,0,,0,3D13A,"GUERRERO ST","14TH ST",0.00,,Y,A,-,N,,,,,,,,,,Y,3,0,1,2,A,-,12,21453,,F,D,C,A,A,H,-,A,A,0,,,,,Y,,A,01,0,1,0,0,0,0,0,0,0,"- ","- ",,,"SAN FRANCISCO","SAN FRANCISCO",-122.42440795898438,37.768024444580078
9642056,2023,2024-01-23,3801,2023-11-02,"846 ",2124,MISSI,4,5,7,3801,0,0,0,,0,3D11A,"POTRERO AV","19TH ST",0.00,,Y,A,-,N,,,,,,,,,,N,4,0,1,3,A,-,09,21453,B,N,B,C,A,A,H,-,A,A,0,,,,,Y,,A,01,0,0,1,0,0,0,0,0,0,"- ","- ",,,"SAN FRANCISCO","SAN FRANCISCO",-122.40708923339844,37.760669708251953
9642057,2023,2024-01-23,3801,2023-11-05,2049,82,MISSI,7,5,7,3801,0,0,0,,0,3D11D,"CESAR CHAVEZ ST","YORK ST",50.00,W,N,C,-,N,,,,,,,,,,N,3,0,1,2,A,-,11,21954,A,N,G,B,D,B,H,-,C,D,0,Y,,,,Y,Y,N,60,0,1,0,0,1,0,0,0,0,"- ","- ",,,"SAN FRANCISCO","SAN FRANCISCO",-122.40805816650391,37.748298645019531
9642058,2023,2024-01-23,3801,2023-11-03,1330,2735,MISSI,5,5,7,3801,0,0,0,,0,3D13E,"21ST ST","ALABAMA ST",0.00,,Y,A,-,N,,,,,,,,,,N,2,0,1,2,A,-,12,22450,A,N,G,B,B,A,H,-,A,A,0,Y,,,,Y,,A,01,1,0,0,0,1,0,0,0,0,"- ","- ",,,"SAN FRANCISCO","SAN FRANCISCO",-122.41141510009766,37.757503509521484
9642060,2023,2024-01-23,3801,2023-11-02,"531 ",317,CENTR,4,5,7,3801,0,0,0,,0,SECTOR,"STOCKTON ST","SUTTER ST",0.00,N,N,A,-,N,,,,,,,,,,Y,4,0,1,1,A,-,03,22350,,M,E,I,A,A,H,-,C,A,0,,,,,Y,,A,01,0,0,1,0,0,0,0,0,0,"- ","- ",,,"SAN FRANCISCO","SAN FRANCISCO",-122.40693664550781,37.789417266845703
9642141,2023,2023-12-15,3801,2023-08-11,1905,2712,MISSI,5,5,7,3801,0,0,0,,0,3D15D,"16TH ST","SOUTH VAN NESS AV",0.00,,Y,A,-,N,,,,,,,,,,Y,4,0,1,2,A,-,06,21755,A,N,D,D,A,A,H,-,A,A,0,,,Y,,Y,,C,02,0,0,1,0,0,0,0,0,1,"- ","- ",,,"SAN FRANCISCO","SAN FRANCISCO",-122.41748809814453,37.765178680419922
9642142,2022,2023-12-14,3801,2022-08-31,1300,2491,SOUTH,3,5,7,3801,0,0,0,,0,3B91,"TOWNSEND ST","CLARENCE ST",0.00,,Y,A,-,N,,,,,,,,,,N,2,0,1,2,A,-,08,22107,,N,H,-,A,A,H,-,A,D,0,,,Y,,Y,,A,01,1,0,0,0,0,0,0,0,1,"- ","- ",,,"SAN FRANCISCO","SAN FRANCISCO",-122.39221954345703,37.779289245605469
9646094,2023,2024-02-01,3801,2023-12-26,2223,1857,SOUTH,2,5,7,3801,0,0,0,,0,3B12E,"3RD ST","HOWARD ST",59.00,S,N,A,-,N,,,,,,,,,,Y,4,0,1,2,A,-,03,22350,,M,C,C,A,A,H,-,C,A,0,,,Y,,Y,Y,C,03,0,0,1,0,0,0,0,0,1,"- ","- ",,,"SAN FRANCISCO","SAN FRANCISCO",-122.40035247802734,37.784896850585938
9646221,2023,2024-01-12,3801,2023-11-21,1856,438,NORTH,2,5,7,3801,0,0,0,,0,3E14D,"FILLMORE ST","BUSH ST",0.00,,Y,A,-,N,,,,,,,,,,N,4,0,1,2,A,-,05,21752,,N,D,C,A,A,H,-,C,A,0,,,Y,,Y,,C,03,0,0,1,0,0,0,0,0,1,"- ","- ",,,"SAN FRANCISCO","SAN FRANCISCO",-122.43344879150391,37.787040710449219
9646222,2023,2024-01-17,3801,2023-11-11,1805,196,CENTR,6,5,7,3801,0,0,0,,0,3A14D,"NORTH POINT ST","GRANT ST",0.00,,N,A,-,N,,,,,,,,,,N,4,0,1,2,A,-,08,22107,,N,D,G,A,A,H,-,C,D,0,,Y,,,Y,,A,01,0,0,1,0,0,0,1,0,0,"- ","- ",,,"SAN FRANCISCO","SAN FRANCISCO",-122.40888214111328,37.807182312011719
9646224,2023,2024-01-12,3801,2023-11-19,1643,1173,RICHM,7,5,7,3801,0,0,0,,0,901,"CABRILLO ST","45TH AV",0.00,,Y,A,-,N,,,,,,,,,,N,4,0,1,3,A,-,03,22350,,N,B,C,A,A,H,-,A,A,0,,,Y,,Y,Y,C,02,0,0,1,0,0,0,0,0,1,"- ","- ",,,"SAN FRANCISCO","SAN FRANCISCO",-122.50576019287109,37.773433685302734
9646225,2023,2024-01-12,3801,2023-11-20,"956 ",1316,RICHM,1,5,7,3801,0,0,0,,0,3G15A,"BALBOA ST","7TH AV",0.00,,Y,A,-,N,,,,,,,,,,N,3,0,1,2,A,-,12,22450,A,N,H,G,A,A,H,-,A,A,0,,Y,,,Y,,A,01,0,1,0,0,0,0,1,0,0,"- ","- ",,,"SAN FRANCISCO","SAN FRANCISCO",-122.46507263183594,37.777194976806641
9646226,2023,2024-01-12,3801,2023-11-27,"545 ",1591,BAYVI,1,5,7,3801,0,0,0,,0,3C00,"LOOMIS ST","LOOMIS ST 250",0.00,,N,A,-,N,,,,,,,,,,N,4,0,1,2,A,-,08,22100,A,F,B,G,A,A,H,-,C,D,0,,Y,,,Y,,A,01,0,0,1,0,0,0,1,0,0,"- ","- ",,,"SAN FRANCISCO","SAN FRANCISCO",,
9646227,2023,2024-01-12,3801,2023-11-30,1751,1851,TENDE,4,5,7,3801,0,0,0,,0,3J14D,"5TH ST","STEVENSON ST",0.00,,Y,A,-,N,,,,,,,,,,N,2,0,1,2,A,-,08,22105,,N,C,C,A,A,H,-,C,A,0,,,,,Y,,A,01,1,0,0,0,0,0,0,0,0,"- ","- ",,,"SAN FRANCISCO","SAN FRANCISCO",-122.40746307373047,37.783512115478516
9646229,2023,2024-01-12,3801,2023-11-25,1450,2088,INGLE,6,5,7,3801,0,0,0,,0,3H2A,"SAN JOSE AV","HIGHLAND AV OVERPASS",250.00,N,N,A,-,N,,,,,,,,,,N,2,0,1,2,A,-,05,21650,,F,A,C,A,A,H,-,A,D,0,,Y,,,Y,,L,04,1,0,0,0,0,0,0,0,0,"- ","- ",,,"SAN FRANCISCO","SAN FRANCISCO",-122.42485046386719,37.738246917724609
9646230,2023,2024-01-12,3801,2023-11-05,1245,1467,SOUTH,7,5,7,3801,0,0,0,,0,5CAR,"BATTERY ST","CALIFORNIA ST",0.00,,Y,A,-,N,,,,,,,,,,N,4,0,1,2,D,-,00,,,F,B,C,A,A,H,-,A,A,0,,,,,Y,Y,-,"- ",0,0,1,0,0,0,0,0,0,"- ","- ",,,"SAN FRANCISCO","SAN FRANCISCO",-122.39997863769531,37.793231964111328
9646729,2023,2024-02-13,3801,2023-12-22,2108,2474,BAYVI,5,5,7,3801,0,0,0,,0,3C15E,"UNDERWOOD AV","KEITH ST",139.00,E,N,A,-,N,,,,,,,,,,Y,3,0,2,2,A,-,01,23152,A,F,A,C,A,A,H,-,C,D,0,,,,,Y,Y,A,01,0,1,1,0,0,0,0,0,0,"- ","- ",,,"SAN FRANCISCO","SAN FRANCISCO",-122.38961029052734,37.728507995605469
9646741,2023,2024-02-13,3801,2023-12-20,"740 ",2289,NORTH,3,5,7,3801,0,0,0,,0,3E12A,"DIVISADERO ST","OFARRELL ST",0.00,,Y,C,-,N,,,,,,,,,,N,4,0,1,2,A,-,09,21453,B,N,G,B,B,B,H,-,A,A,0,Y,,,,Y,,D,22,0,0,1,0,1,0,0,0,0,"- ","- ",,,"SAN FRANCISCO","SAN FRANCISCO",-122.43930053710938,37.782432556152344
9646749,2023,2024-02-12,3801,2023-12-21,1050,1917,TARAV,4,5,7,3801,0,0,0,,0,3I4A,"HOLLOWAY AV","19TH AV",0.00,,Y,A,-,N,,,,,,,,,,Y,4,0,2,2,A,-,09,21801,A,N,D,C,A,A,H,-,A,A,0,,,,,Y,,A,07,0,0,2,0,0,0,0,0,0,"- ","- ",,,"SAN FRANCISCO","SAN FRANCISCO",-122.47537231445312,37.720954895019531
9646753,2023,2024-02-13,3801,2023-12-18,1646,812,BAYVI,1,5,7,3801,0,0,0,,0,,"MARIPOSA ST","TEXAS ST",0.00,,Y,C,-,N,,,,,,,,,,N,4,0,1,2,A,-,21,22106,,N,B,C,A,B,H,-,A,D,0,,,,,Y,,A,07,0,0,1,0,0,0,0,0,0,"- ","- ",,,"SAN FRANCISCO","SAN FRANCISCO",-122.39569854736328,37.763919830322266
9646754,2023,2024-02-13,3801,2023-12-21,1623,1454,NORTH,4,5,7,3801,0,0,0,,0,3E14D,"BUSH ST","BUCHANAN ST",0.00,,Y,A,-,N,,,,,,,,,,Y,4,0,1,2,A,-,03,22350,,N,C,C,A,A,H,-,A,D,0,,,,,Y,,A,07,0,0,1,0,0,0,0,0,0,"- ","- ",,,"SAN FRANCISCO","SAN FRANCISCO",-122.43015289306641,37.787437438964844
9646757,2023,2024-02-13,3801,2023-12-15,1710,1605,NORTH,5,5,7,3801,0,0,0,,0,3E11D,"BUSH ST","OCTAVIA ST",99.00,E,N,A,-,N,,,,,,,,,,N,4,0,2,5,A,-,04,21703,,F,C,C,A,A,H,-,C,A,0,,,,,Y,,A,08,0,0,2,0,0,0,0,0,0,"- ","- ",,,"SAN FRANCISCO","SAN FRANCISCO",-122.42652893066406,37.78790283203125
9646762,2023,2024-02-21,3801,2023-12-15,2107,1406,MISSI,5,5,7,3801,0,0,0,,0,3D4,"21ST ST","SAN CARLOS ST",50.00,E,N,A,-,N,,,,,,,,,,N,4,0,1,2,A,-,09,21801,A,N,C,C,A,A,H,-,C,D,0,,,,,Y,,A,01,0,0,1,0,0,0,0,0,0,"- ","- ",,,"SAN FRANCISCO","SAN FRANCISCO",-122.41952514648438,37.756988525390625
9646763,2023,2024-02-21,3801,2023-12-15,"430 ",1308,SOUT,5,5,7,3801,0,0,0,,0,3B12E,"HARRISON ST","5TH ST",0.00,,Y,A,-,N,,,,,,,,,,N,4,0,1,2,A,-,12,21453,A,F,D,G,A,A,H,-,C,A,0,,Y,,,Y,,D,22,0,0,1,0,0,0,1,0,0,"- ","- ",,,"SAN FRANCISCO","SAN FRANCISCO",-122.40187072753906,37.779056549072266
9647791,2023,2024-01-11,3801,2023-11-07,"306 ",255,INGLE,2,5,7,3801,0,0,0,,0,3H15E,"MISSION ST","ALLISON ST",72.00,S,N,A,-,N,,,,,,,,,,Y,4,0,2,2,A,-,04,21703,,N,C,C,A,A,H,-,C,A,0,,,,,Y,,A,01,0,0,2,0,0,0,0,0,0,"- ","- ",,,"SAN FRANCISCO","SAN FRANCISCO",-122.44281005859375,37.714458465576172
9647795,2023,2024-05-17,3801,2023-11-06,"845 ",202,TRAFF,1,5,7,3801,0,0,0,,0,4B2D,"CASTRO ST","LIBERTY ST",11.00,N,N,B,-,N,,,,,,,,,,Y,4,0,4,10,D,-,00,,,N,H,C,A,A,H,-,A,D,0,,,,,Y,,-,"- ",0,0,4,0,0,0,0,0,0,"- ","- ",,,"SAN FRANCISCO","SAN FRANCISCO",-122.43462371826172,37.756919860839844
9647799,2023,2024-01-11,3801,2023-11-06,1518,2408,MISSI,1,5,7,3801,0,0,0,,0,3D14D,"GUERRERO ST","17TH ST",167.00,S,N,A,-,N,,,,,,,,,,N,4,0,1,2,A,-,04,21703,,N,C,C,A,A,H,-,A,A,0,,,,Y,Y,,F,27,0,0,1,0,0,0,0,0,0,"- ","- ",,,"SAN FRANCISCO","SAN FRANCISCO",-122.42389678955078,37.762710571289062
9647803,2023,2024-01-11,3801,2023-11-05,"105 ",2722,CENTR,7,5,7,3801,0,0,0,,0,3A14E,BROADWAY,"BATTERY ST",0.00,,Y,A,-,N,,,,,,,,,,N,4,0,1,2,D,-,00,,,N,-,C,A,A,H,-,C,A,0,,,,Y,Y,,-,"- ",0,0,1,0,0,0,0,0,0,"- ","- ",,,"SAN FRANCISCO","SAN FRANCISCO",-122.40103912353516,37.798595428466797
9647807,2023,2024-01-11,3801,2023-11-05,"310 ",2498,NORTH,7,5,7,3801,0,0,0,,0,3E13E,"FRANKLIN ST","TURK ST",0.00,,Y,A,-,N,,,,,,,,,,Y,2,0,4,3,A,-,12,21453,A,F,D,C,A,A,H,-,C,A,0,,,,Y,Y,,-,,1,2,1,0,0,0,0,0,0,"- ","- ",,,"SAN FRANCISCO","SAN FRANCISCO",-122.42224884033203,37.781730651855469
9647811,2023,2024-01-19,3801,2023-11-01,1230,2440,CENTR,3,5,7,3801,0,0,0,,0,3A14A,BROADWAY,"BATTERY ST",0.00,,Y,A,-,N,,,,,,,,,,N,4,0,1,2,A,-,03,22350,,N,B,C,A,A,H,-,A,A,0,,,,Y,Y,,A,01,0,0,1,0,0,0,0,0,0,"- ","- ",,,"SAN FRANCISCO","SAN FRANCISCO",-122.40103912353516,37.798595428466797
9647815,2023,2023-12-27,3801,2023-10-31,1440,641,BAYVI,2,5,7,3801,0,0,0,,0,3C13A,"JERROLD AV","EARL ST",100.00,W,N,A,-,N,,,,,,,,,,N,3,0,1,2,A,-,05,21650,,N,B,C,A,A,H,-,A,D,0,,,,,Y,,I,19,0,1,0,0,0,0,0,0,0,"- ","- ",,,"SAN FRANCISCO","SAN FRANCISCO",-122.37287139892578,37.729419708251953
9647819,2023,2023-12-28,3801,2023-10-30,1158,885,BAYVI,1,5,7,3801,0,0,0,,0,0C4,"SAN BRUNO AV","PAUL AV",83.00,N,N,A,-,N,,,,,,,,,,Y,4,0,1,2,A,-,06,21757,,N,B,E,A,A,H,-,A,D,0,,,,,Y,,I,20,0,0,1,0,0,0,0,0,0,"- ","- ",,,"SAN FRANCISCO","SAN FRANCISCO",-122.40213775634766,37.724136352539062
9647823,2023,2023-12-28,3801,2023-10-22,"905 ",4370,INGLE,7,5,7,3801,0,0,0,,0,3G15A,"BRAZIL AV","ATHENS ST",27.00,W,N,B,-,N,,,,,,,,,,Y,3,0,1,5,D,-,00,,,N,C,E,A,A,H,-,A,A,0,,,,,Y,,-,"- ",0,1,0,0,0,0,0,0,0,"- ","- ",,,"SAN FRANCISCO","SAN FRANCISCO",-122.42851257324219,37.721675872802734
9647827,2023,2023-12-30,3801,2023-05-27,"905 ",204,,6,5,7,3801,0,0,0,,0,COJ,"MCALLISTER ST","LARKIN ST",4.00,E,N,A,-,N,,,,,,,,,,N,3,0,1,2,A,-,11,21453,D,N,A,B,B,A,H,-,A,A,0,Y,,,Y,Y,,N,60,0,1,0,0,1,0,0,0,0,"- ","- ",,,"SAN FRANCISCO","SAN FRANCISCO",-122.41692352294922,37.780502319335938
9647831,2023,2024-01-30,3801,2023-11-08,1810,1066,NORTH,3,5,7,3801,0,0,0,,0,3E11,"VAN NESS AV","FELL ST",0.00,,Y,A,-,N,,,,,,,,,,N,4,0,3,2,A,-,08,22107,,N,B,D,A,A,H,-,C,A,0,,,,,Y,,D,22,0,0,3,0,0,0,0,0,0,"- ","- ",,,"SAN FRANCISCO","SAN FRANCISCO",-122.41950225830078,37.776382446289062
9649367,2023,2024-02-16,3801,2023-12-19,1628,1279,BAYVI,2,5,7,3801,0,0,0,,0,3C13D,"SILLIMAN ST","BOWDOIN ST",0.00,,Y,A,-,N,,,,,,,,,,N,4,0,3,2,A,-,09,21800,A,N,-,-,A,-,-,-,B,A,0,,,,,Y,Y,A,01,0,0,3,0,0,0,0,0,0,"- ","- ",,,"SAN FRANCISCO","SAN FRANCISCO",-122.4119873046875,37.72943115234375
9649368,2023,2024-02-16,3801,2023-12-14,1810,312,TARAV,4,5,7,3801,0,0,0,,0,4CAR,"ULLOA ST","17TH AV",0.00,,Y,A,-,N,,,,,,,,,,N,2,0,1,2,A,-,10,21950,A,N,G,B,B,A,H,-,D,-,0,Y,,,,Y,,A,07,1,0,0,0,1,0,0,0,0,"- ","- ",,,"SAN FRANCISCO","SAN FRANCISCO",-122.47344207763672,37.741283416748047
9649631,2023,2023-12-30,3801,2023-10-31,1511,1666,PARK,2,5,7,3801,0,0,0,,0,4CAR,"HAIGHT ST","DIVISADERO ST",1540.00,W,N,A,-,N,,,,,,,,,,N,2,0,1,2,A,-,09,21801,A,N,D,G,A,A,H,-,A,A,0,,Y,,,Y,,A,01,1,0,0,0,0,0,1,0,0,"- ","- ",,,"SAN FRANCISCO","SAN FRANCISCO",-122.44229888916016,37.770599365234375
9649632,2023,2023-12-30,3801,2023-10-31,1740,312,TARAV,2,5,7,3801,0,0,0,,0,2CAR,"20TH AV","JUDAH ST",0.00,,Y,A,-,N,,,,,,,,,,N,3,0,1,2,A,-,09,21802,A,N,D,G,A,A,H,-,A,-,0,,Y,,,Y,,L,04,0,1,0,0,0,0,1,0,0,"- ","- ",,,"SAN FRANCISCO","SAN FRANCISCO",-122.47808837890625,37.761650085449219
9649639,2023,2024-01-11,3801,2023-11-06,1740,1666,PARK,1,5,7,3801,0,0,0,,0,4CAR,"CASTRO ST","BEAVER ST",0.00,,Y,A,-,N,,,,,,,,,,N,4,0,1,2,A,-,06,21755,A,N,D,C,A,A,H,-,C,A,0,,,Y,,Y,,C,03,0,0,1,0,0,0,0,0,1,"- ","- ",,,"SAN FRANCISCO","SAN FRANCISCO",-122.43540954589844,37.764991760253906
9649640,2023,2024-01-11,3801,2023-11-02,1820,1933,TENDE,4,5,7,3801,0,0,0,,0,3J11D,"6TH ST","MARKET ST",0.00,,Y,A,-,N,,,,,,,,,,N,4,0,1,2,A,-,10,21950,A,N,G,B,B,A,H,-,B,A,0,Y,,,,Y,,A,08,0,0,1,0,1,0,0,0,0,"- ","- ",,,"SAN FRANCISCO","SAN FRANCISCO",-122.41030120849609,37.782241821289062
9650188,2023,2024-01-22,3801,2023-11-10,1200,1723,CENTR,5,5,7,3801,0,0,0,,0,002,"SUTTER ST","STOCKTON ST",20.00,E,N,A,-,N,,,,,,,,,,N,4,0,1,2,A,-,07,21658,A,F,B,C,A,A,H,-,A,D,0,,,,Y,Y,,F,25,0,0,1,0,0,0,0,0,0,"- ","- ",,,"SAN FRANCISCO","SAN FRANCISCO",-122.40687561035156,37.7894287109375
9650192,2023,2024-02-15,3801,2023-12-13,1900,1933,TENDE,3,5,7,3801,0,0,0,,0,3J14D,"MASON ST","EDDY ST",0.00,,Y,A,-,N,,,,,,,,,,N,4,0,1,2,A,-,07,21658,A,N,D,C,A,A,H,-,B,A,0,,,,,Y,,I,19,0,0,1,0,0,0,0,0,0,"- ","- ",,,"SAN FRANCISCO","SAN FRANCISCO",-122.4093017578125,37.784374237060547
9650195,2023,2024-02-21,3801,2023-12-07,"506 ",2463,SOUTH,4,5,7,3801,0,0,0,,0,3B60,"HARRISON ST","6TH ST",0.00,,Y,A,-,N,,,,,,,,,,Y,3,0,2,2,A,-,12,21453,A,F,D,C,A,B,H,-,C,A,0,,,,,Y,,A,01,0,1,1,0,0,0,0,0,0,"- ","- ",,,"SAN FRANCISCO","SAN FRANCISCO",-122.40408325195312,37.777309417724609
9650199,2023,2024-02-21,3801,2023-12-11,"620 ",1530,BAYVI,1,5,7,3801,0,0,0,,0,3C12A,"NAPOLEON ST","EVANS AV",628.00,W,N,A,-,N,,,,,,,,,,N,4,0,1,2,A,-,10,21950,,N,G,B,D,A,H,-,C,A,0,Y,,,,Y,,D,22,0,0,1,0,1,0,0,0,0,"- ","- ",,,"SAN FRANCISCO","SAN FRANCISCO",-122.39810943603516,37.747066497802734
9650203,2023,2024-02-01,3801,2023-12-10,"700 ",179,NORTH,7,5,7,3801,0,0,0,,0,3E12A,"FILLMORE ST","MCALLISTER ST",0.00,,Y,A,-,N,,,,,,,,,,N,4,0,1,2,A,-,12,21453,A,N,-,C,A,A,H,-,B,A,0,,,,Y,Y,,A,01,0,0,1,0,0,0,0,0,0,"- ","- ",,,"SAN FRANCISCO","SAN FRANCISCO",-122.43175506591797,37.778644561767578
9650212,2023,2024-02-15,3801,2023-12-27,1413,1249,CENTR,3,5,7,3801,0,0,0,,0,3A77,"POWELL ST","BAY ST",0.00,,Y,C,-,N,,,,,,,,,,N,4,0,1,2,A,-,09,21453,B,N,D,C,A,B,-,-,A,A,0,,,,,Y,,I,12,0,0,1,0,0,0,0,0,0,"- ","- ",,,"SAN FRANCISCO","SAN FRANCISCO",-122.41194152832031,37.805839538574219
9650241,2023,2024-01-11,3801,2023-11-05,2500,1911,RICHM,7,5,7,3801,0,0,0,,0,RICHMO,"LYON ST","POST ST",0.00,,Y,C,-,N,,,,,,,,,,Y,4,0,1,2,A,-,09,21801,A,N,A,C,A,B,H,-,C,A,0,,,,,Y,,A,01,0,0,1,0,0,0,0,0,0,"- ","- ",,,"SAN FRANCISCO","SAN FRANCISCO",-122.44464874267578,37.783672332763672
9650242,2023,2024-01-11,3801,2023-11-19,1515,2419,RICHM,7,5,7,3801,0,0,0,,0,908,"PINE ST","PRESIDIO AV",0.00,,Y,A,-,N,,,,,,,,,,Y,4,0,1,1,A,-,03,22350,,N,E,I,A,A,H,-,A,A,0,,,,,Y,,A,01,0,0,1,0,0,0,0,0,0,"- ","- ",,,"SAN FRANCISCO","SAN FRANCISCO",-122.44660186767578,37.786293029785156
9650243,2023,2024-01-11,3801,2023-11-12,"952 ",2118,SOUTH,7,5,7,3801,0,0,0,,0,3B14A,"LAGUNA ST","MARKET ST",0.00,,Y,A,-,N,,,,,,,,,,N,4,0,1,2,A,-,04,21703,,N,C,C,A,A,H,-,A,A,0,,,Y,,Y,,A,01,0,0,1,0,0,0,0,0,1,"- ","- ",,,"SAN FRANCISCO","SAN FRANCISCO",-122.42485809326172,37.770748138427734
9650244,2023,2024-01-11,3801,2023-11-10,1455,1214,CENTR,5,5,7,3801,0,0,0,,0,3A42C,"STOCKTON ST","UNION ST",97.00,N,N,A,-,N,,,,,,,,,,N,2,0,1,2,A,-,10,21950,,N,G,B,D,A,H,-,A,A,0,Y,,,,Y,,N,60,1,0,0,0,1,0,0,0,0,"- ","- ",,,"SAN FRANCISCO","SAN FRANCISCO",-122.40921783447266,37.800693511962891
9650245,2023,2024-01-11,3801,2023-11-30,1300,504,NORTH,4,5,7,3801,0,0,0,,0,3E15A,"LOMBARD ST","VAN NESS AV",0.00,,Y,A,-,N,,,,,,,,,,N,3,0,1,2,A,-,10,21950,A,N,G,B,B,A,H,-,A,A,0,Y,,,,Y,,A,08,0,1,0,0,1,0,0,0,0,"- ","- ",,,"SAN FRANCISCO","SAN FRANCISCO",-122.42446899414062,37.80133056640625
9650246,2023,2024-01-11,3801,2023-11-23,1328,1631,SOUTH,4,5,7,3801,0,0,0,,0,3B3A,"8TH ST","HOWARD ST",0.00,,Y,A,-,N,,,,,,,,,,N,4,0,1,2,A,-,10,21950,A,N,G,B,B,A,H,-,A,A,0,Y,,,,Y,,-,,0,0,1,0,1,0,0,0,0,"- ","- ",,,"SAN FRANCISCO","SAN FRANCISCO",-122.41159057617188,37.776229858398438
9650247,2023,2024-01-22,3801,2023-11-25,2230,1740,CENTR,6,5,7,3801,0,0,0,,0,3A13D,"UNION ST","LARKIN ST",0.00,,Y,A,-,N,,,,,,,,,,Y,4,0,3,2,A,-,12,22450,,F,D,C,A,A,H,-,C,-,0,,,,,Y,,-,99,0,0,3,0,0,0,0,0,0,"- ","- ",,,"SAN FRANCISCO","SAN FRANCISCO",-122.42066955566406,37.798984527587891
9650248,2023,2024-01-11,3801,2023-11-26,1535,1987,TENDE,7,5,7,3801,0,0,0,,0,3J14D,"EDDY ST","LEAVENWORTH ST",0.00,,Y,A,-,N,,,,,,,,,,N,3,0,1,2,A,-,"- ",,,N,H,A,A,A,H,-,A,A,0,,,,,Y,,L,04,0,1,0,0,0,0,0,0,0,"- ","- ",,,"SAN FRANCISCO","SAN FRANCISCO",-122.41423797607422,37.783729553222656
9650249,2023,2024-01-11,3801,2023-11-13,1635,2088,INGLE,1,5,7,3801,0,0,0,,0,3H90,"MISSION ST","RUSSIA AV",0.00,,Y,-,-,N,,,,,,,,,,N,3,0,2,3,A,-,11,21950,B,N,D,B,B,A,H,-,B,D,0,Y,,,,Y,,N,60,0,2,0,0,2,0,0,0,0,"- ","- ",,,"SAN FRANCISCO","SAN FRANCISCO",-122.43717956542969,37.721572875976562
9650250,2023,2024-01-11,3801,2023-11-21,1732,4175,TRAFF,2,5,7,3801,0,0,0,,0,4B4D,"GEARY BL","3RD AV",0.00,,Y,A,-,N,,,,,,,,,,Y,2,0,2,2,A,-,12,21453,A,N,D,C,A,A,H,-,C,A,0,,,Y,,Y,Y,C,02,1,1,0,0,0,0,0,0,1,"- ","- ",,,"SAN FRANCISCO","SAN FRANCISCO",-122.46106719970703,37.781227111816406
9650251,2023,2024-01-11,3801,2023-11-27,2211,2097,MISSI,1,5,7,3801,0,0,0,,0,3D15E,"MISSION ST","14TH ST",0.00,,Y,A,-,N,,,,,,,,,,,4,0,1,2,A,-,12,21453,,F,D,G,A,A,H,-,C,A,0,,Y,,,Y,,A,01,0,0,1,0,0,0,1,0,0,"- ","- ",,,"SAN FRANCISCO","SAN FRANCISCO",-122.41996765136719,37.768291473388672