CASE_ID,ACCIDENT_YEAR,PROC_DATE,JURIS,COLLISION_DATE,COLLISION_TIME,OFFICER_ID,REPORTING_DISTRICT,DAY_OF_WEEK,CHP_SHIFT,POPULATION,CNTY_CITY_LOC,SPECIAL_COND,BEAT_TYPE,CHP_BEAT_TYPE,CITY_DIVISION_LAPD,CHP_BEAT_CLASS,BEAT_NUMBER,PRIMARY_RD,SECONDARY_RD,DISTANCE,DIRECTION,INTERSECTION,WEATHER_1,WEATHER_2,STATE_HWY_IND,CALTRANS_COUNTY,CALTRANS_DISTRICT,STATE_ROUTE,ROUTE_SUFFIX,POSTMILE_PREFIX,POSTMILE,LOCATION_TYPE,RAMP_INTERSECTION,SIDE_OF_HWY,TOW_AWAY,COLLISION_SEVERITY,NUMBER_KILLED,NUMBER_INJURED,PARTY_COUNT,PRIMARY_COLL_FACTOR,PCF_CODE_OF_VIOL,PCF_VIOL_CATEGORY,PCF_VIOLATION,PCF_VIOL_SUBSECTION,HIT_AND_RUN,TYPE_OF_COLLISION,MVIW,PED_ACTION,ROAD_SURFACE,ROAD_COND_1,ROAD_COND_2,LIGHTING,CONTROL_DEVICE,CHP_ROAD_TYPE,PEDESTRIAN_ACCIDENT,BICYCLE_ACCIDENT,MOTORCYCLE_ACCIDENT,TRUCK_ACCIDENT,NOT_PRIVATE_PROPERTY,ALCOHOL_INVOLVED,STWD_VEHTYPE_AT_FAULT,CHP_VEHTYPE_AT_FAULT,COUNT_SEVERE_INJ,COUNT_VISIBLE_INJ,COUNT_COMPLAINT_PAIN,COUNT_PED_KILLED,COUNT_PED_INJURED,COUNT_BICYCLIST_KILLED,COUNT_BICYCLIST_INJURED,COUNT_MC_KILLED,COUNT_MC_INJURED,PRIMARY_RAMP,SECONDARY_RAMP,LATITUDE,LONGITUDE,COUNTY,CITY,POINT_X,POINT_Y
9650319,2023,2024-02-23,3801,2023-12-11,1130,704,BAYVI,1,5,7,3801,0,0,0,,0,3C60A,"CESAR CHAVES ST","KANSAS ST",0.00,,Y,A,-,N,,,,,,,,,,N,4,0,1,2,A,-,12,21453,A,N,D,C,A,A,H,-,A,A,0,,,,,Y,,M,94,0,0,1,0,0,0,0,0,0,"- ","- ",,,"SAN FRANCISCO","SAN FRANCISCO",-122.40206146240234,37.749393463134766
9650320,2023,2024-02-23,3801,2023-12-06,1713,312,TARAV,3,5,7,3801,0,0,0,,0,1CAR,"LINCOLN WY","10TH AV",40.00,E,N,C,-,N,,,,,,,,,,N,3,0,1,2,A,-,08,22107,,F,B,C,A,B,H,-,C,-,0,,,Y,,Y,,A,07,0,1,0,0,0,0,0,0,1,"- ","- ",,,"SAN FRANCISCO","SAN FRANCISCO",-122.46736145019531,37.765888214111328
9650423,2023,2024-01-24,3801,2023-12-12,1320,2452,CENTR,2,5,7,3801,0,0,0,,0,,"BATTERY ST","MARKET ST",0.00,,Y,A,-,N,,,,,,,,,,,4,0,1,2,D,-,00,,,N,C,C,A,A,H,-,A,A,0,,,,,Y,,-,"- ",0,0,1,0,0,0,0,0,0,"- ","- ",,,"SAN FRANCISCO","SAN FRANCISCO",-122.39951324462891,37.790767669677734
9650461,2023,2024-02-29,3801,2023-12-07,2202,2708,SOUTH,4,5,7,3801,0,0,0,,0,3B12E,"3RD ST",TOWNSEND,0.00,,Y,A,-,N,,,,,,,,,,N,3,0,1,2,A,-,11,21954,A,N,G,B,D,A,H,-,C,A,0,Y,,,,Y,,N,60,0,1,0,0,1,0,0,0,0,"- ","- ",,,"SAN FRANCISCO","SAN FRANCISCO",-122.39275360107422,37.778858184814453
9650462,2023,2024-02-15,3801,2023-12-09,"739 ",1372,INGLE,6,5,7,3801,0,0,0,,0,3H13A,"VIENNA ST","POLE #110038140",8.00,S,N,A,-,N,,,,,,,,,,Y,3,0,1,3,A,-,03,22350,,N,B,E,A,A,H,-,A,D,0,,,,,Y,,A,01,0,1,0,0,0,0,0,0,0,"- ","- ",,,"SAN FRANCISCO","SAN FRANCISCO",,
9650464,2023,2024-02-15,3801,2023-12-06,1037,1396,SOUTH,3,5,7,3801,0,0,0,,0,3B15A,"HARRISON ST","OAK GROVE ST",0.00,,Y,A,-,N,,,,,,,,,,N,3,0,1,2,A,-,09,21804,A,N,D,C,A,B,D,-,A,D,0,,,,,Y,,A,01,0,1,0,0,0,0,0,0,0,"- ","- ",,,"SAN FRANCISCO","SAN FRANCISCO",-122.40296173095703,37.778148651123047
9650465,2023,2024-02-15,3801,2023-12-06,"808 ",937,BAYVI,3,5,7,3801,0,0,0,,0,3C11A,"CESAR CHAVEZ ST","CONNECTICUT ST",100.00,E,N,C,-,N,,,,,,,,,,Y,4,0,2,2,A,-,05,21460,A,N,A,C,A,B,H,-,A,A,0,,,,,Y,,A,01,0,0,2,0,0,0,0,0,0,"- ","- ",,,"SAN FRANCISCO","SAN FRANCISCO",-122.39592742919922,37.749774932861328
9650466,2023,2024-02-15,3801,2023-12-06,"857 ",1157,BAYVI,3,5,7,3801,0,0,0,,0,3C12A`,"3RD ST","CARGO WY",18.00,N,N,C,-,N,,,,,,,,,,Y,3,0,1,1,A,-,03,22350,,N,E,I,A,B,H,-,A,A,0,,,,,Y,,A,01,0,1,0,0,0,0,0,0,0,"- ","- ",,,"SAN FRANCISCO","SAN FRANCISCO",-122.38711547851562,37.746158599853516
9650467,2023,2024-02-15,3801,2023-12-09,2025,2118,SOUTH,6,5,7,3801,0,0,0,,0,3B14D,"SOUTH VAN NESS AV","MISSION ST",0.00,,Y,A,-,N,,,,,,,,,,N,3,0,1,2,A,-,12,21453,A,N,D,G,A,A,H,-,C,A,0,,Y,,,Y,,L,04,0,1,0,0,0,0,1,0,0,"- ","- ",,,"SAN FRANCISCO","SAN FRANCISCO",-122.41863250732422,37.773109436035156
9650468,2023,2024-02-15,3801,2023-12-05,2500,1741,SOUTH,2,5,7,3801,0,0,0,,0,901,"7TH ST","BRYANT ST",0.00,,Y,A,-,N,,,,,,,,,,Y,4,0,3,2,A,-,12,21453,A,N,D,C,A,A,H,-,C,A,0,,,,,Y,,A,01,0,0,3,0,0,0,0,0,0,"- ","- ",,,"SAN FRANCISCO","SAN FRANCISCO",-122.40485382080078,37.774375915527344
9650469,2023,2024-02-15,3801,2023-12-08,1335,608,CENTR,5,5,7,3801,0,0,0,,0,3A15A,"NEW MONTGOMERY ST","JESSIE ST",10.00,S,N,A,-,N,,,,,,,,,,N,3,0,2,3,A,-,03,22350,,F,C,B,F,A,H,-,A,D,0,Y,Y,,,Y,,L,04,0,1,1,0,2,0,0,0,0,"- ","- ",,,"SAN FRANCISCO","SAN FRANCISCO",-122.40096282958984,37.787849426269531
9650472,2023,2024-02-15,3801,2023-12-07,1830,2262,BAYVI,4,5,7,3801,0,0,0,,0,3C11A,"16TH ST","HUBBEL ST",0.00,,Y,-,-,N,,,,,,,,,,N,4,0,1,2,A,-,08,22107,,N,H,J,A,-,-,-,-,-,0,,,,,Y,Y,A,01,0,0,1,0,0,0,0,0,0,"- ","- ",,,"SAN FRANCISCO","SAN FRANCISCO",-122.39839935302734,37.766349792480469
9650474,2023,2024-02-15,3801,2023-12-07,"836 ",1695,NORTH,4,5,7,3801,0,0,0,,0,3E14A,"DIVISADERO ST","BROADWAY ST",0.00,,Y,A,-,N,,,,,,,,,,N,4,0,1,2,A,-,09,21800,E,N,F,C,A,A,-,-,A,D,0,,,,,Y,,A,01,0,0,1,0,0,0,0,0,0,"- ","- ",,,"SAN FRANCISCO","SAN FRANCISCO",-122.4415283203125,37.793430328369141
9650475,2023,2024-02-15,3801,2023-12-06,1802,1160,SOUTH,3,5,7,3801,0,0,0,,0,0B2,"MISSION ST","3RD ST",0.00,,Y,C,-,N,,,,,,,,,,N,3,0,1,1,A,-,03,22350,,N,H,J,A,B,H,-,C,A,0,,,,,Y,,M,94,0,1,0,0,0,0,0,0,0,"- ","- ",,,"SAN FRANCISCO","SAN FRANCISCO",-122.40200042724609,37.786266326904297
9650476,2023,2024-09-03,3801,2023-12-06,1908,1057,SOUTH,3,5,7,3801,0,0,0,,0,1500,"BRYANT ST","8TH ST",0.00,,Y,C,-,N,,,,,,,,,,N,4,0,1,2,D,-,00,,,N,D,C,A,B,H,-,C,A,0,,,,,Y,,-,"- ",0,0,1,0,0,0,0,0,0,"- ","- ",,,"SAN FRANCISCO","SAN FRANCISCO",-122.406982421875,37.772514343261719
9650477,2023,2024-02-15,3801,2023-12-06,1426,282,TARAV,3,5,7,3801,0,0,0,,0,3I1B,"20TH AV","BUCKINGHAM WY",0.00,,Y,A,-,N,,,,,,,,,,N,4,0,1,2,A,-,10,21950,A,N,G,B,B,B,H,-,A,D,0,Y,,,,Y,,A,01,0,0,1,0,1,0,0,0,0,"- ","- ",,,"SAN FRANCISCO","SAN FRANCISCO",-122.47597503662109,37.730087280273438
9650478,2023,2024-11-25,3801,2023-12-06,1518,2431,RICHM,3,5,7,3801,0,0,0,,0,3G12D,"CALIFORNIA ST","SPRUCE ST",0.00,,Y,C,-,N,,,,,,,,,,Y,3,0,2,2,A,-,09,21801,A,N,A,C,A,B,H,-,A,A,0,,,,,Y,,A,01,0,1,1,0,0,0,0,0,0,"- ","- ",,,"SAN FRANCISCO","SAN FRANCISCO",-122.45340728759766,37.786399841308594
9650479,2023,2024-02-15,3801,2023-12-05,1956,2733,TARAV,2,5,7,3801,0,0,0,,0,015,"SKYLINE BL","JOHN MUIR DR",30.00,N,N,A,-,N,,,,,,,,,,N,3,0,1,1,D,-,00,,,N,F,I,A,A,H,-,C,A,0,,Y,,,Y,,-,"- ",0,1,0,0,0,0,1,0,0,"- ","- ",,,"SAN FRANCISCO","SAN FRANCISCO",-122.50016021728516,37.719032287597656
9650480,2023,2024-02-15,3801,2023-12-06,"800 ",621,CENTR,3,5,7,3801,0,0,0,,0,3A60,"GEARY ST","MASON ST",0.00,,Y,C,-,N,,,,,,,,,,N,4,0,1,2,A,-,10,21950,A,N,G,B,B,B,H,-,A,A,0,Y,,,,Y,,A,01,0,0,1,0,1,0,0,0,0,"- ","- ",,,"SAN FRANCISCO","SAN FRANCISCO",-122.40985870361328,37.787166595458984
9650665,2023,2024-01-17,3801,2023-08-26,1500,1796,RICHM,6,5,7,3801,0,0,0,,0,002,"ARUGUELLO BL","GEARY BL",0.00,,Y,B,-,N,,,,,,,,,,N,4,0,1,2,A,-,09,21801,A,N,D,G,A,A,H,-,A,A,0,,Y,,,Y,,A,07,0,0,1,0,0,0,1,0,0,"- ","- ",,,"SAN FRANCISCO","SAN FRANCISCO",-122.45887756347656,37.781333923339844
9650674,2023,2024-01-17,3801,2023-09-13,"536 ",1066,NORTH,3,5,7,3801,0,0,0,,0,,"VAN NESS AV","HAYES ST",0.00,,Y,A,-,N,,,,,,,,,,Y,4,0,1,2,A,-,12,21457,A,N,D,C,A,-,H,-,C,A,0,,,Y,,Y,,C,06,0,0,1,0,0,0,0,0,0,"- ","- ",,,"SAN FRANCISCO","SAN FRANCISCO",-122.419677734375,37.777294158935547
9650689,2023,2024-01-23,3801,2023-11-30,"158 ",2293,,4,5,7,3801,0,0,0,,0,001,"VALENCIA ST","17TH ST",0.00,,Y,A,-,N,,,,,,,,,,N,3,0,1,1,D,-,00,,,N,E,I,B,A,H,-,C,A,0,Y,,,,Y,,-,"- ",0,1,0,0,1,0,0,0,0,"- ","- ",,,"SAN FRANCISCO","SAN FRANCISCO",-122.42173767089844,37.763298034667969
9650692,2023,2024-01-23,3801,2023-11-29,1605,2134,,3,5,7,3801,0,0,0,,0,3J38E,"MOSS ST","FOLSOM ST",0.00,,Y,A,-,N,,,,,,,,,,Y,3,0,1,2,A,-,00,20001,,N,G,-,-,A,H,-,B,D,0,Y,,,,Y,,A,01,0,1,0,0,1,0,0,0,0,"- ","- ",,,"SAN FRANCISCO","SAN FRANCISCO",-122.40729522705078,37.777194976806641
9650693,2023,2024-01-23,3801,2023-11-11,1528,1024,TENDE,6,5,7,3801,0,0,0,,0,3J15A,"HYDE ST","OFARRELL ST",0.00,,Y,-,-,N,,,,,,,,,,N,3,0,1,2,A,-,05,21650,,N,D,G,A,A,H,-,A,A,0,,Y,,,Y,,L,04,0,1,0,0,0,0,1,0,0,"- ","- ",,,"SAN FRANCISCO","SAN FRANCISCO",-122.416259765625,37.785392761230469
9651677,2023,2024-02-15,3801,2023-12-09,1510,4292,BAYVI,6,5,7,3801,0,0,0,,0,3C11D,"23RD ST","3RD ST",0.00,,Y,A,-,N,,,,,,,,,,Y,4,0,1,2,A,-,21,22106,,N,B,C,A,A,H,-,A,A,0,,,,,Y,,A,01,0,0,1,0,0,0,0,0,0,"- ","- ",,,"SAN FRANCISCO","SAN FRANCISCO",-122.38810729980469,37.755386352539062
9651678,2023,2024-09-03,3801,2023-12-10,"328 ",1182,CENTR,7,5,7,3801,0,0,0,,0,3A11E,"GEARY ST","TAYLOR ST",0.00,,Y,A,-,N,,,,,,,,,,Y,4,0,1,2,D,-,00,,,N,D,C,A,A,H,-,C,A,0,,,,,Y,,-,"- ",0,0,1,0,0,0,0,0,0,"- ","- ",,,"SAN FRANCISCO","SAN FRANCISCO",-122.41151428222656,37.786949157714844
9651679,2023,2024-02-15,3801,2023-12-11,"834 ",1372,INGLE,1,5,7,3801,0,0,0,,0,3H11A,"ALEMANY BL","MOUNT VERNON AV",0.00,,Y,A,-,N,,,,,,,,,,Y,3,0,4,2,A,-,12,21453,A,N,D,C,A,A,H,-,A,A,0,,,,,Y,,A,01,0,1,3,0,0,0,0,0,0,"- ","- ",,,"SAN FRANCISCO","SAN FRANCISCO",-122.44460296630859,37.716102600097656
9651680,2023,2024-02-15,3801,2023-12-11,"755 ",1580,SOUTH,1,5,7,3801,0,0,0,,0,3B14A,"DIVISION ST","HENRY ADAMS ST",0.00,,Y,A,-,N,,,,,,,,,,N,4,0,1,2,A,-,06,21755,A,F,C,G,A,A,H,-,A,A,0,,Y,,,Y,,L,04,0,0,1,0,0,0,0,0,0,"- ","- ",,,"SAN FRANCISCO","SAN FRANCISCO",,
9655143,2023,2024-02-21,3801,2023-12-14,1250,A20952,INTEL,4,5,7,3801,0,0,0,,0,3H14A,"MIRAMAR AV","SOUTHWOOD DR",0.00,,Y,A,-,N,,,,,,,,,,N,4,0,1,2,A,-,06,21750,A,N,B,C,A,A,H,-,A,D,0,,,Y,,Y,,-,,0,0,1,0,0,0,0,0,1,"- ","- ",,,"SAN FRANCISCO","SAN FRANCISCO",-122.45826721191406,37.725067138671875
9655144,2023,2024-02-12,3801,2023-12-11,1539,1057,SOUTH,1,5,7,3801,0,0,0,,0,3B12D,"HOWARD ST","10TH ST",0.00,,Y,A,-,N,,,,,,,,,,N,4,0,1,2,A,-,11,21453,D,N,G,B,B,A,H,-,A,A,0,Y,,,,Y,Y,N,60,0,0,1,0,1,0,0,0,0,"- ","- ",,,"SAN FRANCISCO","SAN FRANCISCO",-122.41436767578125,37.774024963378906
9655145,2023,2024-02-12,3801,2023-12-12,2008,1160,SOUTH,2,5,7,3801,0,0,0,,0,0B3,"MISSION ST","8TH ST",375.00,E,N,A,-,N,,,,,,,,,,,4,0,1,2,D,-,00,,,N,-,G,A,A,H,-,C,D,0,,Y,,,Y,,-,"- ",0,0,1,0,0,0,1,0,0,"- ","- ",,,"SAN FRANCISCO","SAN FRANCISCO",-122.41223907470703,37.778182983398438
9655621,2023,2024-01-22,3801,2023-10-12,1331,2466,RICHM,4,5,7,3801,0,0,0,,0,,"9TH AV","FULTON AV",0.00,,Y,A,-,N,,,,,,,,,,N,4,0,1,2,A,-,09,21804,A,N,D,G,A,A,H,-,A,D,0,,Y,,,Y,,L,04,0,0,1,0,0,0,1,0,0,"- ","- ",,,"SAN FRANCISCO","SAN FRANCISCO",-122.46695709228516,37.773349761962891
9655623,2023,2024-01-22,3801,2023-10-23,"705 ",1075,SOUTH,1,5,7,3801,0,0,0,,0,3B3A,"7TH ST","FOLSOM ST",0.00,,Y,A,-,N,,,,,,,,,,N,4,0,1,2,A,-,12,21453,A,N,D,C,A,A,H,-,B,A,0,,,,,Y,,A,01,0,0,1,0,0,0,0,0,0,"- ","- ",,,"SAN FRANCISCO","SAN FRANCISCO",-122.40784454345703,37.776771545410156
9655624,2023,2024-01-22,3801,2023-10-18,1201,1075,SOUTH,3,5,7,3801,0,0,0,,0,3B12A,"THE EMBARCADERO SOUTH","MISSION ST",0.00,,Y,A,-,N,,,,,,,,,,Y,4,0,1,4,A,-,08,22107,,N,B,C,A,A,H,-,A,A,0,,,Y,,Y,,C,02,0,0,1,0,0,0,0,0,1,"- ","- ",,,"SAN FRANCISCO","SAN FRANCISCO",-122.39263153076172,37.793708801269531
9655625,2023,2024-01-22,3801,2023-10-10,"15  ",229,MISSI,2,5,7,3801,0,0,0,,0,D11A,"BOSWORTH ST","CONGO ST",25.00,W,N,A,-,N,,,,,,,,,,N,4,0,2,2,A,-,03,22350,,F,C,C,A,A,H,-,C,A,0,,,,,Y,Y,A,01,0,0,2,0,0,0,0,0,0,"- ","- ",,,"SAN FRANCISCO","SAN FRANCISCO",-122.44004058837891,37.734889984130859
9655628,2023,2024-01-22,3801,2023-10-24,2132,926,CENTR,2,5,7,3801,0,0,0,,0,3A5E,"BATTERY ST","CALIFORNIA ST",0.00,,Y,A,-,N,,,,,,,,,,N,3,0,2,2,A,-,11,21456,A,N,G,B,B,A,H,-,C,A,0,Y,,Y,,Y,,N,60,0,1,1,0,1,0,0,0,1,"- ","- ",,,"SAN FRANCISCO","SAN FRANCISCO",-122.39997863769531,37.793231964111328
9655630,2023,2024-01-22,3801,2023-10-03,1835,1926,NORTH,2,5,7,3801,0,0,0,,0,3E13C,"BROADWAY ST","FRANKLIN ST",173.00,E,N,A,-,N,,,,,,,,,,N,4,0,1,2,A,-,03,22350,,N,C,C,A,A,H,-,B,A,0,,,,,Y,,A,01,0,0,1,0,0,0,0,0,0,"- ","- ",,,"SAN FRANCISCO","SAN FRANCISCO",-122.4244384765625,37.795604705810547
9655736,2023,2024-02-06,3801,2023-11-25,2322,2497,,6,5,7,3801,0,0,0,,0,3C15E,"3RD ST","BANCROFT AV",0.00,,Y,A,-,N,,,,,,,,,,Y,3,0,1,1,A,-,03,22350,,N,A,I,A,-,H,-,C,-,0,,,,,Y,,A,07,0,1,0,0,0,0,0,0,0,"- ","- ",,,"SAN FRANCISCO","SAN FRANCISCO",-122.39400482177734,37.726272583007812
9656492,2023,2024-01-30,3801,2023-12-02,"905 ",412,MISSI,6,5,7,3801,0,0,0,,0,3D2A,"CESAR CHAVEZ ST","HARRISON ST",0.00,,Y,C,-,N,,,,,,,,,,N,4,0,1,2,A,-,10,21950,A,N,G,B,B,B,H,-,A,A,0,Y,,,,Y,,A,01,0,0,1,0,1,0,0,0,0,"- ","- ",,,"SAN FRANCISCO","SAN FRANCISCO",-122.41151428222656,37.748359680175781
9656512,2023,2024-01-25,3801,2023-12-17,"0   ",221,RICHM,7,5,7,3801,0,0,0,,0,3G1E,"GREAT HWY","LINCOLN WY",650.00,N,N,A,-,N,,,,,,,,,,Y,4,0,1,1,A,-,03,22350,,N,E,J,A,A,-,-,C,D,0,,,,,Y,,A,01,0,0,1,0,0,0,0,0,0,"- ","- ",,,"SAN FRANCISCO","SAN FRANCISCO",-122.5103759765625,37.765823364257812
9656798,2023,2024-02-23,3801,2023-11-27,1600,1503,RICHM,1,5,7,3801,0,0,0,,0,3G13D,"GEARY BL","WOOD ST",0.00,W,N,A,-,N,,,,,,,,,,Y,3,0,6,2,A,-,08,22107,,N,B,C,A,-,H,-,A,D,0,,,,,Y,,A,01,0,1,5,0,0,0,0,0,0,"- ","- ",,,"SAN FRANCISCO","SAN FRANCISCO",-122.4490966796875,37.782352447509766
9658027,2023,2024-02-14,3801,2023-12-26,1905,1414,MISSI,2,5,7,3801,0,0,0,,0,3D16D,"SOUTH VAN NESS AV","18TH ST",0.00,,Y,A,-,N,,,,,,,,,,N,4,0,1,2,A,-,09,21801,A,F,D,G,A,A,H,-,C,A,0,,Y,,,Y,Y,D,22,0,0,1,0,0,0,1,0,0,"- ","- ",,,"SAN FRANCISCO","SAN FRANCISCO",-122.41719818115234,37.761947631835938
9658036,2023,2024-02-14,3801,2023-12-26,"905 ",1944,INGLE,2,5,7,3801,0,0,0,,0,006,"BAYSHORE BL","SUNNYDALE AV",96.00,S,N,A,-,N,,,,,,,,,,N,4,0,1,2,A,-,00,21703,A,N,C,C,A,A,H,-,A,A,0,,,,,Y,,I,11,0,0,1,0,0,0,0,0,0,"- ","- ",,,"SAN FRANCISCO","SAN FRANCISCO",-122.40532684326172,37.708648681640625
9658375,2023,2024-02-13,3801,2023-12-20,"40  ",1182,CENTR,3,5,7,3801,0,0,0,,0,3A15E,"SACRAMENTO ST","BATTERY ST",0.00,,Y,C,-,N,,,,,,,,,,Y,4,0,2,2,A,-,12,21453,A,N,D,C,A,B,H,-,C,A,0,,,,,Y,,A,01,0,0,2,0,0,0,0,0,0,"- ","- ",,,"SAN FRANCISCO","SAN FRANCISCO",-122.40016174316406,37.794178009033203
9658376,2023,2024-09-03,3801,2023-12-31,"645 ",1396,SOUTH,7,5,7,3801,0,0,0,,0,3B13A,"HOWARD ST","7TH ST",0.00,,Y,A,-,N,,,,,,,,,,N,3,0,1,2,D,-,00,,,N,D,C,A,A,H,-,C,A,0,,,,,Y,,-,"- ",0,1,0,0,0,0,0,0,0,"- ","- ",,,"SAN FRANCISCO","SAN FRANCISCO",-122.40940093994141,37.777976989746094
9658377,2023,2024-02-13,3801,2023-12-26,1125,2392,MISSI,2,5,7,3801,0,0,0,,0,006,"16TH ST","ALABAMA ST",0.00,,Y,A,-,N,,,,,,,,,,N,4,0,1,2,A,-,09,21802,A,N,D,C,A,A,H,-,A,A,0,,,,,Y,,A,01,0,0,1,0,0,0,0,0,0,"- ","- ",,,"SAN FRANCISCO","SAN FRANCISCO",-122.41239929199219,37.765495300292969
9658378,2023,2024-02-13,3801,2023-12-26,1134,4269,INGLE,2,5,7,3801,0,0,0,,0,3H11A,CORTLAND,"CORTLAND 804",0.00,,N,A,-,N,,,,,,,,,,N,4,0,1,2,A,-,21,22106,,N,G,B,E,A,H,-,A,D,0,Y,,,,Y,,A,01,0,0,1,0,1,0,0,0,0,"- ","- ",,,"SAN FRANCISCO","SAN FRANCISCO",,
9658379,2023,2024-02-13,3801,2023-12-26,"635 ",917,TRAFF,2,5,7,3801,0,0,0,,0,4B2E,"BAY SHORE BL","SILVER AV",5.00,S,N,A,-,N,,,,,,,,,,N,2,0,1,2,A,-,10,21950,A,F,G,B,B,A,H,-,C,A,0,Y,,,,Y,,A,01,1,0,0,0,1,0,0,0,0,"- ","- ",,,"SAN FRANCISCO","SAN FRANCISCO",-122.40464019775391,37.732948303222656
9658380,2023,2025-07-23,3801,2023-12-26,"637 ",917,TRAFF,2,5,7,3801,0,0,0,,0,4B2E,"BAY SHORE BL","SILVER AV",15.00,S,N,A,-,N,,,,,,,,,,Y,1,1,0,2,A,-,03,22350,,F,G,B,E,A,H,-,C,A,0,Y,,,,Y,,A,01,0,0,0,1,0,0,0,0,0,"- ","- ",,,"SAN FRANCISCO","SAN FRANCISCO",-122.40463256835938,37.732921600341797
9658561,2023,2024-03-13,3801,2023-12-29,2030,2380,SOUTH,5,5,7,3801,0,0,0,,0,0B3,"HARRISON ST","7TH ST",0.00,,Y,C,-,N,,,,,,,,,,Y,3,0,3,2,A,-,12,21453,A,N,D,C,A,B,H,-,C,A,0,,,,,Y,,A,01,0,1,2,0,0,0,0,0,0,"- ","- ",,,"SAN FRANCISCO","SAN FRANCISCO",-122.40628051757812,37.775539398193359
9658562,2023,2024-02-14,3801,2023-12-21,1437,2398,NORTH,4,5,7,3801,0,0,0,,0,03E,"VAN NESS AV","BUSH ST",10.00,N,N,A,-,N,,,,,,,,,,N,4,0,1,2,A,-,03,22350,,F,D,B,F,A,H,-,A,D,0,Y,Y,,,Y,,L,04,0,0,1,0,1,0,0,0,0,"- ","- ",,,"SAN FRANCISCO","SAN FRANCISCO",-122.42191314697266,37.788516998291016
9658563,2023,2024-02-14,3801,2023-12-30,2148,1448,CENTR,6,5,7,3801,0,0,0,,0,3A1E,"PINE ST","TAYLOR AV",0.00,,Y,A,-,N,,,,,,,,,,Y,4,0,1,2,A,-,21,22106,,N,-,B,B,A,H,-,C,A,0,Y,,,,Y,Y,A,01,0,0,1,0,1,0,0,0,0,"- ","- ",,,"SAN FRANCISCO","SAN FRANCISCO",-122.41224670410156,37.790657043457031
9658564,2023,2024-02-14,3801,2023-12-30,1722,2722,INGLE,6,5,7,3801,0,0,0,,0,3H15D,"RUSSIA AV","ATHENS ST",0.00,,Y,B,-,N,,,,,,,,,,N,4,0,1,2,A,-,12,22450,A,N,A,C,A,A,H,-,C,A,0,,,,,Y,,M,94,0,0,1,0,0,0,0,0,0,"- ","- ",,,"SAN FRANCISCO","SAN FRANCISCO",-122.43077087402344,37.718540191650391
9658565,2023,2024-03-30,3801,2023-12-31,1149,LAU933,INGLE,7,5,7,3801,0,0,0,,0,0H5,"MISSION ST","ACTION ST",0.00,,Y,A,-,N,,,,,,,,,,N,4,0,2,3,A,-,08,22107,,N,B,C,A,A,H,-,A,D,0,,,,,Y,,A,01,0,0,2,0,0,0,0,0,0,"- ","- ",,,"SAN FRANCISCO","SAN FRANCISCO",-122.4527587890625,37.70880126953125
9658566,2023,2024-02-14,3801,2023-12-30,2337,2098,TENDE,6,5,7,3801,0,0,0,,0,3J14E,"TURK ST","HYDE ST",169.00,E,N,A,-,N,,,,,,,,,,N,3,0,1,2,A,-,17,21235,G,F,A,B,F,A,H,-,C,A,0,Y,,Y,,Y,,C,03,0,1,0,0,1,0,0,0,0,"- ","- ",,,"SAN FRANCISCO","SAN FRANCISCO",-122.41511535644531,37.782649993896484
9658567,2023,2024-02-14,3801,2023-12-31,2242,1574,INGLE,7,5,7,3801,0,0,0,,0,3H16E,"LIEBIG ST","LESSING ST",288.00,W,N,A,-,N,,,,,,,,,,Y,4,0,2,3,A,-,08,22107,,N,D,C,A,A,H,-,C,D,0,,,,,Y,,A,07,0,0,2,0,0,0,0,0,0,"- ","- ",,,"SAN FRANCISCO","SAN FRANCISCO",-122.45668792724609,37.708854675292969
9658568,2023,2024-02-14,3801,2023-12-31,1624,158,NOTHE,7,5,7,3801,0,0,0,,0,3E14D,DIVISADERO,"PINE ST",0.00,,Y,A,-,N,,,,,,,,,,N,3,0,2,2,A,-,09,21801,A,N,D,C,A,A,H,-,A,A,0,,,Y,,Y,,A,01,0,2,0,0,0,0,0,0,2,"- ","- ",,,"SAN FRANCISCO","SAN FRANCISCO",-122.44023895263672,37.787120819091797
9658569,2023,2024-02-14,3801,2023-12-28,1615,4178,TRAFF,4,5,7,3801,0,0,0,,0,4B3A,"8TH ST","MISSION ST",0.00,,Y,A,-,N,,,,,,,,,,Y,3,0,3,3,A,-,12,21453,A,F,D,C,A,A,H,-,A,A,0,,,,,Y,Y,A,01,0,1,2,0,0,0,0,0,0,"- ","- ",,,"SAN FRANCISCO","SAN FRANCISCO",-122.41315460205078,37.7774658203125
9658570,2023,2024-03-13,3801,2023-12-31,"155 ",1123,TENDE,7,5,7,3801,0,0,0,,0,3J13E,"HYDE ST","TURK ST",0.00,,Y,A,-,N,,,,,,,,,,Y,4,0,2,2,A,-,08,22107,,N,C,C,A,A,H,-,C,A,0,,,,,Y,,A,01,0,0,2,0,0,0,0,0,0,"- ","- ",,,"SAN FRANCISCO","SAN FRANCISCO",-122.41569519042969,37.782566070556641
9658571,2023,2024-03-30,3801,2023-12-28,2130,1897,NORTH,4,5,7,3801,0,0,0,,0,3E13E,"FRANKLIN ST","GEARY ST",0.00,,Y,A,-,N,,,,,,,,,,Y,4,0,2,2,A,-,12,21453,A,N,H,C,A,A,H,-,C,A,0,,,,,Y,,A,01,0,0,2,0,0,0,0,0,0,"- ","- ",,,"SAN FRANCISCO","SAN FRANCISCO",-122.42301940917969,37.785484313964844
9658572,2023,2024-02-14,3801,2023-12-28,1748,1707,NORTH,4,5,7,3801,0,0,0,,0,3E13D,"POLK ST","EDDY ST",0.00,,Y,A,-,N,,,,,,,,,,N,2,0,1,2,A,-,10,21950,A,N,-,B,B,A,H,-,C,A,0,Y,,,,Y,Y,A,01,1,0,0,0,1,0,0,0,0,"- ","- ",,,"SAN FRANCISCO","SAN FRANCISCO",-122.41918182373047,37.7830810546875