CASE_ID,ACCIDENT_YEAR,PROC_DATE,JURIS,COLLISION_DATE,COLLISION_TIME,OFFICER_ID,REPORTING_DISTRICT,DAY_OF_WEEK,CHP_SHIFT,POPULATION,CNTY_CITY_LOC,SPECIAL_COND,BEAT_TYPE,CHP_BEAT_TYPE,CITY_DIVISION_LAPD,CHP_BEAT_CLASS,BEAT_NUMBER,PRIMARY_RD,SECONDARY_RD,DISTANCE,DIRECTION,INTERSECTION,WEATHER_1,WEATHER_2,STATE_HWY_IND,CALTRANS_COUNTY,CALTRANS_DISTRICT,STATE_ROUTE,ROUTE_SUFFIX,POSTMILE_PREFIX,POSTMILE,LOCATION_TYPE,RAMP_INTERSECTION,SIDE_OF_HWY,TOW_AWAY,COLLISION_SEVERITY,NUMBER_KILLED,NUMBER_INJURED,PARTY_COUNT,PRIMARY_COLL_FACTOR,PCF_CODE_OF_VIOL,PCF_VIOL_CATEGORY,PCF_VIOLATION,PCF_VIOL_SUBSECTION,HIT_AND_RUN,TYPE_OF_COLLISION,MVIW,PED_ACTION,ROAD_SURFACE,ROAD_COND_1,ROAD_COND_2,LIGHTING,CONTROL_DEVICE,CHP_ROAD_TYPE,PEDESTRIAN_ACCIDENT,BICYCLE_ACCIDENT,MOTORCYCLE_ACCIDENT,TRUCK_ACCIDENT,NOT_PRIVATE_PROPERTY,ALCOHOL_INVOLVED,STWD_VEHTYPE_AT_FAULT,CHP_VEHTYPE_AT_FAULT,COUNT_SEVERE_INJ,COUNT_VISIBLE_INJ,COUNT_COMPLAINT_PAIN,COUNT_PED_KILLED,COUNT_PED_INJURED,COUNT_BICYCLIST_KILLED,COUNT_BICYCLIST_INJURED,COUNT_MC_KILLED,COUNT_MC_INJURED,PRIMARY_RAMP,SECONDARY_RAMP,LATITUDE,LONGITUDE,COUNTY,CITY,POINT_X,POINT_Y
9658629,2023,2024-02-14,3801,2023-12-29,1551,1021,SOUTH,5,5,7,3801,0,0,0,,0,3B15D,"3RD ST","BERRY ST",269.00,S,N,B,C,N,,,,,,,,,,Y,4,0,1,1,A,-,03,22350,,N,E,I,A,D,-,-,B,D,0,,,,,Y,,A,01,0,0,1,0,0,0,0,0,0,"- ","- ",,,"SAN FRANCISCO","SAN FRANCISCO",-122.39044952392578,37.777011871337891
9658630,2023,2024-02-14,3801,2023-12-29,1444,1133,MISSI,5,5,7,3801,0,0,0,,0,0D2,"24TH ST","SAN JOSE AV",0.00,,Y,C,-,N,,,,,,,,,,N,4,0,1,2,A,-,09,21802,,N,D,C,A,B,H,-,A,A,0,,,,,Y,,A,01,0,0,1,0,0,0,0,0,0,"- ","- ",,,"SAN FRANCISCO","SAN FRANCISCO",-122.42160034179688,37.752067565917969
9658631,2023,2024-02-14,3801,2023-12-29,1935,319,CENTR,5,5,7,3801,0,0,0,,0,3A16D,"CALIFORNIA ST","TAYLOR ST",0.00,,Y,C,-,N,,,,,,,,,,Y,4,0,2,2,A,-,12,21453,A,N,D,C,A,B,G,-,C,A,0,,,,,Y,,A,01,0,0,2,0,0,0,0,0,0,"- ","- ",,,"SAN FRANCISCO","SAN FRANCISCO",-122.41246032714844,37.791610717773438
9658632,2023,2024-02-14,3801,2023-12-29,1639,1741,TARAV,5,5,7,3801,0,0,0,,0,901,"JUDAH ST","26TH AV",0.00,,Y,C,-,N,,,,,,,,,,Y,4,0,3,2,A,-,09,21804,A,N,D,C,A,B,H,-,A,A,0,,,,,Y,,A,01,0,0,3,0,0,0,0,0,0,"- ","- ",,,"SAN FRANCISCO","SAN FRANCISCO",-122.48448944091797,37.761371612548828
9658634,2023,2024-02-14,3801,2023-12-29,2001,2722,INGLE,5,5,7,3801,0,0,0,,0,3H13D,"SENECA AV","MISSION ST",0.00,,Y,C,-,N,,,,,,,,,,N,4,0,1,2,A,-,08,22107,,N,G,B,B,B,H,-,C,A,0,Y,,,,Y,,A,01,0,0,1,0,1,0,0,0,0,"- ","- ",,,"SAN FRANCISCO","SAN FRANCISCO",-122.44013214111328,37.717658996582031
9658635,2023,2024-02-14,3801,2023-12-26,1305,2392,MISSI,2,5,7,3801,0,0,0,,0,006,"16TH ST","SOUTH VAN NESS AV",0.00,,Y,B,-,N,,,,,,,,,,N,4,0,1,2,A,-,17,21663,,F,G,B,F,A,H,-,A,D,0,Y,,,,Y,,A,01,0,0,1,0,1,0,0,0,0,"- ","- ",,,"SAN FRANCISCO","SAN FRANCISCO",-122.41748809814453,37.765178680419922
9658637,2023,2024-02-14,3801,2023-12-26,1846,101,INGLE,2,5,7,3801,0,0,0,,0,3H15D,"MISSION ST","ITALY AV",0.00,,-,A,-,N,,,,,,,,,,N,4,0,1,2,A,-,14,24252,A,N,D,C,A,A,H,-,C,D,0,,,Y,,Y,,C,03,0,0,1,0,0,0,0,0,1,"- ","- ",,,"SAN FRANCISCO","SAN FRANCISCO",-122.43952941894531,37.718467712402344
9658638,2023,2024-02-14,3801,2023-12-26,1824,327,MISSI,2,5,7,3801,0,0,0,,0,3D16C,"DOLORES ST","16TH ST",0.00,,Y,A,-,N,,,,,,,,,,Y,2,0,3,2,A,-,12,21453,A,N,D,C,A,A,H,-,C,A,0,,,,,Y,,A,01,1,0,2,0,0,0,0,0,0,"- ","- ",,,"SAN FRANCISCO","SAN FRANCISCO",-122.42644500732422,37.764640808105469
9658639,2023,2024-02-14,3801,2023-12-28,1145,1457,TARAV,4,5,7,3801,0,0,0,,0,001,"IRVING ST","7TH AV",123.00,W,N,B,-,N,,,,,,,,,,N,3,0,1,1,A,-,03,22350,,N,F,A,A,B,H,-,A,B,0,,,Y,,Y,,C,03,0,1,0,0,0,0,0,0,1,"- ","- ",,,"SAN FRANCISCO","SAN FRANCISCO",-122.46458435058594,37.764125823974609
9658640,2023,2024-02-14,3801,2023-12-27,2249,2142,INGLE,3,5,7,3801,0,0,0,,0,3H13E,"MISSION ST","SILVER ST",0.00,,Y,C,-,N,,,,,,,,,,N,4,0,1,2,A,-,10,21950,A,N,G,B,B,B,H,-,C,A,0,Y,,,,Y,,A,01,0,0,1,0,1,0,0,0,0,"- ","- ",,,"SAN FRANCISCO","SAN FRANCISCO",-122.43128204345703,37.728736877441406
9658649,2024,2024-04-20,3801,2024-01-01,1351,621,CENTR,1,5,7,3801,0,0,0,,0,3A13A,"COLUMBUS AV","LOMBARD ST",0.00,,Y,A,-,N,,,,,,,,,,N,4,0,1,2,A,-,10,21950,A,N,G,B,B,A,H,-,A,A,0,Y,,,,Y,,A,01,0,0,1,0,1,0,0,0,0,"- ","- ",,,"SAN FRANCISCO","SAN FRANCISCO",-122.41367340087891,37.802734375
9658650,2024,2024-04-20,3801,2024-01-01,1626,2355,TARAV,1,5,7,3801,0,0,0,,0,012,"ORTEGA ST","34TH AV",0.00,,Y,A,-,N,,,,,,,,,,Y,4,0,2,3,A,-,12,22450,A,F,B,C,A,A,H,-,A,A,0,,,,,Y,,A,01,0,0,2,0,0,0,0,0,0,"- ","- ",,,"SAN FRANCISCO","SAN FRANCISCO",-122.49240112304688,37.751678466796875
9658651,2024,2024-04-20,3801,2024-01-01,2032,1428,MISSI,1,5,7,3801,0,0,0,,0,3D11D,"MARKET ST","SANCHEZ ST",100.00,S,N,A,-,N,,,,,,,,,,Y,4,0,1,1,A,-,03,22350,,N,A,I,A,A,H,-,C,A,0,,,,,Y,,A,01,0,0,1,0,0,0,0,0,0,"- ","- ",,,"SAN FRANCISCO","SAN FRANCISCO",-122.43123626708984,37.765773773193359
9658652,2024,2024-04-20,3801,2024-01-01,"454 ",614,TARAV,1,5,7,3801,0,0,0,,0,3111E,"LINCOLN WY","18TH AV",0.00,,Y,A,-,N,,,,,,,,,,,2,0,1,2,A,-,03,22350,,N,D,C,A,A,H,-,C,D,0,,,Y,,Y,,C,02,1,0,0,0,0,0,0,0,1,"- ","- ",,,"SAN FRANCISCO","SAN FRANCISCO",-122.47618865966797,37.765495300292969
9658653,2024,2024-04-20,3801,2024-01-01,"130 ",2023,PARK,1,5,7,3801,0,0,0,,0,002,"CLARENDON AV","OLYMPIA WY",483.00,W,N,A,-,N,,,,,,,,,,Y,3,0,1,1,A,-,03,22350,,N,E,I,A,A,H,-,C,D,0,,,,,Y,,A,01,0,1,0,0,0,0,0,0,0,"- ","- ",,,"SAN FRANCISCO","SAN FRANCISCO",-122.45803070068359,37.751697540283203
9658656,2024,2024-04-20,3801,2024-01-01,"122 ",4040,CENTR,1,5,7,3801,0,0,0,,0,3A13E,"CALIFORNIA ST","STOCKTON ST",100.00,E,N,A,-,N,,,,,,,,,,N,3,0,2,1,A,-,03,22350,,N,H,A,A,A,H,-,C,D,0,,,,,Y,,M,94,0,2,0,0,0,0,0,0,0,"- ","- ",,,"SAN FRANCISCO","SAN FRANCISCO",-122.40719604492188,37.792293548583984
9658842,2023,2024-03-12,3801,2023-12-29,2234,2307,NORTH,5,5,7,3801,0,0,0,,0,3E6E,"LOMBARD ST","VAN NESS AV",0.00,,Y,B,-,N,,,,,,,,,,N,3,0,1,2,A,-,10,21950,A,N,G,B,B,B,H,-,C,A,0,Y,,,,Y,Y,I,11,0,1,0,0,1,0,0,0,0,"- ","- ",,,"SAN FRANCISCO","SAN FRANCISCO",-122.42446899414062,37.80133056640625
9658846,2023,2024-03-01,3801,2023-12-29,1515,964,NORTH,5,5,7,3801,0,0,0,,0,,"VAN NESS AV","GEARY BL",0.00,,Y,C,-,Y,SF,4,101,-,-,5.600,H,-,S,N,3,0,1,2,A,-,11,21453,D,N,B,B,B,B,H,-,A,A,0,Y,,,,Y,,N,60,0,1,0,0,1,0,0,0,0,"- ","- ",,,"SAN FRANCISCO","SAN FRANCISCO",-122.42144012451172,37.785511016845703
9659422,2023,2024-02-12,3801,2023-12-08,1149,875,CENTR,5,5,7,3801,0,0,0,,0,3A77,"KEARNY ST","SACRAMENTO ST",0.00,,N,A,-,N,,,,,,,,,,N,4,0,1,2,A,-,10,21950,A,N,G,B,B,A,H,-,A,A,0,Y,,,,Y,,A,07,0,0,1,0,1,0,0,0,0,"- ","- ",,,"SAN FRANCISCO","SAN FRANCISCO",-122.40458679199219,37.793601989746094
9659423,2023,2024-02-12,3801,2023-12-13,2051,1297,PARK,3,5,7,3801,0,0,0,,0,3F13A,"BUENA VISTA AV EAST","BUENA VISTA TER",0.00,,Y,A,-,N,,,,,,,,,,Y,3,0,1,2,A,-,09,21801,A,N,A,C,A,A,H,-,C,D,0,,,Y,,Y,,A,01,0,1,0,0,0,0,0,0,1,"- ","- ",,,"SAN FRANCISCO","SAN FRANCISCO",-122.43843078613281,37.76885986328125
9659424,2023,2024-02-12,3801,2023-12-10,2120,2143,MISSI,7,5,7,3801,0,0,0,,0,,"VALENCIA ST","SYCAMORE ST",0.00,,Y,A,-,N,,,,,,,,,,N,4,0,1,1,A,-,17,21209,,N,H,-,A,A,H,-,B,D,0,,,Y,,Y,Y,C,02,0,0,1,0,0,0,0,0,1,"- ","- ",,,"SAN FRANCISCO","SAN FRANCISCO",-122.42164611816406,37.762550354003906
9659710,2023,2024-03-22,3801,2023-01-22,1412,1457,TARAV,7,5,7,3801,0,0,0,,0,3I11A,"IRVING ST","10TH AV",134.00,E,N,B,-,N,,,,,,,,,,N,3,0,1,2,A,-,21,22106,,N,B,G,A,A,H,-,A,D,0,,Y,,,Y,,A,01,0,1,0,0,0,0,1,0,0,"- ","- ",,,"SAN FRANCISCO","SAN FRANCISCO",-122.46692657470703,37.764019012451172
9662822,2023,2024-02-23,3801,2023-01-22,1840,1435,TRAFF,7,5,7,3801,0,0,0,,0,4B4C,"BAY ST","VAN NESS AV",11.00,E,N,A,-,N,,,,,,,,,,N,2,0,1,2,A,-,11,21456,A,F,G,B,B,A,H,-,C,A,0,Y,,,,Y,,N,60,1,0,0,0,1,0,0,0,0,"- ","- ",,,"SAN FRANCISCO","SAN FRANCISCO",-122.42510986328125,37.804134368896484
9667175,2023,2024-02-21,3801,2023-12-17,1824,1994,TRAFF,7,5,7,3801,0,0,0,,0,4B3C,"SLOAT BL","19TH AV",0.00,,Y,C,-,N,,,,,,,,,,Y,2,0,1,2,A,-,09,21801,A,N,A,C,A,B,H,-,C,A,0,,,Y,,Y,,C,03,1,0,0,0,0,0,0,0,1,"- ","- ",,,"SAN FRANCISCO","SAN FRANCISCO",-122.47511291503906,37.734561920166016
9667180,2023,2024-03-30,3801,2023-12-26,1808,34,TRAFF,2,5,7,3801,0,0,0,,0,4B4A,MCALLISTER,"LARKIN ST",0.00,,Y,A,-,N,,,,,,,,,,Y,3,0,4,2,A,-,12,21453,A,F,A,C,A,A,H,-,C,A,0,,,,,Y,,A,07,0,3,1,0,0,0,0,0,0,"- ","- ",,,"SAN FRANCISCO","SAN FRANCISCO",-122.41693878173828,37.780498504638672
9667255,2023,2024-02-20,3801,2023-12-27,1444,4119,TRAFF,3,5,7,3801,0,0,0,,0,4B103,"OSHAUGHNESSY BL","DEL VALE AV",518.00,S,N,C,-,N,,,,,,,,,,Y,4,0,2,1,A,-,03,22350,,N,E,A,A,B,G,-,A,D,0,,,,,Y,Y,A,01,0,0,2,0,0,0,0,0,0,"- ","- ",,,"SAN FRANCISCO","SAN FRANCISCO",-122.44435882568359,37.7406005859375
9670600,2024,2024-03-18,3801,2024-01-01,1815,2398,NORTH,1,5,7,3801,0,0,0,,0,01E,"OAK ST","PIERCE ST",140.00,W,N,A,-,N,,,,,,,,,,Y,4,0,1,2,A,-,08,22107,,N,C,E,A,A,H,-,C,D,0,,,,,Y,,A,01,0,0,1,0,0,0,0,0,0,"- ","- ",,,"SAN FRANCISCO","SAN FRANCISCO",-122.43457794189453,37.773479461669922
9670642,2023,2024-02-23,3801,2023-04-03,1454,2743,SOUTH,1,5,7,3801,0,0,0,,0,3B3,"RUSS ST","HOWARD ST",115.00,S,N,A,-,N,,,,,,,,,,N,4,0,1,2,A,-,21,22106,,N,G,B,F,A,H,-,A,D,0,Y,,,,Y,,A,01,0,0,1,0,1,0,0,0,0,"- ","- ",,,"SAN FRANCISCO","SAN FRANCISCO",-122.40797424316406,37.778644561767578
9670643,2023,2024-02-23,3801,2023-10-18,"755 ",575,CENTR,3,5,7,3801,0,0,0,,0,3A11A,"LARKIN ST","POST ST",0.00,,Y,A,-,N,,,,,,,,,,N,4,0,1,2,A,-,05,21650,,N,A,-,A,A,H,-,A,A,0,,Y,,,Y,,L,04,0,0,1,0,0,0,1,0,0,"- ","- ",,,"SAN FRANCISCO","SAN FRANCISCO",-122.41826629638672,37.787040710449219
9670728,2023,2024-03-05,3801,2023-11-29,1110,2088,INGLE,3,5,7,3801,0,0,0,,0,3H12A,"CHURCH ST","VALLEY ST",0.00,,Y,A,-,N,,,,,,,,,,Y,4,0,2,2,A,-,12,22450,A,N,D,C,A,A,H,-,A,A,0,,,,,Y,,A,01,0,0,2,0,0,0,0,0,0,"- ","- ",,,"SAN FRANCISCO","SAN FRANCISCO",-122.42672729492188,37.7445068359375
9670919,2023,2024-03-15,3801,2023-12-29,2234,1873,BAYVI,5,5,7,3801,0,0,0,,0,3C11E,"KEITH ST","QUESADA AV",0.00,,Y,C,-,N,,,,,,,,,,Y,4,0,2,2,A,-,12,22450,,N,D,C,A,B,H,-,C,-,0,,,,,Y,,A,01,0,0,2,0,0,0,0,0,0,"- ","- ",,,"SAN FRANCISCO","SAN FRANCISCO",-122.38772583007812,37.731239318847656
9670927,2023,2024-03-19,3801,2023-12-28,1152,1306,CENTR,4,5,7,3801,0,0,0,,0,3A44C,"PINE ST","MONTGOMERY ST",0.00,,Y,B,-,N,,,,,,,,,,Y,3,0,1,2,A,-,03,22350,,N,D,C,A,A,H,-,B,A,0,,,,,Y,,A,01,0,1,0,0,0,0,0,0,0,"- ","- ",,,"SAN FRANCISCO","SAN FRANCISCO",-122.40254974365234,37.791919708251953
9670930,2023,2024-03-19,3801,2023-12-29,1442,4036,TRAFF,5,5,7,3801,0,0,0,,0,4B1B,"CALIFORNIA ST","LYON ST",0.00,,Y,C,-,N,,,,,,,,,,Y,4,0,3,5,A,-,12,21453,A,N,D,C,A,B,H,-,A,A,0,,,,,Y,,J,43,0,0,3,0,0,0,0,0,0,"- ","- ",,,"SAN FRANCISCO","SAN FRANCISCO",-122.44540405273438,37.787418365478516
9670939,2023,2024-03-19,3801,2023-01-14,"159 ",2035,MISSI,6,5,7,3801,0,0,0,,0,3D13E,"JENNINGS ST","THOMAS AV",0.00,,Y,A,-,N,,,,,,,,,,Y,4,0,1,2,A,-,12,22450,A,N,D,C,A,B,H,-,C,A,0,,,,,Y,,A,01,0,0,1,0,0,0,0,0,0,"- ","- ",,,"SAN FRANCISCO","SAN FRANCISCO",-122.38754272460938,37.728286743164062
9671881,2023,2024-02-26,3801,2023-12-28,1418,2315,MISSI,4,5,7,3801,0,0,0,,0,3D11A,"GUERRERO ST","19TH ST",103.00,N,N,B,-,N,,,,,,,,,,N,4,0,1,3,A,-,08,22107,,N,B,D,A,A,H,-,A,D,0,,,Y,,Y,,A,01,0,0,1,0,0,0,0,0,1,"- ","- ",,,"SAN FRANCISCO","SAN FRANCISCO",-122.42366027832031,37.760261535644531
9671882,2023,2024-03-06,3801,2023-12-30,"814 ",A23982,PARK,6,5,7,3801,0,0,0,,0,3F13A,"STANYAN ST","FELL ST",0.00,,Y,C,-,N,,,,,,,,,,Y,3,0,1,2,A,-,07,21658,A,N,C,E,A,B,H,-,A,D,0,,,,,Y,,A,01,0,1,0,0,0,0,0,0,0,"- ","- ",,,"SAN FRANCISCO","SAN FRANCISCO",-122.45407104492188,37.77197265625
9672911,2023,2024-04-29,3801,2023-02-13,"922 ",2008,MISSI,1,5,7,3801,0,0,0,,0,3D13A,"23RD ST","TREAT AV",0.00,,Y,A,-,N,,,,,,,,,,N,3,0,1,3,A,-,12,22450,,F,D,G,A,A,H,-,A,-,0,,Y,,Y,Y,,A,07,0,1,0,0,0,0,1,0,0,"- ","- ",,,"SAN FRANCISCO","SAN FRANCISCO",-122.41312408447266,37.754173278808594
9675310,2023,2024-03-05,3801,2023-11-16,"707 ",50,TENDE,4,5,7,3801,0,0,0,,0,001,"MARKET ST","6TH ST",0.00,,Y,A,-,N,,,,,,,,,,N,3,0,1,1,D,-,00,,,N,H,A,A,A,H,-,A,-,0,,,,,Y,,-,"- ",0,1,0,0,0,0,0,0,0,"- ","- ",,,"SAN FRANCISCO","SAN FRANCISCO",-122.41030120849609,37.782241821289062
9675448,2023,2024-02-24,3801,2023-07-25,1600,426,NORTH,2,5,7,3801,0,0,0,,0,3E13D,"VAN NESS AV","GEARY ST",0.00,,Y,A,-,N,,,,,,,,,,,4,0,1,2,A,-,10,21950,A,F,G,B,B,A,H,-,A,A,0,Y,,,,Y,,A,01,0,0,1,0,1,0,0,0,0,"- ","- ",,,"SAN FRANCISCO","SAN FRANCISCO",-122.42131805419922,37.785697937011719
9678300,2023,2024-03-11,3801,2023-12-22,1800,4036,TRAFF,5,5,7,3801,0,0,0,,0,4B1B,"GRANT AV","POST ST",10.00,N,N,A,-,N,,,,,,,,,,N,4,0,1,1,C,-,18,,,N,-,J,A,A,H,-,C,A,0,,,Y,,Y,,-,"- ",0,0,1,0,0,0,0,0,1,"- ","- ",,,"SAN FRANCISCO","SAN FRANCISCO",-122.40522766113281,37.788726806640625
9678302,2023,2024-03-11,3801,2023-12-08,"927 ",1418,TARAV,5,5,7,3801,0,0,0,,0,0I3,"40TH AV","RIVERA ST",0.00,,Y,A,-,N,,,,,,,,,,N,4,0,1,2,A,-,10,21950,A,N,G,B,D,A,H,-,A,D,0,Y,,,,Y,,A,07,0,0,1,0,1,0,0,0,0,"- ","- ",,,"SAN FRANCISCO","SAN FRANCISCO",-122.49842071533203,37.745792388916016
9678303,2023,2024-03-11,3801,2023-12-16,2036,2007,CENTR,6,5,7,3801,0,0,0,,0,3A11D,"EMBARCADERO ST","LOMBARD ST",0.00,,Y,A,-,N,,,,,,,,,,N,4,0,1,2,A,-,04,21703,,F,C,C,A,A,H,-,C,A,0,,,,,Y,,A,01,0,0,1,0,0,0,0,0,0,"- ","- ",,,"SAN FRANCISCO","SAN FRANCISCO",-122.40220642089844,37.804168701171875
9679139,2023,2024-03-19,3801,2023-08-15,1529,1591,BAYVI,2,5,7,3801,0,0,0,,0,3C11D,"MINNESOTA ST","26TH ST",0.00,,Y,A,-,N,,,,,,,,,,N,4,0,1,2,A,-,12,22450,A,N,D,C,A,A,H,-,A,-,0,,,,,Y,,A,01,0,0,1,0,0,0,0,0,0,"- ","- ",,,"SAN FRANCISCO","SAN FRANCISCO",-122.38959503173828,37.751434326171875
9679147,2023,2024-03-19,3801,2023-10-04,1013,4259,RICHM,3,5,7,3801,0,0,0,,0,3G12A,"EUCLID AV","JORDAN AV",0.00,,Y,A,-,N,,,,,,,,,,Y,4,0,1,2,A,-,09,21802,A,N,D,C,A,A,D,-,A,A,0,,,,,Y,,A,01,0,0,1,0,0,0,0,0,0,"- ","- ",,,"SAN FRANCISCO","SAN FRANCISCO",-122.45680999755859,37.783908843994141
9679305,2023,2024-03-25,3801,2023-11-21,1406,1075,SOUTH,2,5,7,3801,0,0,0,,0,3B13A,"6TH ST","FOLSOM ST",0.00,,Y,A,-,N,,,,,,,,,,Y,4,0,1,2,A,-,03,22350,,F,C,C,A,A,H,-,A,A,0,,,,,Y,,A,01,0,0,1,0,0,0,0,0,0,"- ","- ",,,"SAN FRANCISCO","SAN FRANCISCO",-122.40560150146484,37.778499603271484
9679308,2023,2024-03-25,3801,2023-11-17,"935 ",484,NORTH,5,5,7,3801,0,0,0,,0,3E16A,"POLK ST","CALIFORNIA ST",106.00,N,N,A,-,N,,,,,,,,,,N,3,0,1,2,A,-,11,21954,A,N,G,B,E,A,H,-,A,D,0,Y,,,,Y,,N,60,0,1,0,0,1,0,0,0,0,"- ","- ",,,"SAN FRANCISCO","SAN FRANCISCO",-122.42073822021484,37.790859222412109
9679357,2023,2024-03-25,3801,2023-11-09,1950,2459,SOUTH,4,5,7,3801,0,0,0,,0,3B4D,"MARKET ST","VALENCIA ST",88.00,N,N,A,-,N,,,,,,,,,,,4,0,1,1,A,-,03,22350,,N,E,J,A,A,H,-,C,A,0,,,,,Y,Y,-,,0,0,1,0,0,0,0,0,0,"- ","- ",,,"SAN FRANCISCO","SAN FRANCISCO",-122.42240142822266,37.772720336914062
9680122,2023,2024-03-30,3801,2023-09-28,1218,4036,TRAFF,4,5,7,3801,0,0,0,,0,TENDER,"TURK ST","JONES ST",5.00,W,N,A,-,N,,,,,,,,,,Y,4,0,1,2,A,-,10,21950,A,F,G,B,-,A,H,-,A,A,0,Y,,,,Y,,-,99,0,0,1,0,1,0,0,0,0,"- ","- ",,,"SAN FRANCISCO","SAN FRANCISCO",-122.41242980957031,37.782997131347656
9680152,2023,2024-03-30,3801,2023-03-03,1101,2466,RICHM,5,5,7,3801,0,0,0,,0,THREE,"GEARY BL","6TH AV",0.00,,Y,A,-,N,,,,,,,,,,N,4,0,1,1,A,-,21,22106,,N,E,I,A,A,H,-,A,D,0,,,,,Y,,A,01,0,0,1,0,0,0,0,0,0,"- ","- ",,,"SAN FRANCISCO","SAN FRANCISCO",-122.46429443359375,37.781089782714844
9682613,2023,2024-06-05,3801,2023-04-21,2208,1442,NORTH,5,5,7,3801,0,0,0,,0,3E3E,"POLK ST","MCALLISTER ST",0.00,,Y,A,-,N,,,,,,,,,,N,2,0,1,2,A,-,21,22106,,N,G,B,E,A,H,-,C,D,0,Y,,,,Y,,A,01,1,0,0,0,1,0,0,0,0,"- ","- ",,,"SAN FRANCISCO","SAN FRANCISCO",-122.41860198974609,37.7802734375
9683203,2023,2024-05-15,3801,2023-11-07,1110,2314,PARK,2,5,7,3801,0,0,0,,0,3F12A,"PORTOLA DR","BURNETT AV",0.00,,Y,A,-,N,,,,,,,,,,Y,3,0,4,2,A,-,09,21801,A,N,A,C,A,A,H,-,A,A,0,,,,,Y,,A,01,0,1,3,0,0,0,0,0,0,"- ","- ",,,"SAN FRANCISCO","SAN FRANCISCO",-122.44486999511719,37.747016906738281
9688610,2023,2024-04-08,3801,2023-12-10,"43  ",2437,BAYVI,7,5,7,3801,0,0,0,,0,3C5E,"JAMESTOWN AV","BAYSHORE BL",387.00,N,N,A,-,N,,,,,,,,,,Y,4,0,1,2,A,-,03,22350,,M,B,C,A,A,H,-,C,D,0,,,Y,,Y,,C,06,0,0,1,0,0,0,0,0,0,"- ","- ",,,"SAN FRANCISCO","SAN FRANCISCO",,
9689239,2023,2024-04-22,3801,2023-12-11,1744,1466,SOUTH,1,5,7,3801,0,0,0,,0,0B5,"16TH ST","CONNECTICUT ST",0.00,,Y,A,-,N,,,,,,,,,,N,3,0,1,2,A,-,09,21801,A,N,D,C,A,A,H,-,C,A,0,,,Y,,Y,,A,01,0,1,0,0,0,0,0,0,1,"- ","- ",,,"SAN FRANCISCO","SAN FRANCISCO",-122.39784240722656,37.766376495361328
9694496,2023,2024-05-01,3801,2023-04-11,"914 ",1511,BAYVI,2,5,7,3801,0,0,0,,0,3C11A,"3RD ST","MARIN ST",0.00,,Y,A,-,N,,,,,,,,,,N,4,0,2,3,A,-,04,21703,,N,C,C,A,A,H,-,A,D,0,,,,,Y,,A,01,0,0,2,0,0,0,0,0,0,"- ","- ",,,"SAN FRANCISCO","SAN FRANCISCO",-122.38759613037109,37.749004364013672
9711937,2023,2024-07-15,3801,2023-10-14,1424,1528,SOUTH,6,5,7,3801,0,0,0,,0,3B5A,"4TH ST","HARRISON ST",0.00,,Y,A,-,Y,SF,4,80,-,-,4.914,R,4,W,N,4,0,1,2,A,-,00,22101,E,N,D,G,A,A,H,-,A,A,0,,Y,,,Y,,L,04,0,0,1,0,0,0,1,0,0,"- ","- ",,,"SAN FRANCISCO","SAN FRANCISCO",-122.40031433105469,37.779399871826172
9712368,2023,2024-09-23,3801,2023-07-12,1321,2707,TARAV,3,5,7,3801,0,0,0,,0,"3 CAR","SUNSET BL","MORAGA ST",0.00,,Y,A,-,N,,,,,,,,,,Y,3,0,1,1,A,-,08,22107,,N,A,I,A,A,H,-,A,A,0,,,,,Y,,A,01,0,1,0,0,0,0,0,0,0,"- ","- ",,,"SAN FRANCISCO","SAN FRANCISCO",-122.49545288085938,37.755279541015625
9712531,2023,2024-09-24,3801,2023-12-15,2003,1907,INGLE,5,5,7,3801,0,0,0,,0,3H3D,"SAN JOSE AV","GENEVA AV",100.00,S,N,A,-,N,,,,,,,,,,N,4,0,2,2,A,-,21,22106,,N,C,C,A,A,H,-,C,D,0,,,,,Y,,A,01,0,0,2,0,0,0,0,0,0,"- ","- ",,,"SAN FRANCISCO","SAN FRANCISCO",-122.44681549072266,37.720497131347656
9712536,2023,2024-09-24,3801,2023-05-16,"709 ",2376,SOUTH,2,5,7,3801,0,0,0,,0,3B5A,"VERMONT ST","16TH ST",0.00,,Y,B,-,N,,,,,,,,,,N,4,0,1,2,A,-,12,21453,A,N,B,C,A,A,H,-,A,A,0,,,,,Y,,A,07,0,0,1,0,0,0,0,0,0,"- ","- ",,,"SAN FRANCISCO","SAN FRANCISCO",-122.40463256835938,37.765960693359375
9714668,2023,2024-07-18,3801,2023-12-30,"816 ",1949,BAYVI,6,5,7,3801,0,0,0,,0,3C15A,"REVERE AV","GRIFFITH ST",0.00,,Y,A,-,N,,,,,,,,,,N,3,0,1,2,A,-,21,22106,,F,G,B,E,A,-,-,A,D,0,Y,,,,Y,,A,01,0,1,0,0,1,0,0,0,0,"- ","- ",,,"SAN FRANCISCO","SAN FRANCISCO",-122.38082885742188,37.726371765136719
9742044,2023,2024-11-01,3801,2023-10-11,1600,4798,NORTH,3,5,7,3801,0,0,0,,0,3E00,"FILLMORE ST","GREENWICH ST",50.00,N,N,A,-,N,,,,,,,,,,N,3,0,1,2,A,-,21,22106,,F,G,B,E,A,H,-,A,D,0,Y,,,,Y,,A,07,0,1,0,0,1,0,0,0,0,"- ","- ",,,"SAN FRANCISCO","SAN FRANCISCO",-122.43590545654297,37.799095153808594
9778351,2023,2025-01-22,3801,2023-07-03,1600,1741,SOUTH,1,5,7,3801,0,0,0,,0,901,"8TH ST","HARRISON ST",0.00,,Y,F,-,N,,,,,,,,,,N,4,0,1,2,A,-,03,22350,,F,C,C,A,A,G,-,A,D,0,,,,,Y,,-,99,0,0,1,0,0,0,0,0,0,"- ","- ",,,"SAN FRANCISCO","SAN FRANCISCO",-122.40853118896484,37.773754119873047